description,normalized_description,occurrences,matched_service,status,match_score,runner_up,runner_up_score,match_method,used_unit_basis_for_matching,candidate_services
Admin Advanced Metabolic Anaes /NG-1114,admin advanced metabolic anaes,19,Advanced Metabolic Anaesthesia Administration,MATCHED,0.9825,Advanced Metabolic Nursing Observation,0.2812,text_margin,0,Advanced Metabolic Anaesthesia Administration
Adv  Renal Consultation,adv renal consultation,1,,UNKNOWN,0.4950,Emergency Orthopaedic Consultation,0.1875,below_match_threshold,0,
Adv Card Recov Rm,adv card recov rm,41,Advanced Cardiac Recovery Room Occupancy,MATCHED,0.8711,Advanced Rheumatologic Laboratory Panel,0.2492,text_margin,0,Advanced Cardiac Recovery Room Occupancy
Adv Haem Physiotherapy Sess,adv haem physiotherapy sess,18,Advanced Haematology Physiotherapy Session,MATCHED,0.9850,Focused Immunologic Physiotherapy Session,0.2784,text_margin,0,Advanced Haematology Physiotherapy Session
Adv Infect Critical Care Occ /NG-2548,adv infect critical care occ,11,Advanced Infectious Critical Care Occupancy,MATCHED,0.9880,Routine Infectious Critical Care Occupancy,0.5940,text_margin,0,Advanced Infectious Critical Care Occupancy|Routine Infectious Critical Care Occupancy
Adv Infect Critical Cr Occ /NG-1530,adv infect critical cr occ,9,Advanced Infectious Critical Care Occupancy,MATCHED,0.9840,Routine Infectious Critical Care Occupancy,0.5910,text_margin,0,Advanced Infectious Critical Care Occupancy|Routine Infectious Critical Care Occupancy
Adv Metab Nursing Observation /NG-7035,adv metab nursing observation,31,Advanced Metabolic Nursing Observation,MATCHED,0.9900,Comprehensive Infectious Nursing Observation,0.2812,text_margin,0,Advanced Metabolic Nursing Observation
Adv Metabolic Anaes Administration,adv metabolic anaes administration,16,Advanced Metabolic Anaesthesia Administration,MATCHED,0.9900,Advanced Metabolic Nursing Observation,0.2784,text_margin,0,Advanced Metabolic Anaesthesia Administration
Adv Metabolic Anaesthesia Admin,adv metabolic anaesthesia admin,22,Advanced Metabolic Anaesthesia Administration,MATCHED,0.9825,Advanced Metabolic Nursing Observation,0.2784,text_margin,0,Advanced Metabolic Anaesthesia Administration
Adv Neuro Consultation /NG-3672,adv neuro consultation,10,Advanced Neurological Consultation,MATCHED,0.9867,Emergency Orthopaedic Consultation,0.1875,text_margin,0,Advanced Neurological Consultation
Adv Rheumatologic Lab Panel,adv rheumatologic lab panel,30,Advanced Rheumatologic Laboratory Panel,MATCHED,0.9900,Extended Palliative Laboratory Panel,0.2784,text_margin,0,Advanced Rheumatologic Laboratory Panel
Advanced  Infect Crit Cr,advanced infect crit cr,10,Advanced Infectious Critical Care Occupancy,MATCHED,0.8689,Routine Infectious Critical Care Occupancy,0.4850,text_margin,0,Advanced Infectious Critical Care Occupancy
Advanced - Metab Nurs Obs,advanced metab nurs obs,36,Advanced Metabolic Nursing Observation,MATCHED,0.9775,Advanced Metabolic Anaesthesia Administration,0.2784,text_margin,0,Advanced Metabolic Nursing Observation
Advanced Card Recov Rm Occ,advanced card recov rm occ,52,Advanced Cardiac Recovery Room Occupancy,MATCHED,0.9840,Ambulatory Pulmonary Recovery Room Occupancy,0.3307,text_margin,0,Advanced Cardiac Recovery Room Occupancy
Advanced Critical Cr Occupancy,advanced critical cr occupancy,21,Advanced Infectious Critical Care Occupancy,MATCHED,0.8844,Postoperative Metabolic Critical Care Occupancy,0.4967,text_margin,0,Advanced Infectious Critical Care Occupancy
Advanced Haem Physio Session,advanced haem physio session,29,Advanced Haematology Physiotherapy Session,MATCHED,0.9900,Focused Immunologic Physiotherapy Session,0.2784,text_margin,0,Advanced Haematology Physiotherapy Session
Advanced Haem Physiotherapy Session,advanced haem physiotherapy session,34,Advanced Haematology Physiotherapy Session,MATCHED,0.9950,Focused Immunologic Physiotherapy Session,0.2812,text_margin,0,Advanced Haematology Physiotherapy Session
Advanced Infectious Crit Care Occ /NG-3293,advanced infectious crit care occ,10,Advanced Infectious Critical Care Occupancy,MATCHED,0.9860,Routine Infectious Critical Care Occupancy,0.5895,text_margin,0,Advanced Infectious Critical Care Occupancy|Routine Infectious Critical Care Occupancy
Advanced Metab Anaes,advanced metab anaes,20,Advanced Metabolic Anaesthesia Administration,MATCHED,0.8457,Advanced Metabolic Nursing Observation,0.4243,text_margin,0,Advanced Metabolic Anaesthesia Administration
Advanced Metabolic Anaes Admin,advanced metabolic anaes admin,11,Advanced Metabolic Anaesthesia Administration,MATCHED,0.9825,Advanced Metabolic Nursing Observation,0.2812,text_margin,0,Advanced Metabolic Anaesthesia Administration
Advanced Neuro Consult,advanced neuro consult,20,Advanced Neurological Consultation,MATCHED,0.9867,Emergency Orthopaedic Consultation,0.1837,text_margin,0,Advanced Neurological Consultation
Advanced Neuro Consultation,advanced neuro consultation,20,Advanced Neurological Consultation,MATCHED,0.9933,Emergency Orthopaedic Consultation,0.1875,text_margin,0,Advanced Neurological Consultation
Advanced Rheum Lab Pnl,advanced rheum lab pnl,33,Advanced Rheumatologic Laboratory Panel,MATCHED,0.9600,Extended Palliative Laboratory Panel,0.2616,text_margin,0,Advanced Rheumatologic Laboratory Panel
Advanced Rheum Laboratory Pnl /NG-2701,advanced rheum laboratory pnl,39,Advanced Rheumatologic Laboratory Panel,MATCHED,0.9650,Extended Palliative Laboratory Panel,0.2644,text_margin,0,Advanced Rheumatologic Laboratory Panel
Amb - Ophthalmic Cs Conf,amb ophthalmic cs conf,19,Ambulatory Ophthalmic Case Conference,MATCHED,0.9305,Intensive Ophthalmic Case Conference,0.5141,text_margin,0,Ambulatory Ophthalmic Case Conference
Amb - Urol Img Interp,amb urol img interp,25,Ambulatory Urologic Imaging Interpretation,MATCHED,0.9400,Ambulatory Immunologic Endoscopic Procedure,0.2616,text_margin,0,Ambulatory Urologic Imaging Interpretation
Amb Card Home Vst,amb card home vst,17,Ambulatory Cardiac Home Visit,MATCHED,0.9600,Ambulatory Infectious Home Visit,0.5363,text_margin,0,Ambulatory Cardiac Home Visit
Amb Gastrointestinal Discharge Plng,amb gastrointestinal discharge plng,1,,UNKNOWN,0.2644,Routine Oncology Discharge Planning,0.2644,below_match_threshold,0,
Amb Immun Endosc Proc,amb immun endosc proc,19,Ambulatory Immunologic Endoscopic Procedure,MATCHED,0.9725,Preoperative Immunologic Endoscopic Procedure,0.5456,text_margin,0,Ambulatory Immunologic Endoscopic Procedure
Amb Infectious Hm Visit,amb infectious hm visit,35,Ambulatory Infectious Home Visit,MATCHED,0.9900,Ambulatory Cardiac Home Visit,0.5550,text_margin,0,Ambulatory Infectious Home Visit|Ambulatory Cardiac Home Visit
Amb Infectious Visit,amb infectious visit,26,Ambulatory Infectious Home Visit,MATCHED,0.8514,Ambulatory Cardiac Home Visit,0.4243,text_margin,0,Ambulatory Infectious Home Visit
Amb Msk Wd Bd Occupancy /NG-3394,amb msk wd bd occupancy,23,Ambulatory Musculoskeletal Ward Bed Occupancy,MATCHED,0.9088,Ambulatory Immunologic Ward Bed Occupancy,0.5346,text_margin,0,Ambulatory Musculoskeletal Ward Bed Occupancy
Amb Ophthalmic Dial Sess,amb ophthalmic dial sess,26,Ambulatory Ophthalmic Dialysis Session,MATCHED,0.9775,Ambulatory Psychiatric Dialysis Session,0.5456,text_margin,0,Ambulatory Ophthalmic Dialysis Session
Amb Psych Dial Session,amb psych dial session,11,Ambulatory Psychiatric Dialysis Session,MATCHED,0.9775,Ambulatory Ophthalmic Dialysis Session,0.5494,text_margin,0,Ambulatory Psychiatric Dialysis Session
Amb Psychiatric Dialysis Sess,amb psychiatric dialysis sess,18,Ambulatory Psychiatric Dialysis Session,MATCHED,0.9900,Bedside Psychiatric Dialysis Session,0.5587,text_margin,0,Ambulatory Psychiatric Dialysis Session|Bedside Psychiatric Dialysis Session|Ambulatory Ophthalmic Dialysis Session
Amb Pulm Recov Rm Occupancy,amb pulm recov rm occupancy,83,Ambulatory Pulmonary Recovery Room Occupancy,MATCHED,0.9840,Advanced Cardiac Recovery Room Occupancy,0.3330,text_margin,0,Ambulatory Pulmonary Recovery Room Occupancy
Amb Urol Imaging Interpretation,amb urol imaging interpretation,13,Ambulatory Urologic Imaging Interpretation,MATCHED,0.9825,Inpatient Vascular Diagnostic Imaging,0.1055,text_margin,0,Ambulatory Urologic Imaging Interpretation
Amb Urologic Img Interp,amb urologic img interp,32,Ambulatory Urologic Imaging Interpretation,MATCHED,0.9525,Ambulatory Immunologic Endoscopic Procedure,0.2616,text_margin,0,Ambulatory Urologic Imaging Interpretation
Ambulatory  Immunologic Wd Bd Occupancy,ambulatory immunologic wd bd occupancy,20,Ambulatory Immunologic Ward Bed Occupancy,MATCHED,0.9168,Ambulatory Musculoskeletal Ward Bed Occupancy,0.5376,text_margin,0,Ambulatory Immunologic Ward Bed Occupancy
Ambulatory  Pulm Recov Rm Occupancy /NG-9869,ambulatory pulm recov rm occupancy,95,Ambulatory Pulmonary Recovery Room Occupancy,MATCHED,0.9880,Advanced Cardiac Recovery Room Occupancy,0.3330,text_margin,0,Ambulatory Pulmonary Recovery Room Occupancy
Ambulatory  Pulm Recovery Room Occupancy,ambulatory pulm recovery room occupancy,92,Ambulatory Pulmonary Recovery Room Occupancy,MATCHED,0.9960,Advanced Cardiac Recovery Room Occupancy,0.3375,text_margin,0,Ambulatory Pulmonary Recovery Room Occupancy
Ambulatory - Card Home Vst,ambulatory card home vst,19,Ambulatory Cardiac Home Visit,MATCHED,0.9650,Ambulatory Infectious Home Visit,0.5400,text_margin,0,Ambulatory Cardiac Home Visit
Ambulatory - Immun Endosc Proc /NG-1182,ambulatory immun endosc proc,16,Ambulatory Immunologic Endoscopic Procedure,MATCHED,0.9775,Preoperative Immunologic Endoscopic Procedure,0.5456,text_margin,0,Ambulatory Immunologic Endoscopic Procedure
Ambulatory - Immunologic Wd Bed Occ /NG-8463,ambulatory immunologic wd bed occ,21,Ambulatory Immunologic Ward Bed Occupancy,MATCHED,0.9544,Ambulatory Musculoskeletal Ward Bed Occupancy,0.5658,text_margin,0,Ambulatory Immunologic Ward Bed Occupancy|Ambulatory Musculoskeletal Ward Bed Occupancy|Routine Immunologic Ward Bed Occupancy
Ambulatory Card Hm Visit /NG-9268,ambulatory card hm visit,22,Ambulatory Cardiac Home Visit,MATCHED,0.9900,Ambulatory Infectious Home Visit,0.5587,text_margin,0,Ambulatory Cardiac Home Visit|Ambulatory Infectious Home Visit
Ambulatory Card Home Vst,ambulatory card home vst,13,Ambulatory Cardiac Home Visit,MATCHED,0.9650,Ambulatory Infectious Home Visit,0.5400,text_margin,0,Ambulatory Cardiac Home Visit
Ambulatory Endosc Procedure /NG-8034,ambulatory endosc procedure,22,Ambulatory Immunologic Endoscopic Procedure,MATCHED,0.8514,Preoperative Immunologic Endoscopic Procedure,0.4243,text_margin,0,Ambulatory Immunologic Endoscopic Procedure
Ambulatory Immunologic Wd Bd Occ,ambulatory immunologic wd bd occ,26,Ambulatory Immunologic Ward Bed Occupancy,MATCHED,0.9128,Ambulatory Musculoskeletal Ward Bed Occupancy,0.5346,text_margin,0,Ambulatory Immunologic Ward Bed Occupancy
Ambulatory Msk Ward Bd Occ /NG-7929,ambulatory msk ward bd occ,20,Ambulatory Musculoskeletal Ward Bed Occupancy,MATCHED,0.9504,Ambulatory Immunologic Ward Bed Occupancy,0.5658,text_margin,0,Ambulatory Musculoskeletal Ward Bed Occupancy|Ambulatory Immunologic Ward Bed Occupancy|Inpatient Musculoskeletal Ward Bed Occupancy
Ambulatory Musculoskeletal Wd Bd Occ,ambulatory musculoskeletal wd bd occ,19,Ambulatory Musculoskeletal Ward Bed Occupancy,MATCHED,0.9128,Ambulatory Immunologic Ward Bed Occupancy,0.5346,text_margin,0,Ambulatory Musculoskeletal Ward Bed Occupancy
Ambulatory Ophth Dial Sess,ambulatory ophth dial sess,22,Ambulatory Ophthalmic Dialysis Session,MATCHED,0.9775,Ambulatory Psychiatric Dialysis Session,0.5494,text_margin,0,Ambulatory Ophthalmic Dialysis Session
Ambulatory Ophthalmic Dial Session,ambulatory ophthalmic dial session,17,Ambulatory Ophthalmic Dialysis Session,MATCHED,0.9875,Ambulatory Psychiatric Dialysis Session,0.5531,text_margin,0,Ambulatory Ophthalmic Dialysis Session|Ambulatory Psychiatric Dialysis Session
Ambulatory Psych Dial Session,ambulatory psych dial session,13,Ambulatory Psychiatric Dialysis Session,MATCHED,0.9825,Ambulatory Ophthalmic Dialysis Session,0.5531,text_margin,0,Ambulatory Psychiatric Dialysis Session|Ambulatory Ophthalmic Dialysis Session
Ambulatory Urol Imaging Interpretation,ambulatory urol imaging interpretation,24,Ambulatory Urologic Imaging Interpretation,MATCHED,0.9875,Ambulatory Cardiac Home Visit,0.1055,text_margin,0,Ambulatory Urologic Imaging Interpretation
Anly Inpatient Palliative Specimen,anly inpatient palliative specimen,42,Inpatient Palliative Specimen Analysis,MATCHED,0.9950,Routine Cardiac Specimen Analysis,0.2784,text_margin,0,Inpatient Palliative Specimen Analysis
Assisted  Urol Hm Vst,assisted urol hm vst,37,Assisted Urologic Home Visit,MATCHED,0.9525,Ambulatory Cardiac Home Visit,0.2616,text_margin,0,Assisted Urologic Home Visit
Assisted - Infect Disch Planning /NG-6257,assisted infect disch planning,23,Assisted Infectious Discharge Planning,MATCHED,0.9825,Routine Oncology Discharge Planning,0.2742,text_margin,0,Assisted Infectious Discharge Planning
Assisted - Pulm Thtr Tm /NG-9868,assisted pulm thtr tm,12,Assisted Pulmonary Theatre Time,MATCHED,0.9130,Comprehensive Otolaryngologic Theatre Time,0.2351,text_margin,0,Assisted Pulmonary Theatre Time
Assisted Gi Inf Ther /NG-8862,assisted gi inf ther,25,Assisted Gastrointestinal Infusion Therapy,MATCHED,0.9700,Assisted Geriatric Infusion Therapy,0.9230,unit_basis_tiebreak,1,Assisted Gastrointestinal Infusion Therapy|Assisted Geriatric Infusion Therapy
Assisted Infect Disch Planning /NG-1542,assisted infect disch planning,29,Assisted Infectious Discharge Planning,MATCHED,0.9825,Routine Oncology Discharge Planning,0.2742,text_margin,0,Assisted Infectious Discharge Planning
Assisted Pulm Theatre Tm /NG-8055,assisted pulm theatre tm,25,Assisted Pulmonary Theatre Time,MATCHED,0.9430,Comprehensive Otolaryngologic Theatre Time,0.2520,text_margin,0,Assisted Pulmonary Theatre Time
Asst  Pulmonary Theatre Time,asst pulmonary theatre time,15,Assisted Pulmonary Theatre Time,MATCHED,0.9700,Comprehensive Otolaryngologic Theatre Time,0.2812,text_margin,0,Assisted Pulmonary Theatre Time
Asst - Gi Inf Therapy /NG-1139,asst gi inf therapy,14,Assisted Gastrointestinal Infusion Therapy,MATCHED,0.9525,Assisted Geriatric Infusion Therapy,0.9055,unit_basis_tiebreak,1,Assisted Gastrointestinal Infusion Therapy|Assisted Geriatric Infusion Therapy
Asst Gastrointestinal Infusion Therapy,asst gastrointestinal infusion therapy,24,Assisted Gastrointestinal Infusion Therapy,MATCHED,0.9700,Assisted Geriatric Infusion Therapy,0.5400,text_margin,0,Assisted Gastrointestinal Infusion Therapy
Asst Infectious Discharge Plng,asst infectious discharge plng,35,Assisted Infectious Discharge Planning,MATCHED,0.9400,Routine Oncology Discharge Planning,0.2644,text_margin,0,Assisted Infectious Discharge Planning
Asst Pulmonary Theatre Time /NG-2448,asst pulmonary theatre time,19,Assisted Pulmonary Theatre Time,MATCHED,0.9700,Comprehensive Otolaryngologic Theatre Time,0.2812,text_margin,0,Assisted Pulmonary Theatre Time
Asst Specimen Anly,asst specimen anly,1,,UNKNOWN,0.4243,Routine Cardiac Specimen Analysis,0.4243,below_match_threshold,0,
Asst Urologic Home Vst,asst urologic home vst,32,Assisted Urologic Home Visit,MATCHED,0.9400,Ambulatory Cardiac Home Visit,0.2644,text_margin,0,Assisted Urologic Home Visit
Beds Otolaryngologic Recovery Room Occ,beds otolaryngologic recovery room occ,18,Bedside Otolaryngologic Recovery Room Occupancy,MATCHED,0.9860,Advanced Cardiac Recovery Room Occupancy,0.3352,text_margin,0,Bedside Otolaryngologic Recovery Room Occupancy
Beds Psych Dialysis Sess,beds psych dialysis sess,25,Bedside Psychiatric Dialysis Session,MATCHED,0.9775,Ambulatory Psychiatric Dialysis Session,0.5550,text_margin,0,Bedside Psychiatric Dialysis Session|Ambulatory Psychiatric Dialysis Session
Beds Psych Session,beds psych session,20,Bedside Psychiatric Dialysis Session,MATCHED,0.8371,Ambulatory Psychiatric Dialysis Session,0.4243,text_margin,0,Bedside Psychiatric Dialysis Session
Beds Pulmonary Biop Proc,beds pulmonary biop proc,17,Bedside Pulmonary Biopsy Procedure,MATCHED,0.9775,Routine Urologic Biopsy Procedure,0.2756,text_margin,0,Bedside Pulmonary Biopsy Procedure
Beds Pulmonary Biop Proc /NG-6360,beds pulmonary biop proc,17,Bedside Pulmonary Biopsy Procedure,MATCHED,0.9775,Routine Urologic Biopsy Procedure,0.2756,text_margin,0,Bedside Pulmonary Biopsy Procedure
Bedside Pulm Biopsy Proc,bedside pulm biopsy proc,18,Bedside Pulmonary Biopsy Procedure,MATCHED,0.9900,Routine Urologic Biopsy Procedure,0.2784,text_margin,0,Bedside Pulmonary Biopsy Procedure
Bedside Pulmonary Biop Proc,bedside pulmonary biop proc,15,Bedside Pulmonary Biopsy Procedure,MATCHED,0.9900,Routine Urologic Biopsy Procedure,0.2756,text_margin,0,Bedside Pulmonary Biopsy Procedure
Care Cont Musculoskeletal Wnd /NG-8330,care cont musculoskeletal wnd,25,Continuous Musculoskeletal Wound Care,MATCHED,0.9900,Continuous Pulmonary Wound Care,0.5550,text_margin,0,Continuous Musculoskeletal Wound Care|Continuous Pulmonary Wound Care
Care Cont Musculoskeletal Wnd /NG-8990,care cont musculoskeletal wnd,27,Continuous Musculoskeletal Wound Care,MATCHED,0.9900,Continuous Pulmonary Wound Care,0.5550,text_margin,0,Continuous Musculoskeletal Wound Care|Continuous Pulmonary Wound Care
Care Extended Ger Wound,care extended ger wound,57,Extended Geriatric Wound Care,MATCHED,0.9950,Continuous Musculoskeletal Wound Care,0.2812,text_margin,0,Extended Geriatric Wound Care
Care Focused Ent Wnd,care focused ent wnd,15,Focused Otolaryngologic Wound Care,MATCHED,0.9900,Continuous Musculoskeletal Wound Care,0.2784,text_margin,0,Focused Otolaryngologic Wound Care
Care Preop Ren Wound,care preop ren wound,40,Preoperative Renal Wound Care,MATCHED,0.9825,Continuous Musculoskeletal Wound Care,0.2812,text_margin,0,Preoperative Renal Wound Care
Case - Intensive Ophth /NG-3641,case intensive ophth,25,Intensive Ophthalmic Case Conference,MATCHED,0.8514,Ambulatory Ophthalmic Case Conference,0.4243,text_margin,0,Intensive Ophthalmic Case Conference
Compr - Otolaryngologic Rehab Prog,compr otolaryngologic rehab prog,19,Comprehensive Otolaryngologic Rehabilitation Programme,MATCHED,0.9850,Comprehensive Otolaryngologic Theatre Time,0.2784,text_margin,0,Comprehensive Otolaryngologic Rehabilitation Programme
Compr - Psych Transf Svc,compr psych transf svc,30,Comprehensive Psychiatric Transfusion Service,MATCHED,0.9725,Comprehensive Urologic Transport Service,0.2756,text_margin,0,Comprehensive Psychiatric Transfusion Service
Compr - Urol Transp Svc,compr urol transp svc,22,Comprehensive Urologic Transport Service,MATCHED,0.9650,Comprehensive Psychiatric Transfusion Service,0.2756,text_margin,0,Comprehensive Urologic Transport Service
Compr - Urologic Transport Service,compr urologic transport service,15,Comprehensive Urologic Transport Service,MATCHED,0.9950,Extended Renal Transport Service,0.2812,text_margin,0,Comprehensive Urologic Transport Service
Compr Ent Thtr Time,compr ent thtr time,16,Comprehensive Otolaryngologic Theatre Time,MATCHED,0.9600,Specialist Otolaryngologic Theatre Time,0.5363,text_margin,0,Comprehensive Otolaryngologic Theatre Time
Compr Infectious Nurs,compr infectious nurs,61,Comprehensive Infectious Nursing Observation,MATCHED,0.8457,Comprehensive Oncology Nursing Observation,0.4200,text_margin,0,Comprehensive Infectious Nursing Observation
Compr Infectious Nursing,compr infectious nursing,54,Comprehensive Infectious Nursing Observation,MATCHED,0.8514,Comprehensive Oncology Nursing Observation,0.4243,text_margin,0,Comprehensive Infectious Nursing Observation
Compr Infectious Nursing Observation,compr infectious nursing observation,51,Comprehensive Infectious Nursing Observation,MATCHED,0.9950,Comprehensive Oncology Nursing Observation,0.5587,text_margin,0,Comprehensive Infectious Nursing Observation|Comprehensive Oncology Nursing Observation
Compr Onc Nurs Observation,compr onc nurs observation,17,Comprehensive Oncology Nursing Observation,MATCHED,0.9850,Comprehensive Infectious Nursing Observation,0.5550,text_margin,0,Comprehensive Oncology Nursing Observation|Comprehensive Infectious Nursing Observation
Compr Oncology Nurs Obs,compr oncology nurs obs,16,Comprehensive Oncology Nursing Observation,MATCHED,0.9775,Comprehensive Infectious Nursing Observation,0.5456,text_margin,0,Comprehensive Oncology Nursing Observation
Compr Otolaryngologic Rehab /NG-4700,compr otolaryngologic rehab,14,Comprehensive Otolaryngologic Rehabilitation Programme,MATCHED,0.8457,Comprehensive Otolaryngologic Theatre Time,0.4243,text_margin,0,Comprehensive Otolaryngologic Rehabilitation Programme
Compr Otolaryngologic Rehab Prog /NG-9048,compr otolaryngologic rehab prog,28,Comprehensive Otolaryngologic Rehabilitation Programme,MATCHED,0.9850,Comprehensive Otolaryngologic Theatre Time,0.2784,text_margin,0,Comprehensive Otolaryngologic Rehabilitation Programme
Compr Otolaryngologic Theatre Tm,compr otolaryngologic theatre tm,22,Comprehensive Otolaryngologic Theatre Time,MATCHED,0.9430,Specialist Otolaryngologic Theatre Time,0.5235,text_margin,0,Comprehensive Otolaryngologic Theatre Time
Compr Psychiatric Transf Service /NG-8081,compr psychiatric transf service,22,Comprehensive Psychiatric Transfusion Service,MATCHED,0.9825,Comprehensive Urologic Transport Service,0.2784,text_margin,0,Comprehensive Psychiatric Transfusion Service
Compr Psychiatric Transfusion Svc,compr psychiatric transfusion svc,43,Comprehensive Psychiatric Transfusion Service,MATCHED,0.9900,Intermittent Dermatologic Transfusion Service,0.2784,text_margin,0,Comprehensive Psychiatric Transfusion Service
Compr Urologic Transp Service,compr urologic transp service,24,Comprehensive Urologic Transport Service,MATCHED,0.9825,Comprehensive Psychiatric Transfusion Service,0.2784,text_margin,0,Comprehensive Urologic Transport Service
Compr Urologic Transport Svc,compr urologic transport svc,25,Comprehensive Urologic Transport Service,MATCHED,0.9900,Extended Renal Transport Service,0.2784,text_margin,0,Comprehensive Urologic Transport Service
Comprehensive - Onc Nurs Obs,comprehensive onc nurs obs,25,Comprehensive Oncology Nursing Observation,MATCHED,0.9775,Comprehensive Infectious Nursing Observation,0.5494,text_margin,0,Comprehensive Oncology Nursing Observation
Comprehensive Ent Thtr Time /NG-2399,comprehensive ent thtr time,13,Comprehensive Otolaryngologic Theatre Time,MATCHED,0.9650,Specialist Otolaryngologic Theatre Time,0.5363,text_margin,0,Comprehensive Otolaryngologic Theatre Time
Comprehensive Infect Nursing,comprehensive infect nursing,63,Comprehensive Infectious Nursing Observation,MATCHED,0.8514,Comprehensive Oncology Nursing Observation,0.4286,text_margin,0,Comprehensive Infectious Nursing Observation
Comprehensive Onc Nurs Observation,comprehensive onc nurs observation,15,Comprehensive Oncology Nursing Observation,MATCHED,0.9900,Comprehensive Infectious Nursing Observation,0.5587,text_margin,0,Comprehensive Oncology Nursing Observation|Comprehensive Infectious Nursing Observation
Comprehensive Oncology Nurs Obs,comprehensive oncology nurs obs,12,Comprehensive Oncology Nursing Observation,MATCHED,0.9825,Comprehensive Infectious Nursing Observation,0.5494,text_margin,0,Comprehensive Oncology Nursing Observation
Comprehensive Otolaryngologic Thtr Time,comprehensive otolaryngologic thtr time,13,Comprehensive Otolaryngologic Theatre Time,MATCHED,0.9700,Specialist Otolaryngologic Theatre Time,0.5400,text_margin,0,Comprehensive Otolaryngologic Theatre Time
Conf Amb Ophth Cs /NG-4640,conf amb ophth cs,9,Ambulatory Ophthalmic Case Conference,MATCHED,0.9255,Intensive Ophthalmic Case Conference,0.5104,text_margin,0,Ambulatory Ophthalmic Case Conference
Conf Emergency Derm Cs,conf emergency derm cs,39,Emergency Dermatologic Case Conference,MATCHED,0.9305,Emergency Orthopaedic Consultation,0.2880,text_margin,0,Emergency Dermatologic Case Conference
Conference Amb Ophth Case,conference amb ophth case,13,Ambulatory Ophthalmic Case Conference,MATCHED,0.9900,Intensive Ophthalmic Case Conference,0.5587,text_margin,0,Ambulatory Ophthalmic Case Conference|Intensive Ophthalmic Case Conference
Conference Amb Ophth Cs /NG-9862,conference amb ophth cs,22,Ambulatory Ophthalmic Case Conference,MATCHED,0.9380,Intensive Ophthalmic Case Conference,0.5198,text_margin,0,Ambulatory Ophthalmic Case Conference
Conference Emer Dermatologic Cs,conference emer dermatologic cs,24,Emergency Dermatologic Case Conference,MATCHED,0.9355,Emergency Orthopaedic Consultation,0.2800,text_margin,0,Emergency Dermatologic Case Conference
Conference Intens Ophth Cs,conference intens ophth cs,27,Intensive Ophthalmic Case Conference,MATCHED,0.9380,Ambulatory Ophthalmic Case Conference,0.5198,text_margin,0,Intensive Ophthalmic Case Conference
Consult Advanced Neuro /NG-5114,consult advanced neuro,23,Advanced Neurological Consultation,MATCHED,0.9867,Emergency Orthopaedic Consultation,0.1837,text_margin,0,Advanced Neurological Consultation
Consult Outpt Immun /NG-3689,consult outpt immun,26,Outpatient Immunologic Consultation,MATCHED,0.9700,Advanced Neurological Consultation,0.1837,text_margin,0,Outpatient Immunologic Consultation
Consultation Adv,consultation adv,23,Advanced Neurological Consultation,MATCHED,0.7920,Emergency Orthopaedic Consultation,0.3000,text_margin,0,Advanced Neurological Consultation
Cont - Immunologic Thtr Tm,cont immunologic thtr tm,32,Continuous Immunologic Theatre Time,MATCHED,0.9130,Outpatient Immunologic Consultation,0.3021,text_margin,0,Continuous Immunologic Theatre Time
Cont - Psychiatric Rehab Prog /NG-1498,cont psychiatric rehab prog,16,Continuous Psychiatric Rehabilitation Programme,MATCHED,0.9850,Routine Psychiatric Rehabilitation Programme,0.5550,text_margin,0,Continuous Psychiatric Rehabilitation Programme|Routine Psychiatric Rehabilitation Programme|Continuous Obstetric Rehabilitation Programme
Cont - Pulmonary Wnd Cr,cont pulmonary wnd cr,14,Continuous Pulmonary Wound Care,MATCHED,0.9850,Postoperative Pulmonary Wound Care,0.5550,text_margin,0,Continuous Pulmonary Wound Care|Postoperative Pulmonary Wound Care|Continuous Musculoskeletal Wound Care
Cont - Pulmonary Wnd Cr /NG-2407,cont pulmonary wnd cr,11,Continuous Pulmonary Wound Care,MATCHED,0.9850,Postoperative Pulmonary Wound Care,0.5550,text_margin,0,Continuous Pulmonary Wound Care|Postoperative Pulmonary Wound Care|Continuous Musculoskeletal Wound Care
Cont Ent Telem Monit,cont ent telem monit,17,Continuous Otolaryngologic Telemetry Monitoring,MATCHED,0.9725,Advanced Neurological Consultation,0.1061,text_margin,0,Continuous Otolaryngologic Telemetry Monitoring
Cont Immun Theatre Time /NG-9315,cont immun theatre time,24,Continuous Immunologic Theatre Time,MATCHED,0.9825,Outpatient Immunologic Consultation,0.2941,text_margin,0,Continuous Immunologic Theatre Time
Cont Msk Wound Cr,cont msk wound cr,33,Continuous Musculoskeletal Wound Care,MATCHED,0.9850,Continuous Pulmonary Wound Care,0.5550,text_margin,0,Continuous Musculoskeletal Wound Care|Continuous Pulmonary Wound Care
Cont Musculoskeletal Wound Care,cont musculoskeletal wound care,21,Continuous Musculoskeletal Wound Care,MATCHED,0.9950,Continuous Pulmonary Wound Care,0.5587,text_margin,0,Continuous Musculoskeletal Wound Care|Continuous Pulmonary Wound Care
Cont Obst Rehab Prog,cont obst rehab prog,17,Continuous Obstetric Rehabilitation Programme,MATCHED,0.9725,Continuous Psychiatric Rehabilitation Programme,0.5513,text_margin,0,Continuous Obstetric Rehabilitation Programme|Continuous Psychiatric Rehabilitation Programme
Cont Obst Rehab Prog /NG-1357,cont obst rehab prog,27,Continuous Obstetric Rehabilitation Programme,MATCHED,0.9725,Continuous Psychiatric Rehabilitation Programme,0.5513,text_margin,0,Continuous Obstetric Rehabilitation Programme|Continuous Psychiatric Rehabilitation Programme
Cont Obstetric Rehab Programme /NG-9792,cont obstetric rehab programme,17,Continuous Obstetric Rehabilitation Programme,MATCHED,0.9900,Continuous Psychiatric Rehabilitation Programme,0.5550,text_margin,0,Continuous Obstetric Rehabilitation Programme|Continuous Psychiatric Rehabilitation Programme
Cont Pharmaceutical Disp,cont pharmaceutical disp,27,Continuous Vascular Pharmaceutical Dispensing,MATCHED,0.8457,Specialist Otolaryngologic Pharmaceutical Dispensing,0.4243,text_margin,0,Continuous Vascular Pharmaceutical Dispensing
Cont Psych Rehab Programme,cont psych rehab programme,10,Continuous Psychiatric Rehabilitation Programme,MATCHED,0.9850,Continuous Obstetric Rehabilitation Programme,0.5550,text_margin,0,Continuous Psychiatric Rehabilitation Programme|Continuous Obstetric Rehabilitation Programme|Routine Psychiatric Rehabilitation Programme
Cont Psychiatric Rehabilitation Programme,cont psychiatric rehabilitation programme,15,Continuous Psychiatric Rehabilitation Programme,MATCHED,0.9950,Routine Psychiatric Rehabilitation Programme,0.5625,text_margin,0,Continuous Psychiatric Rehabilitation Programme|Routine Psychiatric Rehabilitation Programme|Continuous Obstetric Rehabilitation Programme
Cont Pulm Spcm Analysis,cont pulm spcm analysis,1,,UNKNOWN,0.2784,Routine Cardiac Specimen Analysis,0.2784,below_match_threshold,0,
Cont Pulmonary Wnd Cr,cont pulmonary wnd cr,16,Continuous Pulmonary Wound Care,MATCHED,0.9850,Postoperative Pulmonary Wound Care,0.5550,text_margin,0,Continuous Pulmonary Wound Care|Postoperative Pulmonary Wound Care|Continuous Musculoskeletal Wound Care
Cont Vasc Pharmaceutical Disp,cont vasc pharmaceutical disp,28,Continuous Vascular Pharmaceutical Dispensing,MATCHED,0.9850,Specialist Otolaryngologic Pharmaceutical Dispensing,0.2784,text_margin,0,Continuous Vascular Pharmaceutical Dispensing
Cont Vasc Pharmaceutical Dispensing,cont vasc pharmaceutical dispensing,27,Continuous Vascular Pharmaceutical Dispensing,MATCHED,0.9900,Specialist Otolaryngologic Pharmaceutical Dispensing,0.2812,text_margin,0,Continuous Vascular Pharmaceutical Dispensing
Continuous - Card Nursing Observation,continuous card nursing observation,23,Continuous Cardiac Nursing Observation,MATCHED,0.9950,Advanced Metabolic Nursing Observation,0.2812,text_margin,0,Continuous Cardiac Nursing Observation
Continuous - Ent Telemetry Monit /NG-9499,continuous ent telemetry monit,19,Continuous Otolaryngologic Telemetry Monitoring,MATCHED,0.9825,Continuous Cardiac Nursing Observation,0.1055,text_margin,0,Continuous Otolaryngologic Telemetry Monitoring
Continuous - Obst Rehab Programme,continuous obst rehab programme,17,Continuous Obstetric Rehabilitation Programme,MATCHED,0.9825,Continuous Psychiatric Rehabilitation Programme,0.5587,text_margin,0,Continuous Obstetric Rehabilitation Programme|Continuous Psychiatric Rehabilitation Programme
Continuous Ent Telem Monit,continuous ent telem monit,20,Continuous Otolaryngologic Telemetry Monitoring,MATCHED,0.9775,Continuous Cardiac Nursing Observation,0.1055,text_margin,0,Continuous Otolaryngologic Telemetry Monitoring
Continuous Immun Theatre Time /NG-4759,continuous immun theatre time,25,Continuous Immunologic Theatre Time,MATCHED,0.9875,Assisted Pulmonary Theatre Time,0.2812,text_margin,0,Continuous Immunologic Theatre Time
Continuous Otolaryngologic Telemetry Monit /NG-7391,continuous otolaryngologic telemetry monit,16,Continuous Otolaryngologic Telemetry Monitoring,MATCHED,0.9875,Comprehensive Otolaryngologic Rehabilitation Programme,0.1055,text_margin,0,Continuous Otolaryngologic Telemetry Monitoring
Continuous Psych Rehabilitation Prog,continuous psych rehabilitation prog,11,Continuous Psychiatric Rehabilitation Programme,MATCHED,0.9900,Continuous Obstetric Rehabilitation Programme,0.5587,text_margin,0,Continuous Psychiatric Rehabilitation Programme|Continuous Obstetric Rehabilitation Programme|Routine Psychiatric Rehabilitation Programme
Continuous Wnd Care,continuous wnd care,20,,AMBIGUOUS,0.8514,Continuous Pulmonary Wound Care,0.8514,tied_candidates,0,Continuous Musculoskeletal Wound Care|Continuous Pulmonary Wound Care
Cr Cont Wnd,cr cont wnd,12,,AMBIGUOUS,0.8400,Continuous Pulmonary Wound Care,0.8400,tied_candidates,0,Continuous Musculoskeletal Wound Care|Continuous Pulmonary Wound Care
Cr Foc Otolaryngologic Wound,cr foc otolaryngologic wound,12,Focused Otolaryngologic Wound Care,MATCHED,0.9825,Continuous Musculoskeletal Wound Care,0.2784,text_margin,0,Focused Otolaryngologic Wound Care
Cr Focused Ent Wound,cr focused ent wound,19,Focused Otolaryngologic Wound Care,MATCHED,0.9900,Continuous Musculoskeletal Wound Care,0.2784,text_margin,0,Focused Otolaryngologic Wound Care
Cs Amb Ophthalmic /NG-7838,cs amb ophthalmic,18,Ambulatory Ophthalmic Case Conference,MATCHED,0.7920,Ambulatory Ophthalmic Dialysis Session,0.4243,text_margin,0,Ambulatory Ophthalmic Case Conference
Derm Transf Svc Interm,derm transf svc interm,22,Intermittent Dermatologic Transfusion Service,MATCHED,0.9725,Routine Dermatologic Transfusion Service,0.5456,text_margin,0,Intermittent Dermatologic Transfusion Service
Derm Transf Svc Rtn,derm transf svc rtn,20,Routine Dermatologic Transfusion Service,MATCHED,0.9725,Intermittent Dermatologic Transfusion Service,0.5456,text_margin,0,Routine Dermatologic Transfusion Service
Disp Specialist Otolaryngologic Pharmaceutical,disp specialist otolaryngologic pharmaceutical,23,Specialist Otolaryngologic Pharmaceutical Dispensing,MATCHED,0.9950,Specialist Otolaryngologic Theatre Time,0.2812,text_margin,0,Specialist Otolaryngologic Pharmaceutical Dispensing
Elect  Card Nutritional Supp,elect card nutritional supp,26,Elective Cardiac Nutritional Support,MATCHED,0.9700,Elective Pulmonary Nutritional Support,0.5438,text_margin,0,Elective Cardiac Nutritional Support
Elect - Card Supp,elect card supp,25,Elective Cardiac Nutritional Support,MATCHED,0.8229,Elective Pulmonary Nutritional Support,0.4071,text_margin,0,Elective Cardiac Nutritional Support
Elect Cardiac Nutr Supp,elect cardiac nutr supp,25,Elective Cardiac Nutritional Support,MATCHED,0.9700,Elective Pulmonary Nutritional Support,0.5400,text_margin,0,Elective Cardiac Nutritional Support
Elect Cardiac Nutritional Supp /NG-3162,elect cardiac nutritional supp,24,Elective Cardiac Nutritional Support,MATCHED,0.9750,Elective Pulmonary Nutritional Support,0.5438,text_margin,0,Elective Cardiac Nutritional Support
Elective - Pulm Nutritional Supp,elective pulm nutritional supp,30,Elective Pulmonary Nutritional Support,MATCHED,0.9825,Elective Cardiac Nutritional Support,0.5531,text_margin,0,Elective Pulmonary Nutritional Support|Elective Cardiac Nutritional Support
Elective Pulm Nutr Support,elective pulm nutr support,23,Elective Pulmonary Nutritional Support,MATCHED,0.9900,Elective Cardiac Nutritional Support,0.5587,text_margin,0,Elective Pulmonary Nutritional Support|Elective Cardiac Nutritional Support
Elective Pulmonary Nutr Supp,elective pulmonary nutr supp,23,Elective Pulmonary Nutritional Support,MATCHED,0.9825,Elective Cardiac Nutritional Support,0.5494,text_margin,0,Elective Pulmonary Nutritional Support
Elective Pulmonary Nutr Support,elective pulmonary nutr support,19,Elective Pulmonary Nutritional Support,MATCHED,0.9950,Elective Cardiac Nutritional Support,0.5587,text_margin,0,Elective Pulmonary Nutritional Support|Elective Cardiac Nutritional Support
Emer - Ortho Consultation,emer ortho consultation,14,Emergency Orthopaedic Consultation,MATCHED,0.9767,Emergency Orthopaedic Rehabilitation Programme,0.4136,text_margin,0,Emergency Orthopaedic Consultation
Emer Ortho,emer ortho,17,Emergency Orthopaedic Consultation,MATCHED,0.7720,Emergency Orthopaedic Rehabilitation Programme,0.6433,text_margin,0,Emergency Orthopaedic Consultation|Emergency Orthopaedic Rehabilitation Programme
Emer Ortho Consult,emer ortho consult,32,Emergency Orthopaedic Consultation,MATCHED,0.9700,Emergency Orthopaedic Rehabilitation Programme,0.4136,text_margin,0,Emergency Orthopaedic Consultation
Emer Ortho Rehabilitation Prog,emer ortho rehabilitation prog,23,Emergency Orthopaedic Rehabilitation Programme,MATCHED,0.9775,Emergency Orthopaedic Consultation,0.3102,text_margin,0,Emergency Orthopaedic Rehabilitation Programme
Emer Orthopaedic Consultation,emer orthopaedic consultation,16,Emergency Orthopaedic Consultation,MATCHED,0.9833,Emergency Orthopaedic Rehabilitation Programme,0.4179,text_margin,0,Emergency Orthopaedic Consultation
Emer Orthopaedic Rehabilitation Prog,emer orthopaedic rehabilitation prog,27,Emergency Orthopaedic Rehabilitation Programme,MATCHED,0.9825,Emergency Orthopaedic Consultation,0.3134,text_margin,0,Emergency Orthopaedic Rehabilitation Programme
Emergency - Orthopaedic Rehab Prog,emergency orthopaedic rehab prog,20,Emergency Orthopaedic Rehabilitation Programme,MATCHED,0.9900,Emergency Orthopaedic Consultation,0.3214,text_margin,0,Emergency Orthopaedic Rehabilitation Programme
Emergency Dermatologic Cs Conference,emergency dermatologic cs conference,27,Emergency Dermatologic Case Conference,MATCHED,0.9480,Emergency Orthopaedic Consultation,0.2880,text_margin,0,Emergency Dermatologic Case Conference
Emergency Ren Radiotherapy Fract,emergency ren radiotherapy fract,26,Emergency Renal Radiotherapy Fraction,MATCHED,0.9750,Inpatient Renal Radiotherapy Fraction,0.5438,text_margin,0,Emergency Renal Radiotherapy Fraction
Endo Dial Sess Inpt,endo dial sess inpt,13,Inpatient Endocrine Dialysis Session,MATCHED,0.9725,Standard Endocrine Dialysis Session,0.5456,text_margin,0,Inpatient Endocrine Dialysis Session
Endo Dial Sess Std,endo dial sess std,15,Standard Endocrine Dialysis Session,MATCHED,0.9725,Inpatient Endocrine Dialysis Session,0.5456,text_margin,0,Standard Endocrine Dialysis Session
Ent Steril Svc Preop,ent steril svc preop,15,Preoperative Otolaryngologic Sterilisation Service,MATCHED,0.9725,Supervised Otolaryngologic Sterilisation Service,0.5456,text_margin,0,Preoperative Otolaryngologic Sterilisation Service
Ent Steril Svc Supv,ent steril svc supv,21,Supervised Otolaryngologic Sterilisation Service,MATCHED,0.9725,Preoperative Otolaryngologic Sterilisation Service,0.5456,text_margin,0,Supervised Otolaryngologic Sterilisation Service
Ent Thtr Tm Compr,ent thtr tm compr,15,Comprehensive Otolaryngologic Theatre Time,MATCHED,0.9080,Specialist Otolaryngologic Theatre Time,0.4973,text_margin,0,Comprehensive Otolaryngologic Theatre Time
Ent Thtr Tm Spclst,ent thtr tm spclst,29,Specialist Otolaryngologic Theatre Time,MATCHED,0.8830,Comprehensive Otolaryngologic Theatre Time,0.4973,text_margin,0,Specialist Otolaryngologic Theatre Time
Ext - Geriatric Wound Care /NG-2898,ext geriatric wound care,63,Extended Geriatric Wound Care,MATCHED,0.9950,Continuous Musculoskeletal Wound Care,0.2812,text_margin,0,Extended Geriatric Wound Care
Ext - Pall Panel,ext pall panel,23,Extended Palliative Laboratory Panel,MATCHED,0.8371,Advanced Rheumatologic Laboratory Panel,0.1607,text_margin,0,Extended Palliative Laboratory Panel
Ext - Vascular Rehabilitation Prog,ext vascular rehabilitation prog,21,Extended Vascular Rehabilitation Programme,MATCHED,0.9900,Comprehensive Otolaryngologic Rehabilitation Programme,0.2784,text_margin,0,Extended Vascular Rehabilitation Programme
Ext Ger Wnd Cr,ext ger wnd cr,84,Extended Geriatric Wound Care,MATCHED,0.9800,Continuous Musculoskeletal Wound Care,0.2756,text_margin,0,Extended Geriatric Wound Care
Ext Geriatric Wnd Cr /NG-7617,ext geriatric wnd cr,65,Extended Geriatric Wound Care,MATCHED,0.9850,Continuous Musculoskeletal Wound Care,0.2756,text_margin,0,Extended Geriatric Wound Care
Ext Pall Lab Panel,ext pall lab panel,39,Extended Palliative Laboratory Panel,MATCHED,0.9775,Advanced Rheumatologic Laboratory Panel,0.2784,text_margin,0,Extended Palliative Laboratory Panel
Ext Pall Lab Panel /NG-9077,ext pall lab panel,20,Extended Palliative Laboratory Panel,MATCHED,0.9775,Advanced Rheumatologic Laboratory Panel,0.2784,text_margin,0,Extended Palliative Laboratory Panel
Ext Palliative Laboratory Pnl,ext palliative laboratory pnl,22,Extended Palliative Laboratory Panel,MATCHED,0.9650,Advanced Rheumatologic Laboratory Panel,0.2644,text_margin,0,Extended Palliative Laboratory Panel
Ext Vasc Rehabilitation Prog,ext vasc rehabilitation prog,30,Extended Vascular Rehabilitation Programme,MATCHED,0.9850,Comprehensive Otolaryngologic Rehabilitation Programme,0.2784,text_margin,0,Extended Vascular Rehabilitation Programme
Extended Haem Anaes Admin,extended haem anaes admin,1,,UNKNOWN,0.2714,Extended Geriatric Wound Care,0.1055,below_match_threshold,0,
Extended Metab Isolation Room Occupancy,extended metab isolation room occupancy,28,Extended Metabolic Isolation Room Occupancy,MATCHED,0.9960,Inpatient Palliative Isolation Room Occupancy,0.3375,text_margin,0,Extended Metabolic Isolation Room Occupancy
Extended Metabolic Isol Rm Occupancy /NG-9372,extended metabolic isol rm occupancy,29,Extended Metabolic Isolation Room Occupancy,MATCHED,0.9860,Inpatient Palliative Isolation Room Occupancy,0.3296,text_margin,0,Extended Metabolic Isolation Room Occupancy
Extended Ortho Ventilation Support,extended ortho ventilation support,1,,UNKNOWN,0.2812,Emergency Orthopaedic Consultation,0.1181,below_match_threshold,0,
Extended Pall Laboratory Pnl,extended pall laboratory pnl,22,Extended Palliative Laboratory Panel,MATCHED,0.9575,Advanced Rheumatologic Laboratory Panel,0.2644,text_margin,0,Extended Palliative Laboratory Panel
Extended Ren Transp,extended ren transp,32,Extended Renal Transport Service,MATCHED,0.8286,Extended Vascular Rehabilitation Programme,0.4029,text_margin,0,Extended Renal Transport Service
Extended Ren Transport Service,extended ren transport service,32,Extended Renal Transport Service,MATCHED,0.9875,Comprehensive Urologic Transport Service,0.2812,text_margin,0,Extended Renal Transport Service
Extended Vasc Rehab Prog,extended vasc rehab prog,24,Extended Vascular Rehabilitation Programme,MATCHED,0.9850,Comprehensive Otolaryngologic Rehabilitation Programme,0.2756,text_margin,0,Extended Vascular Rehabilitation Programme
Foc - Immunologic Physio,foc immunologic physio,32,Focused Immunologic Physiotherapy Session,MATCHED,0.8371,Outpatient Immunologic Consultation,0.1875,text_margin,0,Focused Immunologic Physiotherapy Session
Foc - Ortho Transp Service,foc ortho transp service,25,Focused Orthopaedic Transport Service,MATCHED,0.9700,Comprehensive Urologic Transport Service,0.2742,text_margin,0,Focused Orthopaedic Transport Service
Foc Immunologic Physio Sess,foc immunologic physio sess,28,Focused Immunologic Physiotherapy Session,MATCHED,0.9775,Advanced Haematology Physiotherapy Session,0.2756,text_margin,0,Focused Immunologic Physiotherapy Session
Focused - Orthopaedic Transp Svc,focused orthopaedic transp svc,14,Focused Orthopaedic Transport Service,MATCHED,0.9825,Comprehensive Urologic Transport Service,0.2714,text_margin,0,Focused Orthopaedic Transport Service
Focused Ent Cr /NG-9962,focused ent cr,23,Focused Otolaryngologic Wound Care,MATCHED,0.8457,Comprehensive Otolaryngologic Rehabilitation Programme,0.3797,text_margin,0,Focused Otolaryngologic Wound Care
Focused Immun Physiotherapy Sess,focused immun physiotherapy sess,30,Focused Immunologic Physiotherapy Session,MATCHED,0.9825,Advanced Haematology Physiotherapy Session,0.2784,text_margin,0,Focused Immunologic Physiotherapy Session
Focused Orthopaedic Transp Svc,focused orthopaedic transp svc,11,Focused Orthopaedic Transport Service,MATCHED,0.9825,Comprehensive Urologic Transport Service,0.2714,text_margin,0,Focused Orthopaedic Transport Service
Focused Otolaryngologic Wound Cr,focused otolaryngologic wound cr,16,Focused Otolaryngologic Wound Care,MATCHED,0.9950,Continuous Musculoskeletal Wound Care,0.2784,text_margin,0,Focused Otolaryngologic Wound Care
Fract Emergency Ren Radiother,fract emergency ren radiother,11,Emergency Renal Radiotherapy Fraction,MATCHED,0.9700,Inpatient Renal Radiotherapy Fraction,0.5400,text_margin,0,Emergency Renal Radiotherapy Fraction
Fract Inpt Ophthalmic Radiotherapy /NG-8037,fract inpt ophthalmic radiotherapy,22,Inpatient Ophthalmic Radiotherapy Fraction,MATCHED,0.9825,Postoperative Ophthalmic Radiotherapy Fraction,0.5531,text_margin,0,Inpatient Ophthalmic Radiotherapy Fraction|Postoperative Ophthalmic Radiotherapy Fraction
Fract Outpatient Radiotherapy,fract outpatient radiotherapy,1,Outpatient Metabolic Radiotherapy Fraction,MATCHED,0.8429,Emergency Renal Radiotherapy Fraction,0.4179,text_margin,0,Outpatient Metabolic Radiotherapy Fraction
Fract Std Ent,fract std ent,45,Standard Otolaryngologic Radiotherapy Fraction,MATCHED,0.8314,Comprehensive Otolaryngologic Rehabilitation Programme,0.1575,text_margin,0,Standard Otolaryngologic Radiotherapy Fraction
Fract Std Otolaryngologic Radiotherapy,fract std otolaryngologic radiotherapy,44,Standard Otolaryngologic Radiotherapy Fraction,MATCHED,0.9825,Emergency Renal Radiotherapy Fraction,0.2742,text_margin,0,Standard Otolaryngologic Radiotherapy Fraction
Fraction  Std Ent Radiotherapy,fraction std ent radiotherapy,52,Standard Otolaryngologic Radiotherapy Fraction,MATCHED,0.9900,Emergency Renal Radiotherapy Fraction,0.2812,text_margin,0,Standard Otolaryngologic Radiotherapy Fraction
Fraction Emergency Ren Radiotherapy,fraction emergency ren radiotherapy,18,Emergency Renal Radiotherapy Fraction,MATCHED,0.9875,Inpatient Renal Radiotherapy Fraction,0.5531,text_margin,0,Emergency Renal Radiotherapy Fraction|Inpatient Renal Radiotherapy Fraction
Fraction Inpatient Ren Radiother,fraction inpatient ren radiother,18,Inpatient Renal Radiotherapy Fraction,MATCHED,0.9825,Inpatient Ophthalmic Radiotherapy Fraction,0.5587,text_margin,0,Inpatient Renal Radiotherapy Fraction|Inpatient Ophthalmic Radiotherapy Fraction
Fraction Outpatient Metab Radiotherapy /NG-5514,fraction outpatient metab radiotherapy,24,Outpatient Metabolic Radiotherapy Fraction,MATCHED,0.9950,Emergency Renal Radiotherapy Fraction,0.2812,text_margin,0,Outpatient Metabolic Radiotherapy Fraction
Fraction Std Otolaryngologic Radiother,fraction std otolaryngologic radiother,69,Standard Otolaryngologic Radiotherapy Fraction,MATCHED,0.9900,Emergency Renal Radiotherapy Fraction,0.2784,text_margin,0,Standard Otolaryngologic Radiotherapy Fraction
Ger Nutr Supp Intens,ger nutr supp intens,14,Intensive Geriatric Nutritional Support,MATCHED,0.9725,Standard Geriatric Nutritional Support,0.5456,text_margin,0,Intensive Geriatric Nutritional Support
Ger Nutr Supp Std,ger nutr supp std,15,Standard Geriatric Nutritional Support,MATCHED,0.9725,Intensive Geriatric Nutritional Support,0.5456,text_margin,0,Standard Geriatric Nutritional Support
Ger Nutr Support /NG-2366,ger nutr support,16,Intensive Geriatric Nutritional Support,MATCHED,0.8457,Standard Geriatric Nutritional Support,0.8457,unit_basis_tiebreak,1,Intensive Geriatric Nutritional Support|Standard Geriatric Nutritional Support
Hep Physio Sess Inpt,hep physio sess inpt,22,Inpatient Hepatic Physiotherapy Session,MATCHED,0.9725,Specialist Hepatic Physiotherapy Session,0.5456,text_margin,0,Inpatient Hepatic Physiotherapy Session
Hep Physio Sess Spclst,hep physio sess spclst,18,Specialist Hepatic Physiotherapy Session,MATCHED,0.9475,Inpatient Hepatic Physiotherapy Session,0.5456,text_margin,0,Specialist Hepatic Physiotherapy Session
Imaging Interm Rheum Diagnostic,imaging interm rheum diagnostic,24,Intermittent Rheumatologic Diagnostic Imaging,MATCHED,0.9900,Inpatient Vascular Diagnostic Imaging,0.2812,text_margin,0,Intermittent Rheumatologic Diagnostic Imaging
Img Inpatient Diag,img inpatient diag,18,Inpatient Vascular Diagnostic Imaging,MATCHED,0.8086,Intermittent Rheumatologic Diagnostic Imaging,0.3921,text_margin,0,Inpatient Vascular Diagnostic Imaging
Img Inpatient Vascular Diagnostic,img inpatient vascular diagnostic,21,Inpatient Vascular Diagnostic Imaging,MATCHED,0.9700,Preoperative Vascular Diagnostic Imaging,0.5400,text_margin,0,Inpatient Vascular Diagnostic Imaging
Img Preop Vasc Diagnostic,img preop vasc diagnostic,18,Preoperative Vascular Diagnostic Imaging,MATCHED,0.9600,Inpatient Vascular Diagnostic Imaging,0.5363,text_margin,0,Preoperative Vascular Diagnostic Imaging
Img Preop Vascular Diag,img preop vascular diag,17,Preoperative Vascular Diagnostic Imaging,MATCHED,0.9525,Inpatient Vascular Diagnostic Imaging,0.5306,text_margin,0,Preoperative Vascular Diagnostic Imaging
Img Vasc Diagnostic,img vasc diagnostic,23,Preoperative Vascular Diagnostic Imaging,MATCHED,0.8171,Preoperative Vascular Diagnostic Imaging,0.8171,unit_basis_tiebreak,1,Inpatient Vascular Diagnostic Imaging|Preoperative Vascular Diagnostic Imaging
Immun Consult,immun consult,14,Outpatient Immunologic Consultation,MATCHED,0.7720,Advanced Neurological Consultation,0.2940,text_margin,0,Outpatient Immunologic Consultation
Immun Endosc Proc Amb,immun endosc proc amb,12,Ambulatory Immunologic Endoscopic Procedure,MATCHED,0.9725,Preoperative Immunologic Endoscopic Procedure,0.5456,text_margin,0,Ambulatory Immunologic Endoscopic Procedure
Immun Endosc Proc Preop,immun endosc proc preop,39,Preoperative Immunologic Endoscopic Procedure,MATCHED,0.9725,Ambulatory Immunologic Endoscopic Procedure,0.5456,text_margin,0,Preoperative Immunologic Endoscopic Procedure
Immun Wd Bd Occ Amb,immun wd bd occ amb,31,Ambulatory Immunologic Ward Bed Occupancy,MATCHED,0.8988,Ambulatory Musculoskeletal Ward Bed Occupancy,0.5316,text_margin,0,Ambulatory Immunologic Ward Bed Occupancy
Immun Wd Bd Occ Rtn,immun wd bd occ rtn,26,Routine Immunologic Ward Bed Occupancy,MATCHED,0.8988,Ambulatory Immunologic Ward Bed Occupancy,0.5271,text_margin,0,Routine Immunologic Ward Bed Occupancy
Infect Crit Cr Occ Adv,infect crit cr occ adv,12,Advanced Infectious Critical Care Occupancy,MATCHED,0.9740,Routine Infectious Critical Care Occupancy,0.5835,text_margin,0,Advanced Infectious Critical Care Occupancy|Routine Infectious Critical Care Occupancy
Infect Crit Cr Occ Rtn,infect crit cr occ rtn,21,Routine Infectious Critical Care Occupancy,MATCHED,0.9740,Advanced Infectious Critical Care Occupancy,0.5835,text_margin,0,Routine Infectious Critical Care Occupancy|Advanced Infectious Critical Care Occupancy|Routine Palliative Critical Care Occupancy
Inpatient  Ophth Radiother Fraction,inpatient ophth radiother fraction,26,Inpatient Ophthalmic Radiotherapy Fraction,MATCHED,0.9900,Inpatient Renal Radiotherapy Fraction,0.5587,text_margin,0,Inpatient Ophthalmic Radiotherapy Fraction|Inpatient Renal Radiotherapy Fraction|Postoperative Ophthalmic Radiotherapy Fraction
Inpatient - Ophth Transport,inpatient ophth transport,10,Inpatient Ophthalmic Transport Service,MATCHED,0.8514,Inpatient Ophthalmic Radiotherapy Fraction,0.4243,text_margin,0,Inpatient Ophthalmic Transport Service
Inpatient - Vasc Diagnostic Img,inpatient vasc diagnostic img,16,Inpatient Vascular Diagnostic Imaging,MATCHED,0.9650,Preoperative Vascular Diagnostic Imaging,0.5363,text_margin,0,Inpatient Vascular Diagnostic Imaging
Inpatient Endo Dial Sess,inpatient endo dial sess,7,Inpatient Endocrine Dialysis Session,MATCHED,0.9775,Standard Endocrine Dialysis Session,0.5456,text_margin,0,Inpatient Endocrine Dialysis Session
Inpatient Hepatic Physio Sess,inpatient hepatic physio sess,23,Inpatient Hepatic Physiotherapy Session,MATCHED,0.9900,Specialist Hepatic Physiotherapy Session,0.5550,text_margin,0,Inpatient Hepatic Physiotherapy Session|Specialist Hepatic Physiotherapy Session
Inpatient Ophth Transp Svc,inpatient ophth transp svc,23,Inpatient Ophthalmic Transport Service,MATCHED,0.9775,Inpatient Ophthalmic Radiotherapy Fraction,0.2784,text_margin,0,Inpatient Ophthalmic Transport Service
Inpatient Ophth Transport Svc,inpatient ophth transport svc,15,Inpatient Ophthalmic Transport Service,MATCHED,0.9900,Comprehensive Urologic Transport Service,0.2784,text_margin,0,Inpatient Ophthalmic Transport Service
Inpatient Pall Specimen Analysis /NG-4820,inpatient pall specimen analysis,38,Inpatient Palliative Specimen Analysis,MATCHED,0.9875,Routine Cardiac Specimen Analysis,0.2812,text_margin,0,Inpatient Palliative Specimen Analysis
Inpatient Ren Radiother Fraction,inpatient ren radiother fraction,11,Inpatient Renal Radiotherapy Fraction,MATCHED,0.9825,Inpatient Ophthalmic Radiotherapy Fraction,0.5587,text_margin,0,Inpatient Renal Radiotherapy Fraction|Inpatient Ophthalmic Radiotherapy Fraction
Inpatient Ren Radiotherapy Fraction /NG-3532,inpatient ren radiotherapy fraction,14,Inpatient Renal Radiotherapy Fraction,MATCHED,0.9875,Inpatient Ophthalmic Radiotherapy Fraction,0.5625,text_margin,0,Inpatient Renal Radiotherapy Fraction|Inpatient Ophthalmic Radiotherapy Fraction|Emergency Renal Radiotherapy Fraction
Inpatient Vascular Diag Imaging,inpatient vascular diag imaging,21,Inpatient Vascular Diagnostic Imaging,MATCHED,0.9875,Preoperative Vascular Diagnostic Imaging,0.5531,text_margin,0,Inpatient Vascular Diagnostic Imaging|Preoperative Vascular Diagnostic Imaging
Inpt - Hep Physio Sess /NG-1999,inpt hep physio sess,19,Inpatient Hepatic Physiotherapy Session,MATCHED,0.9725,Specialist Hepatic Physiotherapy Session,0.5456,text_margin,0,Inpatient Hepatic Physiotherapy Session
Inpt - Ophth Radiother Fract,inpt ophth radiother fract,38,Inpatient Ophthalmic Radiotherapy Fraction,MATCHED,0.9725,Inpatient Renal Radiotherapy Fraction,0.5456,text_margin,0,Inpatient Ophthalmic Radiotherapy Fraction
Inpt - Ophth Radiother Fract /NG-2420,inpt ophth radiother fract,25,Inpatient Ophthalmic Radiotherapy Fraction,MATCHED,0.9725,Inpatient Renal Radiotherapy Fraction,0.5456,text_margin,0,Inpatient Ophthalmic Radiotherapy Fraction
Inpt - Pall Specimen Analysis /NG-1173,inpt pall specimen analysis,34,Inpatient Palliative Specimen Analysis,MATCHED,0.9825,Routine Cardiac Specimen Analysis,0.2812,text_margin,0,Inpatient Palliative Specimen Analysis
Inpt - Ren Radiotherapy Fract,inpt ren radiotherapy fract,16,Inpatient Renal Radiotherapy Fraction,MATCHED,0.9700,Inpatient Ophthalmic Radiotherapy Fraction,0.5494,text_margin,0,Inpatient Renal Radiotherapy Fraction
Inpt - Ren Radiotherapy Fraction,inpt ren radiotherapy fraction,22,Inpatient Renal Radiotherapy Fraction,MATCHED,0.9825,Inpatient Ophthalmic Radiotherapy Fraction,0.5587,text_margin,0,Inpatient Renal Radiotherapy Fraction|Inpatient Ophthalmic Radiotherapy Fraction|Emergency Renal Radiotherapy Fraction
Inpt Endo Session,inpt endo session,12,Inpatient Endocrine Dialysis Session,MATCHED,0.8457,Inpatient Hepatic Physiotherapy Session,0.4243,text_margin,0,Inpatient Endocrine Dialysis Session
Inpt Hep Physiotherapy Session,inpt hep physiotherapy session,24,Inpatient Hepatic Physiotherapy Session,MATCHED,0.9825,Specialist Hepatic Physiotherapy Session,0.5531,text_margin,0,Inpatient Hepatic Physiotherapy Session|Specialist Hepatic Physiotherapy Session
Inpt Hepatic Physio Session /NG-3220,inpt hepatic physio session,29,Inpatient Hepatic Physiotherapy Session,MATCHED,0.9900,Specialist Hepatic Physiotherapy Session,0.5587,text_margin,0,Inpatient Hepatic Physiotherapy Session|Specialist Hepatic Physiotherapy Session
Inpt Hepatic Session,inpt hepatic session,20,Inpatient Hepatic Physiotherapy Session,MATCHED,0.8514,Specialist Hepatic Physiotherapy Session,0.4286,text_margin,0,Inpatient Hepatic Physiotherapy Session
Inpt Msk Wd Bed Occ,inpt msk wd bed occ,21,Inpatient Musculoskeletal Ward Bed Occupancy,MATCHED,0.9464,Ambulatory Musculoskeletal Ward Bed Occupancy,0.5628,text_margin,0,Inpatient Musculoskeletal Ward Bed Occupancy|Ambulatory Musculoskeletal Ward Bed Occupancy
Inpt Musculoskeletal Wd Bed Occupancy /NG-8170,inpt musculoskeletal wd bed occupancy,21,Inpatient Musculoskeletal Ward Bed Occupancy,MATCHED,0.9544,Ambulatory Musculoskeletal Ward Bed Occupancy,0.5688,text_margin,0,Inpatient Musculoskeletal Ward Bed Occupancy|Ambulatory Musculoskeletal Ward Bed Occupancy
Inpt Ophth Transport Svc,inpt ophth transport svc,20,Inpatient Ophthalmic Transport Service,MATCHED,0.9850,Comprehensive Urologic Transport Service,0.2784,text_margin,0,Inpatient Ophthalmic Transport Service
Inpt Ophthalmic Transport Svc,inpt ophthalmic transport svc,15,Inpatient Ophthalmic Transport Service,MATCHED,0.9900,Comprehensive Urologic Transport Service,0.2784,text_margin,0,Inpatient Ophthalmic Transport Service
Inpt Palliative Isol Room Occupancy,inpt palliative isol room occupancy,18,Inpatient Palliative Isolation Room Occupancy,MATCHED,0.9860,Extended Metabolic Isolation Room Occupancy,0.3319,text_margin,0,Inpatient Palliative Isolation Room Occupancy
Inpt Palliative Isolation Rm Occupancy,inpt palliative isolation rm occupancy,13,Inpatient Palliative Isolation Room Occupancy,MATCHED,0.9920,Extended Metabolic Isolation Room Occupancy,0.3352,text_margin,0,Inpatient Palliative Isolation Room Occupancy
Intens - Nutr Support,intens nutr support,18,Intensive Geriatric Nutritional Support,MATCHED,0.8457,Elective Cardiac Nutritional Support,0.4243,text_margin,0,Intensive Geriatric Nutritional Support
Intens - Ophthalmic Cs Conference /NG-6174,intens ophthalmic cs conference,25,Intensive Ophthalmic Case Conference,MATCHED,0.9430,Ambulatory Ophthalmic Case Conference,0.5235,text_margin,0,Intensive Ophthalmic Case Conference
Intens Gastrointestinal Isolation Rm Occupancy,intens gastrointestinal isolation rm occupancy,80,Intensive Gastrointestinal Isolation Room Occupancy,MATCHED,0.9920,Extended Metabolic Isolation Room Occupancy,0.3352,text_margin,0,Intensive Gastrointestinal Isolation Room Occupancy
Intens Ger Nutr Support,intens ger nutr support,16,Intensive Geriatric Nutritional Support,MATCHED,0.9850,Standard Geriatric Nutritional Support,0.5550,text_margin,0,Intensive Geriatric Nutritional Support|Standard Geriatric Nutritional Support
Intens Gi Isolation Room Occupancy /NG-9835,intens gi isolation room occupancy,100,Intensive Gastrointestinal Isolation Room Occupancy,MATCHED,0.9920,Extended Metabolic Isolation Room Occupancy,0.3375,text_margin,0,Intensive Gastrointestinal Isolation Room Occupancy
Intensive Ger Nutr Supp /NG-4079,intensive ger nutr supp,9,Intensive Geriatric Nutritional Support,MATCHED,0.9775,Standard Geriatric Nutritional Support,0.5456,text_margin,0,Intensive Geriatric Nutritional Support
Intensive Gi Isolation Rm Occ,intensive gi isolation rm occ,80,Intensive Gastrointestinal Isolation Room Occupancy,MATCHED,0.9880,Extended Metabolic Isolation Room Occupancy,0.3330,text_margin,0,Intensive Gastrointestinal Isolation Room Occupancy
Interm - Derm Transf Svc,interm derm transf svc,14,Intermittent Dermatologic Transfusion Service,MATCHED,0.9725,Routine Dermatologic Transfusion Service,0.5456,text_margin,0,Intermittent Dermatologic Transfusion Service
Interm - Diag Img /NG-6221,interm diag img,16,Intermittent Rheumatologic Diagnostic Imaging,MATCHED,0.8029,Inpatient Vascular Diagnostic Imaging,0.3921,text_margin,0,Intermittent Rheumatologic Diagnostic Imaging
Interm Derm Transfusion Service /NG-8116,interm derm transfusion service,17,Intermittent Dermatologic Transfusion Service,MATCHED,0.9900,Routine Dermatologic Transfusion Service,0.5587,text_margin,0,Intermittent Dermatologic Transfusion Service|Routine Dermatologic Transfusion Service
Interm Neuro Nutr Supp /NG-9593,interm neuro nutr supp,18,Intermittent Neurological Nutritional Support,MATCHED,0.9725,Elective Cardiac Nutritional Support,0.2714,text_margin,0,Intermittent Neurological Nutritional Support
Interm Pulm Rehab Prog,interm pulm rehab prog,67,Intermittent Pulmonary Rehabilitation Programme,MATCHED,0.9800,Comprehensive Otolaryngologic Rehabilitation Programme,0.2756,text_margin,0,Intermittent Pulmonary Rehabilitation Programme
Interm Pulm Rehab Prog /NG-4176,interm pulm rehab prog,58,Intermittent Pulmonary Rehabilitation Programme,MATCHED,0.9800,Comprehensive Otolaryngologic Rehabilitation Programme,0.2756,text_margin,0,Intermittent Pulmonary Rehabilitation Programme
Interm Rehab Programme,interm rehab programme,61,Intermittent Pulmonary Rehabilitation Programme,MATCHED,0.8457,Comprehensive Otolaryngologic Rehabilitation Programme,0.4243,text_margin,0,Intermittent Pulmonary Rehabilitation Programme
Interm Rheum Diagnostic Img /NG-6790,interm rheum diagnostic img,15,Intermittent Rheumatologic Diagnostic Imaging,MATCHED,0.9600,Inpatient Vascular Diagnostic Imaging,0.2644,text_margin,0,Intermittent Rheumatologic Diagnostic Imaging
Interm Rheumatologic Diag Img,interm rheumatologic diag img,23,Intermittent Rheumatologic Diagnostic Imaging,MATCHED,0.9525,Inpatient Vascular Diagnostic Imaging,0.2573,text_margin,0,Intermittent Rheumatologic Diagnostic Imaging
Intermittent - Derm Transf Svc,intermittent derm transf svc,16,Intermittent Dermatologic Transfusion Service,MATCHED,0.9775,Routine Dermatologic Transfusion Service,0.5456,text_margin,0,Intermittent Dermatologic Transfusion Service
Intermittent Neurological Nutr Supp,intermittent neurological nutr supp,16,Intermittent Neurological Nutritional Support,MATCHED,0.9825,Elective Cardiac Nutritional Support,0.2714,text_margin,0,Intermittent Neurological Nutritional Support
Metabolic - Lab Pnl,metabolic lab pnl,1,,UNKNOWN,0.3986,Extended Palliative Laboratory Panel,0.3986,below_match_threshold,0,
Monit Cont Ent Telemetry /NG-2024,monit cont ent telemetry,14,Continuous Otolaryngologic Telemetry Monitoring,MATCHED,0.9775,Advanced Neurological Consultation,0.1061,text_margin,0,Continuous Otolaryngologic Telemetry Monitoring
Msk Dial Sess,msk dial sess,27,Supervised Musculoskeletal Dialysis Session,MATCHED,0.8314,Ambulatory Ophthalmic Dialysis Session,0.4136,text_margin,0,Supervised Musculoskeletal Dialysis Session
Msk Wd Bd Occ Amb,msk wd bd occ amb,21,Ambulatory Musculoskeletal Ward Bed Occupancy,MATCHED,0.9048,Ambulatory Immunologic Ward Bed Occupancy,0.5316,text_margin,0,Ambulatory Musculoskeletal Ward Bed Occupancy
Msk Wd Bd Occ Inpt,msk wd bd occ inpt,27,Inpatient Musculoskeletal Ward Bed Occupancy,MATCHED,0.9048,Ambulatory Musculoskeletal Ward Bed Occupancy,0.5316,text_margin,0,Inpatient Musculoskeletal Ward Bed Occupancy
Neuro - Nutr Supp,neuro nutr supp,12,Intermittent Neurological Nutritional Support,MATCHED,0.8314,Elective Cardiac Nutritional Support,0.4136,text_margin,0,Intermittent Neurological Nutritional Support
Obs Cont Card Nursing,obs cont card nursing,17,Continuous Cardiac Nursing Observation,MATCHED,0.9775,Continuous Obstetric Rehabilitation Programme,0.2756,text_margin,0,Continuous Cardiac Nursing Observation
Obs Continuous Card Nurs,obs continuous card nurs,20,Continuous Cardiac Nursing Observation,MATCHED,0.9775,Continuous Obstetric Rehabilitation Programme,0.2784,text_margin,0,Continuous Cardiac Nursing Observation
Obs Continuous Card Nursing /NG-8292,obs continuous card nursing,14,Continuous Cardiac Nursing Observation,MATCHED,0.9825,Continuous Obstetric Rehabilitation Programme,0.2784,text_margin,0,Continuous Cardiac Nursing Observation
Obs Metab Nursing,obs metab nursing,39,Advanced Metabolic Nursing Observation,MATCHED,0.8371,Comprehensive Infectious Nursing Observation,0.4179,text_margin,0,Advanced Metabolic Nursing Observation
Observation Compr Infectious Nurs,observation compr infectious nurs,58,Comprehensive Infectious Nursing Observation,MATCHED,0.9900,Comprehensive Oncology Nursing Observation,0.5550,text_margin,0,Comprehensive Infectious Nursing Observation|Comprehensive Oncology Nursing Observation
Observation Cont Nurs,observation cont nurs,26,Continuous Cardiac Nursing Observation,MATCHED,0.8457,Advanced Metabolic Nursing Observation,0.4243,text_margin,0,Continuous Cardiac Nursing Observation
Occ  - Postoperative Obstetric Isol Rm,occ postoperative obstetric isol rm,26,Postoperative Obstetric Isolation Room Occupancy,MATCHED,0.9820,Extended Metabolic Isolation Room Occupancy,0.3274,text_margin,0,Postoperative Obstetric Isolation Room Occupancy
Occ - Inpt Isol Rm /NG-2747,occ inpt isol rm,26,Inpatient Palliative Isolation Room Occupancy,MATCHED,0.8644,Extended Metabolic Isolation Room Occupancy,0.4850,text_margin,0,Inpatient Palliative Isolation Room Occupancy
Occ - Postoperative Metabolic Critical Care,occ postoperative metabolic critical care,21,Postoperative Metabolic Critical Care Occupancy,MATCHED,0.9960,Advanced Infectious Critical Care Occupancy,0.3352,text_margin,0,Postoperative Metabolic Critical Care Occupancy
Occ Advanced Orthopaedic Recovery Rm /NG-2920,occ advanced orthopaedic recovery rm,1,,UNKNOWN,0.5940,Ambulatory Pulmonary Recovery Room Occupancy,0.3330,below_match_threshold,0,Advanced Cardiac Recovery Room Occupancy
Occ Beds Otolaryngologic Recov Room,occ beds otolaryngologic recov room,18,Bedside Otolaryngologic Recovery Room Occupancy,MATCHED,0.9820,Advanced Cardiac Recovery Room Occupancy,0.3330,text_margin,0,Bedside Otolaryngologic Recovery Room Occupancy
Occ Beds Otolaryngologic Recovery Room /NG-2212,occ beds otolaryngologic recovery room,15,Bedside Otolaryngologic Recovery Room Occupancy,MATCHED,0.9860,Advanced Cardiac Recovery Room Occupancy,0.3352,text_margin,0,Bedside Otolaryngologic Recovery Room Occupancy
Occ Inpatient Palliative Isolation Rm,occ inpatient palliative isolation rm,12,Inpatient Palliative Isolation Room Occupancy,MATCHED,0.9920,Extended Metabolic Isolation Room Occupancy,0.3330,text_margin,0,Inpatient Palliative Isolation Room Occupancy
Occ Inpt Msk Wd Bd,occ inpt msk wd bd,19,Inpatient Musculoskeletal Ward Bed Occupancy,MATCHED,0.9048,Ambulatory Musculoskeletal Ward Bed Occupancy,0.5316,text_margin,0,Inpatient Musculoskeletal Ward Bed Occupancy
Occ Routine Infectious Critical Cr,occ routine infectious critical cr,22,Routine Infectious Critical Care Occupancy,MATCHED,0.9920,Advanced Infectious Critical Care Occupancy,0.5940,text_margin,0,Routine Infectious Critical Care Occupancy|Advanced Infectious Critical Care Occupancy|Routine Palliative Critical Care Occupancy
Occ Supervised Ren Isolation Rm,occ supervised ren isolation rm,25,Supervised Renal Isolation Room Occupancy,MATCHED,0.9820,Extended Metabolic Isolation Room Occupancy,0.3330,text_margin,0,Supervised Renal Isolation Room Occupancy
Occupancy  Extended Metabolic Isol Rm /NG-3709,occupancy extended metabolic isol rm,30,Extended Metabolic Isolation Room Occupancy,MATCHED,0.9860,Inpatient Palliative Isolation Room Occupancy,0.3296,text_margin,0,Extended Metabolic Isolation Room Occupancy
Occupancy - Beds Otolaryngologic Recov Room,occupancy beds otolaryngologic recov room,15,Bedside Otolaryngologic Recovery Room Occupancy,MATCHED,0.9860,Advanced Cardiac Recovery Room Occupancy,0.3352,text_margin,0,Bedside Otolaryngologic Recovery Room Occupancy
Occupancy - Spclst Neurological Recovery Rm /NG-4948,occupancy spclst neurological recovery rm,18,Specialist Neurological Recovery Room Occupancy,MATCHED,0.9720,Advanced Cardiac Recovery Room Occupancy,0.3352,text_margin,0,Specialist Neurological Recovery Room Occupancy
Occupancy Advanced Card Recov Rm,occupancy advanced card recov rm,39,Advanced Cardiac Recovery Room Occupancy,MATCHED,0.9880,Ambulatory Pulmonary Recovery Room Occupancy,0.3330,text_margin,0,Advanced Cardiac Recovery Room Occupancy
Occupancy Bedside Ent Recovery Room,occupancy bedside ent recovery room,25,Bedside Otolaryngologic Recovery Room Occupancy,MATCHED,0.9960,Advanced Cardiac Recovery Room Occupancy,0.3375,text_margin,0,Bedside Otolaryngologic Recovery Room Occupancy
Occupancy Inpatient Palliative Isol Room,occupancy inpatient palliative isol room,20,Inpatient Palliative Isolation Room Occupancy,MATCHED,0.9900,Extended Metabolic Isolation Room Occupancy,0.3319,text_margin,0,Inpatient Palliative Isolation Room Occupancy
Occupancy Postop Metabolic Crit Cr,occupancy postop metabolic crit cr,14,Postoperative Metabolic Critical Care Occupancy,MATCHED,0.9820,Advanced Infectious Critical Care Occupancy,0.3296,text_margin,0,Postoperative Metabolic Critical Care Occupancy
Occupancy Postop Obstetric Isol Room,occupancy postop obstetric isol room,28,Postoperative Obstetric Isolation Room Occupancy,MATCHED,0.9860,Extended Metabolic Isolation Room Occupancy,0.3319,text_margin,0,Postoperative Obstetric Isolation Room Occupancy
Occupancy Postoperative Obstetric Isol Rm,occupancy postoperative obstetric isol rm,32,Postoperative Obstetric Isolation Room Occupancy,MATCHED,0.9860,Extended Metabolic Isolation Room Occupancy,0.3296,text_margin,0,Postoperative Obstetric Isolation Room Occupancy
Occupancy Rtn Pall Crit Cr,occupancy rtn pall crit cr,18,Routine Palliative Critical Care Occupancy,MATCHED,0.9720,Routine Infectious Critical Care Occupancy,0.5865,text_margin,0,Routine Palliative Critical Care Occupancy|Routine Infectious Critical Care Occupancy
Ophth Cs Conf Amb,ophth cs conf amb,21,Ambulatory Ophthalmic Case Conference,MATCHED,0.9255,Intensive Ophthalmic Case Conference,0.5104,text_margin,0,Ambulatory Ophthalmic Case Conference
Ophth Cs Conf Intens,ophth cs conf intens,17,Intensive Ophthalmic Case Conference,MATCHED,0.9255,Ambulatory Ophthalmic Case Conference,0.5104,text_margin,0,Intensive Ophthalmic Case Conference
Ophth Radiother Fract Inpt,ophth radiother fract inpt,24,Inpatient Ophthalmic Radiotherapy Fraction,MATCHED,0.9725,Inpatient Renal Radiotherapy Fraction,0.5456,text_margin,0,Inpatient Ophthalmic Radiotherapy Fraction
Ophth Radiother Fract Postop,ophth radiother fract postop,18,Postoperative Ophthalmic Radiotherapy Fraction,MATCHED,0.9725,Inpatient Ophthalmic Radiotherapy Fraction,0.5456,text_margin,0,Postoperative Ophthalmic Radiotherapy Fraction
Ortho Transp Svc,ortho transp svc,21,Focused Orthopaedic Transport Service,MATCHED,0.8314,Comprehensive Urologic Transport Service,0.4136,text_margin,0,Focused Orthopaedic Transport Service
Outpatient - Metabolic Radiother Fract /NG-9469,outpatient metabolic radiother fract,15,Outpatient Metabolic Radiotherapy Fraction,MATCHED,0.9825,Emergency Renal Radiotherapy Fraction,0.2714,text_margin,0,Outpatient Metabolic Radiotherapy Fraction
Outpatient Metab Radiother Fraction,outpatient metab radiother fraction,20,Outpatient Metabolic Radiotherapy Fraction,MATCHED,0.9900,Emergency Renal Radiotherapy Fraction,0.2784,text_margin,0,Outpatient Metabolic Radiotherapy Fraction
Outpatient Orthopaedic Pharm Dispensing /NG-2825,outpatient orthopaedic pharm dispensing,1,,UNKNOWN,0.2742,Specialist Otolaryngologic Pharmaceutical Dispensing,0.2742,below_match_threshold,0,
Outpt - Immun Consultation /NG-3299,outpt immun consultation,20,Outpatient Immunologic Consultation,MATCHED,0.9767,Advanced Neurological Consultation,0.1875,text_margin,0,Outpatient Immunologic Consultation
Outpt Immun Consult /NG-9519,outpt immun consult,15,Outpatient Immunologic Consultation,MATCHED,0.9700,Advanced Neurological Consultation,0.1837,text_margin,0,Outpatient Immunologic Consultation
Outpt Immun Consultation,outpt immun consultation,19,Outpatient Immunologic Consultation,MATCHED,0.9767,Advanced Neurological Consultation,0.1875,text_margin,0,Outpatient Immunologic Consultation
Outpt Metab Radiother Fract,outpt metab radiother fract,12,Outpatient Metabolic Radiotherapy Fraction,MATCHED,0.9725,Emergency Renal Radiotherapy Fraction,0.2714,text_margin,0,Outpatient Metabolic Radiotherapy Fraction
Outpt Radiother Fraction,outpt radiother fraction,12,Outpatient Metabolic Radiotherapy Fraction,MATCHED,0.8457,Emergency Renal Radiotherapy Fraction,0.4243,text_margin,0,Outpatient Metabolic Radiotherapy Fraction
Paed Biop Proc Spclst,paed biop proc spclst,21,Specialist Paediatric Biopsy Procedure,MATCHED,0.9475,Standard Paediatric Biopsy Procedure,0.5456,text_margin,0,Specialist Paediatric Biopsy Procedure
Paed Biop Proc Std,paed biop proc std,12,Standard Paediatric Biopsy Procedure,MATCHED,0.9725,Specialist Paediatric Biopsy Procedure,0.5456,text_margin,0,Standard Paediatric Biopsy Procedure
Plng Rtn Oncology Discharge,plng rtn oncology discharge,18,Routine Oncology Discharge Planning,MATCHED,0.9650,Assisted Infectious Discharge Planning,0.2644,text_margin,0,Routine Oncology Discharge Planning
Postop Critical Cr Occupancy,postop critical cr occupancy,22,Postoperative Metabolic Critical Care Occupancy,MATCHED,0.8800,Advanced Infectious Critical Care Occupancy,0.4967,text_margin,0,Postoperative Metabolic Critical Care Occupancy
Postop Metabolic Critical Cr Occ,postop metabolic critical cr occ,19,Postoperative Metabolic Critical Care Occupancy,MATCHED,0.9880,Advanced Infectious Critical Care Occupancy,0.3330,text_margin,0,Postoperative Metabolic Critical Care Occupancy
Postop Ophthalmic Radiotherapy Fract,postop ophthalmic radiotherapy fract,14,Postoperative Ophthalmic Radiotherapy Fraction,MATCHED,0.9825,Inpatient Ophthalmic Radiotherapy Fraction,0.5531,text_margin,0,Postoperative Ophthalmic Radiotherapy Fraction|Inpatient Ophthalmic Radiotherapy Fraction
Postop Pulmonary Wnd Care /NG-1729,postop pulmonary wnd care,24,Postoperative Pulmonary Wound Care,MATCHED,0.9900,Continuous Pulmonary Wound Care,0.5587,text_margin,0,Postoperative Pulmonary Wound Care|Continuous Pulmonary Wound Care
Postoperative - Metab Crit Cr Occupancy,postoperative metab crit cr occupancy,15,Postoperative Metabolic Critical Care Occupancy,MATCHED,0.9820,Advanced Infectious Critical Care Occupancy,0.3296,text_margin,0,Postoperative Metabolic Critical Care Occupancy
Postoperative - Ophth Radiother Fract /NG-1408,postoperative ophth radiother fract,21,Postoperative Ophthalmic Radiotherapy Fraction,MATCHED,0.9775,Inpatient Ophthalmic Radiotherapy Fraction,0.5456,text_margin,0,Postoperative Ophthalmic Radiotherapy Fraction
Postoperative Ophth Radiother Fract,postoperative ophth radiother fract,21,Postoperative Ophthalmic Radiotherapy Fraction,MATCHED,0.9775,Inpatient Ophthalmic Radiotherapy Fraction,0.5456,text_margin,0,Postoperative Ophthalmic Radiotherapy Fraction
Postoperative Ophthalmic Radiother Fract /NG-5937,postoperative ophthalmic radiother fract,15,Postoperative Ophthalmic Radiotherapy Fraction,MATCHED,0.9825,Inpatient Ophthalmic Radiotherapy Fraction,0.5494,text_margin,0,Postoperative Ophthalmic Radiotherapy Fraction
Postoperative Pulm Wnd Cr,postoperative pulm wnd cr,34,Postoperative Pulmonary Wound Care,MATCHED,0.9850,Continuous Pulmonary Wound Care,0.5513,text_margin,0,Postoperative Pulmonary Wound Care|Continuous Pulmonary Wound Care
Postoperative Pulmonary Wnd Cr /NG-8823,postoperative pulmonary wnd cr,16,Postoperative Pulmonary Wound Care,MATCHED,0.9900,Continuous Pulmonary Wound Care,0.5550,text_margin,0,Postoperative Pulmonary Wound Care|Continuous Pulmonary Wound Care
Preop - Geriatric Ventilation Supp,preop geriatric ventilation supp,22,Preoperative Geriatric Ventilation Support,MATCHED,0.9825,Intensive Geriatric Nutritional Support,0.2742,text_margin,0,Preoperative Geriatric Ventilation Support
Preop - Immun Endoscopic Procedure /NG-3497,preop immun endoscopic procedure,48,Preoperative Immunologic Endoscopic Procedure,MATCHED,0.9825,Ambulatory Immunologic Endoscopic Procedure,0.5531,text_margin,0,Preoperative Immunologic Endoscopic Procedure|Ambulatory Immunologic Endoscopic Procedure
Preop Endo Physio Sess,preop endo physio sess,21,Preoperative Endocrine Physiotherapy Session,MATCHED,0.9800,Advanced Haematology Physiotherapy Session,0.2756,text_margin,0,Preoperative Endocrine Physiotherapy Session
Preop Endo Physiotherapy Sess,preop endo physiotherapy sess,33,Preoperative Endocrine Physiotherapy Session,MATCHED,0.9850,Advanced Haematology Physiotherapy Session,0.2784,text_margin,0,Preoperative Endocrine Physiotherapy Session
Preop Endocrine Physio Session,preop endocrine physio session,21,Preoperative Endocrine Physiotherapy Session,MATCHED,0.9900,Inpatient Endocrine Dialysis Session,0.2812,text_margin,0,Preoperative Endocrine Physiotherapy Session
Preop Ent Sterilisation Svc /NG-3994,preop ent sterilisation svc,17,Preoperative Otolaryngologic Sterilisation Service,MATCHED,0.9850,Supervised Otolaryngologic Sterilisation Service,0.5550,text_margin,0,Preoperative Otolaryngologic Sterilisation Service|Supervised Otolaryngologic Sterilisation Service
Preop Geriatric Vent Supp,preop geriatric vent supp,20,Preoperative Geriatric Ventilation Support,MATCHED,0.9700,Intensive Geriatric Nutritional Support,0.2742,text_margin,0,Preoperative Geriatric Ventilation Support
Preop Geriatric Ventilation Support /NG-1168,preop geriatric ventilation support,17,Preoperative Geriatric Ventilation Support,MATCHED,0.9950,Intensive Geriatric Nutritional Support,0.2812,text_margin,0,Preoperative Geriatric Ventilation Support
Preop Immun Endosc Proc,preop immun endosc proc,40,Preoperative Immunologic Endoscopic Procedure,MATCHED,0.9725,Ambulatory Immunologic Endoscopic Procedure,0.5456,text_margin,0,Preoperative Immunologic Endoscopic Procedure
Preop Onc Consultation,preop onc consultation,19,Preoperative Oncology Consultation,MATCHED,0.9867,Preoperative Otolaryngologic Sterilisation Service,0.3986,text_margin,0,Preoperative Oncology Consultation
Preop Oncology Consult /NG-2424,preop oncology consult,14,Preoperative Oncology Consultation,MATCHED,0.9867,Advanced Neurological Consultation,0.1837,text_margin,0,Preoperative Oncology Consultation
Preop Oncology Consult /NG-5826,preop oncology consult,15,Preoperative Oncology Consultation,MATCHED,0.9867,Advanced Neurological Consultation,0.1837,text_margin,0,Preoperative Oncology Consultation
Preop Oncology Consult /NG-7321,preop oncology consult,20,Preoperative Oncology Consultation,MATCHED,0.9867,Advanced Neurological Consultation,0.1837,text_margin,0,Preoperative Oncology Consultation
Preop Otolaryngologic Steril Svc,preop otolaryngologic steril svc,13,Preoperative Otolaryngologic Sterilisation Service,MATCHED,0.9775,Supervised Otolaryngologic Sterilisation Service,0.5494,text_margin,0,Preoperative Otolaryngologic Sterilisation Service
Preop Renal Wnd Cr,preop renal wnd cr,34,Preoperative Renal Wound Care,MATCHED,0.9850,Continuous Musculoskeletal Wound Care,0.2756,text_margin,0,Preoperative Renal Wound Care
Preoperative - Ger Vent Support /NG-6364,preoperative ger vent support,21,Preoperative Geriatric Ventilation Support,MATCHED,0.9825,Intensive Geriatric Nutritional Support,0.2784,text_margin,0,Preoperative Geriatric Ventilation Support
Preoperative - Immun Endoscopic Procedure,preoperative immun endoscopic procedure,49,Preoperative Immunologic Endoscopic Procedure,MATCHED,0.9875,Ambulatory Immunologic Endoscopic Procedure,0.5531,text_margin,0,Preoperative Immunologic Endoscopic Procedure|Ambulatory Immunologic Endoscopic Procedure
Preoperative - Ren Wnd Cr,preoperative ren wnd cr,27,Preoperative Renal Wound Care,MATCHED,0.9775,Continuous Musculoskeletal Wound Care,0.2756,text_margin,0,Preoperative Renal Wound Care
Preoperative Endocrine Physio Sess,preoperative endocrine physio sess,32,Preoperative Endocrine Physiotherapy Session,MATCHED,0.9900,Inpatient Endocrine Dialysis Session,0.2784,text_margin,0,Preoperative Endocrine Physiotherapy Session
Preoperative Ent Steril Svc,preoperative ent steril svc,13,Preoperative Otolaryngologic Sterilisation Service,MATCHED,0.9775,Supervised Otolaryngologic Sterilisation Service,0.5456,text_margin,0,Preoperative Otolaryngologic Sterilisation Service
Preoperative Onc Consultation,preoperative onc consultation,13,Preoperative Oncology Consultation,MATCHED,0.9933,Preoperative Otolaryngologic Sterilisation Service,0.4029,text_margin,0,Preoperative Oncology Consultation
Preoperative Otolaryngologic Steril Service,preoperative otolaryngologic steril service,17,Preoperative Otolaryngologic Sterilisation Service,MATCHED,0.9875,Supervised Otolaryngologic Sterilisation Service,0.5531,text_margin,0,Preoperative Otolaryngologic Sterilisation Service|Supervised Otolaryngologic Sterilisation Service
Proc - Amb Immun Endoscopic /NG-3634,proc amb immun endoscopic,18,Ambulatory Immunologic Endoscopic Procedure,MATCHED,0.9775,Preoperative Immunologic Endoscopic Procedure,0.5494,text_margin,0,Ambulatory Immunologic Endoscopic Procedure
Proc Preoperative Immunologic Endoscopic /NG-1751,proc preoperative immunologic endoscopic,48,Preoperative Immunologic Endoscopic Procedure,MATCHED,0.9950,Ambulatory Immunologic Endoscopic Procedure,0.5587,text_margin,0,Preoperative Immunologic Endoscopic Procedure|Ambulatory Immunologic Endoscopic Procedure
Proc Std Psychiatric Endosc /NG-2345,proc std psychiatric endosc,38,Standard Psychiatric Endoscopic Procedure,MATCHED,0.9850,Standard Endocrine Endoscopic Procedure,0.5513,text_margin,0,Standard Psychiatric Endoscopic Procedure|Standard Endocrine Endoscopic Procedure
Procedure Amb Immunologic Endoscopic,procedure amb immunologic endoscopic,17,Ambulatory Immunologic Endoscopic Procedure,MATCHED,0.9950,Preoperative Immunologic Endoscopic Procedure,0.5625,text_margin,0,Ambulatory Immunologic Endoscopic Procedure|Preoperative Immunologic Endoscopic Procedure
Procedure Immun Endosc,procedure immun endosc,53,,AMBIGUOUS,0.8371,Preoperative Immunologic Endoscopic Procedure,0.8371,tied_candidates,0,Ambulatory Immunologic Endoscopic Procedure|Preoperative Immunologic Endoscopic Procedure
Procedure Routine Urol Biopsy,procedure routine urol biopsy,15,Routine Urologic Biopsy Procedure,MATCHED,0.9875,Bedside Pulmonary Biopsy Procedure,0.2812,text_margin,0,Routine Urologic Biopsy Procedure
Procedure Routine Urologic Biop /NG-3022,procedure routine urologic biop,13,Routine Urologic Biopsy Procedure,MATCHED,0.9950,Bedside Pulmonary Biopsy Procedure,0.2784,text_margin,0,Routine Urologic Biopsy Procedure
Procedure Standard Endocrine Endosc,procedure standard endocrine endosc,24,Standard Endocrine Endoscopic Procedure,MATCHED,0.9950,Standard Psychiatric Endoscopic Procedure,0.5587,text_margin,0,Standard Endocrine Endoscopic Procedure|Standard Psychiatric Endoscopic Procedure
Prog Comprehensive Otolaryngologic Rehab,prog comprehensive otolaryngologic rehab,24,Comprehensive Otolaryngologic Rehabilitation Programme,MATCHED,0.9900,Comprehensive Otolaryngologic Theatre Time,0.2812,text_margin,0,Comprehensive Otolaryngologic Rehabilitation Programme
Prog Emergency Ortho Rehabilitation /NG-5611,prog emergency ortho rehabilitation,25,Emergency Orthopaedic Rehabilitation Programme,MATCHED,0.9900,Emergency Orthopaedic Consultation,0.3182,text_margin,0,Emergency Orthopaedic Rehabilitation Programme
Programme  Rtn Psych Rehab /NG-3241,programme rtn psych rehab,27,Routine Psychiatric Rehabilitation Programme,MATCHED,0.9850,Continuous Psychiatric Rehabilitation Programme,0.5550,text_margin,0,Routine Psychiatric Rehabilitation Programme|Continuous Psychiatric Rehabilitation Programme
Programme Continuous Obst Rehab,programme continuous obst rehab,11,Continuous Obstetric Rehabilitation Programme,MATCHED,0.9825,Continuous Psychiatric Rehabilitation Programme,0.5587,text_margin,0,Continuous Obstetric Rehabilitation Programme|Continuous Psychiatric Rehabilitation Programme
Programme Extended Vascular Rehab,programme extended vascular rehab,27,Extended Vascular Rehabilitation Programme,MATCHED,0.9950,Comprehensive Otolaryngologic Rehabilitation Programme,0.2784,text_margin,0,Extended Vascular Rehabilitation Programme
Programme Interm Pulmonary Rehab,programme interm pulmonary rehab,64,Intermittent Pulmonary Rehabilitation Programme,MATCHED,0.9900,Comprehensive Otolaryngologic Rehabilitation Programme,0.2784,text_margin,0,Intermittent Pulmonary Rehabilitation Programme
Psych Dial Sess Amb,psych dial sess amb,20,Ambulatory Psychiatric Dialysis Session,MATCHED,0.9725,Ambulatory Ophthalmic Dialysis Session,0.5456,text_margin,0,Ambulatory Psychiatric Dialysis Session
Psych Dial Sess Beds,psych dial sess beds,24,Bedside Psychiatric Dialysis Session,MATCHED,0.9650,Ambulatory Psychiatric Dialysis Session,0.5456,text_margin,0,Bedside Psychiatric Dialysis Session
Psych Rehab Prog Cont,psych rehab prog cont,6,Continuous Psychiatric Rehabilitation Programme,MATCHED,0.9800,Continuous Obstetric Rehabilitation Programme,0.5513,text_margin,0,Continuous Psychiatric Rehabilitation Programme|Continuous Obstetric Rehabilitation Programme|Routine Psychiatric Rehabilitation Programme
Psych Rehab Prog Rtn,psych rehab prog rtn,28,Routine Psychiatric Rehabilitation Programme,MATCHED,0.9800,Continuous Psychiatric Rehabilitation Programme,0.5513,text_margin,0,Routine Psychiatric Rehabilitation Programme|Continuous Psychiatric Rehabilitation Programme
Psych Rehab Programme,psych rehab programme,21,Routine Psychiatric Rehabilitation Programme,MATCHED,0.8457,Routine Psychiatric Rehabilitation Programme,0.8457,unit_basis_tiebreak,1,Continuous Psychiatric Rehabilitation Programme|Routine Psychiatric Rehabilitation Programme
Psychiatric Rehab Programme /NG-8199,psychiatric rehab programme,13,Continuous Psychiatric Rehabilitation Programme,MATCHED,0.8514,Routine Psychiatric Rehabilitation Programme,0.8514,unit_basis_tiebreak,1,Continuous Psychiatric Rehabilitation Programme|Routine Psychiatric Rehabilitation Programme
Pulm Wnd Cr Cont,pulm wnd cr cont,18,Continuous Pulmonary Wound Care,MATCHED,0.9800,Continuous Musculoskeletal Wound Care,0.5513,text_margin,0,Continuous Pulmonary Wound Care|Continuous Musculoskeletal Wound Care|Postoperative Pulmonary Wound Care
Pulm Wnd Cr Postop,pulm wnd cr postop,22,Postoperative Pulmonary Wound Care,MATCHED,0.9800,Continuous Pulmonary Wound Care,0.5513,text_margin,0,Postoperative Pulmonary Wound Care|Continuous Pulmonary Wound Care
Pulmonary - Biopsy Proc,pulmonary biopsy proc,14,Bedside Pulmonary Biopsy Procedure,MATCHED,0.8514,Routine Urologic Biopsy Procedure,0.4243,text_margin,0,Bedside Pulmonary Biopsy Procedure
Ren Radiother Fract Emer,ren radiother fract emer,18,Emergency Renal Radiotherapy Fraction,MATCHED,0.9575,Inpatient Renal Radiotherapy Fraction,0.5400,text_margin,0,Emergency Renal Radiotherapy Fraction
Ren Radiother Fract Inpt,ren radiother fract inpt,19,Inpatient Renal Radiotherapy Fraction,MATCHED,0.9650,Inpatient Ophthalmic Radiotherapy Fraction,0.5456,text_margin,0,Inpatient Renal Radiotherapy Fraction
Ren Radiotherapy Fract,ren radiotherapy fract,21,Emergency Renal Radiotherapy Fraction,MATCHED,0.8286,Inpatient Renal Radiotherapy Fraction,0.8286,unit_basis_tiebreak,1,Emergency Renal Radiotherapy Fraction|Inpatient Renal Radiotherapy Fraction
Routine  Biop Procedure,routine biop procedure,12,Routine Urologic Biopsy Procedure,MATCHED,0.8514,Bedside Pulmonary Biopsy Procedure,0.4243,text_margin,0,Routine Urologic Biopsy Procedure
Routine - Gastrointestinal Transfusion Svc,routine gastrointestinal transfusion svc,17,Routine Gastrointestinal Transfusion Service,MATCHED,0.9950,Routine Dermatologic Transfusion Service,0.5587,text_margin,0,Routine Gastrointestinal Transfusion Service|Routine Dermatologic Transfusion Service
Routine - Onc Discharge Plng,routine onc discharge plng,35,Routine Oncology Discharge Planning,MATCHED,0.9650,Assisted Infectious Discharge Planning,0.2644,text_margin,0,Routine Oncology Discharge Planning
Routine - Oncology Disch,routine oncology disch,24,Routine Oncology Discharge Planning,MATCHED,0.8429,Preoperative Oncology Consultation,0.1875,text_margin,0,Routine Oncology Discharge Planning
Routine Card Specimen Analysis,routine card specimen analysis,47,Routine Cardiac Specimen Analysis,MATCHED,0.9950,Inpatient Palliative Specimen Analysis,0.2812,text_margin,0,Routine Cardiac Specimen Analysis
Routine Pall Critical Care Occupancy /NG-1990,routine pall critical care occupancy,14,Routine Palliative Critical Care Occupancy,MATCHED,0.9900,Routine Infectious Critical Care Occupancy,0.6000,text_margin,0,Routine Palliative Critical Care Occupancy|Routine Infectious Critical Care Occupancy
Rtn  - Derm Transf Svc,rtn derm transf svc,10,Routine Dermatologic Transfusion Service,MATCHED,0.9725,Intermittent Dermatologic Transfusion Service,0.5456,text_margin,0,Routine Dermatologic Transfusion Service
Rtn - Onc Discharge Plng,rtn onc discharge plng,26,Routine Oncology Discharge Planning,MATCHED,0.9600,Assisted Infectious Discharge Planning,0.2644,text_margin,0,Routine Oncology Discharge Planning
Rtn - Psychiatric Rehabilitation Prog,rtn psychiatric rehabilitation prog,24,Routine Psychiatric Rehabilitation Programme,MATCHED,0.9900,Continuous Psychiatric Rehabilitation Programme,0.5587,text_margin,0,Routine Psychiatric Rehabilitation Programme|Continuous Psychiatric Rehabilitation Programme
Rtn - Transf Svc,rtn transf svc,21,Routine Gastrointestinal Transfusion Service,MATCHED,0.8314,Routine Gastrointestinal Transfusion Service,0.8314,unit_basis_tiebreak,1,Routine Dermatologic Transfusion Service|Routine Gastrointestinal Transfusion Service
Rtn - Urol Biop Procedure,rtn urol biop procedure,20,Routine Urologic Biopsy Procedure,MATCHED,0.9775,Bedside Pulmonary Biopsy Procedure,0.2784,text_margin,0,Routine Urologic Biopsy Procedure
Rtn Biop Proc /NG-7762,rtn biop proc,19,Routine Urologic Biopsy Procedure,MATCHED,0.8400,Bedside Pulmonary Biopsy Procedure,0.4200,text_margin,0,Routine Urologic Biopsy Procedure
Rtn Cardiac Spcm Anly /NG-6683,rtn cardiac spcm anly,53,Routine Cardiac Specimen Analysis,MATCHED,0.9850,Inpatient Palliative Specimen Analysis,0.2756,text_margin,0,Routine Cardiac Specimen Analysis
Rtn Cardiac Specimen,rtn cardiac specimen,41,Routine Cardiac Specimen Analysis,MATCHED,0.8514,Ambulatory Cardiac Home Visit,0.1607,text_margin,0,Routine Cardiac Specimen Analysis
Rtn Derm Transfusion Service,rtn derm transfusion service,15,Routine Dermatologic Transfusion Service,MATCHED,0.9900,Intermittent Dermatologic Transfusion Service,0.5587,text_margin,0,Routine Dermatologic Transfusion Service|Intermittent Dermatologic Transfusion Service|Routine Gastrointestinal Transfusion Service
Rtn Derm Transfusion Service /NG-2088,rtn derm transfusion service,10,Routine Dermatologic Transfusion Service,MATCHED,0.9900,Intermittent Dermatologic Transfusion Service,0.5587,text_margin,0,Routine Dermatologic Transfusion Service|Intermittent Dermatologic Transfusion Service|Routine Gastrointestinal Transfusion Service
Rtn Dermatologic Transfusion Svc,rtn dermatologic transfusion svc,16,Routine Dermatologic Transfusion Service,MATCHED,0.9900,Intermittent Dermatologic Transfusion Service,0.5587,text_margin,0,Routine Dermatologic Transfusion Service|Intermittent Dermatologic Transfusion Service|Routine Gastrointestinal Transfusion Service
Rtn Gi Svc /NG-4995,rtn gi svc,24,Routine Gastrointestinal Transfusion Service,MATCHED,0.8400,Routine Dermatologic Transfusion Service,0.4200,text_margin,0,Routine Gastrointestinal Transfusion Service
Rtn Haem Inf Therapy,rtn haem inf therapy,27,Routine Haematology Infusion Therapy,MATCHED,0.9775,Assisted Gastrointestinal Infusion Therapy,0.2742,text_margin,0,Routine Haematology Infusion Therapy
Rtn Immun Ward Bed Occupancy,rtn immun ward bed occupancy,22,Routine Immunologic Ward Bed Occupancy,MATCHED,0.9860,Ambulatory Immunologic Ward Bed Occupancy,0.5925,text_margin,0,Routine Immunologic Ward Bed Occupancy|Ambulatory Immunologic Ward Bed Occupancy
Rtn Immunologic Ward Bd Occ,rtn immunologic ward bd occ,23,Routine Immunologic Ward Bed Occupancy,MATCHED,0.9504,Ambulatory Immunologic Ward Bed Occupancy,0.5658,text_margin,0,Routine Immunologic Ward Bed Occupancy|Ambulatory Immunologic Ward Bed Occupancy
Rtn Immunologic Wd Bed Occupancy,rtn immunologic wd bed occupancy,25,Routine Immunologic Ward Bed Occupancy,MATCHED,0.9544,Ambulatory Immunologic Ward Bed Occupancy,0.5688,text_margin,0,Routine Immunologic Ward Bed Occupancy|Ambulatory Immunologic Ward Bed Occupancy
Rtn Infect Crit Cr Occupancy,rtn infect crit cr occupancy,23,Routine Infectious Critical Care Occupancy,MATCHED,0.9780,Advanced Infectious Critical Care Occupancy,0.5865,text_margin,0,Routine Infectious Critical Care Occupancy|Advanced Infectious Critical Care Occupancy|Routine Palliative Critical Care Occupancy
Rtn Infect Critical Care Occ,rtn infect critical care occ,15,Routine Infectious Critical Care Occupancy,MATCHED,0.9880,Advanced Infectious Critical Care Occupancy,0.5940,text_margin,0,Routine Infectious Critical Care Occupancy|Advanced Infectious Critical Care Occupancy|Routine Palliative Critical Care Occupancy
Rtn Pall Crit Cr Occupancy,rtn pall crit cr occupancy,18,Routine Palliative Critical Care Occupancy,MATCHED,0.9720,Routine Infectious Critical Care Occupancy,0.5865,text_margin,0,Routine Palliative Critical Care Occupancy|Routine Infectious Critical Care Occupancy
Rtn Palliative Critical Cr Occ,rtn palliative critical cr occ,33,Routine Palliative Critical Care Occupancy,MATCHED,0.9880,Routine Infectious Critical Care Occupancy,0.5910,text_margin,0,Routine Palliative Critical Care Occupancy|Routine Infectious Critical Care Occupancy
Rtn Palliative Critical Cr Occupancy,rtn palliative critical cr occupancy,23,Routine Palliative Critical Care Occupancy,MATCHED,0.9920,Routine Infectious Critical Care Occupancy,0.5940,text_margin,0,Routine Palliative Critical Care Occupancy|Routine Infectious Critical Care Occupancy
Service - Foc Ortho Transp,service foc ortho transp,22,Focused Orthopaedic Transport Service,MATCHED,0.9700,Comprehensive Urologic Transport Service,0.2742,text_margin,0,Focused Orthopaedic Transport Service
Sess Amb Psych Dial,sess amb psych dial,14,Ambulatory Psychiatric Dialysis Session,MATCHED,0.9725,Ambulatory Ophthalmic Dialysis Session,0.5456,text_margin,0,Ambulatory Psychiatric Dialysis Session
Sess Ambulatory Ophth Dialysis,sess ambulatory ophth dialysis,20,Ambulatory Ophthalmic Dialysis Session,MATCHED,0.9900,Ambulatory Psychiatric Dialysis Session,0.5587,text_margin,0,Ambulatory Ophthalmic Dialysis Session|Ambulatory Psychiatric Dialysis Session
Sess Ambulatory Psych Dialysis /NG-7178,sess ambulatory psych dialysis,16,Ambulatory Psychiatric Dialysis Session,MATCHED,0.9900,Ambulatory Ophthalmic Dialysis Session,0.5587,text_margin,0,Ambulatory Psychiatric Dialysis Session|Ambulatory Ophthalmic Dialysis Session|Bedside Psychiatric Dialysis Session
Sess Inpatient Endo Dialysis,sess inpatient endo dialysis,20,Inpatient Endocrine Dialysis Session,MATCHED,0.9900,Standard Endocrine Dialysis Session,0.5550,text_margin,0,Inpatient Endocrine Dialysis Session|Standard Endocrine Dialysis Session
Sess Standard Endo Dialysis,sess standard endo dialysis,12,Standard Endocrine Dialysis Session,MATCHED,0.9900,Standard Pulmonary Dialysis Session,0.5587,text_margin,0,Standard Endocrine Dialysis Session|Standard Pulmonary Dialysis Session|Inpatient Endocrine Dialysis Session
Session  Interm Hep Dial,session interm hep dial,1,,UNKNOWN,0.2742,Ambulatory Psychiatric Dialysis Session,0.2742,below_match_threshold,0,
Session - Std Pulmonary Dial,session std pulmonary dial,21,Standard Pulmonary Dialysis Session,MATCHED,0.9825,Standard Endocrine Dialysis Session,0.5494,text_margin,0,Standard Pulmonary Dialysis Session
Session Beds Psychiatric Dialysis,session beds psychiatric dialysis,17,Bedside Psychiatric Dialysis Session,MATCHED,0.9875,Ambulatory Psychiatric Dialysis Session,0.5625,text_margin,0,Bedside Psychiatric Dialysis Session|Ambulatory Psychiatric Dialysis Session
Session Inpatient Endo Dial,session inpatient endo dial,9,Inpatient Endocrine Dialysis Session,MATCHED,0.9825,Standard Endocrine Dialysis Session,0.5494,text_margin,0,Inpatient Endocrine Dialysis Session
Session Inpt Endo Dial,session inpt endo dial,17,Inpatient Endocrine Dialysis Session,MATCHED,0.9775,Standard Endocrine Dialysis Session,0.5494,text_margin,0,Inpatient Endocrine Dialysis Session
Session Specialist Hep Physiotherapy,session specialist hep physiotherapy,27,Specialist Hepatic Physiotherapy Session,MATCHED,0.9875,Inpatient Hepatic Physiotherapy Session,0.5531,text_margin,0,Specialist Hepatic Physiotherapy Session|Inpatient Hepatic Physiotherapy Session
Session Std Endocrine Dialysis,session std endocrine dialysis,12,Standard Endocrine Dialysis Session,MATCHED,0.9950,Inpatient Endocrine Dialysis Session,0.5625,text_margin,0,Standard Endocrine Dialysis Session|Inpatient Endocrine Dialysis Session|Standard Pulmonary Dialysis Session
Session Std Pulmonary Dialysis,session std pulmonary dialysis,20,Standard Pulmonary Dialysis Session,MATCHED,0.9950,Standard Endocrine Dialysis Session,0.5587,text_margin,0,Standard Pulmonary Dialysis Session|Standard Endocrine Dialysis Session
Spclst  Derm Transp Svc /NG-4716,spclst derm transp svc,39,Specialist Dermatologic Transport Service,MATCHED,0.9475,Intermittent Dermatologic Transfusion Service,0.2756,text_margin,0,Specialist Dermatologic Transport Service
Spclst - Ent Pharmaceutical Dispensing /NG-9066,spclst ent pharmaceutical dispensing,17,Specialist Otolaryngologic Pharmaceutical Dispensing,MATCHED,0.9650,Continuous Vascular Pharmaceutical Dispensing,0.2812,text_margin,0,Specialist Otolaryngologic Pharmaceutical Dispensing
Spclst - Ent Thtr Tm /NG-7710,spclst ent thtr tm,23,Specialist Otolaryngologic Theatre Time,MATCHED,0.8830,Comprehensive Otolaryngologic Theatre Time,0.4973,text_margin,0,Specialist Otolaryngologic Theatre Time
Spclst Derm Transport Service,spclst derm transport service,34,Specialist Dermatologic Transport Service,MATCHED,0.9650,Comprehensive Urologic Transport Service,0.2812,text_margin,0,Specialist Dermatologic Transport Service
Spclst Ent Theatre Tm,spclst ent theatre tm,31,Specialist Otolaryngologic Theatre Time,MATCHED,0.9130,Comprehensive Otolaryngologic Theatre Time,0.5198,text_margin,0,Specialist Otolaryngologic Theatre Time
Spclst Ent Thtr Time,spclst ent thtr time,31,Specialist Otolaryngologic Theatre Time,MATCHED,0.9350,Comprehensive Otolaryngologic Theatre Time,0.5363,text_margin,0,Specialist Otolaryngologic Theatre Time
Spclst Hep Physio Session,spclst hep physio session,18,Specialist Hepatic Physiotherapy Session,MATCHED,0.9525,Inpatient Hepatic Physiotherapy Session,0.5494,text_margin,0,Specialist Hepatic Physiotherapy Session
Spclst Hepatic Physiotherapy Sess,spclst hepatic physiotherapy sess,25,Specialist Hepatic Physiotherapy Session,MATCHED,0.9650,Inpatient Hepatic Physiotherapy Session,0.5587,text_margin,0,Specialist Hepatic Physiotherapy Session|Inpatient Hepatic Physiotherapy Session
Spclst Otolaryngologic Pharm Disp,spclst otolaryngologic pharm disp,21,Specialist Otolaryngologic Pharmaceutical Dispensing,MATCHED,0.9525,Continuous Vascular Pharmaceutical Dispensing,0.2714,text_margin,0,Specialist Otolaryngologic Pharmaceutical Dispensing
Spclst Otolaryngologic Thtr Tm,spclst otolaryngologic thtr tm,16,Specialist Otolaryngologic Theatre Time,MATCHED,0.8880,Comprehensive Otolaryngologic Theatre Time,0.5010,text_margin,0,Specialist Otolaryngologic Theatre Time
Specialist  Neurological Recovery Rm Occ,specialist neurological recovery rm occ,18,Specialist Neurological Recovery Room Occupancy,MATCHED,0.9920,Advanced Cardiac Recovery Room Occupancy,0.3330,text_margin,0,Specialist Neurological Recovery Room Occupancy
Specialist - Neuro Recov Rm Occ,specialist neuro recov rm occ,26,Specialist Neurological Recovery Room Occupancy,MATCHED,0.9840,Advanced Cardiac Recovery Room Occupancy,0.3307,text_margin,0,Specialist Neurological Recovery Room Occupancy
Specialist - Otolaryngologic Pharm Disp /NG-4235,specialist otolaryngologic pharm disp,20,Specialist Otolaryngologic Pharmaceutical Dispensing,MATCHED,0.9825,Specialist Otolaryngologic Theatre Time,0.2812,text_margin,0,Specialist Otolaryngologic Pharmaceutical Dispensing
Specialist Derm Transp,specialist derm transp,26,Specialist Dermatologic Transport Service,MATCHED,0.8371,Specialist Hepatic Physiotherapy Session,0.1607,text_margin,0,Specialist Dermatologic Transport Service
Specialist Ent Pharmaceutical Dispensing,specialist ent pharmaceutical dispensing,18,Specialist Otolaryngologic Pharmaceutical Dispensing,MATCHED,0.9950,Continuous Vascular Pharmaceutical Dispensing,0.2812,text_margin,0,Specialist Otolaryngologic Pharmaceutical Dispensing
Specialist Neuro Recovery Room Occ,specialist neuro recovery room occ,17,Specialist Neurological Recovery Room Occupancy,MATCHED,0.9920,Advanced Cardiac Recovery Room Occupancy,0.3352,text_margin,0,Specialist Neurological Recovery Room Occupancy
Specialist Neurological Recovery Rm /NG-7294,specialist neurological recovery rm,9,Specialist Neurological Recovery Room Occupancy,MATCHED,0.8844,Advanced Cardiac Recovery Room Occupancy,0.2475,text_margin,0,Specialist Neurological Recovery Room Occupancy
Specialist Paed Biop Proc,specialist paed biop proc,26,Specialist Paediatric Biopsy Procedure,MATCHED,0.9775,Standard Paediatric Biopsy Procedure,0.5456,text_margin,0,Specialist Paediatric Biopsy Procedure
Specialist Paediatric Biop Proc /NG-5601,specialist paediatric biop proc,26,Specialist Paediatric Biopsy Procedure,MATCHED,0.9900,Standard Paediatric Biopsy Procedure,0.5550,text_margin,0,Specialist Paediatric Biopsy Procedure|Standard Paediatric Biopsy Procedure
Specialist Paediatric Biop Procedure /NG-2447,specialist paediatric biop procedure,32,Specialist Paediatric Biopsy Procedure,MATCHED,0.9950,Standard Paediatric Biopsy Procedure,0.5587,text_margin,0,Specialist Paediatric Biopsy Procedure|Standard Paediatric Biopsy Procedure
Standard Endo Dial Sess,standard endo dial sess,17,Standard Endocrine Dialysis Session,MATCHED,0.9775,Standard Pulmonary Dialysis Session,0.5494,text_margin,0,Standard Endocrine Dialysis Session
Standard Ent Radiotherapy Fract,standard ent radiotherapy fract,47,Standard Otolaryngologic Radiotherapy Fraction,MATCHED,0.9825,Emergency Renal Radiotherapy Fraction,0.2742,text_margin,0,Standard Otolaryngologic Radiotherapy Fraction
Standard Ger Nutr Support /NG-7257,standard ger nutr support,23,Standard Geriatric Nutritional Support,MATCHED,0.9900,Intensive Geriatric Nutritional Support,0.5550,text_margin,0,Standard Geriatric Nutritional Support|Intensive Geriatric Nutritional Support
Standard Paed Biop Proc /NG-2120,standard paed biop proc,20,Standard Paediatric Biopsy Procedure,MATCHED,0.9775,Specialist Paediatric Biopsy Procedure,0.5456,text_margin,0,Standard Paediatric Biopsy Procedure
Standard Paed Biopsy Procedure,standard paed biopsy procedure,21,Standard Paediatric Biopsy Procedure,MATCHED,0.9875,Specialist Paediatric Biopsy Procedure,0.5531,text_margin,0,Standard Paediatric Biopsy Procedure|Specialist Paediatric Biopsy Procedure
Standard Pulm Dial Sess,standard pulm dial sess,20,Standard Pulmonary Dialysis Session,MATCHED,0.9775,Standard Endocrine Dialysis Session,0.5494,text_margin,0,Standard Pulmonary Dialysis Session
Std - Biop Proc,std biop proc,14,Standard Paediatric Biopsy Procedure,MATCHED,0.8400,Bedside Pulmonary Biopsy Procedure,0.4200,text_margin,0,Standard Paediatric Biopsy Procedure
Std Endo Dial Session /NG-7220,std endo dial session,17,Standard Endocrine Dialysis Session,MATCHED,0.9775,Inpatient Endocrine Dialysis Session,0.5494,text_margin,0,Standard Endocrine Dialysis Session
Std Endo Endoscopic Procedure,std endo endoscopic procedure,24,Standard Endocrine Endoscopic Procedure,MATCHED,0.9900,Standard Psychiatric Endoscopic Procedure,0.5587,text_margin,0,Standard Endocrine Endoscopic Procedure|Standard Psychiatric Endoscopic Procedure
Std Endocrine Dialysis Sess /NG-9032,std endocrine dialysis sess,19,Standard Endocrine Dialysis Session,MATCHED,0.9900,Inpatient Endocrine Dialysis Session,0.5587,text_margin,0,Standard Endocrine Dialysis Session|Inpatient Endocrine Dialysis Session|Standard Pulmonary Dialysis Session
Std Endocrine Endosc Proc,std endocrine endosc proc,20,Standard Endocrine Endoscopic Procedure,MATCHED,0.9850,Standard Psychiatric Endoscopic Procedure,0.5513,text_margin,0,Standard Endocrine Endoscopic Procedure|Standard Psychiatric Endoscopic Procedure
Std Endocrine Endosc Procedure /NG-7684,std endocrine endosc procedure,20,Standard Endocrine Endoscopic Procedure,MATCHED,0.9900,Standard Psychiatric Endoscopic Procedure,0.5550,text_margin,0,Standard Endocrine Endoscopic Procedure|Standard Psychiatric Endoscopic Procedure
Std Geriatric Nutritional Supp,std geriatric nutritional supp,20,Standard Geriatric Nutritional Support,MATCHED,0.9825,Intensive Geriatric Nutritional Support,0.5531,text_margin,0,Standard Geriatric Nutritional Support|Intensive Geriatric Nutritional Support
Std Geriatric Nutritional Support,std geriatric nutritional support,20,Standard Geriatric Nutritional Support,MATCHED,0.9950,Intensive Geriatric Nutritional Support,0.5625,text_margin,0,Standard Geriatric Nutritional Support|Intensive Geriatric Nutritional Support
Std Nutritional Supp,std nutritional supp,23,Standard Geriatric Nutritional Support,MATCHED,0.8371,Elective Cardiac Nutritional Support,0.4179,text_margin,0,Standard Geriatric Nutritional Support
Std Paediatric Proc,std paediatric proc,21,Standard Paediatric Biopsy Procedure,MATCHED,0.8457,Specialist Paediatric Biopsy Procedure,0.4243,text_margin,0,Standard Paediatric Biopsy Procedure
Std Psychiatric Endosc Procedure /NG-5963,std psychiatric endosc procedure,37,Standard Psychiatric Endoscopic Procedure,MATCHED,0.9900,Standard Endocrine Endoscopic Procedure,0.5550,text_margin,0,Standard Psychiatric Endoscopic Procedure|Standard Endocrine Endoscopic Procedure
Std Psychiatric Endoscopic Procedure /NG-6086,std psychiatric endoscopic procedure,29,Standard Psychiatric Endoscopic Procedure,MATCHED,0.9950,Standard Endocrine Endoscopic Procedure,0.5587,text_margin,0,Standard Psychiatric Endoscopic Procedure|Standard Endocrine Endoscopic Procedure
Std Pulmonary Dial Sess,std pulmonary dial sess,30,Standard Pulmonary Dialysis Session,MATCHED,0.9775,Standard Endocrine Dialysis Session,0.5456,text_margin,0,Standard Pulmonary Dialysis Session
Supervised  Ren Isol Room Occ,supervised ren isol room occ,19,Supervised Renal Isolation Room Occupancy,MATCHED,0.9760,Extended Metabolic Isolation Room Occupancy,0.3296,text_margin,0,Supervised Renal Isolation Room Occupancy
Supervised - Ent Steril Svc /NG-7318,supervised ent steril svc,19,Supervised Otolaryngologic Sterilisation Service,MATCHED,0.9775,Preoperative Otolaryngologic Sterilisation Service,0.5456,text_margin,0,Supervised Otolaryngologic Sterilisation Service
Supervised - Ren Isolation Room Occupancy,supervised ren isolation room occupancy,17,Supervised Renal Isolation Room Occupancy,MATCHED,0.9900,Extended Metabolic Isolation Room Occupancy,0.3375,text_margin,0,Supervised Renal Isolation Room Occupancy
Supervised Ent Steril Service,supervised ent steril service,20,Supervised Otolaryngologic Sterilisation Service,MATCHED,0.9825,Preoperative Otolaryngologic Sterilisation Service,0.5494,text_margin,0,Supervised Otolaryngologic Sterilisation Service
Supervised Msk Dial Session,supervised msk dial session,29,Supervised Musculoskeletal Dialysis Session,MATCHED,0.9825,Ambulatory Ophthalmic Dialysis Session,0.2742,text_margin,0,Supervised Musculoskeletal Dialysis Session
Supervised Msk Dialysis Sess,supervised msk dialysis sess,28,Supervised Musculoskeletal Dialysis Session,MATCHED,0.9900,Ambulatory Ophthalmic Dialysis Session,0.2784,text_margin,0,Supervised Musculoskeletal Dialysis Session
Supervised Musculoskeletal Dialysis Sess /NG-6660,supervised musculoskeletal dialysis sess,20,Supervised Musculoskeletal Dialysis Session,MATCHED,0.9950,Ambulatory Ophthalmic Dialysis Session,0.2784,text_margin,0,Supervised Musculoskeletal Dialysis Session
Supp Geriatric Vent /NG-9418,supp geriatric vent,23,Preoperative Geriatric Ventilation Support,MATCHED,0.8286,Intensive Geriatric Nutritional Support,0.4179,text_margin,0,Preoperative Geriatric Ventilation Support
Supp Interm Neuro Nutritional /NG-6247,supp interm neuro nutritional,23,Intermittent Neurological Nutritional Support,MATCHED,0.9775,Elective Cardiac Nutritional Support,0.2742,text_margin,0,Intermittent Neurological Nutritional Support
Supp Postoperative Ortho Nutritional,supp postoperative ortho nutritional,1,,UNKNOWN,0.2742,Elective Pulmonary Nutritional Support,0.2742,below_match_threshold,0,
Support Intens Geriatric Nutritional,support intens geriatric nutritional,14,Intensive Geriatric Nutritional Support,MATCHED,0.9950,Standard Geriatric Nutritional Support,0.5625,text_margin,0,Intensive Geriatric Nutritional Support|Standard Geriatric Nutritional Support
Support Interm Neurological Nutr,support interm neurological nutr,20,Intermittent Neurological Nutritional Support,MATCHED,0.9900,Elective Cardiac Nutritional Support,0.2784,text_margin,0,Intermittent Neurological Nutritional Support
Supv Ent Steril Svc,supv ent steril svc,20,Supervised Otolaryngologic Sterilisation Service,MATCHED,0.9725,Preoperative Otolaryngologic Sterilisation Service,0.5456,text_margin,0,Supervised Otolaryngologic Sterilisation Service
Supv Isol Rm Occupancy,supv isol rm occupancy,12,Supervised Renal Isolation Room Occupancy,MATCHED,0.8689,Extended Metabolic Isolation Room Occupancy,0.4883,text_margin,0,Supervised Renal Isolation Room Occupancy
Supv Ren Isol Rm Occupancy,supv ren isol rm occupancy,18,Supervised Renal Isolation Room Occupancy,MATCHED,0.9720,Extended Metabolic Isolation Room Occupancy,0.3296,text_margin,0,Supervised Renal Isolation Room Occupancy
Svc Extended Ren Transp,svc extended ren transp,34,Extended Renal Transport Service,MATCHED,0.9700,Comprehensive Urologic Transport Service,0.2714,text_margin,0,Extended Renal Transport Service
Svc Interm Transf,svc interm transf,15,Intermittent Dermatologic Transfusion Service,MATCHED,0.8314,Comprehensive Psychiatric Transfusion Service,0.4136,text_margin,0,Intermittent Dermatologic Transfusion Service
Svc Intermittent Derm Transf /NG-9194,svc intermittent derm transf,13,Intermittent Dermatologic Transfusion Service,MATCHED,0.9775,Routine Dermatologic Transfusion Service,0.5456,text_margin,0,Intermittent Dermatologic Transfusion Service
Svc Preop Ent Steril,svc preop ent steril,18,Preoperative Otolaryngologic Sterilisation Service,MATCHED,0.9725,Supervised Otolaryngologic Sterilisation Service,0.5456,text_margin,0,Preoperative Otolaryngologic Sterilisation Service
Svc Routine Derm Transf /NG-2484,svc routine derm transf,10,Routine Dermatologic Transfusion Service,MATCHED,0.9775,Routine Gastrointestinal Transfusion Service,0.5494,text_margin,0,Routine Dermatologic Transfusion Service
Svc Rtn Gi Transfusion,svc rtn gi transfusion,31,Routine Gastrointestinal Transfusion Service,MATCHED,0.9850,Routine Dermatologic Transfusion Service,0.5550,text_margin,0,Routine Gastrointestinal Transfusion Service|Routine Dermatologic Transfusion Service
Ther Assisted Ger Infusion,ther assisted ger infusion,38,Assisted Geriatric Infusion Therapy,MATCHED,0.9825,Assisted Gastrointestinal Infusion Therapy,0.5531,text_margin,0,Assisted Geriatric Infusion Therapy|Assisted Gastrointestinal Infusion Therapy
Ther Asst Gi Inf,ther asst gi inf,21,Assisted Gastrointestinal Infusion Therapy,MATCHED,0.9400,Assisted Geriatric Infusion Therapy,0.8930,unit_basis_tiebreak,1,Assisted Gastrointestinal Infusion Therapy|Assisted Geriatric Infusion Therapy
Therapy - Assisted Ger Infusion /NG-4561,therapy assisted ger infusion,24,Assisted Geriatric Infusion Therapy,MATCHED,0.9950,Assisted Gastrointestinal Infusion Therapy,0.5625,text_margin,0,Assisted Geriatric Infusion Therapy|Assisted Gastrointestinal Infusion Therapy
Therapy Asst Ger Inf,therapy asst ger inf,30,Assisted Geriatric Infusion Therapy,MATCHED,0.9525,Assisted Gastrointestinal Infusion Therapy,0.5306,text_margin,0,Assisted Geriatric Infusion Therapy
Therapy Asst Gi Inf,therapy asst gi inf,22,Assisted Gastrointestinal Infusion Therapy,MATCHED,0.9525,Assisted Geriatric Infusion Therapy,0.9055,unit_basis_tiebreak,1,Assisted Gastrointestinal Infusion Therapy|Assisted Geriatric Infusion Therapy
Therapy Rtn Haem Inf,therapy rtn haem inf,34,Routine Haematology Infusion Therapy,MATCHED,0.9775,Assisted Gastrointestinal Infusion Therapy,0.2742,text_margin,0,Routine Haematology Infusion Therapy
Therapy Rtn Haem Infusion /NG-2021,therapy rtn haem infusion,39,Routine Haematology Infusion Therapy,MATCHED,0.9900,Assisted Gastrointestinal Infusion Therapy,0.2812,text_margin,0,Routine Haematology Infusion Therapy
Time Asst Pulm Theatre,time asst pulm theatre,17,Assisted Pulmonary Theatre Time,MATCHED,0.9650,Comprehensive Otolaryngologic Theatre Time,0.2812,text_margin,0,Assisted Pulmonary Theatre Time
Vasc  Diagnostic Img,vasc diagnostic img,21,Preoperative Vascular Diagnostic Imaging,MATCHED,0.8171,Preoperative Vascular Diagnostic Imaging,0.8171,unit_basis_tiebreak,1,Inpatient Vascular Diagnostic Imaging|Preoperative Vascular Diagnostic Imaging
Vasc Diag Img Inpt,vasc diag img inpt,20,Inpatient Vascular Diagnostic Imaging,MATCHED,0.9475,Preoperative Vascular Diagnostic Imaging,0.5269,text_margin,0,Inpatient Vascular Diagnostic Imaging
Vasc Diag Img Preop,vasc diag img preop,10,Preoperative Vascular Diagnostic Imaging,MATCHED,0.9475,Inpatient Vascular Diagnostic Imaging,0.5269,text_margin,0,Preoperative Vascular Diagnostic Imaging
Visit - Assisted Urol Home /NG-4509,visit assisted urol home,32,Assisted Urologic Home Visit,MATCHED,0.9875,Ambulatory Cardiac Home Visit,0.2812,text_margin,0,Assisted Urologic Home Visit
Visit Amb Hm,visit amb hm,35,,AMBIGUOUS,0.8457,Ambulatory Infectious Home Visit,0.8457,tied_candidates,0,Ambulatory Cardiac Home Visit|Ambulatory Infectious Home Visit
Visit Cardiac Hm,visit cardiac hm,22,Ambulatory Cardiac Home Visit,MATCHED,0.8514,Ambulatory Infectious Home Visit,0.4243,text_margin,0,Ambulatory Cardiac Home Visit
