invoice_id,flagged,error_category,expected_total_cents,billed_total_cents,confidence,confidence_band,pricing_complete,correction_reconstructable,maximum_contractually_payable_total_cents,physical_occurrence_ids,uncertainty_reasons,provisional_expected_total_cents
INV-H2-000001,0,,,1562227,0.40,low,0,0,,INV-H2-000001#0,"H2-L00001-02: 'RTN PHYSIO SESS' is unresolved between Routine Geriatric Physiotherapy Session (semantic_verified) ; H2-L00001-03: 'PNL FOC LAB /SA-4377' is unresolved between Focused Ophthalmic Laboratory Panel (semantic_verified) ; H2-L00001-08: 'PNL FOC LAB /SA-4377' is unresolved between Focused Ophthalmic Laboratory Panel (semantic_verified) ; a provisional total of 1562227 was computed but is not contractually defensible, so no corrected total is submitted ; not flagged, but some lines could not be identified, so not every rule could be checked",1562227
INV-H2-000002,0,,3209350,3209350,0.85,high,1,1,3209350,INV-H2-000002#0,not flagged; every line identified from text and priced exactly,3209350
INV-H2-000003,0,,2215650,2215650,0.85,high,1,1,2215650,INV-H2-000003#0,not flagged; every line identified from text and priced exactly,2215650
INV-H2-000004,0,,,3434580,0.40,low,0,0,,INV-H2-000004#0,"H2-L00004-01: 'SESS CARD DIAL' is unresolved between Focused Cardiac Dialysis Session (semantic_verified) ; a provisional total of 3434580 was computed but is not contractually defensible, so no corrected total is submitted ; not flagged, but some lines could not be identified, so not every rule could be checked",3434580
INV-H2-000005,0,,,1887000,0.40,low,0,0,,INV-H2-000005#0,"H2-L00005-03: 'STD ISOL RM OCC' is unresolved between Standard Neurological Isolation Room Occupancy, Standard Orthopaedic Isolation Room Occupancy (unresolved) ; H2-L00005-04: bundle partner 'Standard Orthopaedic Isolation Room Occupancy' may have been delivered on 2024-01-05 (unresolved description that day) ; a provisional total of 1887000 was computed but is not contractually defensible, so no corrected total is submitted ; not flagged, but some lines could not be identified, so not every rule could be checked",1887000
INV-H2-000006,0,,,2905616,0.40,low,0,0,,INV-H2-000006#0,"H2-L00006-09: 'ASST DIAG IMG /SA-7926' is unresolved between Assisted Musculoskeletal Diagnostic Imaging (semantic_verified) ; a provisional total of 2905616 was computed but is not contractually defensible, so no corrected total is submitted ; not flagged, but some lines could not be identified, so not every rule could be checked",2905616
INV-H2-000007,1,wrong_unit_basis|malformed_service_date,,2120830,0.40,low,0,0,,INV-H2-000007#0,"H2-L00007-01: 'OBSERVATION  CARD NURSING' is unresolved between Elective Cardiac Nursing Observation (semantic_verified) ; H2-L00007-11: 'SVC EMER TRANSP' is unresolved between Emergency Haematology Transport Service (semantic_verified) ; a provisional total of 2120830 was computed but is not contractually defensible, so no corrected total is submitted ; a finding rests on reading free text, or the corrected total cannot be reconstructed",2120830
INV-H2-000008,0,,,1117300,0.40,low,0,0,,INV-H2-000008#0,"H2-L00008-02: 'ADV ENDOSCOPIC PROC /SA-6974' is unresolved between Advanced Gastrointestinal Endoscopic Procedure (semantic_verified) ; a provisional total of 1117300 was computed but is not contractually defensible, so no corrected total is submitted ; not flagged, but some lines could not be identified, so not every rule could be checked",1117300
INV-H2-000009,0,,,2109715,0.40,low,0,0,,INV-H2-000009#0,"H2-L00009-06: 'OCC INTENS WD BD' is unresolved between Intensive Palliative Ward Bed Occupancy (semantic_verified) ; a provisional total of 2109715 was computed but is not contractually defensible, so no corrected total is submitted ; not flagged, but some lines could not be identified, so not every rule could be checked",2109715
INV-H2-000010,0,,,5027175,0.40,low,0,0,,INV-H2-000010#0,"H2-L00010-16: 'ADV ENDOSCOPIC PROC /SA-6974' is unresolved between Advanced Gastrointestinal Endoscopic Procedure (semantic_verified) ; a provisional total of 5027175 was computed but is not contractually defensible, so no corrected total is submitted ; not flagged, but some lines could not be identified, so not every rule could be checked",5027175
INV-H2-000011,0,,,2230050,0.40,low,0,0,,INV-H2-000011#0,"H2-L00011-03: 'PALL RECOV ROOM OCC' is unresolved between Focused Palliative Recovery Room Occupancy (semantic_verified) ; H2-L00011-15: 'EMER  TRANSP SERVICE /SA-9292' is unresolved between Emergency Haematology Transport Service (semantic_verified) ; a provisional total of 2230050 was computed but is not contractually defensible, so no corrected total is submitted ; not flagged, but some lines could not be identified, so not every rule could be checked",2230050
INV-H2-000012,0,,,1365950,0.40,low,0,0,,INV-H2-000012#0,"H2-L00012-05: 'VASC IMAGING INTERP' is unresolved between Preoperative Vascular Imaging Interpretation (unresolved) ; a provisional total of 1365950 was computed but is not contractually defensible, so no corrected total is submitted ; not flagged, but some lines could not be identified, so not every rule could be checked",1365950
INV-H2-000013,1,premium_omitted|service_date_after_invoice_date,,2748025,0.40,low,0,0,,INV-H2-000013#0,"H2-L00013-08: 'ADV ENDOSCOPIC PROC /SA-6974' is unresolved between Advanced Gastrointestinal Endoscopic Procedure (semantic_verified) ; H2-L00013-12: 'VASC TRANSP SVC' is unresolved between Postoperative Vascular Transport Service (semantic_verified) ; a provisional total of 2810485 was computed but is not contractually defensible, so no corrected total is submitted ; a finding rests on reading free text, or the corrected total cannot be reconstructed",2810485
INV-H2-000014,0,,,2026480,0.40,low,0,0,,INV-H2-000014#0,"H2-L00014-03: 'EMER  TRANSP SVC /SA-1419' is unresolved between Emergency Haematology Transport Service (semantic_verified) ; a provisional total of 2026480 was computed but is not contractually defensible, so no corrected total is submitted ; not flagged, but some lines could not be identified, so not every rule could be checked",2026480
INV-H2-000015,0,,,3265271,0.40,low,0,0,,INV-H2-000015#0,"H2-L00015-15: 'ROUTINE LAB PNL /SA-5904' is unresolved between Routine Ophthalmic Laboratory Panel (semantic_verified) ; a provisional total of 3265271 was computed but is not contractually defensible, so no corrected total is submitted ; not flagged, but some lines could not be identified, so not every rule could be checked",3265271
INV-H2-000016,1,invoice_total_mismatch,,3222650,0.85,high,0,0,,INV-H2-000016#0,"H2-L00016-04: 'EMER  TRANSP SVC /SA-1419' is unresolved between Emergency Haematology Transport Service (semantic_verified) ; H2-L00016-14: 'VASC TRANSP SVC' is unresolved between Postoperative Vascular Transport Service (semantic_verified) ; a provisional total of 3197650 was computed but is not contractually defensible, so no corrected total is submitted ; every finding follows from the invoice's own fields, independent of service identity",3197650
INV-H2-000017,0,,,3403600,0.40,low,0,0,,INV-H2-000017#0,"H2-L00017-05: 'POSTOP ANAES ADMIN' is unresolved between Postoperative Ophthalmic Anaesthesia Administration (semantic_verified) ; a provisional total of 3403600 was computed but is not contractually defensible, so no corrected total is submitted ; not flagged, but some lines could not be identified, so not every rule could be checked",3403600
INV-H2-000018,0,,,3343125,0.40,low,0,0,,INV-H2-000018#0,"H2-L00018-07: 'ELECT TRANSP SVC' is unresolved between Elective Cardiac Transport Service (semantic_verified) ; H2-L00018-09: 'VASC TRANSP SVC' is unresolved between Postoperative Vascular Transport Service (semantic_verified) ; H2-L00018-15: 'ASST DIAG IMAGING' is unresolved between Assisted Musculoskeletal Diagnostic Imaging (unresolved) ; a provisional total of 3343125 was computed but is not contractually defensible, so no corrected total is submitted ; not flagged, but some lines could not be identified, so not every rule could be checked",3343125
INV-H2-000019,0,,,2170800,0.40,low,0,0,,INV-H2-000019#0,"H2-L00019-02: 'SUPERVISED BIOPSY PROC' is unresolved between Supervised Haematology Biopsy Procedure (semantic_verified) ; H2-L00019-07: 'SUPV  IMG INTERP' is unresolved between Supervised Neurological Imaging Interpretation (semantic_verified) ; a provisional total of 2170800 was computed but is not contractually defensible, so no corrected total is submitted ; not flagged, but some lines could not be identified, so not every rule could be checked",2170800
INV-H2-000020,0,,,3676525,0.40,low,0,0,,INV-H2-000020#0,"H2-L00020-08: 'ASST BIOP PROC' is unresolved between Assisted Gastrointestinal Biopsy Procedure (semantic_verified) ; a provisional total of 3676525 was computed but is not contractually defensible, so no corrected total is submitted ; not flagged, but some lines could not be identified, so not every rule could be checked",3676525
INV-H2-000021,0,,,3182650,0.40,low,0,0,,INV-H2-000021#0,"H2-L00021-06: 'SVC EMER TRANSP' is unresolved between Emergency Haematology Transport Service (semantic_verified) ; H2-L00021-12: 'FRACT BEDS RADIOTHER /SA-5851' is unresolved between Bedside Ophthalmic Radiotherapy Fraction (semantic_verified) ; a provisional total of 3182650 was computed but is not contractually defensible, so no corrected total is submitted ; not flagged, but some lines could not be identified, so not every rule could be checked",3182650
INV-H2-000022,0,,,4508450,0.40,low,0,0,,INV-H2-000022#0,"H2-L00022-02: 'SVC EMER TRANSP' is unresolved between Emergency Haematology Transport Service (semantic_verified) ; a provisional total of 4508450 was computed but is not contractually defensible, so no corrected total is submitted ; not flagged, but some lines could not be identified, so not every rule could be checked",4508450
INV-H2-000023,0,,,2161250,0.40,low,0,0,,INV-H2-000023#0,"H2-L00023-09: 'PSYCH TRANSF SVC' is unresolved between Standard Psychiatric Transfusion Service (semantic_verified) ; a provisional total of 2161250 was computed but is not contractually defensible, so no corrected total is submitted ; not flagged, but some lines could not be identified, so not every rule could be checked",2161250
INV-H2-000024,0,,,4052564,0.40,low,0,0,,INV-H2-000024#0,"H2-L00024-02: 'INTERP  SUPERVISED IMG /SA-6042' is unresolved between Supervised Neurological Imaging Interpretation (semantic_verified) ; H2-L00024-07: 'ASST DIAG IMG /SA-7926' is unresolved between Assisted Musculoskeletal Diagnostic Imaging (semantic_verified) ; H2-L00024-13: 'POSTOP INF THER' is unresolved between Postoperative Pulmonary Infusion Therapy (semantic_verified) ; a provisional total of 4052564 was computed but is not contractually defensible, so no corrected total is submitted ; not flagged, but some lines could not be identified, so not every rule could be checked",4052564
INV-H2-000025,0,,,2670700,0.40,low,0,0,,INV-H2-000025#0,"H2-L00025-05: 'EMER  TRANSP SVC /SA-1419' is unresolved between Emergency Haematology Transport Service (semantic_verified) ; H2-L00025-08: 'SVC EMER TRANSP' is unresolved between Emergency Haematology Transport Service (semantic_verified) ; a provisional total of 2670700 was computed but is not contractually defensible, so no corrected total is submitted ; not flagged, but some lines could not be identified, so not every rule could be checked",2670700
INV-H2-000026,0,,2129225,2129225,0.85,high,1,1,2129225,INV-H2-000026#0,not flagged; every line identified from text and priced exactly,2129225
INV-H2-000027,0,,4051625,4051625,0.85,high,1,1,4051625,INV-H2-000027#0,not flagged; every line identified from text and priced exactly,4051625
INV-H2-000028,0,,,3711681,0.40,low,0,0,,INV-H2-000028#0,"H2-L00028-03: 'POSTOP ANAES ADMIN' is unresolved between Postoperative Ophthalmic Anaesthesia Administration (semantic_verified) ; H2-L00028-10: 'CARDIAC  TRANSP SERVICE' is unresolved between Elective Cardiac Transport Service (semantic_verified) ; a provisional total of 3711681 was computed but is not contractually defensible, so no corrected total is submitted ; not flagged, but some lines could not be identified, so not every rule could be checked",3711681
INV-H2-000029,0,,,2935775,0.40,low,0,0,,INV-H2-000029#0,"H2-L00029-12: 'EMER  TRANSP SVC /SA-1419' is unresolved between Emergency Haematology Transport Service (semantic_verified) ; a provisional total of 2935775 was computed but is not contractually defensible, so no corrected total is submitted ; not flagged, but some lines could not be identified, so not every rule could be checked",2935775
INV-H2-000030,0,,,1661900,0.40,low,0,0,,INV-H2-000030#0,"H2-L00030-02: 'STD RECOV RM OCC' is unresolved between Standard Musculoskeletal Recovery Room Occupancy (semantic_verified) ; a provisional total of 1661900 was computed but is not contractually defensible, so no corrected total is submitted ; not flagged, but some lines could not be identified, so not every rule could be checked",1661900
INV-H2-000031,0,,,1033775,0.40,low,0,0,,INV-H2-000031#0,"H2-L00031-04: 'EMER THTR TM /SA-2118' is unresolved between Emergency Paediatric Theatre Time (semantic_verified) ; a provisional total of 1033775 was computed but is not contractually defensible, so no corrected total is submitted ; not flagged, but some lines could not be identified, so not every rule could be checked",1033775
INV-H2-000032,0,,,3807325,0.40,low,0,0,,INV-H2-000032#0,"H2-L00032-06: 'OBSERVATION  CARD NURSING' is unresolved between Elective Cardiac Nursing Observation (semantic_verified) ; H2-L00032-11: 'DISP FOC PHARM' is unresolved between Focused Pulmonary Pharmaceutical Dispensing (semantic_verified) ; a provisional total of 3807325 was computed but is not contractually defensible, so no corrected total is submitted ; not flagged, but some lines could not be identified, so not every rule could be checked",3807325
INV-H2-000033,0,,2413432,2413432,0.85,high,1,1,2413432,INV-H2-000033#0,not flagged; every line identified from text and priced exactly,2413432
INV-H2-000034,0,,,3110520,0.40,low,0,0,,INV-H2-000034#0,"H2-L00034-15: 'SPCLST STERILISATION SVC' is unresolved between Specialist Psychiatric Sterilisation Service (semantic_verified) ; a provisional total of 3110520 was computed but is not contractually defensible, so no corrected total is submitted ; not flagged, but some lines could not be identified, so not every rule could be checked",3110520
INV-H2-000035,0,,,1918666,0.40,low,0,0,,INV-H2-000035#0,"H2-L00035-01: 'IMG ASST DIAG' is unresolved between Assisted Musculoskeletal Diagnostic Imaging (semantic_verified) ; H2-L00035-03: cumulative utilisation of 'Postoperative Ophthalmic Anaesthesia Administration' before this line lies in [68, 90], straddling a discount threshold ; H2-L00035-10: 'DISP FOC PHARM' is unresolved between Focused Pulmonary Pharmaceutical Dispensing (semantic_verified) ; H2-L00035-11: 'FRACT BEDS RADIOTHER /SA-5851' is unresolved between Bedside Ophthalmic Radiotherapy Fraction (semantic_verified) ; H2-L00035-12: 'ELECT TRANSP SVC' is unresolved between Elective Cardiac Transport Service (semantic_verified) ; a provisional total of 1918666 was computed but is not contractually defensible, so no corrected total is submitted ; not flagged, but some lines could not be identified, so not every rule could be checked",1918666
INV-H2-000036,0,,,1734643,0.40,low,0,0,,INV-H2-000036#0,"H2-L00036-02: 'ENDO  CS CONF' is unresolved between Advanced Endocrine Case Conference (semantic_verified) ; H2-L00036-13: 'DISP FOC PHARM' is unresolved between Focused Pulmonary Pharmaceutical Dispensing (semantic_verified) ; H2-L00036-15: 'PNL FOC LAB /SA-4377' is unresolved between Focused Ophthalmic Laboratory Panel (semantic_verified) ; a provisional total of 1734643 was computed but is not contractually defensible, so no corrected total is submitted ; not flagged, but some lines could not be identified, so not every rule could be checked",1734643
INV-H2-000037,0,,,851304,0.65,medium,0,0,,INV-H2-000037#0,"H2-L00037-02: cumulative utilisation of 'Focused Pulmonary Pharmaceutical Dispensing' before this line lies in [95, 108], straddling a discount threshold ; a provisional total of 851304 was computed but is not contractually defensible, so no corrected total is submitted ; not flagged; identity rests partly on a unit-basis tie-break or a verified semantic decision",851304
INV-H2-000038,0,,2530615,2530615,0.85,high,1,1,2530615,INV-H2-000038#0,not flagged; every line identified from text and priced exactly,2530615
INV-H2-000039,0,,,2742525,0.40,low,0,0,,INV-H2-000039#0,"H2-L00039-01: 'OTOLARYNGOLOGIC  DISCH PLNG /SA-6235' is unresolved between Continuous Otolaryngologic Discharge Planning (semantic_verified) ; H2-L00039-02: 'CARDIAC  TRANSP SERVICE' is unresolved between Elective Cardiac Transport Service (semantic_verified) ; a provisional total of 2742525 was computed but is not contractually defensible, so no corrected total is submitted ; not flagged, but some lines could not be identified, so not every rule could be checked",2742525
INV-H2-000040,0,,,3317176,0.40,low,0,0,,INV-H2-000040#0,"H2-L00040-05: cumulative utilisation of 'Focused Pulmonary Pharmaceutical Dispensing' before this line lies in [98, 111], straddling a discount threshold ; H2-L00040-10: 'IMG ASST DIAG' is unresolved between Assisted Musculoskeletal Diagnostic Imaging (semantic_verified) ; H2-L00040-14: 'AMB NUTRITIONAL SUPP /SA-7761' is unresolved between Ambulatory Haematology Nutritional Support (semantic_verified) ; H2-L00040-17: 'SESS PREOP PHYSIO' is unresolved between Preoperative Obstetric Physiotherapy Session (semantic_verified) ; a provisional total of 3317176 was computed but is not contractually defensible, so no corrected total is submitted ; not flagged, but some lines could not be identified, so not every rule could be checked",3317176
INV-H2-000041,0,,1416025,1416025,0.65,medium,1,1,1416025,INV-H2-000041#0,not flagged; identity rests partly on a unit-basis tie-break or a verified semantic decision,1416025
INV-H2-000042,0,,,2648275,0.40,low,0,0,,INV-H2-000042#0,"H2-L00042-01: 'EMER  TRANSP SERVICE /SA-9292' is unresolved between Emergency Haematology Transport Service (semantic_verified) ; H2-L00042-13: 'EMER  TRANSP SVC /SA-1419' is unresolved between Emergency Haematology Transport Service (semantic_verified) ; a provisional total of 2648275 was computed but is not contractually defensible, so no corrected total is submitted ; not flagged, but some lines could not be identified, so not every rule could be checked",2648275
INV-H2-000043,0,,,2887910,0.40,low,0,0,,INV-H2-000043#0,"H2-L00043-02: 'SUPERVISED BIOPSY PROC' is unresolved between Supervised Haematology Biopsy Procedure (semantic_verified) ; H2-L00043-04: 'ASST BIOP PROC' is unresolved between Assisted Gastrointestinal Biopsy Procedure (semantic_verified) ; H2-L00043-09: 'OCC STD RECOV RM' is unresolved between Standard Musculoskeletal Recovery Room Occupancy (semantic_verified) ; a provisional total of 2887910 was computed but is not contractually defensible, so no corrected total is submitted ; not flagged, but some lines could not be identified, so not every rule could be checked",2887910
INV-H2-000044,0,,,2090343,0.40,low,0,0,,INV-H2-000044#0,"H2-L00044-01: 'DISP FOC PHARM' is unresolved between Focused Pulmonary Pharmaceutical Dispensing (semantic_verified) ; H2-L00044-05: cumulative utilisation of 'Elective Cardiac Transport Service' before this line lies in [80, 123], straddling a discount threshold ; H2-L00044-06: 'POSTOP ANAES ADMIN' is unresolved between Postoperative Ophthalmic Anaesthesia Administration (semantic_verified) ; H2-L00044-07: 'ELECT TRANSP SVC' is unresolved between Elective Cardiac Transport Service (semantic_verified) ; a provisional total of 2090343 was computed but is not contractually defensible, so no corrected total is submitted ; not flagged, but some lines could not be identified, so not every rule could be checked",2090343
INV-H2-000045,1,unit_price_mismatch,3414412,3341612,0.65,medium,1,1,3414412,INV-H2-000045#0,findings apply contract rules to resolved services; some depend on hospital-wide state,3414412
INV-H2-000046,0,,,3695616,0.40,low,0,0,,INV-H2-000046#0,"H2-L00046-16: 'ASST DIAG IMG /SA-7926' is unresolved between Assisted Musculoskeletal Diagnostic Imaging (semantic_verified) ; a provisional total of 3695616 was computed but is not contractually defensible, so no corrected total is submitted ; not flagged, but some lines could not be identified, so not every rule could be checked",3695616
INV-H2-000047,0,,,2089808,0.40,low,0,0,,INV-H2-000047#0,"H2-L00047-04: 'EMER  TRANSP SVC /SA-1419' is unresolved between Emergency Haematology Transport Service (semantic_verified) ; H2-L00047-09: 'ASST DIAG IMG /SA-7926' is unresolved between Assisted Musculoskeletal Diagnostic Imaging (semantic_verified) ; H2-L00047-13: 'ENT CS CONF /SA-6459' is unresolved between Comprehensive Otolaryngologic Case Conference (semantic_verified) ; a provisional total of 2089808 was computed but is not contractually defensible, so no corrected total is submitted ; not flagged, but some lines could not be identified, so not every rule could be checked",2089808
INV-H2-000048,0,,,1148850,0.40,low,0,0,,INV-H2-000048#0,"H2-L00048-04: 'VST VASCULAR HM /SA-8814' is unresolved between Extended Vascular Home Visit (semantic_verified) ; H2-L00048-07: 'EMER  TRANSP SVC /SA-1419' is unresolved between Emergency Haematology Transport Service (semantic_verified) ; H2-L00048-08: 'CARDIAC  TRANSP SERVICE' is unresolved between Elective Cardiac Transport Service (semantic_verified) ; a provisional total of 1148850 was computed but is not contractually defensible, so no corrected total is submitted ; not flagged, but some lines could not be identified, so not every rule could be checked",1148850
INV-H2-000049,0,,,1738588,0.65,medium,0,0,,INV-H2-000049#0,"H2-L00049-03: cumulative utilisation of 'Elective Cardiac Transport Service' before this line lies in [79, 122], straddling a discount threshold ; a provisional total of 1738588 was computed but is not contractually defensible, so no corrected total is submitted ; not flagged; identity rests partly on a unit-basis tie-break or a verified semantic decision",1738588
INV-H2-000050,0,,,1662879,0.40,low,0,0,,INV-H2-000050#0,"H2-L00050-01: 'CARDIAC  TRANSP SERVICE' is unresolved between Elective Cardiac Transport Service (semantic_verified) ; H2-L00050-06: 'ROUTINE LAB PNL /SA-5904' is unresolved between Routine Ophthalmic Laboratory Panel (semantic_verified) ; a provisional total of 1662879 was computed but is not contractually defensible, so no corrected total is submitted ; not flagged, but some lines could not be identified, so not every rule could be checked",1662879
INV-H2-000051,0,,,2608625,0.40,low,0,0,,INV-H2-000051#0,"H2-L00051-12: 'ADV ENDOSCOPIC PROC /SA-6974' is unresolved between Advanced Gastrointestinal Endoscopic Procedure (semantic_verified) ; a provisional total of 2608625 was computed but is not contractually defensible, so no corrected total is submitted ; not flagged, but some lines could not be identified, so not every rule could be checked",2608625
INV-H2-000052,0,,,2851444,0.40,low,0,0,,INV-H2-000052#0,"H2-L00052-05: 'ENT CS CONF /SA-5963' is unresolved between Comprehensive Otolaryngologic Case Conference (semantic_verified) ; H2-L00052-09: 'OCC PREOP ISOL RM' is unresolved between Preoperative Neurological Isolation Room Occupancy (semantic_verified) ; H2-L00052-13: 'OTOLARYNGOLOGIC  DISCH PLNG /SA-6235' is unresolved between Continuous Otolaryngologic Discharge Planning (semantic_verified) ; H2-L00052-16: 'PULM INF THER /SA-9868' is unresolved between Postoperative Pulmonary Infusion Therapy (semantic_verified) ; a provisional total of 2851444 was computed but is not contractually defensible, so no corrected total is submitted ; not flagged, but some lines could not be identified, so not every rule could be checked",2851444
INV-H2-000053,0,,,2370600,0.40,low,0,0,,INV-H2-000053#0,"H2-L00053-08: 'ENDO  CS CONF' is unresolved between Advanced Endocrine Case Conference (semantic_verified) ; H2-L00053-09: 'ADV ENDOSCOPIC PROC /SA-6974' is unresolved between Advanced Gastrointestinal Endoscopic Procedure (semantic_verified) ; a provisional total of 2370600 was computed but is not contractually defensible, so no corrected total is submitted ; not flagged, but some lines could not be identified, so not every rule could be checked",2370600
INV-H2-000054,1,duplicate_invoice_id|premium_omitted,,1893669,0.40,low,0,0,,INV-H2-000054#0|INV-H2-000054#1,"H2-L00098-06: 'DISP FOC PHARM' is unresolved between Focused Pulmonary Pharmaceutical Dispensing (semantic_verified) ; invoice number reused: this row represents occurrence INV-H2-000054#1; earlier occurrence(s) INV-H2-000054#0 (0 finding(s)) are audited separately in findings.csv ; a provisional total of 1918968 was computed but is not contractually defensible, so no corrected total is submitted ; a finding rests on reading free text, or the corrected total cannot be reconstructed",1918968
INV-H2-000055,1,unknown_service,,2926577,0.40,low,0,0,,INV-H2-000055#0,"H2-L00055-02: 'RTN PHYSIO SESS' is unresolved between Routine Geriatric Physiotherapy Session (semantic_verified) ; H2-L00055-08: service not contracted, so no contract price exists ; H2-L00055-14: 'OTOLARYNGOLOGIC  DISCH PLNG /SA-6235' is unresolved between Continuous Otolaryngologic Discharge Planning (semantic_verified) ; H2-L00055-17: 'OCC INTENS WD BD' is unresolved between Intensive Palliative Ward Bed Occupancy (semantic_verified) ; H2-L00055-18: cumulative utilisation of 'Elective Cardiac Transport Service' before this line lies in [91, 142], straddling a discount threshold ; a finding rests on reading free text, or the corrected total cannot be reconstructed",
INV-H2-000056,0,,1625475,1625475,0.85,high,1,1,1625475,INV-H2-000056#0,not flagged; every line identified from text and priced exactly,1625475
INV-H2-000057,0,,,3320487,0.40,low,0,0,,INV-H2-000057#0,"H2-L00057-09: 'EMER  TRANSP SERVICE /SA-9292' is unresolved between Emergency Haematology Transport Service (semantic_verified) ; H2-L00057-12: cumulative utilisation of 'Postoperative Ophthalmic Anaesthesia Administration' before this line lies in [209, 249], straddling a discount threshold ; a provisional total of 3320487 was computed but is not contractually defensible, so no corrected total is submitted ; not flagged, but some lines could not be identified, so not every rule could be checked",3320487
INV-H2-000058,0,,,3263975,0.40,low,0,0,,INV-H2-000058#0,"H2-L00058-03: 'ADV ENDOSCOPIC PROC /SA-6974' is unresolved between Advanced Gastrointestinal Endoscopic Procedure (semantic_verified) ; H2-L00058-05: 'POSTOP ANAES ADMIN' is unresolved between Postoperative Ophthalmic Anaesthesia Administration (semantic_verified) ; H2-L00058-08: 'EXTENDED - HM VST' is unresolved between Extended Vascular Home Visit (unresolved) ; H2-L00058-10: 'STD ISOL RM OCC' is unresolved between Standard Neurological Isolation Room Occupancy, Standard Orthopaedic Isolation Room Occupancy (unresolved) ; H2-L00058-11: bundle partner 'Standard Orthopaedic Isolation Room Occupancy' may have been delivered on 2024-02-11 (unresolved description that day) ; a provisional total of 3263975 was computed but is not contractually defensible, so no corrected total is submitted ; not flagged, but some lines could not be identified, so not every rule could be checked",3263975
INV-H2-000059,0,,1840438,1840438,0.85,high,1,1,1840438,INV-H2-000059#0,not flagged; every line identified from text and priced exactly,1840438
INV-H2-000060,0,,,4650162,0.40,low,0,0,,INV-H2-000060#0,"H2-L00060-05: 'EXTENDED - HM VST' is unresolved between Extended Vascular Home Visit (unresolved) ; H2-L00060-06: 'ELECT TRANSP SVC' is unresolved between Elective Cardiac Transport Service (semantic_verified) ; a provisional total of 4650162 was computed but is not contractually defensible, so no corrected total is submitted ; not flagged, but some lines could not be identified, so not every rule could be checked",4650162
INV-H2-000061,0,,,4636871,0.40,low,0,0,,INV-H2-000061#0,"H2-L00061-03: bundle partner 'Bedside Pulmonary Pharmaceutical Dispensing' may have been delivered on 2024-02-18 (unresolved description that day) ; H2-L00061-04: 'BEDS PHARM DISP' is unresolved between Bedside Pulmonary Pharmaceutical Dispensing (semantic_verified) ; H2-L00061-06: 'ADV ENDOSCOPIC PROC /SA-6974' is unresolved between Advanced Gastrointestinal Endoscopic Procedure (semantic_verified) ; H2-L00061-11: 'STD - TELEM MONIT /SA-8775' is unresolved between Standard Metabolic Telemetry Monitoring (semantic_verified) ; H2-L00061-14: 'ADV ENDOSCOPIC PROC /SA-6974' is unresolved between Advanced Gastrointestinal Endoscopic Procedure (semantic_verified) ; H2-L00061-18: 'SVC EMER TRANSP' is unresolved between Emergency Haematology Transport Service (semantic_verified) ; a provisional total of 4636871 was computed but is not contractually defensible, so no corrected total is submitted ; not flagged, but some lines could not be identified, so not every rule could be checked",4636871
INV-H2-000062,1,unknown_service,,2715547,0.40,low,0,0,,INV-H2-000062#0,"H2-L00062-08: 'INPT ISOL RM OCC' is unresolved between Inpatient Paediatric Isolation Room Occupancy (semantic_verified) ; H2-L00062-13: service not contracted, so no contract price exists ; a finding rests on reading free text, or the corrected total cannot be reconstructed",
INV-H2-000063,0,,,1962163,0.40,low,0,0,,INV-H2-000063#0,"H2-L00063-04: cumulative utilisation of 'Postoperative Ophthalmic Anaesthesia Administration' before this line lies in [218, 281], straddling a discount threshold ; H2-L00063-06: 'SVC EMER TRANSP' is unresolved between Emergency Haematology Transport Service (semantic_verified) ; H2-L00063-08: 'SESS PREOP PHYSIO' is unresolved between Preoperative Obstetric Physiotherapy Session (semantic_verified) ; a provisional total of 1962163 was computed but is not contractually defensible, so no corrected total is submitted ; not flagged, but some lines could not be identified, so not every rule could be checked",1962163
INV-H2-000064,0,,,4804408,0.40,low,0,0,,INV-H2-000064#0,"H2-L00064-01: 'EMER  TRANSP SVC /SA-1419' is unresolved between Emergency Haematology Transport Service (semantic_verified) ; H2-L00064-04: 'INPT ISOL RM OCC' is unresolved between Inpatient Paediatric Isolation Room Occupancy (semantic_verified) ; H2-L00064-07: 'ADV ENDOSCOPIC PROC /SA-6974' is unresolved between Advanced Gastrointestinal Endoscopic Procedure (semantic_verified) ; H2-L00064-11: 'INTERP  SUPERVISED IMG /SA-6042' is unresolved between Supervised Neurological Imaging Interpretation (semantic_verified) ; H2-L00064-14: 'EMER  TRANSP SVC /SA-1419' is unresolved between Emergency Haematology Transport Service (semantic_verified) ; H2-L00064-18: 'ADV ENDOSCOPIC PROC /SA-6974' is unresolved between Advanced Gastrointestinal Endoscopic Procedure (semantic_verified) ; a provisional total of 4804408 was computed but is not contractually defensible, so no corrected total is submitted ; not flagged, but some lines could not be identified, so not every rule could be checked",4804408
INV-H2-000065,0,,,4090090,0.40,low,0,0,,INV-H2-000065#0,"H2-L00065-02: 'VASC IMAGING INTERP' is unresolved between Preoperative Vascular Imaging Interpretation (unresolved) ; a provisional total of 4090090 was computed but is not contractually defensible, so no corrected total is submitted ; not flagged, but some lines could not be identified, so not every rule could be checked",4090090
INV-H2-000066,0,,,4551702,0.40,low,0,0,,INV-H2-000066#0,"H2-L00066-05: cumulative utilisation of 'Elective Cardiac Transport Service' before this line lies in [110, 173], straddling a discount threshold ; H2-L00066-08: 'PULM INF THER /SA-9868' is unresolved between Postoperative Pulmonary Infusion Therapy (semantic_verified) ; H2-L00066-12: 'ASST DIAG IMG /SA-7926' is unresolved between Assisted Musculoskeletal Diagnostic Imaging (semantic_verified) ; H2-L00066-13: 'BEDS PHARM DISP' is unresolved between Bedside Pulmonary Pharmaceutical Dispensing (semantic_verified) ; H2-L00066-14: 'STD RECOV RM OCC' is unresolved between Standard Musculoskeletal Recovery Room Occupancy (semantic_verified) ; a provisional total of 4551702 was computed but is not contractually defensible, so no corrected total is submitted ; not flagged, but some lines could not be identified, so not every rule could be checked",4551702
INV-H2-000067,0,,,3986872,0.40,low,0,0,,INV-H2-000067#0,"H2-L00067-14: 'POSTOP THTR TM' is unresolved between Postoperative Paediatric Theatre Time (semantic_verified) ; a provisional total of 3986872 was computed but is not contractually defensible, so no corrected total is submitted ; not flagged, but some lines could not be identified, so not every rule could be checked",3986872
INV-H2-000068,0,,,2625251,0.40,low,0,0,,INV-H2-000068#0,"H2-L00068-03: 'RTN PHYSIO SESS' is unresolved between Routine Geriatric Physiotherapy Session (semantic_verified) ; H2-L00068-08: 'EMER  TRANSP SERVICE /SA-9292' is unresolved between Emergency Haematology Transport Service (semantic_verified) ; a provisional total of 2625251 was computed but is not contractually defensible, so no corrected total is submitted ; not flagged, but some lines could not be identified, so not every rule could be checked",2625251
INV-H2-000069,0,,,2863675,0.40,low,0,0,,INV-H2-000069#0,"H2-L00069-02: 'VASC IMAGING INTERP' is unresolved between Preoperative Vascular Imaging Interpretation (unresolved) ; H2-L00069-07: 'ASST DIAG IMG /SA-7926' is unresolved between Assisted Musculoskeletal Diagnostic Imaging (semantic_verified) ; a provisional total of 2863675 was computed but is not contractually defensible, so no corrected total is submitted ; not flagged, but some lines could not be identified, so not every rule could be checked",2863675
INV-H2-000070,0,,,2364178,0.40,low,0,0,,INV-H2-000070#0,"H2-L00070-08: 'CARDIAC  TRANSP SERVICE' is unresolved between Elective Cardiac Transport Service (semantic_verified) ; H2-L00070-12: 'POSTOP INF THER' is unresolved between Postoperative Pulmonary Infusion Therapy (semantic_verified) ; H2-L00070-14: 'INTERM  REHAB PROG' is unresolved between Intermittent Otolaryngologic Rehabilitation Programme (semantic_verified) ; a provisional total of 2364178 was computed but is not contractually defensible, so no corrected total is submitted ; not flagged, but some lines could not be identified, so not every rule could be checked",2364178
INV-H2-000071,0,,1194005,1194005,0.85,high,1,1,1194005,INV-H2-000071#0,not flagged; every line identified from text and priced exactly,1194005
INV-H2-000072,0,,1542567,1542567,0.65,medium,1,1,1542567,INV-H2-000072#0,not flagged; identity rests partly on a unit-basis tie-break or a verified semantic decision,1542567
INV-H2-000073,0,,,4659849,0.65,medium,0,0,,INV-H2-000073#0,"H2-L00073-18: cumulative utilisation of 'Elective Cardiac Transport Service' before this line lies in [102, 165], straddling a discount threshold ; a provisional total of 4659849 was computed but is not contractually defensible, so no corrected total is submitted ; not flagged; identity rests partly on a unit-basis tie-break or a verified semantic decision",4659849
INV-H2-000074,0,,,4990685,0.40,low,0,0,,INV-H2-000074#0,"H2-L00074-03: 'PSYCH TRANSF SVC' is unresolved between Standard Psychiatric Transfusion Service (semantic_verified) ; H2-L00074-09: 'PREOP SPCM ANLY /SA-5067' is unresolved between Preoperative Cardiac Specimen Analysis (semantic_verified) ; a provisional total of 4990685 was computed but is not contractually defensible, so no corrected total is submitted ; not flagged, but some lines could not be identified, so not every rule could be checked",4990685
INV-H2-000075,0,,,2409213,0.40,low,0,0,,INV-H2-000075#0,"H2-L00075-11: 'VST VASCULAR HM /SA-8814' is unresolved between Extended Vascular Home Visit (semantic_verified) ; H2-L00075-14: cumulative utilisation of 'Elective Cardiac Transport Service' before this line lies in [114, 177], straddling a discount threshold ; a provisional total of 2409213 was computed but is not contractually defensible, so no corrected total is submitted ; not flagged, but some lines could not be identified, so not every rule could be checked",2409213
INV-H2-000076,0,,2055003,2055003,0.65,medium,1,1,2055003,INV-H2-000076#0,not flagged; identity rests partly on a unit-basis tie-break or a verified semantic decision,2055003
INV-H2-000077,0,,,965993,0.40,low,0,0,,INV-H2-000077#0,"H2-L00077-02: 'PULM INF THER /SA-9868' is unresolved between Postoperative Pulmonary Infusion Therapy (semantic_verified) ; H2-L00077-03: 'PSYCH TRANSF SVC' is unresolved between Standard Psychiatric Transfusion Service (semantic_verified) ; H2-L00077-04: 'DISP FOC PHARM' is unresolved between Focused Pulmonary Pharmaceutical Dispensing (semantic_verified) ; a provisional total of 965993 was computed but is not contractually defensible, so no corrected total is submitted ; not flagged, but some lines could not be identified, so not every rule could be checked",965993
INV-H2-000078,1,duplicate_invoice_id|premium_omitted|service_date_after_invoice_date,1551360,1481960,0.65,medium,1,1,1551360,INV-H2-000078#0|INV-H2-000078#1,invoice number reused: this row represents occurrence INV-H2-000078#1; earlier occurrence(s) INV-H2-000078#0 (0 finding(s)) are audited separately in findings.csv ; findings apply contract rules to resolved services; some depend on hospital-wide state,1551360
INV-H2-000079,0,,,858946,0.65,medium,0,0,,INV-H2-000079#0,"H2-L00079-05: cumulative utilisation of 'Elective Cardiac Transport Service' before this line lies in [120, 192], straddling a discount threshold ; a provisional total of 858946 was computed but is not contractually defensible, so no corrected total is submitted ; not flagged; identity rests partly on a unit-basis tie-break or a verified semantic decision",858946
INV-H2-000080,0,,884256,884256,0.85,high,1,1,884256,INV-H2-000080#0,not flagged; every line identified from text and priced exactly,884256
INV-H2-000081,0,,,2653560,0.40,low,0,0,,INV-H2-000081#0,"H2-L00081-01: 'ADV ENDOSCOPIC PROC /SA-6974' is unresolved between Advanced Gastrointestinal Endoscopic Procedure (semantic_verified) ; H2-L00081-02: 'CARDIAC  TRANSP SERVICE' is unresolved between Elective Cardiac Transport Service (semantic_verified) ; H2-L00081-09: 'ASST BIOP PROC' is unresolved between Assisted Gastrointestinal Biopsy Procedure (semantic_verified) ; a provisional total of 2653560 was computed but is not contractually defensible, so no corrected total is submitted ; not flagged, but some lines could not be identified, so not every rule could be checked",2653560
INV-H2-000082,0,,,3097359,0.40,low,0,0,,INV-H2-000082#0,"H2-L00082-01: 'IMG ASST DIAG' is unresolved between Assisted Musculoskeletal Diagnostic Imaging (semantic_verified) ; H2-L00082-14: 'STD  - TELEM MONIT' is unresolved between Standard Metabolic Telemetry Monitoring (semantic_verified) ; a provisional total of 3097359 was computed but is not contractually defensible, so no corrected total is submitted ; not flagged, but some lines could not be identified, so not every rule could be checked",3097359
INV-H2-000083,0,,4755725,4755725,0.65,medium,1,1,4755725,INV-H2-000083#0,not flagged; identity rests partly on a unit-basis tie-break or a verified semantic decision,4755725
INV-H2-000084,0,,,2242000,0.40,low,0,0,,INV-H2-000084#0,"H2-L00084-08: 'IMG ASST DIAG' is unresolved between Assisted Musculoskeletal Diagnostic Imaging (semantic_verified) ; a provisional total of 2242000 was computed but is not contractually defensible, so no corrected total is submitted ; not flagged, but some lines could not be identified, so not every rule could be checked",2242000
INV-H2-000085,0,,,5872703,0.40,low,0,0,,INV-H2-000085#0,"H2-L00085-04: 'ELECT TRANSP SVC' is unresolved between Elective Cardiac Transport Service (semantic_verified) ; H2-L00085-07: 'POSTOP ANAES ADMIN' is unresolved between Postoperative Ophthalmic Anaesthesia Administration (semantic_verified) ; H2-L00085-10: 'STD - TELEM MONIT /SA-8775' is unresolved between Standard Metabolic Telemetry Monitoring (semantic_verified) ; H2-L00085-16: 'PULM INF THER /SA-9868' is unresolved between Postoperative Pulmonary Infusion Therapy (semantic_verified) ; a provisional total of 5872703 was computed but is not contractually defensible, so no corrected total is submitted ; not flagged, but some lines could not be identified, so not every rule could be checked",5872703
INV-H2-000086,0,,1449553,1449553,0.85,high,1,1,1449553,INV-H2-000086#0,not flagged; every line identified from text and priced exactly,1449553
INV-H2-000087,0,,,3307731,0.40,low,0,0,,INV-H2-000087#0,"H2-L00087-05: 'STD  - TELEM MONIT' is unresolved between Standard Metabolic Telemetry Monitoring (semantic_verified) ; H2-L00087-12: 'POSTOP ANAES ADMIN' is unresolved between Postoperative Ophthalmic Anaesthesia Administration (semantic_verified) ; H2-L00087-15: cumulative utilisation of 'Emergency Haematology Transport Service' before this line lies in [25, 61], straddling a discount threshold ; a provisional total of 3307731 was computed but is not contractually defensible, so no corrected total is submitted ; not flagged, but some lines could not be identified, so not every rule could be checked",3307731
INV-H2-000088,0,,,3588422,0.40,low,0,0,,INV-H2-000088#0,"H2-L00088-09: 'OCC PREOP ISOL RM' is unresolved between Preoperative Neurological Isolation Room Occupancy (semantic_verified) ; H2-L00088-10: 'EMER  TRANSP SERVICE /SA-9292' is unresolved between Emergency Haematology Transport Service (semantic_verified) ; a provisional total of 3588422 was computed but is not contractually defensible, so no corrected total is submitted ; not flagged, but some lines could not be identified, so not every rule could be checked",3588422
INV-H2-000089,0,,,3697715,0.40,low,0,0,,INV-H2-000089#0,"H2-L00089-02: 'FRACT BEDS RADIOTHER /SA-5851' is unresolved between Bedside Ophthalmic Radiotherapy Fraction (semantic_verified) ; H2-L00089-15: 'STD RECOV RM OCC' is unresolved between Standard Musculoskeletal Recovery Room Occupancy (semantic_verified) ; a provisional total of 3697715 was computed but is not contractually defensible, so no corrected total is submitted ; not flagged, but some lines could not be identified, so not every rule could be checked",3697715
INV-H2-000090,0,,,3858478,0.65,medium,0,0,,INV-H2-000090#0,"H2-L00090-11: cumulative utilisation of 'Emergency Haematology Transport Service' before this line lies in [26, 64], straddling a discount threshold ; a provisional total of 3858478 was computed but is not contractually defensible, so no corrected total is submitted ; not flagged; identity rests partly on a unit-basis tie-break or a verified semantic decision",3858478
INV-H2-000091,0,,,848706,0.40,low,0,0,,INV-H2-000091#0,"H2-L00091-01: 'THER  STANDARD INF' is unresolved between Standard Paediatric Infusion Therapy (semantic_verified) ; a provisional total of 848706 was computed but is not contractually defensible, so no corrected total is submitted ; not flagged, but some lines could not be identified, so not every rule could be checked",848706
INV-H2-000092,0,,,1588499,0.40,low,0,0,,INV-H2-000092#0,"H2-L00092-01: 'STD - TELEM MONIT /SA-8775' is unresolved between Standard Metabolic Telemetry Monitoring (semantic_verified) ; H2-L00092-05: 'SESS PREOP PHYSIO' is unresolved between Preoperative Obstetric Physiotherapy Session (semantic_verified) ; H2-L00092-08: cumulative utilisation of 'Emergency Haematology Transport Service' before this line lies in [28, 66], straddling a discount threshold ; a provisional total of 1588499 was computed but is not contractually defensible, so no corrected total is submitted ; not flagged, but some lines could not be identified, so not every rule could be checked",1588499
INV-H2-000093,0,,,2321254,0.40,low,0,0,,INV-H2-000093#0,"H2-L00093-08: 'OTOLARYNGOLOGIC  DISCH PLNG /SA-6235' is unresolved between Continuous Otolaryngologic Discharge Planning (semantic_verified) ; a provisional total of 2321254 was computed but is not contractually defensible, so no corrected total is submitted ; not flagged, but some lines could not be identified, so not every rule could be checked",2321254
INV-H2-000094,0,,,3478889,0.40,low,0,0,,INV-H2-000094#0,"H2-L00094-06: 'POSTOP ANAES ADMIN' is unresolved between Postoperative Ophthalmic Anaesthesia Administration (semantic_verified) ; H2-L00094-09: cumulative utilisation of 'Emergency Haematology Transport Service' before this line lies in [31, 72], straddling a discount threshold ; H2-L00094-20: 'VASC TRANSP SVC' is unresolved between Postoperative Vascular Transport Service (semantic_verified) ; a provisional total of 3478889 was computed but is not contractually defensible, so no corrected total is submitted ; not flagged, but some lines could not be identified, so not every rule could be checked",3478889
INV-H2-000095,0,,,1567051,0.40,low,0,0,,INV-H2-000095#0,"H2-L00095-08: 'PULM INF THER /SA-9868' is unresolved between Postoperative Pulmonary Infusion Therapy (semantic_verified) ; H2-L00095-16: cumulative utilisation of 'Emergency Haematology Transport Service' before this line lies in [29, 67], straddling a discount threshold ; a provisional total of 1567051 was computed but is not contractually defensible, so no corrected total is submitted ; not flagged, but some lines could not be identified, so not every rule could be checked",1567051
INV-H2-000096,0,,,3582167,0.40,low,0,0,,INV-H2-000096#0,"H2-L00096-12: 'PALL RECOV ROOM OCC' is unresolved between Focused Palliative Recovery Room Occupancy (semantic_verified) ; a provisional total of 3582167 was computed but is not contractually defensible, so no corrected total is submitted ; not flagged, but some lines could not be identified, so not every rule could be checked",3582167
INV-H2-000097,0,,1918135,1918135,0.85,high,1,1,1918135,INV-H2-000097#0,not flagged; every line identified from text and priced exactly,1918135
INV-H2-000099,0,,,3671140,0.40,low,0,0,,INV-H2-000099#0,"H2-L00099-13: 'PROC HEP ENDOSC' is unresolved between Supervised Hepatic Endoscopic Procedure (semantic_verified) ; a provisional total of 3671140 was computed but is not contractually defensible, so no corrected total is submitted ; not flagged, but some lines could not be identified, so not every rule could be checked",3671140
INV-H2-000100,0,,,1012872,0.40,low,0,0,,INV-H2-000100#0,"H2-L00100-03: 'EMER  TRANSP SERVICE /SA-9292' is unresolved between Emergency Haematology Transport Service (semantic_verified) ; a provisional total of 1012872 was computed but is not contractually defensible, so no corrected total is submitted ; not flagged, but some lines could not be identified, so not every rule could be checked",1012872
INV-H2-000101,0,,,1444535,0.40,low,0,0,,INV-H2-000101#0,"H2-L00101-01: 'POSTOP ANAES ADMIN' is unresolved between Postoperative Ophthalmic Anaesthesia Administration (semantic_verified) ; a provisional total of 1444535 was computed but is not contractually defensible, so no corrected total is submitted ; not flagged, but some lines could not be identified, so not every rule could be checked",1444535
INV-H2-000102,0,,,2698803,0.40,low,0,0,,INV-H2-000102#0,"H2-L00102-02: 'FRACT BEDS RADIOTHER /SA-5851' is unresolved between Bedside Ophthalmic Radiotherapy Fraction (semantic_verified) ; H2-L00102-04: 'MSK RECOVERY RM OCC' is unresolved between Standard Musculoskeletal Recovery Room Occupancy (semantic_verified) ; H2-L00102-09: 'ASST DIAG IMAGING' is unresolved between Assisted Musculoskeletal Diagnostic Imaging (unresolved) ; a provisional total of 2698803 was computed but is not contractually defensible, so no corrected total is submitted ; not flagged, but some lines could not be identified, so not every rule could be checked",2698803
INV-H2-000103,0,,1800098,1800098,0.65,medium,1,1,1800098,INV-H2-000103#0,not flagged; identity rests partly on a unit-basis tie-break or a verified semantic decision,1800098
INV-H2-000104,1,duplicate_invoice_id|premium_incorrectly_applied,1834047,1886279,0.65,medium,1,1,1834047,INV-H2-000104#0|INV-H2-000104#1,invoice number reused: this row represents occurrence INV-H2-000104#1; earlier occurrence(s) INV-H2-000104#0 (1 finding(s)) are audited separately in findings.csv ; findings apply contract rules to resolved services; some depend on hospital-wide state,1834047
INV-H2-000105,0,,,3415883,0.40,low,0,0,,INV-H2-000105#0,"H2-L00105-11: 'ASST DIAG IMG /SA-7926' is unresolved between Assisted Musculoskeletal Diagnostic Imaging (semantic_verified) ; H2-L00105-12: 'BEDS PHARM DISP' is unresolved between Bedside Pulmonary Pharmaceutical Dispensing (semantic_verified) ; a provisional total of 3415883 was computed but is not contractually defensible, so no corrected total is submitted ; not flagged, but some lines could not be identified, so not every rule could be checked",3415883
INV-H2-000106,0,,,1684549,0.40,low,0,0,,INV-H2-000106#0,"H2-L00106-09: 'EXTENDED - HM VST' is unresolved between Extended Vascular Home Visit (unresolved) ; a provisional total of 1684549 was computed but is not contractually defensible, so no corrected total is submitted ; not flagged, but some lines could not be identified, so not every rule could be checked",1684549
INV-H2-000107,0,,,1770255,0.40,low,0,0,,INV-H2-000107#0,"H2-L00107-02: cumulative utilisation of 'Emergency Haematology Transport Service' before this line lies in [34, 75], straddling a discount threshold ; H2-L00107-03: 'PALL RECOV ROOM OCC' is unresolved between Focused Palliative Recovery Room Occupancy (semantic_verified) ; H2-L00107-04: 'STD RECOV RM OCC' is unresolved between Standard Musculoskeletal Recovery Room Occupancy (semantic_verified) ; H2-L00107-07: 'AMB NUTRITIONAL SUPP /SA-7761' is unresolved between Ambulatory Haematology Nutritional Support (semantic_verified) ; H2-L00107-12: 'RTN PHYSIO SESS' is unresolved between Routine Geriatric Physiotherapy Session (semantic_verified) ; H2-L00107-13: 'PULM INF THER /SA-9868' is unresolved between Postoperative Pulmonary Infusion Therapy (semantic_verified) ; H2-L00107-14: 'INTERM  REHAB PROG' is unresolved between Intermittent Otolaryngologic Rehabilitation Programme (semantic_verified) ; a provisional total of 1770255 was computed but is not contractually defensible, so no corrected total is submitted ; not flagged, but some lines could not be identified, so not every rule could be checked",1770255
INV-H2-000108,0,,939000,939000,0.85,high,1,1,939000,INV-H2-000108#0,not flagged; every line identified from text and priced exactly,939000
INV-H2-000109,0,,3566239,3566239,0.85,high,1,1,3566239,INV-H2-000109#0,not flagged; every line identified from text and priced exactly,3566239
INV-H2-000110,0,,,2818189,0.40,low,0,0,,INV-H2-000110#0,"H2-L00110-03: 'PNL FOC LAB /SA-4377' is unresolved between Focused Ophthalmic Laboratory Panel (semantic_verified) ; H2-L00110-06: 'SPCLST STERILISATION SVC' is unresolved between Specialist Psychiatric Sterilisation Service (semantic_verified) ; H2-L00110-08: 'DISP FOC PHARM' is unresolved between Focused Pulmonary Pharmaceutical Dispensing (semantic_verified) ; H2-L00110-19: 'PREOP SPCM ANLY /SA-5067' is unresolved between Preoperative Cardiac Specimen Analysis (semantic_verified) ; a provisional total of 2818189 was computed but is not contractually defensible, so no corrected total is submitted ; not flagged, but some lines could not be identified, so not every rule could be checked",2818189
INV-H2-000111,0,,,3132384,0.40,low,0,0,,INV-H2-000111#0,"H2-L00111-06: 'PREOP SPCM ANLY /SA-5067' is unresolved between Preoperative Cardiac Specimen Analysis (semantic_verified) ; H2-L00111-08: 'THER  STANDARD INF' is unresolved between Standard Paediatric Infusion Therapy (semantic_verified) ; H2-L00111-11: 'EMER THTR TM /SA-2118' is unresolved between Emergency Paediatric Theatre Time (semantic_verified) ; H2-L00111-15: 'OCC INTENS WD BD' is unresolved between Intensive Palliative Ward Bed Occupancy (semantic_verified) ; a provisional total of 3132384 was computed but is not contractually defensible, so no corrected total is submitted ; not flagged, but some lines could not be identified, so not every rule could be checked",3132384
INV-H2-000112,0,,,1682241,0.40,low,0,0,,INV-H2-000112#0,"H2-L00112-01: 'IMG ASST DIAG' is unresolved between Assisted Musculoskeletal Diagnostic Imaging (semantic_verified) ; H2-L00112-06: 'POSTOP THTR TM' is unresolved between Postoperative Paediatric Theatre Time (semantic_verified) ; a provisional total of 1682241 was computed but is not contractually defensible, so no corrected total is submitted ; not flagged, but some lines could not be identified, so not every rule could be checked",1682241
INV-H2-000113,0,,,2118730,0.40,low,0,0,,INV-H2-000113#0,"H2-L00113-04: 'STD RECOV RM OCC' is unresolved between Standard Musculoskeletal Recovery Room Occupancy (semantic_verified) ; H2-L00113-08: 'INTERP  SUPERVISED IMG /SA-6042' is unresolved between Supervised Neurological Imaging Interpretation (semantic_verified) ; a provisional total of 2118730 was computed but is not contractually defensible, so no corrected total is submitted ; not flagged, but some lines could not be identified, so not every rule could be checked",2118730
INV-H2-000114,0,,,2359940,0.40,low,0,0,,INV-H2-000114#0,"H2-L00114-02: 'FRACT BEDS RADIOTHER /SA-5851' is unresolved between Bedside Ophthalmic Radiotherapy Fraction (semantic_verified) ; a provisional total of 2359940 was computed but is not contractually defensible, so no corrected total is submitted ; not flagged, but some lines could not be identified, so not every rule could be checked",2359940
INV-H2-000115,0,,456187,456187,0.85,high,1,1,456187,INV-H2-000115#0,not flagged; every line identified from text and priced exactly,456187
INV-H2-000116,0,,,4099404,0.65,medium,0,0,,INV-H2-000116#0,"H2-L00116-14: cumulative utilisation of 'Emergency Haematology Transport Service' before this line lies in [37, 78], straddling a discount threshold ; a provisional total of 4099404 was computed but is not contractually defensible, so no corrected total is submitted ; not flagged; identity rests partly on a unit-basis tie-break or a verified semantic decision",4099404
INV-H2-000117,0,,,3016765,0.40,low,0,0,,INV-H2-000117#0,"H2-L00117-09: 'INPT ISOL RM OCC' is unresolved between Inpatient Paediatric Isolation Room Occupancy (semantic_verified) ; H2-L00117-12: 'ADV ENDOSCOPIC PROC /SA-6974' is unresolved between Advanced Gastrointestinal Endoscopic Procedure (semantic_verified) ; a provisional total of 3016765 was computed but is not contractually defensible, so no corrected total is submitted ; not flagged, but some lines could not be identified, so not every rule could be checked",3016765
INV-H2-000118,0,,,2780153,0.40,low,0,0,,INV-H2-000118#0,"H2-L00118-02: cumulative utilisation of 'Focused Pulmonary Pharmaceutical Dispensing' before this line lies in [265, 309], straddling a discount threshold ; H2-L00118-03: 'PREOP SPCM ANLY /SA-5067' is unresolved between Preoperative Cardiac Specimen Analysis (semantic_verified) ; H2-L00118-05: 'ROUTINE LAB PNL /SA-5904' is unresolved between Routine Ophthalmic Laboratory Panel (semantic_verified) ; H2-L00118-08: 'PALL RECOV ROOM OCC' is unresolved between Focused Palliative Recovery Room Occupancy (semantic_verified) ; H2-L00118-10: 'PROC HEP ENDOSC' is unresolved between Supervised Hepatic Endoscopic Procedure (semantic_verified) ; a provisional total of 2780153 was computed but is not contractually defensible, so no corrected total is submitted ; not flagged, but some lines could not be identified, so not every rule could be checked",2780153
INV-H2-000119,0,,,1653293,0.40,low,0,0,,INV-H2-000119#0,"H2-L00119-01: 'SPCLST STERILISATION SVC' is unresolved between Specialist Psychiatric Sterilisation Service (semantic_verified) ; H2-L00119-04: cumulative utilisation of 'Focused Pulmonary Pharmaceutical Dispensing' before this line lies in [275, 319], straddling a discount threshold ; H2-L00119-05: 'SVC EMER TRANSP' is unresolved between Emergency Haematology Transport Service (semantic_verified) ; a provisional total of 1653293 was computed but is not contractually defensible, so no corrected total is submitted ; not flagged, but some lines could not be identified, so not every rule could be checked",1653293
INV-H2-000120,0,,2187675,2187675,0.85,high,1,1,2187675,INV-H2-000120#0,not flagged; every line identified from text and priced exactly,2187675
INV-H2-000121,0,,,3457550,0.65,medium,0,0,,INV-H2-000121#0,"H2-L00121-16: cumulative utilisation of 'Focused Pulmonary Pharmaceutical Dispensing' before this line lies in [279, 323], straddling a discount threshold ; a provisional total of 3457550 was computed but is not contractually defensible, so no corrected total is submitted ; not flagged; identity rests partly on a unit-basis tie-break or a verified semantic decision",3457550
INV-H2-000122,0,,,1592510,0.40,low,0,0,,INV-H2-000122#0,"H2-L00122-01: 'POSTOP ANAES ADMIN' is unresolved between Postoperative Ophthalmic Anaesthesia Administration (semantic_verified) ; H2-L00122-08: cumulative utilisation of 'Emergency Haematology Transport Service' before this line lies in [41, 84], straddling a discount threshold ; a provisional total of 1592510 was computed but is not contractually defensible, so no corrected total is submitted ; not flagged, but some lines could not be identified, so not every rule could be checked",1592510
INV-H2-000123,0,,,3067605,0.40,low,0,0,,INV-H2-000123#0,"H2-L00123-06: 'STD  - TELEM MONIT' is unresolved between Standard Metabolic Telemetry Monitoring (semantic_verified) ; H2-L00123-19: cumulative utilisation of 'Focused Pulmonary Pharmaceutical Dispensing' before this line lies in [286, 342], straddling a discount threshold ; a provisional total of 3067605 was computed but is not contractually defensible, so no corrected total is submitted ; not flagged, but some lines could not be identified, so not every rule could be checked",3067605
INV-H2-000124,0,,,856654,0.40,low,0,0,,INV-H2-000124#0,"H2-L00124-01: cumulative utilisation of 'Emergency Haematology Transport Service' before this line lies in [44, 87], straddling a discount threshold ; H2-L00124-07: 'BEDS PHARM DISP' is unresolved between Bedside Pulmonary Pharmaceutical Dispensing (semantic_verified) ; a provisional total of 856654 was computed but is not contractually defensible, so no corrected total is submitted ; not flagged, but some lines could not be identified, so not every rule could be checked",856654
INV-H2-000125,0,,,3396593,0.40,low,0,0,,INV-H2-000125#0,"H2-L00125-07: 'DISP FOC PHARM' is unresolved between Focused Pulmonary Pharmaceutical Dispensing (semantic_verified) ; H2-L00125-17: cumulative utilisation of 'Emergency Haematology Transport Service' before this line lies in [40, 83], straddling a discount threshold ; a provisional total of 3396593 was computed but is not contractually defensible, so no corrected total is submitted ; not flagged, but some lines could not be identified, so not every rule could be checked",3396593
INV-H2-000126,0,,,2878543,0.40,low,0,0,,INV-H2-000126#0,"H2-L00126-05: 'EXT RADIOTHER FRACT' is unresolved between Extended Orthopaedic Radiotherapy Fraction (semantic_verified) ; a provisional total of 2878543 was computed but is not contractually defensible, so no corrected total is submitted ; not flagged, but some lines could not be identified, so not every rule could be checked",2878543
INV-H2-000127,0,,1721114,1721114,0.85,high,1,1,1721114,INV-H2-000127#0,not flagged; every line identified from text and priced exactly,1721114
INV-H2-000128,0,,,3137006,0.40,low,0,0,,INV-H2-000128#0,"H2-L00128-03: 'SVC EMER TRANSP' is unresolved between Emergency Haematology Transport Service (semantic_verified) ; H2-L00128-04: 'STD  - TELEM MONIT' is unresolved between Standard Metabolic Telemetry Monitoring (semantic_verified) ; H2-L00128-08: 'SVC EMER TRANSP' is unresolved between Emergency Haematology Transport Service (semantic_verified) ; H2-L00128-10: cumulative utilisation of 'Focused Pulmonary Pharmaceutical Dispensing' before this line lies in [297, 353], straddling a discount threshold ; H2-L00128-16: 'OCC STD RECOV RM' is unresolved between Standard Musculoskeletal Recovery Room Occupancy (semantic_verified) ; a provisional total of 3137006 was computed but is not contractually defensible, so no corrected total is submitted ; not flagged, but some lines could not be identified, so not every rule could be checked",3137006
INV-H2-000129,0,,,1656345,0.40,low,0,0,,INV-H2-000129#0,"H2-L00129-01: cumulative utilisation of 'Focused Pulmonary Pharmaceutical Dispensing' before this line lies in [289, 345], straddling a discount threshold ; H2-L00129-05: 'POSTOP ANAES ADMIN' is unresolved between Postoperative Ophthalmic Anaesthesia Administration (semantic_verified) ; H2-L00129-09: 'EMER  TRANSP SERVICE /SA-9292' is unresolved between Emergency Haematology Transport Service (semantic_verified) ; a provisional total of 1656345 was computed but is not contractually defensible, so no corrected total is submitted ; not flagged, but some lines could not be identified, so not every rule could be checked",1656345
INV-H2-000130,0,,,3005248,0.40,low,0,0,,INV-H2-000130#0,"H2-L00130-01: 'OBSERVATION  CARD NURSING' is unresolved between Elective Cardiac Nursing Observation (semantic_verified) ; H2-L00130-12: 'OCC PREOP ISOL RM' is unresolved between Preoperative Neurological Isolation Room Occupancy (semantic_verified) ; a provisional total of 3005248 was computed but is not contractually defensible, so no corrected total is submitted ; not flagged, but some lines could not be identified, so not every rule could be checked",3005248
INV-H2-000131,0,,,1951976,0.40,low,0,0,,INV-H2-000131#0,"H2-L00131-11: 'ENT CS CONF /SA-6459' is unresolved between Comprehensive Otolaryngologic Case Conference (semantic_verified) ; a provisional total of 1951976 was computed but is not contractually defensible, so no corrected total is submitted ; not flagged, but some lines could not be identified, so not every rule could be checked",1951976
INV-H2-000132,0,,,413865,0.65,medium,0,0,,INV-H2-000132#0,"H2-L00132-04: cumulative utilisation of 'Emergency Haematology Transport Service' before this line lies in [47, 96], straddling a discount threshold ; a provisional total of 413865 was computed but is not contractually defensible, so no corrected total is submitted ; not flagged; identity rests partly on a unit-basis tie-break or a verified semantic decision",413865
INV-H2-000133,0,,830125,830125,0.85,high,1,1,830125,INV-H2-000133#0,not flagged; every line identified from text and priced exactly,830125
INV-H2-000134,0,,,3628983,0.40,low,0,0,,INV-H2-000134#0,"H2-L00134-05: 'SUPV  IMG INTERP' is unresolved between Supervised Neurological Imaging Interpretation (semantic_verified) ; H2-L00134-12: 'OCC PREOP ISOL RM' is unresolved between Preoperative Neurological Isolation Room Occupancy (semantic_verified) ; H2-L00134-16: 'SUPV  IMG INTERP' is unresolved between Supervised Neurological Imaging Interpretation (semantic_verified) ; H2-L00134-18: 'AMB NUTRITIONAL SUPP /SA-7761' is unresolved between Ambulatory Haematology Nutritional Support (semantic_verified) ; a provisional total of 3628983 was computed but is not contractually defensible, so no corrected total is submitted ; not flagged, but some lines could not be identified, so not every rule could be checked",3628983
INV-H2-000135,0,,,1727577,0.40,low,0,0,,INV-H2-000135#0,"H2-L00135-02: 'VASC TRANSP SVC' is unresolved between Postoperative Vascular Transport Service (semantic_verified) ; H2-L00135-03: 'VST VASCULAR HM /SA-8814' is unresolved between Extended Vascular Home Visit (semantic_verified) ; H2-L00135-07: 'POSTOP ANAES ADMIN' is unresolved between Postoperative Ophthalmic Anaesthesia Administration (semantic_verified) ; H2-L00135-09: 'POSTOP INF THER' is unresolved between Postoperative Pulmonary Infusion Therapy (semantic_verified) ; a provisional total of 1727577 was computed but is not contractually defensible, so no corrected total is submitted ; not flagged, but some lines could not be identified, so not every rule could be checked",1727577
INV-H2-000136,0,,,1844743,0.65,medium,0,0,,INV-H2-000136#0,"H2-L00136-01: cumulative utilisation of 'Emergency Haematology Transport Service' before this line lies in [50, 99], straddling a discount threshold ; a provisional total of 1844743 was computed but is not contractually defensible, so no corrected total is submitted ; not flagged; identity rests partly on a unit-basis tie-break or a verified semantic decision",1844743
INV-H2-000137,0,,,584584,0.40,low,0,0,,INV-H2-000137#0,"H2-L00137-06: 'EMER  TRANSP SVC /SA-1419' is unresolved between Emergency Haematology Transport Service (semantic_verified) ; a provisional total of 584584 was computed but is not contractually defensible, so no corrected total is submitted ; not flagged, but some lines could not be identified, so not every rule could be checked",584584
INV-H2-000138,0,,,2748673,0.40,low,0,0,,INV-H2-000138#0,"H2-L00138-02: 'EMER  TRANSP SERVICE /SA-9292' is unresolved between Emergency Haematology Transport Service (semantic_verified) ; H2-L00138-09: 'SVC EMER TRANSP' is unresolved between Emergency Haematology Transport Service (semantic_verified) ; H2-L00138-17: 'ADV ENDOSCOPIC PROC /SA-6974' is unresolved between Advanced Gastrointestinal Endoscopic Procedure (semantic_verified) ; a provisional total of 2748673 was computed but is not contractually defensible, so no corrected total is submitted ; not flagged, but some lines could not be identified, so not every rule could be checked",2748673
INV-H2-000139,0,,498875,498875,0.85,high,1,1,498875,INV-H2-000139#0,not flagged; every line identified from text and priced exactly,498875
INV-H2-000140,0,,,2595642,0.40,low,0,0,,INV-H2-000140#0,"H2-L00140-10: 'POSTOP ANAES ADMIN' is unresolved between Postoperative Ophthalmic Anaesthesia Administration (semantic_verified) ; H2-L00140-14: 'ELECT TRANSP SVC' is unresolved between Elective Cardiac Transport Service (semantic_verified) ; a provisional total of 2595642 was computed but is not contractually defensible, so no corrected total is submitted ; not flagged, but some lines could not be identified, so not every rule could be checked",2595642
INV-H2-000141,0,,,3511113,0.40,low,0,0,,INV-H2-000141#0,"H2-L00141-10: 'ELECT TRANSP SVC' is unresolved between Elective Cardiac Transport Service (semantic_verified) ; a provisional total of 3511113 was computed but is not contractually defensible, so no corrected total is submitted ; not flagged, but some lines could not be identified, so not every rule could be checked",3511113
INV-H2-000142,0,,,4792284,0.40,low,0,0,,INV-H2-000142#0,"H2-L00142-02: 'SPCLST STERILISATION SVC' is unresolved between Specialist Psychiatric Sterilisation Service (semantic_verified) ; H2-L00142-07: 'ROUTINE LAB PNL /SA-5904' is unresolved between Routine Ophthalmic Laboratory Panel (semantic_verified) ; H2-L00142-08: 'OCC PREOP ISOL RM' is unresolved between Preoperative Neurological Isolation Room Occupancy (semantic_verified) ; a provisional total of 4792284 was computed but is not contractually defensible, so no corrected total is submitted ; not flagged, but some lines could not be identified, so not every rule could be checked",4792284
INV-H2-000143,0,,,3650784,0.40,low,0,0,,INV-H2-000143#0,"H2-L00143-08: 'PREOP SPCM ANLY /SA-5067' is unresolved between Preoperative Cardiac Specimen Analysis (semantic_verified) ; H2-L00143-14: 'PALL RECOV ROOM OCC' is unresolved between Focused Palliative Recovery Room Occupancy (semantic_verified) ; a provisional total of 3650784 was computed but is not contractually defensible, so no corrected total is submitted ; not flagged, but some lines could not be identified, so not every rule could be checked",3650784
INV-H2-000144,1,unit_price_mismatch,,767964,0.40,low,0,0,,INV-H2-000144#0,"H2-L00144-01: 'SUPV  IMG INTERP' is unresolved between Supervised Neurological Imaging Interpretation (semantic_verified) ; H2-L00144-07: 'ENT CS CONF /SA-5963' is unresolved between Comprehensive Otolaryngologic Case Conference (semantic_verified) ; H2-L00144-10: 'POSTOP ANAES ADMIN' is unresolved between Postoperative Ophthalmic Anaesthesia Administration (semantic_verified) ; a finding rests on reading free text, or the corrected total cannot be reconstructed",
INV-H2-000145,0,,2771471,2771471,0.85,high,1,1,2771471,INV-H2-000145#0,not flagged; every line identified from text and priced exactly,2771471
INV-H2-000146,0,,,1528394,0.40,low,0,0,,INV-H2-000146#0,"H2-L00146-01: 'MSK RECOVERY RM OCC' is unresolved between Standard Musculoskeletal Recovery Room Occupancy (semantic_verified) ; H2-L00146-06: cumulative utilisation of 'Emergency Haematology Transport Service' before this line lies in [51, 105], straddling a discount threshold ; H2-L00146-09: 'DISP FOC PHARM' is unresolved between Focused Pulmonary Pharmaceutical Dispensing (semantic_verified) ; a provisional total of 1528394 was computed but is not contractually defensible, so no corrected total is submitted ; not flagged, but some lines could not be identified, so not every rule could be checked",1528394
INV-H2-000147,1,duplicate_invoice_id,4149703,4149703,0.85,high,1,1,4149703,INV-H2-000147#0|INV-H2-000147#1,"invoice number reused: this row represents occurrence INV-H2-000147#1; earlier occurrence(s) INV-H2-000147#0 (1 finding(s)) are audited separately in findings.csv ; every finding follows from the invoice's own fields, independent of service identity",4149703
INV-H2-000148,0,,,607093,0.40,low,0,0,,INV-H2-000148#0,"H2-L00148-04: cumulative utilisation of 'Emergency Haematology Transport Service' before this line lies in [53, 107], straddling a discount threshold ; H2-L00148-06: 'SVC EMER TRANSP' is unresolved between Emergency Haematology Transport Service (semantic_verified) ; a provisional total of 607093 was computed but is not contractually defensible, so no corrected total is submitted ; not flagged, but some lines could not be identified, so not every rule could be checked",607093
INV-H2-000149,0,,,2852913,0.40,low,0,0,,INV-H2-000149#0,"H2-L00149-06: 'POSTOP INF THER' is unresolved between Postoperative Pulmonary Infusion Therapy (semantic_verified) ; H2-L00149-07: 'EXT RADIOTHER FRACT' is unresolved between Extended Orthopaedic Radiotherapy Fraction (semantic_verified) ; H2-L00149-09: 'PSYCH TRANSF SVC' is unresolved between Standard Psychiatric Transfusion Service (semantic_verified) ; H2-L00149-10: 'POSTOP ANAES ADMIN' is unresolved between Postoperative Ophthalmic Anaesthesia Administration (semantic_verified) ; H2-L00149-12: 'OCC INTENS WD BD' is unresolved between Intensive Palliative Ward Bed Occupancy (semantic_verified) ; a provisional total of 2852913 was computed but is not contractually defensible, so no corrected total is submitted ; not flagged, but some lines could not be identified, so not every rule could be checked",2852913
INV-H2-000150,1,malformed_service_date|wrong_unit_basis,,953604,0.40,low,0,0,,INV-H2-000150#0,"H2-L00150-02: 'ASST BIOP PROC' is unresolved between Assisted Gastrointestinal Biopsy Procedure (semantic_verified) ; a provisional total of 953604 was computed but is not contractually defensible, so no corrected total is submitted ; a finding rests on reading free text, or the corrected total cannot be reconstructed",953604
INV-H2-000151,0,,,3698278,0.40,low,0,0,,INV-H2-000151#0,"H2-L00151-02: 'VASC IMAGING INTERP' is unresolved between Preoperative Vascular Imaging Interpretation (unresolved) ; H2-L00151-09: 'ENT CS CONF /SA-5963' is unresolved between Comprehensive Otolaryngologic Case Conference (semantic_verified) ; H2-L00151-13: 'PAED THEATRE TM /SA-1156' is unresolved between Emergency Paediatric Theatre Time, Postoperative Paediatric Theatre Time (semantic_verified) ; a provisional total of 3698278 was computed but is not contractually defensible, so no corrected total is submitted ; not flagged, but some lines could not be identified, so not every rule could be checked",3698278
INV-H2-000152,0,,,2943880,0.40,low,0,0,,INV-H2-000152#0,"H2-L00152-02: 'OCC INTENS WD BD' is unresolved between Intensive Palliative Ward Bed Occupancy (semantic_verified) ; H2-L00152-10: 'OBSERVATION  CARD NURSING' is unresolved between Elective Cardiac Nursing Observation (semantic_verified) ; a provisional total of 2943880 was computed but is not contractually defensible, so no corrected total is submitted ; not flagged, but some lines could not be identified, so not every rule could be checked",2943880
INV-H2-000153,0,,,1484485,0.40,low,0,0,,INV-H2-000153#0,"H2-L00153-03: 'ADV ENDOSCOPIC PROC /SA-6974' is unresolved between Advanced Gastrointestinal Endoscopic Procedure (semantic_verified) ; H2-L00153-04: 'POSTOP INF THER' is unresolved between Postoperative Pulmonary Infusion Therapy (semantic_verified) ; H2-L00153-06: 'OCC STD RECOV RM' is unresolved between Standard Musculoskeletal Recovery Room Occupancy (semantic_verified) ; H2-L00153-10: 'ADV ENDOSCOPIC PROC /SA-6974' is unresolved between Advanced Gastrointestinal Endoscopic Procedure (semantic_verified) ; a provisional total of 1484485 was computed but is not contractually defensible, so no corrected total is submitted ; not flagged, but some lines could not be identified, so not every rule could be checked",1484485
INV-H2-000154,0,,,3612189,0.65,medium,0,0,,INV-H2-000154#0,"H2-L00154-17: cumulative utilisation of 'Emergency Haematology Transport Service' before this line lies in [56, 111], straddling a discount threshold ; a provisional total of 3612189 was computed but is not contractually defensible, so no corrected total is submitted ; not flagged; identity rests partly on a unit-basis tie-break or a verified semantic decision",3612189
INV-H2-000155,0,,,2297545,0.40,low,0,0,,INV-H2-000155#0,"H2-L00155-03: 'POSTOP ANAES ADMIN' is unresolved between Postoperative Ophthalmic Anaesthesia Administration (semantic_verified) ; H2-L00155-05: 'EXT RADIOTHER FRACT' is unresolved between Extended Orthopaedic Radiotherapy Fraction (semantic_verified) ; H2-L00155-08: 'PULM INF THER /SA-9868' is unresolved between Postoperative Pulmonary Infusion Therapy (semantic_verified) ; H2-L00155-10: 'VASC TRANSP SVC' is unresolved between Postoperative Vascular Transport Service (semantic_verified) ; a provisional total of 2297545 was computed but is not contractually defensible, so no corrected total is submitted ; not flagged, but some lines could not be identified, so not every rule could be checked",2297545
INV-H2-000156,0,,,3133358,0.40,low,0,0,,INV-H2-000156#0,"H2-L00156-07: cumulative utilisation of 'Emergency Haematology Transport Service' before this line lies in [57, 112], straddling a discount threshold ; H2-L00156-08: 'DISP FOC PHARM' is unresolved between Focused Pulmonary Pharmaceutical Dispensing (semantic_verified) ; a provisional total of 3133358 was computed but is not contractually defensible, so no corrected total is submitted ; not flagged, but some lines could not be identified, so not every rule could be checked",3133358
INV-H2-000157,0,,,849911,0.65,medium,0,0,,INV-H2-000157#0,"H2-L00157-01: cumulative utilisation of 'Emergency Haematology Transport Service' before this line lies in [60, 115], straddling a discount threshold ; a provisional total of 849911 was computed but is not contractually defensible, so no corrected total is submitted ; not flagged; identity rests partly on a unit-basis tie-break or a verified semantic decision",849911
INV-H2-000158,0,,,2430168,0.40,low,0,0,,INV-H2-000158#0,"H2-L00158-07: 'SPCLST STERILISATION SVC' is unresolved between Specialist Psychiatric Sterilisation Service (semantic_verified) ; H2-L00158-09: 'POSTOP INF THER' is unresolved between Postoperative Pulmonary Infusion Therapy (semantic_verified) ; a provisional total of 2430168 was computed but is not contractually defensible, so no corrected total is submitted ; not flagged, but some lines could not be identified, so not every rule could be checked",2430168
INV-H2-000159,0,,,1139386,0.40,low,0,0,,INV-H2-000159#0,"H2-L00159-01: 'BEDS PHARM DISP' is unresolved between Bedside Pulmonary Pharmaceutical Dispensing (semantic_verified) ; a provisional total of 1139386 was computed but is not contractually defensible, so no corrected total is submitted ; not flagged, but some lines could not be identified, so not every rule could be checked",1139386
INV-H2-000160,0,,,2010188,0.40,low,0,0,,INV-H2-000160#0,"H2-L00160-07: 'SPCLST STERILISATION SVC' is unresolved between Specialist Psychiatric Sterilisation Service (semantic_verified) ; a provisional total of 2010188 was computed but is not contractually defensible, so no corrected total is submitted ; not flagged, but some lines could not be identified, so not every rule could be checked",2010188
INV-H2-000161,0,,,2566739,0.40,low,0,0,,INV-H2-000161#0,"H2-L00161-02: 'POSTOP ANAES ADMIN' is unresolved between Postoperative Ophthalmic Anaesthesia Administration (semantic_verified) ; H2-L00161-03: 'PSYCH TRANSF SVC' is unresolved between Standard Psychiatric Transfusion Service (semantic_verified) ; H2-L00161-08: 'EMER  TRANSP SVC /SA-1419' is unresolved between Emergency Haematology Transport Service (semantic_verified) ; H2-L00161-13: 'MSK RECOVERY RM OCC' is unresolved between Standard Musculoskeletal Recovery Room Occupancy (semantic_verified) ; a provisional total of 2566739 was computed but is not contractually defensible, so no corrected total is submitted ; not flagged, but some lines could not be identified, so not every rule could be checked",2566739
INV-H2-000162,0,,,1152086,0.40,low,0,0,,INV-H2-000162#0,"H2-L00162-08: 'POSTOP ANAES ADMIN' is unresolved between Postoperative Ophthalmic Anaesthesia Administration (semantic_verified) ; a provisional total of 1152086 was computed but is not contractually defensible, so no corrected total is submitted ; not flagged, but some lines could not be identified, so not every rule could be checked",1152086
INV-H2-000163,0,,,3654320,0.40,low,0,0,,INV-H2-000163#0,"H2-L00163-02: 'ASST DIAG IMG /SA-7926' is unresolved between Assisted Musculoskeletal Diagnostic Imaging (semantic_verified) ; a provisional total of 3654320 was computed but is not contractually defensible, so no corrected total is submitted ; not flagged, but some lines could not be identified, so not every rule could be checked",3654320
INV-H2-000164,0,,,4160466,0.40,low,0,0,,INV-H2-000164#0,"H2-L00164-09: 'ASST BIOP PROC' is unresolved between Assisted Gastrointestinal Biopsy Procedure (semantic_verified) ; H2-L00164-19: 'VASC TRANSP SVC' is unresolved between Postoperative Vascular Transport Service (semantic_verified) ; a provisional total of 4160466 was computed but is not contractually defensible, so no corrected total is submitted ; not flagged, but some lines could not be identified, so not every rule could be checked",4160466
INV-H2-000165,0,,,1853491,0.40,low,0,0,,INV-H2-000165#0,"H2-L00165-06: 'CARDIAC  TRANSP SERVICE' is unresolved between Elective Cardiac Transport Service (semantic_verified) ; H2-L00165-08: 'PULM INF THER /SA-9868' is unresolved between Postoperative Pulmonary Infusion Therapy (semantic_verified) ; a provisional total of 1853491 was computed but is not contractually defensible, so no corrected total is submitted ; not flagged, but some lines could not be identified, so not every rule could be checked",1853491
INV-H2-000166,0,,,2087494,0.40,low,0,0,,INV-H2-000166#0,"H2-L00166-03: 'PNL FOC LAB /SA-4377' is unresolved between Focused Ophthalmic Laboratory Panel (semantic_verified) ; H2-L00166-06: 'ENDO  CS CONF' is unresolved between Advanced Endocrine Case Conference (semantic_verified) ; H2-L00166-08: 'ADV ENDOSCOPIC PROC /SA-6974' is unresolved between Advanced Gastrointestinal Endoscopic Procedure (semantic_verified) ; H2-L00166-10: 'POSTOP INF THER' is unresolved between Postoperative Pulmonary Infusion Therapy (semantic_verified) ; a provisional total of 2087494 was computed but is not contractually defensible, so no corrected total is submitted ; not flagged, but some lines could not be identified, so not every rule could be checked",2087494
INV-H2-000167,0,,,2496350,0.40,low,0,0,,INV-H2-000167#0,"H2-L00167-02: 'EMER  TRANSP SERVICE /SA-9292' is unresolved between Emergency Haematology Transport Service (semantic_verified) ; H2-L00167-09: 'INTERP  SUPERVISED IMG /SA-6042' is unresolved between Supervised Neurological Imaging Interpretation (semantic_verified) ; H2-L00167-14: 'IMG ASST DIAG' is unresolved between Assisted Musculoskeletal Diagnostic Imaging (semantic_verified) ; a provisional total of 2496350 was computed but is not contractually defensible, so no corrected total is submitted ; not flagged, but some lines could not be identified, so not every rule could be checked",2496350
INV-H2-000168,0,,,3421831,0.40,low,0,0,,INV-H2-000168#0,"H2-L00168-07: 'BEDS PHARM DISP' is unresolved between Bedside Pulmonary Pharmaceutical Dispensing (semantic_verified) ; H2-L00168-08: bundle partner 'Bedside Pulmonary Pharmaceutical Dispensing' may have been delivered on 2024-05-07 (unresolved description that day) ; H2-L00168-14: 'ADV ENDOSCOPIC PROC /SA-6974' is unresolved between Advanced Gastrointestinal Endoscopic Procedure (semantic_verified) ; H2-L00168-15: 'EMER  TRANSP SERVICE /SA-9292' is unresolved between Emergency Haematology Transport Service (semantic_verified) ; a provisional total of 3421831 was computed but is not contractually defensible, so no corrected total is submitted ; not flagged, but some lines could not be identified, so not every rule could be checked",3421831
INV-H2-000169,0,,,2073831,0.40,low,0,0,,INV-H2-000169#0,"H2-L00169-03: 'PALL RECOV ROOM OCC' is unresolved between Focused Palliative Recovery Room Occupancy (semantic_verified) ; a provisional total of 2073831 was computed but is not contractually defensible, so no corrected total is submitted ; not flagged, but some lines could not be identified, so not every rule could be checked",2073831
INV-H2-000170,0,,,1978684,0.40,low,0,0,,INV-H2-000170#0,"H2-L00170-03: 'ENT CS CONF /SA-5963' is unresolved between Comprehensive Otolaryngologic Case Conference (semantic_verified) ; a provisional total of 1978684 was computed but is not contractually defensible, so no corrected total is submitted ; not flagged, but some lines could not be identified, so not every rule could be checked",1978684
INV-H2-000171,1,invoice_total_mismatch|line_total_arithmetic,,2999762,0.85,high,0,0,,INV-H2-000171#0,"H2-L00171-12: 'ENDO  CS CONF' is unresolved between Advanced Endocrine Case Conference (semantic_verified) ; a provisional total of 2907262 was computed but is not contractually defensible, so no corrected total is submitted ; every finding follows from the invoice's own fields, independent of service identity",2907262
INV-H2-000172,0,,,5047206,0.40,low,0,0,,INV-H2-000172#0,"H2-L00172-04: 'OCC INTENS WD BD' is unresolved between Intensive Palliative Ward Bed Occupancy (semantic_verified) ; a provisional total of 5047206 was computed but is not contractually defensible, so no corrected total is submitted ; not flagged, but some lines could not be identified, so not every rule could be checked",5047206
INV-H2-000173,0,,,2477099,0.40,low,0,0,,INV-H2-000173#0,"H2-L00173-03: 'MSK RECOVERY RM OCC' is unresolved between Standard Musculoskeletal Recovery Room Occupancy (semantic_verified) ; H2-L00173-15: 'ENDO  CS CONF' is unresolved between Advanced Endocrine Case Conference (semantic_verified) ; a provisional total of 2477099 was computed but is not contractually defensible, so no corrected total is submitted ; not flagged, but some lines could not be identified, so not every rule could be checked",2477099
INV-H2-000174,0,,,2007600,0.40,low,0,0,,INV-H2-000174#0,"H2-L00174-01: 'EXT RADIOTHER FRACT' is unresolved between Extended Orthopaedic Radiotherapy Fraction (semantic_verified) ; H2-L00174-03: 'BEDS PHARM DISP' is unresolved between Bedside Pulmonary Pharmaceutical Dispensing (semantic_verified) ; H2-L00174-04: bundle partner 'Bedside Pulmonary Pharmaceutical Dispensing' may have been delivered on 2024-05-09 (unresolved description that day) ; H2-L00174-07: 'OBSERVATION  CARD NURSING' is unresolved between Elective Cardiac Nursing Observation (semantic_verified) ; H2-L00174-15: 'PALL RECOV ROOM OCC' is unresolved between Focused Palliative Recovery Room Occupancy (semantic_verified) ; a provisional total of 2007600 was computed but is not contractually defensible, so no corrected total is submitted ; not flagged, but some lines could not be identified, so not every rule could be checked",2007600
INV-H2-000175,0,,,2721039,0.40,low,0,0,,INV-H2-000175#0,"H2-L00175-04: 'SESS CARD DIAL' is unresolved between Focused Cardiac Dialysis Session (semantic_verified) ; a provisional total of 2721039 was computed but is not contractually defensible, so no corrected total is submitted ; not flagged, but some lines could not be identified, so not every rule could be checked",2721039
INV-H2-000176,1,line_total_arithmetic|unknown_service,,791325,0.40,low,0,0,,INV-H2-000176#0,"H2-L00176-01: bundle partner 'Standard Orthopaedic Isolation Room Occupancy' may have been delivered on 2024-05-08 (unresolved description that day) ; H2-L00176-02: 'STD ISOL RM OCC' is unresolved between Standard Neurological Isolation Room Occupancy, Standard Orthopaedic Isolation Room Occupancy (unresolved) ; H2-L00176-09: 'ENDO  CS CONF' is unresolved between Advanced Endocrine Case Conference (semantic_verified) ; H2-L00176-10: service not contracted, so no contract price exists ; a finding rests on reading free text, or the corrected total cannot be reconstructed",
INV-H2-000177,0,,,2888495,0.40,low,0,0,,INV-H2-000177#0,"H2-L00177-14: 'EMER  TRANSP SERVICE /SA-9292' is unresolved between Emergency Haematology Transport Service (semantic_verified) ; a provisional total of 2888495 was computed but is not contractually defensible, so no corrected total is submitted ; not flagged, but some lines could not be identified, so not every rule could be checked",2888495
INV-H2-000178,0,,,1810565,0.40,low,0,0,,INV-H2-000178#0,"H2-L00178-01: 'PROC HEP ENDOSC' is unresolved between Supervised Hepatic Endoscopic Procedure (semantic_verified) ; H2-L00178-06: 'OCC PREOP ISOL RM' is unresolved between Preoperative Neurological Isolation Room Occupancy (semantic_verified) ; H2-L00178-10: 'POSTOP INF THER' is unresolved between Postoperative Pulmonary Infusion Therapy (semantic_verified) ; a provisional total of 1810565 was computed but is not contractually defensible, so no corrected total is submitted ; not flagged, but some lines could not be identified, so not every rule could be checked",1810565
INV-H2-000179,0,,2861237,2861237,0.65,medium,1,1,2861237,INV-H2-000179#0,not flagged; identity rests partly on a unit-basis tie-break or a verified semantic decision,2861237
INV-H2-000180,0,,,3160638,0.40,low,0,0,,INV-H2-000180#0,"H2-L00180-03: 'ADV ENDOSCOPIC PROC /SA-6974' is unresolved between Advanced Gastrointestinal Endoscopic Procedure (semantic_verified) ; H2-L00180-12: 'OCC STD RECOV RM' is unresolved between Standard Musculoskeletal Recovery Room Occupancy (semantic_verified) ; a provisional total of 3160638 was computed but is not contractually defensible, so no corrected total is submitted ; not flagged, but some lines could not be identified, so not every rule could be checked",3160638
INV-H2-000181,0,,2280275,2280275,0.65,medium,1,1,2280275,INV-H2-000181#0,not flagged; identity rests partly on a unit-basis tie-break or a verified semantic decision,2280275
INV-H2-000182,0,,3424525,3424525,0.85,high,1,1,3424525,INV-H2-000182#0,not flagged; every line identified from text and priced exactly,3424525
INV-H2-000183,1,contract_number_mismatch,,1041743,0.85,high,0,0,,INV-H2-000183#0,"H2-L00183-04: 'THER  STANDARD INF' is unresolved between Standard Paediatric Infusion Therapy (semantic_verified) ; a provisional total of 1041743 was computed but is not contractually defensible, so no corrected total is submitted ; every finding follows from the invoice's own fields, independent of service identity",1041743
INV-H2-000184,0,,,2567831,0.40,low,0,0,,INV-H2-000184#0,"H2-L00184-01: 'SUPV  IMG INTERP' is unresolved between Supervised Neurological Imaging Interpretation (semantic_verified) ; H2-L00184-04: 'SVC EMER TRANSP' is unresolved between Emergency Haematology Transport Service (semantic_verified) ; H2-L00184-10: 'STD ISOL RM OCC' is unresolved between Standard Neurological Isolation Room Occupancy, Standard Orthopaedic Isolation Room Occupancy (unresolved) ; H2-L00184-11: bundle partner 'Standard Orthopaedic Isolation Room Occupancy' may have been delivered on 2024-05-15 (unresolved description that day) ; a provisional total of 2567831 was computed but is not contractually defensible, so no corrected total is submitted ; not flagged, but some lines could not be identified, so not every rule could be checked",2567831
INV-H2-000185,0,,1077654,1077654,0.85,high,1,1,1077654,INV-H2-000185#0,not flagged; every line identified from text and priced exactly,1077654
INV-H2-000186,0,,,2261042,0.40,low,0,0,,INV-H2-000186#0,"H2-L00186-09: 'ROUTINE LAB PNL /SA-5904' is unresolved between Routine Ophthalmic Laboratory Panel (semantic_verified) ; a provisional total of 2261042 was computed but is not contractually defensible, so no corrected total is submitted ; not flagged, but some lines could not be identified, so not every rule could be checked",2261042
INV-H2-000187,0,,,2911019,0.40,low,0,0,,INV-H2-000187#0,"H2-L00187-08: 'STD  - TELEM MONIT' is unresolved between Standard Metabolic Telemetry Monitoring (semantic_verified) ; H2-L00187-09: 'SVC EMER TRANSP' is unresolved between Emergency Haematology Transport Service (semantic_verified) ; a provisional total of 2911019 was computed but is not contractually defensible, so no corrected total is submitted ; not flagged, but some lines could not be identified, so not every rule could be checked",2911019
INV-H2-000188,0,,1848168,1848168,0.85,high,1,1,1848168,INV-H2-000188#0,not flagged; every line identified from text and priced exactly,1848168
INV-H2-000189,0,,1322741,1322741,0.85,high,1,1,1322741,INV-H2-000189#0,not flagged; every line identified from text and priced exactly,1322741
INV-H2-000190,0,,,3942015,0.40,low,0,0,,INV-H2-000190#0,"H2-L00190-10: 'PAED THEATRE TM /SA-1156' is unresolved between Emergency Paediatric Theatre Time, Postoperative Paediatric Theatre Time (semantic_verified) ; H2-L00190-12: 'AMB NUTRITIONAL SUPP /SA-7761' is unresolved between Ambulatory Haematology Nutritional Support (semantic_verified) ; a provisional total of 3942015 was computed but is not contractually defensible, so no corrected total is submitted ; not flagged, but some lines could not be identified, so not every rule could be checked",3942015
INV-H2-000191,0,,,3121011,0.40,low,0,0,,INV-H2-000191#0,"H2-L00191-11: 'POSTOP INF THER' is unresolved between Postoperative Pulmonary Infusion Therapy (semantic_verified) ; a provisional total of 3121011 was computed but is not contractually defensible, so no corrected total is submitted ; not flagged, but some lines could not be identified, so not every rule could be checked",3121011
INV-H2-000192,0,,,3569501,0.40,low,0,0,,INV-H2-000192#0,"H2-L00192-04: 'PAED THEATRE TM /SA-1156' is unresolved between Emergency Paediatric Theatre Time, Postoperative Paediatric Theatre Time (semantic_verified) ; H2-L00192-05: 'INTERM  REHAB PROG' is unresolved between Intermittent Otolaryngologic Rehabilitation Programme (semantic_verified) ; H2-L00192-10: 'FRACT BEDS RADIOTHER /SA-5851' is unresolved between Bedside Ophthalmic Radiotherapy Fraction (semantic_verified) ; a provisional total of 3569501 was computed but is not contractually defensible, so no corrected total is submitted ; not flagged, but some lines could not be identified, so not every rule could be checked",3569501
INV-H2-000193,0,,1426275,1426275,0.85,high,1,1,1426275,INV-H2-000193#0,not flagged; every line identified from text and priced exactly,1426275
INV-H2-000194,0,,,2190295,0.40,low,0,0,,INV-H2-000194#0,"H2-L00194-13: 'OCC INTENS WD BD' is unresolved between Intensive Palliative Ward Bed Occupancy (semantic_verified) ; a provisional total of 2190295 was computed but is not contractually defensible, so no corrected total is submitted ; not flagged, but some lines could not be identified, so not every rule could be checked",2190295
INV-H2-000195,0,,,2195990,0.40,low,0,0,,INV-H2-000195#0,"H2-L00195-03: 'METAB LAB PANEL' is unresolved between Supervised Metabolic Laboratory Panel (semantic_verified) ; H2-L00195-04: cumulative utilisation of 'Advanced Gastrointestinal Endoscopic Procedure' before this line lies in [98, 121], straddling a discount threshold ; a provisional total of 2195990 was computed but is not contractually defensible, so no corrected total is submitted ; not flagged, but some lines could not be identified, so not every rule could be checked",2195990
INV-H2-000196,0,,,2338637,0.40,low,0,0,,INV-H2-000196#0,"H2-L00196-03: 'AMB NUTRITIONAL SUPP /SA-7761' is unresolved between Ambulatory Haematology Nutritional Support (semantic_verified) ; H2-L00196-06: cumulative utilisation of 'Advanced Gastrointestinal Endoscopic Procedure' before this line lies in [100, 123], straddling a discount threshold ; a provisional total of 2338637 was computed but is not contractually defensible, so no corrected total is submitted ; not flagged, but some lines could not be identified, so not every rule could be checked",2338637
INV-H2-000197,1,duplicate_invoice_id,,3522408,0.85,high,0,0,,INV-H2-000197#0|INV-H2-000197#1,"H2-L01035-06: 'FRACT BEDS RADIOTHER /SA-5851' is unresolved between Bedside Ophthalmic Radiotherapy Fraction (semantic_verified) ; H2-L01035-08: 'ENT CS CONF /SA-6459' is unresolved between Comprehensive Otolaryngologic Case Conference (semantic_verified) ; H2-L01035-12: 'OCC PREOP ISOL RM' is unresolved between Preoperative Neurological Isolation Room Occupancy (semantic_verified) ; H2-L01035-17: 'CARDIAC  TRANSP SERVICE' is unresolved between Elective Cardiac Transport Service (semantic_verified) ; invoice number reused: this row represents occurrence INV-H2-000197#1; earlier occurrence(s) INV-H2-000197#0 (0 finding(s)) are audited separately in findings.csv ; a provisional total of 3522408 was computed but is not contractually defensible, so no corrected total is submitted ; every finding follows from the invoice's own fields, independent of service identity",3522408
INV-H2-000198,0,,,2726444,0.40,low,0,0,,INV-H2-000198#0,"H2-L00198-09: 'VASC IMAGING INTERP' is unresolved between Preoperative Vascular Imaging Interpretation (unresolved) ; a provisional total of 2726444 was computed but is not contractually defensible, so no corrected total is submitted ; not flagged, but some lines could not be identified, so not every rule could be checked",2726444
INV-H2-000199,0,,,3747628,0.40,low,0,0,,INV-H2-000199#0,"H2-L00199-03: 'ASST DIAG IMG /SA-7926' is unresolved between Assisted Musculoskeletal Diagnostic Imaging (semantic_verified) ; a provisional total of 3747628 was computed but is not contractually defensible, so no corrected total is submitted ; not flagged, but some lines could not be identified, so not every rule could be checked",3747628
INV-H2-000200,0,,,3195170,0.40,low,0,0,,INV-H2-000200#0,"H2-L00200-13: 'SVC EMER TRANSP' is unresolved between Emergency Haematology Transport Service (semantic_verified) ; a provisional total of 3195170 was computed but is not contractually defensible, so no corrected total is submitted ; not flagged, but some lines could not be identified, so not every rule could be checked",3195170
INV-H2-000201,0,,,1373725,0.40,low,0,0,,INV-H2-000201#0,"H2-L00201-05: 'PALL RECOV ROOM OCC' is unresolved between Focused Palliative Recovery Room Occupancy (semantic_verified) ; a provisional total of 1373725 was computed but is not contractually defensible, so no corrected total is submitted ; not flagged, but some lines could not be identified, so not every rule could be checked",1373725
INV-H2-000202,0,,,1575784,0.40,low,0,0,,INV-H2-000202#0,"H2-L00202-10: 'POSTOP ANAES ADMIN' is unresolved between Postoperative Ophthalmic Anaesthesia Administration (semantic_verified) ; a provisional total of 1575784 was computed but is not contractually defensible, so no corrected total is submitted ; not flagged, but some lines could not be identified, so not every rule could be checked",1575784
INV-H2-000203,0,,,2193175,0.40,low,0,0,,INV-H2-000203#0,"H2-L00203-06: 'PULM INF THER /SA-9868' is unresolved between Postoperative Pulmonary Infusion Therapy (semantic_verified) ; a provisional total of 2193175 was computed but is not contractually defensible, so no corrected total is submitted ; not flagged, but some lines could not be identified, so not every rule could be checked",2193175
INV-H2-000204,0,,,2552210,0.40,low,0,0,,INV-H2-000204#0,"H2-L00204-03: 'OBSERVATION  CARD NURSING' is unresolved between Elective Cardiac Nursing Observation (semantic_verified) ; H2-L00204-09: 'PNL FOC LAB /SA-4377' is unresolved between Focused Ophthalmic Laboratory Panel (semantic_verified) ; H2-L00204-12: 'PALL RECOV ROOM OCC' is unresolved between Focused Palliative Recovery Room Occupancy (semantic_verified) ; H2-L00204-13: 'PULM INF THER /SA-9868' is unresolved between Postoperative Pulmonary Infusion Therapy (semantic_verified) ; a provisional total of 2552210 was computed but is not contractually defensible, so no corrected total is submitted ; not flagged, but some lines could not be identified, so not every rule could be checked",2552210
INV-H2-000205,0,,,1747464,0.40,low,0,0,,INV-H2-000205#0,"H2-L00205-02: 'ENT CS CONF /SA-6459' is unresolved between Comprehensive Otolaryngologic Case Conference (semantic_verified) ; H2-L00205-04: cumulative utilisation of 'Advanced Gastrointestinal Endoscopic Procedure' before this line lies in [102, 125], straddling a discount threshold ; H2-L00205-05: 'VASC TRANSP SVC' is unresolved between Postoperative Vascular Transport Service (semantic_verified) ; H2-L00205-06: 'AMB NUTRITIONAL SUPP /SA-7761' is unresolved between Ambulatory Haematology Nutritional Support (semantic_verified) ; a provisional total of 1747464 was computed but is not contractually defensible, so no corrected total is submitted ; not flagged, but some lines could not be identified, so not every rule could be checked",1747464
INV-H2-000206,0,,1642121,1642121,0.85,high,1,1,1642121,INV-H2-000206#0,not flagged; every line identified from text and priced exactly,1642121
INV-H2-000207,0,,,5339128,0.40,low,0,0,,INV-H2-000207#0,"H2-L00207-01: 'STD  - TELEM MONIT' is unresolved between Standard Metabolic Telemetry Monitoring (semantic_verified) ; H2-L00207-13: cumulative utilisation of 'Advanced Gastrointestinal Endoscopic Procedure' before this line lies in [104, 127], straddling a discount threshold ; H2-L00207-14: 'EXTENDED - HM VST' is unresolved between Extended Vascular Home Visit (unresolved) ; a provisional total of 5339128 was computed but is not contractually defensible, so no corrected total is submitted ; not flagged, but some lines could not be identified, so not every rule could be checked",5339128
INV-H2-000208,0,,894341,894341,0.65,medium,1,1,894341,INV-H2-000208#0,not flagged; identity rests partly on a unit-basis tie-break or a verified semantic decision,894341
INV-H2-000209,1,service_date_after_invoice_date,,2987990,0.40,low,0,0,,INV-H2-000209#0,"H2-L00209-08: 'ADV ENDOSCOPIC PROC /SA-6974' is unresolved between Advanced Gastrointestinal Endoscopic Procedure (semantic_verified) ; a provisional total of 2987990 was computed but is not contractually defensible, so no corrected total is submitted ; a finding rests on reading free text, or the corrected total cannot be reconstructed",2987990
INV-H2-000210,0,,,2021915,0.65,medium,0,0,,INV-H2-000210#0,"H2-L00210-03: cumulative utilisation of 'Advanced Gastrointestinal Endoscopic Procedure' before this line lies in [106, 129], straddling a discount threshold ; a provisional total of 2021915 was computed but is not contractually defensible, so no corrected total is submitted ; not flagged; identity rests partly on a unit-basis tie-break or a verified semantic decision",2021915
INV-H2-000211,0,,,3224183,0.40,low,0,0,,INV-H2-000211#0,"H2-L00211-03: 'POSTOP INF THER' is unresolved between Postoperative Pulmonary Infusion Therapy (semantic_verified) ; H2-L00211-05: 'SVC EMER TRANSP' is unresolved between Emergency Haematology Transport Service (semantic_verified) ; H2-L00211-07: 'RTN PHYSIO SESS' is unresolved between Routine Geriatric Physiotherapy Session (semantic_verified) ; H2-L00211-08: cumulative utilisation of 'Advanced Gastrointestinal Endoscopic Procedure' before this line lies in [107, 132], straddling a discount threshold ; H2-L00211-12: 'SUPV  IMG INTERP' is unresolved between Supervised Neurological Imaging Interpretation (semantic_verified) ; a provisional total of 3224183 was computed but is not contractually defensible, so no corrected total is submitted ; not flagged, but some lines could not be identified, so not every rule could be checked",3224183
INV-H2-000212,0,,,2399862,0.40,low,0,0,,INV-H2-000212#0,"H2-L00212-06: cumulative utilisation of 'Advanced Gastrointestinal Endoscopic Procedure' before this line lies in [109, 134], straddling a discount threshold ; H2-L00212-13: 'OTOLARYNGOLOGIC  DISCH PLNG /SA-6235' is unresolved between Continuous Otolaryngologic Discharge Planning (semantic_verified) ; a provisional total of 2399862 was computed but is not contractually defensible, so no corrected total is submitted ; not flagged, but some lines could not be identified, so not every rule could be checked",2399862
INV-H2-000213,0,,,2036345,0.40,low,0,0,,INV-H2-000213#0,"H2-L00213-01: cumulative utilisation of 'Advanced Gastrointestinal Endoscopic Procedure' before this line lies in [110, 135], straddling a discount threshold ; H2-L00213-08: 'PREOP SPCM ANLY /SA-5067' is unresolved between Preoperative Cardiac Specimen Analysis (semantic_verified) ; H2-L00213-09: 'POSTOP INF THER' is unresolved between Postoperative Pulmonary Infusion Therapy (semantic_verified) ; H2-L00213-11: 'POSTOP ANAES ADMIN' is unresolved between Postoperative Ophthalmic Anaesthesia Administration (semantic_verified) ; H2-L00213-13: 'VASC IMAGING INTERP' is unresolved between Preoperative Vascular Imaging Interpretation (unresolved) ; a provisional total of 2036345 was computed but is not contractually defensible, so no corrected total is submitted ; not flagged, but some lines could not be identified, so not every rule could be checked",2036345
INV-H2-000214,0,,,1874579,0.40,low,0,0,,INV-H2-000214#0,"H2-L00214-05: 'VASC TRANSP SVC' is unresolved between Postoperative Vascular Transport Service (semantic_verified) ; H2-L00214-06: 'STD RECOV RM OCC' is unresolved between Standard Musculoskeletal Recovery Room Occupancy (semantic_verified) ; a provisional total of 1874579 was computed but is not contractually defensible, so no corrected total is submitted ; not flagged, but some lines could not be identified, so not every rule could be checked",1874579
INV-H2-000215,0,,,2866903,0.65,medium,0,0,,INV-H2-000215#0,"H2-L00215-02: cumulative utilisation of 'Advanced Gastrointestinal Endoscopic Procedure' before this line lies in [112, 137], straddling a discount threshold ; a provisional total of 2866903 was computed but is not contractually defensible, so no corrected total is submitted ; not flagged; identity rests partly on a unit-basis tie-break or a verified semantic decision",2866903
INV-H2-000216,0,,,2947675,0.40,low,0,0,,INV-H2-000216#0,"H2-L00216-04: 'DISP FOC PHARM' is unresolved between Focused Pulmonary Pharmaceutical Dispensing (semantic_verified) ; H2-L00216-07: 'FRACT BEDS RADIOTHER /SA-5851' is unresolved between Bedside Ophthalmic Radiotherapy Fraction (semantic_verified) ; a provisional total of 2947675 was computed but is not contractually defensible, so no corrected total is submitted ; not flagged, but some lines could not be identified, so not every rule could be checked",2947675
INV-H2-000217,0,,,812063,0.40,low,0,0,,INV-H2-000217#0,"H2-L00217-03: 'VASC TRANSP SVC' is unresolved between Postoperative Vascular Transport Service (semantic_verified) ; H2-L00217-05: 'VST VASCULAR HM /SA-8814' is unresolved between Extended Vascular Home Visit (semantic_verified) ; a provisional total of 812063 was computed but is not contractually defensible, so no corrected total is submitted ; not flagged, but some lines could not be identified, so not every rule could be checked",812063
INV-H2-000218,0,,,2870834,0.40,low,0,0,,INV-H2-000218#0,"H2-L00218-03: 'AMB NUTRITIONAL SUPP /SA-7761' is unresolved between Ambulatory Haematology Nutritional Support (semantic_verified) ; H2-L00218-05: 'OTOLARYNGOLOGIC  DISCH PLNG /SA-6235' is unresolved between Continuous Otolaryngologic Discharge Planning (semantic_verified) ; H2-L00218-10: 'STD ISOL RM OCC' is unresolved between Standard Neurological Isolation Room Occupancy, Standard Orthopaedic Isolation Room Occupancy (unresolved) ; H2-L00218-11: bundle partner 'Standard Orthopaedic Isolation Room Occupancy' may have been delivered on 2024-05-27 (unresolved description that day) ; H2-L00218-13: 'EMER  TRANSP SERVICE /SA-9292' is unresolved between Emergency Haematology Transport Service (semantic_verified) ; H2-L00218-17: 'ASST BIOP PROC' is unresolved between Assisted Gastrointestinal Biopsy Procedure (semantic_verified) ; a provisional total of 2870834 was computed but is not contractually defensible, so no corrected total is submitted ; not flagged, but some lines could not be identified, so not every rule could be checked",2870834
INV-H2-000219,0,,,5249200,0.40,low,0,0,,INV-H2-000219#0,"H2-L00219-07: 'SVC EMER TRANSP' is unresolved between Emergency Haematology Transport Service (semantic_verified) ; H2-L00219-16: cumulative utilisation of 'Advanced Gastrointestinal Endoscopic Procedure' before this line lies in [113, 138], straddling a discount threshold ; H2-L00219-19: 'SESS CARD DIAL' is unresolved between Focused Cardiac Dialysis Session (semantic_verified) ; a provisional total of 5249200 was computed but is not contractually defensible, so no corrected total is submitted ; not flagged, but some lines could not be identified, so not every rule could be checked",5249200
INV-H2-000220,0,,,5611650,0.40,low,0,0,,INV-H2-000220#0,"H2-L00220-02: 'PNL FOC LAB /SA-4377' is unresolved between Focused Ophthalmic Laboratory Panel (semantic_verified) ; H2-L00220-18: 'IMG ASST DIAG' is unresolved between Assisted Musculoskeletal Diagnostic Imaging (semantic_verified) ; a provisional total of 5611650 was computed but is not contractually defensible, so no corrected total is submitted ; not flagged, but some lines could not be identified, so not every rule could be checked",5611650
INV-H2-000221,0,,2093653,2093653,0.85,high,1,1,2093653,INV-H2-000221#0,not flagged; every line identified from text and priced exactly,2093653
INV-H2-000222,0,,1692095,1692095,0.85,high,1,1,1692095,INV-H2-000222#0,not flagged; every line identified from text and priced exactly,1692095
INV-H2-000223,0,,,1363298,0.40,low,0,0,,INV-H2-000223#0,"H2-L00223-08: 'INTERP  SUPERVISED IMG /SA-6042' is unresolved between Supervised Neurological Imaging Interpretation (semantic_verified) ; a provisional total of 1363298 was computed but is not contractually defensible, so no corrected total is submitted ; not flagged, but some lines could not be identified, so not every rule could be checked",1363298
INV-H2-000224,0,,,819455,0.40,low,0,0,,INV-H2-000224#0,"H2-L00224-04: 'PNL FOC LAB /SA-4377' is unresolved between Focused Ophthalmic Laboratory Panel (semantic_verified) ; H2-L00224-07: 'DISP FOC PHARM' is unresolved between Focused Pulmonary Pharmaceutical Dispensing (semantic_verified) ; a provisional total of 819455 was computed but is not contractually defensible, so no corrected total is submitted ; not flagged, but some lines could not be identified, so not every rule could be checked",819455
INV-H2-000225,0,,,3822242,0.40,low,0,0,,INV-H2-000225#0,"H2-L00225-04: 'PALL RECOV ROOM OCC' is unresolved between Focused Palliative Recovery Room Occupancy (semantic_verified) ; H2-L00225-08: 'PROC HEP ENDOSC' is unresolved between Supervised Hepatic Endoscopic Procedure (semantic_verified) ; H2-L00225-12: 'POSTOP ANAES ADMIN' is unresolved between Postoperative Ophthalmic Anaesthesia Administration (semantic_verified) ; H2-L00225-13: 'POSTOP THTR TM' is unresolved between Postoperative Paediatric Theatre Time (semantic_verified) ; H2-L00225-15: 'FRACT BEDS RADIOTHER /SA-5851' is unresolved between Bedside Ophthalmic Radiotherapy Fraction (semantic_verified) ; H2-L00225-17: 'EXT RADIOTHER FRACT' is unresolved between Extended Orthopaedic Radiotherapy Fraction (semantic_verified) ; H2-L00225-18: cumulative utilisation of 'Advanced Gastrointestinal Endoscopic Procedure' before this line lies in [120, 145], straddling a discount threshold ; a provisional total of 3822242 was computed but is not contractually defensible, so no corrected total is submitted ; not flagged, but some lines could not be identified, so not every rule could be checked",3822242
INV-H2-000226,0,,,2365736,0.40,low,0,0,,INV-H2-000226#0,"H2-L00226-02: 'POSTOP INF THER' is unresolved between Postoperative Pulmonary Infusion Therapy (semantic_verified) ; H2-L00226-04: 'VASC TRANSP SVC' is unresolved between Postoperative Vascular Transport Service (semantic_verified) ; H2-L00226-13: 'AMB NUTRITIONAL SUPP /SA-7761' is unresolved between Ambulatory Haematology Nutritional Support (semantic_verified) ; a provisional total of 2365736 was computed but is not contractually defensible, so no corrected total is submitted ; not flagged, but some lines could not be identified, so not every rule could be checked",2365736
INV-H2-000227,0,,,2047798,0.40,low,0,0,,INV-H2-000227#0,"H2-L00227-06: 'SUPV  IMG INTERP' is unresolved between Supervised Neurological Imaging Interpretation (semantic_verified) ; H2-L00227-09: cumulative utilisation of 'Advanced Gastrointestinal Endoscopic Procedure' before this line lies in [117, 142], straddling a discount threshold ; a provisional total of 2047798 was computed but is not contractually defensible, so no corrected total is submitted ; not flagged, but some lines could not be identified, so not every rule could be checked",2047798
INV-H2-000228,0,,,1700169,0.40,low,0,0,,INV-H2-000228#0,"H2-L00228-02: 'STD ISOL RM OCC' is unresolved between Standard Neurological Isolation Room Occupancy, Standard Orthopaedic Isolation Room Occupancy (unresolved) ; H2-L00228-03: bundle partner 'Standard Orthopaedic Isolation Room Occupancy' may have been delivered on 2024-06-02 (unresolved description that day) ; a provisional total of 1700169 was computed but is not contractually defensible, so no corrected total is submitted ; not flagged, but some lines could not be identified, so not every rule could be checked",1700169
INV-H2-000229,0,,,2115083,0.40,low,0,0,,INV-H2-000229#0,"H2-L00229-02: 'PNL FOC LAB /SA-4377' is unresolved between Focused Ophthalmic Laboratory Panel (semantic_verified) ; H2-L00229-07: cumulative utilisation of 'Advanced Gastrointestinal Endoscopic Procedure' before this line lies in [115, 140], straddling a discount threshold ; a provisional total of 2115083 was computed but is not contractually defensible, so no corrected total is submitted ; not flagged, but some lines could not be identified, so not every rule could be checked",2115083
INV-H2-000230,0,,,1871100,0.40,low,0,0,,INV-H2-000230#0,"H2-L00230-01: 'STD ISOL RM OCC' is unresolved between Standard Neurological Isolation Room Occupancy, Standard Orthopaedic Isolation Room Occupancy (unresolved) ; a provisional total of 1871100 was computed but is not contractually defensible, so no corrected total is submitted ; not flagged, but some lines could not be identified, so not every rule could be checked",1871100
INV-H2-000231,0,,,2671449,0.40,low,0,0,,INV-H2-000231#0,"H2-L00231-03: 'SUPERVISED BIOPSY PROC' is unresolved between Supervised Haematology Biopsy Procedure (semantic_verified) ; H2-L00231-04: 'INPT ISOL RM OCC' is unresolved between Inpatient Paediatric Isolation Room Occupancy (semantic_verified) ; H2-L00231-06: cumulative utilisation of 'Advanced Gastrointestinal Endoscopic Procedure' before this line lies in [118, 143], straddling a discount threshold ; H2-L00231-08: 'CARDIAC  TRANSP SERVICE' is unresolved between Elective Cardiac Transport Service (semantic_verified) ; a provisional total of 2671449 was computed but is not contractually defensible, so no corrected total is submitted ; not flagged, but some lines could not be identified, so not every rule could be checked",2671449
INV-H2-000232,0,,,554808,0.40,low,0,0,,INV-H2-000232#0,"H2-L00232-01: 'POSTOP INF THER' is unresolved between Postoperative Pulmonary Infusion Therapy (semantic_verified) ; a provisional total of 554808 was computed but is not contractually defensible, so no corrected total is submitted ; not flagged, but some lines could not be identified, so not every rule could be checked",554808
INV-H2-000233,0,,2080723,2080723,0.85,high,1,1,2080723,INV-H2-000233#0,not flagged; every line identified from text and priced exactly,2080723
INV-H2-000234,0,,,2980929,0.40,low,0,0,,INV-H2-000234#0,"H2-L00234-02: 'SVC EMER TRANSP' is unresolved between Emergency Haematology Transport Service (semantic_verified) ; H2-L00234-03: 'SVC EMER TRANSP' is unresolved between Emergency Haematology Transport Service (semantic_verified) ; a provisional total of 2980929 was computed but is not contractually defensible, so no corrected total is submitted ; not flagged, but some lines could not be identified, so not every rule could be checked",2980929
INV-H2-000235,0,,,1316842,0.40,low,0,0,,INV-H2-000235#0,"H2-L00235-06: 'ELECT TRANSP SVC' is unresolved between Elective Cardiac Transport Service (semantic_verified) ; H2-L00235-07: 'SESS PREOP PHYSIO' is unresolved between Preoperative Obstetric Physiotherapy Session (semantic_verified) ; a provisional total of 1316842 was computed but is not contractually defensible, so no corrected total is submitted ; not flagged, but some lines could not be identified, so not every rule could be checked",1316842
INV-H2-000236,0,,,3576685,0.40,low,0,0,,INV-H2-000236#0,"H2-L00236-16: 'SUPERVISED BIOPSY PROC' is unresolved between Supervised Haematology Biopsy Procedure (semantic_verified) ; a provisional total of 3576685 was computed but is not contractually defensible, so no corrected total is submitted ; not flagged, but some lines could not be identified, so not every rule could be checked",3576685
INV-H2-000237,0,,,2847629,0.40,low,0,0,,INV-H2-000237#0,"H2-L00237-09: 'SESS CARD DIAL' is unresolved between Focused Cardiac Dialysis Session (semantic_verified) ; H2-L00237-17: 'OBSERVATION  CARD NURSING' is unresolved between Elective Cardiac Nursing Observation (semantic_verified) ; H2-L00237-20: 'RTN PHYSIO SESS' is unresolved between Routine Geriatric Physiotherapy Session (semantic_verified) ; a provisional total of 2847629 was computed but is not contractually defensible, so no corrected total is submitted ; not flagged, but some lines could not be identified, so not every rule could be checked",2847629
INV-H2-000238,1,bundle_not_applied|volume_discount_omitted,,4112722,0.40,low,0,0,,INV-H2-000238#0,"H2-L00238-05: 'ELECT TRANSP SVC' is unresolved between Elective Cardiac Transport Service (semantic_verified) ; H2-L00238-10: 'ASST DIAG IMAGING' is unresolved between Assisted Musculoskeletal Diagnostic Imaging (unresolved) ; a provisional total of 4055652 was computed but is not contractually defensible, so no corrected total is submitted ; a finding rests on reading free text, or the corrected total cannot be reconstructed",4055652
INV-H2-000239,1,contract_number_mismatch|line_total_arithmetic,1141915,1140915,0.85,high,1,1,1141915,INV-H2-000239#0,"every finding follows from the invoice's own fields, independent of service identity",1141915
INV-H2-000240,0,,,2425661,0.40,low,0,0,,INV-H2-000240#0,"H2-L00240-02: 'SUPV  IMG INTERP' is unresolved between Supervised Neurological Imaging Interpretation (semantic_verified) ; H2-L00240-04: 'FRACT BEDS RADIOTHER /SA-5851' is unresolved between Bedside Ophthalmic Radiotherapy Fraction (semantic_verified) ; H2-L00240-10: 'POSTOP ANAES ADMIN' is unresolved between Postoperative Ophthalmic Anaesthesia Administration (semantic_verified) ; H2-L00240-14: 'MSK RECOVERY RM OCC' is unresolved between Standard Musculoskeletal Recovery Room Occupancy (semantic_verified) ; H2-L00240-15: 'AMB NUTRITIONAL SUPP /SA-7761' is unresolved between Ambulatory Haematology Nutritional Support (semantic_verified) ; a provisional total of 2425661 was computed but is not contractually defensible, so no corrected total is submitted ; not flagged, but some lines could not be identified, so not every rule could be checked",2425661
INV-H2-000241,0,,,1809995,0.40,low,0,0,,INV-H2-000241#0,"H2-L00241-03: 'ADV ENDOSCOPIC PROC /SA-6974' is unresolved between Advanced Gastrointestinal Endoscopic Procedure (semantic_verified) ; a provisional total of 1809995 was computed but is not contractually defensible, so no corrected total is submitted ; not flagged, but some lines could not be identified, so not every rule could be checked",1809995
INV-H2-000242,0,,1754517,1754517,0.85,high,1,1,1754517,INV-H2-000242#0,not flagged; every line identified from text and priced exactly,1754517
INV-H2-000243,0,,,1572770,0.40,low,0,0,,INV-H2-000243#0,"H2-L00243-02: 'DISP FOC PHARM' is unresolved between Focused Pulmonary Pharmaceutical Dispensing (semantic_verified) ; H2-L00243-04: 'VASC IMAGING INTERP' is unresolved between Preoperative Vascular Imaging Interpretation (unresolved) ; H2-L00243-05: 'SPCLST STERILISATION SVC' is unresolved between Specialist Psychiatric Sterilisation Service (semantic_verified) ; a provisional total of 1572770 was computed but is not contractually defensible, so no corrected total is submitted ; not flagged, but some lines could not be identified, so not every rule could be checked",1572770
INV-H2-000244,0,,,2875784,0.40,low,0,0,,INV-H2-000244#0,"H2-L00244-11: 'VASC IMAGING INTERP' is unresolved between Preoperative Vascular Imaging Interpretation (unresolved) ; H2-L00244-14: 'ELECT TRANSP SVC' is unresolved between Elective Cardiac Transport Service (semantic_verified) ; H2-L00244-16: 'CARD  NURS OBS' is unresolved between Elective Cardiac Nursing Observation (semantic_verified) ; a provisional total of 2875784 was computed but is not contractually defensible, so no corrected total is submitted ; not flagged, but some lines could not be identified, so not every rule could be checked",2875784
INV-H2-000245,0,,,3639816,0.40,low,0,0,,INV-H2-000245#0,"H2-L00245-04: 'INTERM  REHAB PROG' is unresolved between Intermittent Otolaryngologic Rehabilitation Programme (semantic_verified) ; H2-L00245-10: 'METAB LAB PANEL' is unresolved between Supervised Metabolic Laboratory Panel (semantic_verified) ; H2-L00245-14: 'IMG ASST DIAG' is unresolved between Assisted Musculoskeletal Diagnostic Imaging (semantic_verified) ; a provisional total of 3639816 was computed but is not contractually defensible, so no corrected total is submitted ; not flagged, but some lines could not be identified, so not every rule could be checked",3639816
INV-H2-000246,0,,,3928710,0.40,low,0,0,,INV-H2-000246#0,"H2-L00246-02: 'SPCLST STERILISATION SVC' is unresolved between Specialist Psychiatric Sterilisation Service (semantic_verified) ; H2-L00246-06: 'DISP FOC PHARM' is unresolved between Focused Pulmonary Pharmaceutical Dispensing (semantic_verified) ; H2-L00246-11: 'OCC STD RECOV RM' is unresolved between Standard Musculoskeletal Recovery Room Occupancy (semantic_verified) ; H2-L00246-19: 'ENT CS CONF /SA-6459' is unresolved between Comprehensive Otolaryngologic Case Conference (semantic_verified) ; a provisional total of 3928710 was computed but is not contractually defensible, so no corrected total is submitted ; not flagged, but some lines could not be identified, so not every rule could be checked",3928710
INV-H2-000247,0,,,2158429,0.40,low,0,0,,INV-H2-000247#0,"H2-L00247-06: 'DISP FOC PHARM' is unresolved between Focused Pulmonary Pharmaceutical Dispensing (semantic_verified) ; H2-L00247-07: 'EXTENDED - HM VST' is unresolved between Extended Vascular Home Visit (unresolved) ; a provisional total of 2158429 was computed but is not contractually defensible, so no corrected total is submitted ; not flagged, but some lines could not be identified, so not every rule could be checked",2158429
INV-H2-000248,1,service_date_out_of_contract,,2944030,0.85,high,0,0,,INV-H2-000248#0,"H2-L00248-15: 'RTN PHYSIO SESS' is unresolved between Routine Geriatric Physiotherapy Session (semantic_verified) ; a provisional total of 2944030 was computed but is not contractually defensible, so no corrected total is submitted ; every finding follows from the invoice's own fields, independent of service identity",2944030
INV-H2-000249,1,contract_number_mismatch|unknown_service,,622800,0.40,low,0,0,,INV-H2-000249#0,"H2-L00249-02: service not contracted, so no contract price exists ; H2-L00249-05: 'CARD  NURS OBS' is unresolved between Elective Cardiac Nursing Observation (semantic_verified) ; H2-L00249-06: 'PALL RECOV ROOM OCC' is unresolved between Focused Palliative Recovery Room Occupancy (semantic_verified) ; a finding rests on reading free text, or the corrected total cannot be reconstructed",
INV-H2-000250,0,,,3640555,0.40,low,0,0,,INV-H2-000250#0,"H2-L00250-08: 'CARD  NURS OBS' is unresolved between Elective Cardiac Nursing Observation (semantic_verified) ; H2-L00250-09: 'MSK RECOVERY RM OCC' is unresolved between Standard Musculoskeletal Recovery Room Occupancy (semantic_verified) ; H2-L00250-13: 'CARDIAC  TRANSP SERVICE' is unresolved between Elective Cardiac Transport Service (semantic_verified) ; a provisional total of 3640555 was computed but is not contractually defensible, so no corrected total is submitted ; not flagged, but some lines could not be identified, so not every rule could be checked",3640555
INV-H2-000251,0,,,3991755,0.40,low,0,0,,INV-H2-000251#0,"H2-L00251-08: 'METAB LAB PANEL' is unresolved between Supervised Metabolic Laboratory Panel (semantic_verified) ; H2-L00251-10: 'ADV ENDOSCOPIC PROC /SA-6974' is unresolved between Advanced Gastrointestinal Endoscopic Procedure (semantic_verified) ; H2-L00251-11: 'ASST DIAG IMAGING' is unresolved between Assisted Musculoskeletal Diagnostic Imaging (unresolved) ; H2-L00251-15: cumulative utilisation of 'Emergency Haematology Transport Service' before this line lies in [107, 182], straddling a discount threshold ; H2-L00251-17: 'PROC HEP ENDOSC' is unresolved between Supervised Hepatic Endoscopic Procedure (semantic_verified) ; a provisional total of 3991755 was computed but is not contractually defensible, so no corrected total is submitted ; not flagged, but some lines could not be identified, so not every rule could be checked",3991755
INV-H2-000252,0,,,2386515,0.40,low,0,0,,INV-H2-000252#0,"H2-L00252-03: 'STD  - TELEM MONIT' is unresolved between Standard Metabolic Telemetry Monitoring (semantic_verified) ; a provisional total of 2386515 was computed but is not contractually defensible, so no corrected total is submitted ; not flagged, but some lines could not be identified, so not every rule could be checked",2386515
INV-H2-000253,0,,,2100395,0.40,low,0,0,,INV-H2-000253#0,"H2-L00253-03: 'EMER  TRANSP SERVICE /SA-9292' is unresolved between Emergency Haematology Transport Service (semantic_verified) ; H2-L00253-05: 'POSTOP INF THER' is unresolved between Postoperative Pulmonary Infusion Therapy (semantic_verified) ; H2-L00253-15: 'ELECT TRANSP SVC' is unresolved between Elective Cardiac Transport Service (semantic_verified) ; a provisional total of 2100395 was computed but is not contractually defensible, so no corrected total is submitted ; not flagged, but some lines could not be identified, so not every rule could be checked",2100395
INV-H2-000254,0,,3152453,3152453,0.85,high,1,1,3152453,INV-H2-000254#0,not flagged; every line identified from text and priced exactly,3152453
INV-H2-000255,0,,,1298069,0.40,low,0,0,,INV-H2-000255#0,"H2-L00255-02: 'EXT RADIOTHER FRACT' is unresolved between Extended Orthopaedic Radiotherapy Fraction (semantic_verified) ; H2-L00255-06: 'CARDIAC  TRANSP SERVICE' is unresolved between Elective Cardiac Transport Service (semantic_verified) ; a provisional total of 1298069 was computed but is not contractually defensible, so no corrected total is submitted ; not flagged, but some lines could not be identified, so not every rule could be checked",1298069
INV-H2-000256,0,,,1269959,0.40,low,0,0,,INV-H2-000256#0,"H2-L00256-10: 'VASC IMAGING INTERP' is unresolved between Preoperative Vascular Imaging Interpretation (unresolved) ; H2-L00256-11: cumulative utilisation of 'Emergency Haematology Transport Service' before this line lies in [110, 186], straddling a discount threshold ; a provisional total of 1269959 was computed but is not contractually defensible, so no corrected total is submitted ; not flagged, but some lines could not be identified, so not every rule could be checked",1269959
INV-H2-000257,0,,,1700570,0.40,low,0,0,,INV-H2-000257#0,"H2-L00257-02: 'SESS CARD DIAL' is unresolved between Focused Cardiac Dialysis Session (semantic_verified) ; a provisional total of 1700570 was computed but is not contractually defensible, so no corrected total is submitted ; not flagged, but some lines could not be identified, so not every rule could be checked",1700570
INV-H2-000258,0,,4756505,4756505,0.85,high,1,1,4756505,INV-H2-000258#0,not flagged; every line identified from text and priced exactly,4756505
INV-H2-000259,0,,,2120226,0.40,low,0,0,,INV-H2-000259#0,"H2-L00259-01: 'ASST DIAG IMAGING' is unresolved between Assisted Musculoskeletal Diagnostic Imaging (unresolved) ; a provisional total of 2120226 was computed but is not contractually defensible, so no corrected total is submitted ; not flagged, but some lines could not be identified, so not every rule could be checked",2120226
INV-H2-000260,0,,,3875219,0.40,low,0,0,,INV-H2-000260#0,"H2-L00260-06: 'INPT ISOL RM OCC' is unresolved between Inpatient Paediatric Isolation Room Occupancy (semantic_verified) ; a provisional total of 3875219 was computed but is not contractually defensible, so no corrected total is submitted ; not flagged, but some lines could not be identified, so not every rule could be checked",3875219
INV-H2-000261,0,,,1770116,0.40,low,0,0,,INV-H2-000261#0,"H2-L00261-05: 'IMG ASST DIAG' is unresolved between Assisted Musculoskeletal Diagnostic Imaging (semantic_verified) ; H2-L00261-06: 'VASC IMAGING INTERP' is unresolved between Preoperative Vascular Imaging Interpretation (unresolved) ; H2-L00261-08: 'ADV ENDOSCOPIC PROC /SA-6974' is unresolved between Advanced Gastrointestinal Endoscopic Procedure (semantic_verified) ; a provisional total of 1770116 was computed but is not contractually defensible, so no corrected total is submitted ; not flagged, but some lines could not be identified, so not every rule could be checked",1770116
INV-H2-000262,0,,,1413500,0.40,low,0,0,,INV-H2-000262#0,"H2-L00262-07: 'PALL RECOV ROOM OCC' is unresolved between Focused Palliative Recovery Room Occupancy (semantic_verified) ; a provisional total of 1413500 was computed but is not contractually defensible, so no corrected total is submitted ; not flagged, but some lines could not be identified, so not every rule could be checked",1413500
INV-H2-000263,0,,1002747,1002747,0.65,medium,1,1,1002747,INV-H2-000263#0,not flagged; identity rests partly on a unit-basis tie-break or a verified semantic decision,1002747
INV-H2-000264,0,,,1903274,0.40,low,0,0,,INV-H2-000264#0,"H2-L00264-07: 'STD  - TELEM MONIT' is unresolved between Standard Metabolic Telemetry Monitoring (semantic_verified) ; a provisional total of 1903274 was computed but is not contractually defensible, so no corrected total is submitted ; not flagged, but some lines could not be identified, so not every rule could be checked",1903274
INV-H2-000265,0,,676285,676285,0.65,medium,1,1,676285,INV-H2-000265#0,not flagged; identity rests partly on a unit-basis tie-break or a verified semantic decision,676285
INV-H2-000266,0,,,4335855,0.40,low,0,0,,INV-H2-000266#0,"H2-L00266-06: 'ADV ENDOSCOPIC PROC /SA-6974' is unresolved between Advanced Gastrointestinal Endoscopic Procedure (semantic_verified) ; a provisional total of 4335855 was computed but is not contractually defensible, so no corrected total is submitted ; not flagged, but some lines could not be identified, so not every rule could be checked",4335855
INV-H2-000267,0,,,1646604,0.40,low,0,0,,INV-H2-000267#0,"H2-L00267-05: 'EMER  TRANSP SVC /SA-1419' is unresolved between Emergency Haematology Transport Service (semantic_verified) ; a provisional total of 1646604 was computed but is not contractually defensible, so no corrected total is submitted ; not flagged, but some lines could not be identified, so not every rule could be checked",1646604
INV-H2-000268,0,,,1812741,0.40,low,0,0,,INV-H2-000268#0,"H2-L00268-01: 'EMER  TRANSP SVC /SA-1419' is unresolved between Emergency Haematology Transport Service (semantic_verified) ; H2-L00268-07: 'EMER  TRANSP SERVICE /SA-9292' is unresolved between Emergency Haematology Transport Service (semantic_verified) ; a provisional total of 1812741 was computed but is not contractually defensible, so no corrected total is submitted ; not flagged, but some lines could not be identified, so not every rule could be checked",1812741
INV-H2-000269,0,,,3633017,0.40,low,0,0,,INV-H2-000269#0,"H2-L00269-02: 'INTERP  SUPERVISED IMG /SA-6042' is unresolved between Supervised Neurological Imaging Interpretation (semantic_verified) ; a provisional total of 3633017 was computed but is not contractually defensible, so no corrected total is submitted ; not flagged, but some lines could not be identified, so not every rule could be checked",3633017
INV-H2-000270,0,,,1930440,0.40,low,0,0,,INV-H2-000270#0,"H2-L00270-03: 'SVC EMER TRANSP' is unresolved between Emergency Haematology Transport Service (semantic_verified) ; H2-L00270-07: 'BEDS PHARM DISP' is unresolved between Bedside Pulmonary Pharmaceutical Dispensing (semantic_verified) ; H2-L00270-08: 'OBSERVATION  CARD NURSING' is unresolved between Elective Cardiac Nursing Observation (semantic_verified) ; a provisional total of 1930440 was computed but is not contractually defensible, so no corrected total is submitted ; not flagged, but some lines could not be identified, so not every rule could be checked",1930440
INV-H2-000271,0,,,2348347,0.40,low,0,0,,INV-H2-000271#0,"H2-L00271-07: cumulative utilisation of 'Emergency Haematology Transport Service' before this line lies in [111, 190], straddling a discount threshold ; H2-L00271-08: 'POSTOP THTR TM' is unresolved between Postoperative Paediatric Theatre Time (semantic_verified) ; H2-L00271-10: 'MSK RECOVERY RM OCC' is unresolved between Standard Musculoskeletal Recovery Room Occupancy (semantic_verified) ; a provisional total of 2348347 was computed but is not contractually defensible, so no corrected total is submitted ; not flagged, but some lines could not be identified, so not every rule could be checked",2348347
INV-H2-000272,0,,,1775741,0.40,low,0,0,,INV-H2-000272#0,"H2-L00272-04: 'FRACT BEDS RADIOTHER /SA-5851' is unresolved between Bedside Ophthalmic Radiotherapy Fraction (semantic_verified) ; H2-L00272-06: cumulative utilisation of 'Emergency Haematology Transport Service' before this line lies in [114, 199], straddling a discount threshold ; H2-L00272-08: 'SESS CARD DIAL' is unresolved between Focused Cardiac Dialysis Session (semantic_verified) ; a provisional total of 1775741 was computed but is not contractually defensible, so no corrected total is submitted ; not flagged, but some lines could not be identified, so not every rule could be checked",1775741
INV-H2-000273,0,,,3626296,0.40,low,0,0,,INV-H2-000273#0,"H2-L00273-04: 'METAB LAB PANEL' is unresolved between Supervised Metabolic Laboratory Panel (semantic_verified) ; H2-L00273-18: 'INTERM  REHAB PROG' is unresolved between Intermittent Otolaryngologic Rehabilitation Programme (semantic_verified) ; a provisional total of 3626296 was computed but is not contractually defensible, so no corrected total is submitted ; not flagged, but some lines could not be identified, so not every rule could be checked",3626296
INV-H2-000274,0,,,2988227,0.40,low,0,0,,INV-H2-000274#0,"H2-L00274-11: 'VST VASCULAR HM /SA-8814' is unresolved between Extended Vascular Home Visit (semantic_verified) ; H2-L00274-13: 'SPCLST STERILISATION SVC' is unresolved between Specialist Psychiatric Sterilisation Service (semantic_verified) ; a provisional total of 2988227 was computed but is not contractually defensible, so no corrected total is submitted ; not flagged, but some lines could not be identified, so not every rule could be checked",2988227
INV-H2-000275,0,,,2399610,0.40,low,0,0,,INV-H2-000275#0,"H2-L00275-02: 'ASST DIAG IMAGING' is unresolved between Assisted Musculoskeletal Diagnostic Imaging (unresolved) ; H2-L00275-12: 'ELECT TRANSP SVC' is unresolved between Elective Cardiac Transport Service (semantic_verified) ; H2-L00275-14: 'SPCLST STERILISATION SVC' is unresolved between Specialist Psychiatric Sterilisation Service (semantic_verified) ; a provisional total of 2399610 was computed but is not contractually defensible, so no corrected total is submitted ; not flagged, but some lines could not be identified, so not every rule could be checked",2399610
INV-H2-000276,0,,,2928873,0.40,low,0,0,,INV-H2-000276#0,"H2-L00276-05: 'THER  STANDARD INF' is unresolved between Standard Paediatric Infusion Therapy (semantic_verified) ; H2-L00276-15: 'STD  - TELEM MONIT' is unresolved between Standard Metabolic Telemetry Monitoring (semantic_verified) ; a provisional total of 2928873 was computed but is not contractually defensible, so no corrected total is submitted ; not flagged, but some lines could not be identified, so not every rule could be checked",2928873
INV-H2-000277,0,,1961152,1961152,0.65,medium,1,1,1961152,INV-H2-000277#0,not flagged; identity rests partly on a unit-basis tie-break or a verified semantic decision,1961152
INV-H2-000278,0,,,2892472,0.40,low,0,0,,INV-H2-000278#0,"H2-L00278-14: 'OCC STD RECOV RM' is unresolved between Standard Musculoskeletal Recovery Room Occupancy (semantic_verified) ; a provisional total of 2892472 was computed but is not contractually defensible, so no corrected total is submitted ; not flagged, but some lines could not be identified, so not every rule could be checked",2892472
INV-H2-000279,0,,,4108959,0.40,low,0,0,,INV-H2-000279#0,"H2-L00279-06: 'AMB NUTRITIONAL SUPP /SA-7761' is unresolved between Ambulatory Haematology Nutritional Support (semantic_verified) ; H2-L00279-09: cumulative utilisation of 'Emergency Haematology Transport Service' before this line lies in [117, 202], straddling a discount threshold ; H2-L00279-19: 'EMER  TRANSP SVC /SA-1419' is unresolved between Emergency Haematology Transport Service (semantic_verified) ; a provisional total of 4108959 was computed but is not contractually defensible, so no corrected total is submitted ; not flagged, but some lines could not be identified, so not every rule could be checked",4108959
INV-H2-000280,0,,984725,984725,0.85,high,1,1,984725,INV-H2-000280#0,not flagged; every line identified from text and priced exactly,984725
INV-H2-000281,0,,1820081,1820081,0.85,high,1,1,1820081,INV-H2-000281#0,not flagged; every line identified from text and priced exactly,1820081
INV-H2-000282,0,,,3803564,0.40,low,0,0,,INV-H2-000282#0,"H2-L00282-02: 'ENT CS CONF /SA-5963' is unresolved between Comprehensive Otolaryngologic Case Conference (semantic_verified) ; H2-L00282-12: 'POSTOP ANAES ADMIN' is unresolved between Postoperative Ophthalmic Anaesthesia Administration (semantic_verified) ; a provisional total of 3803564 was computed but is not contractually defensible, so no corrected total is submitted ; not flagged, but some lines could not be identified, so not every rule could be checked",3803564
INV-H2-000283,0,,,4143970,0.40,low,0,0,,INV-H2-000283#0,"H2-L00283-08: 'RTN PHYSIO SESS' is unresolved between Routine Geriatric Physiotherapy Session (semantic_verified) ; H2-L00283-14: 'INTERM  REHAB PROG' is unresolved between Intermittent Otolaryngologic Rehabilitation Programme (semantic_verified) ; H2-L00283-15: 'PSYCH TRANSF SVC' is unresolved between Standard Psychiatric Transfusion Service (semantic_verified) ; a provisional total of 4143970 was computed but is not contractually defensible, so no corrected total is submitted ; not flagged, but some lines could not be identified, so not every rule could be checked",4143970
INV-H2-000284,0,,,2119699,0.40,low,0,0,,INV-H2-000284#0,"H2-L00284-05: 'OCC STD RECOV RM' is unresolved between Standard Musculoskeletal Recovery Room Occupancy (semantic_verified) ; a provisional total of 2119699 was computed but is not contractually defensible, so no corrected total is submitted ; not flagged, but some lines could not be identified, so not every rule could be checked",2119699
INV-H2-000285,0,,,3080963,0.40,low,0,0,,INV-H2-000285#0,"H2-L00285-05: 'VST VASCULAR HM /SA-8814' is unresolved between Extended Vascular Home Visit (semantic_verified) ; H2-L00285-08: 'ELECT TRANSP SVC' is unresolved between Elective Cardiac Transport Service (semantic_verified) ; H2-L00285-09: 'OTOLARYNGOLOGIC  DISCH PLNG /SA-6235' is unresolved between Continuous Otolaryngologic Discharge Planning (semantic_verified) ; H2-L00285-10: 'POSTOP INF THER' is unresolved between Postoperative Pulmonary Infusion Therapy (semantic_verified) ; a provisional total of 3080963 was computed but is not contractually defensible, so no corrected total is submitted ; not flagged, but some lines could not be identified, so not every rule could be checked",3080963
INV-H2-000286,0,,1015150,1015150,0.85,high,1,1,1015150,INV-H2-000286#0,not flagged; every line identified from text and priced exactly,1015150
INV-H2-000287,0,,,4273074,0.40,low,0,0,,INV-H2-000287#0,"H2-L00287-03: 'PSYCH TRANSF SVC' is unresolved between Standard Psychiatric Transfusion Service (semantic_verified) ; H2-L00287-06: 'ROUTINE LAB PNL /SA-5904' is unresolved between Routine Ophthalmic Laboratory Panel (semantic_verified) ; H2-L00287-08: 'STD  - TELEM MONIT' is unresolved between Standard Metabolic Telemetry Monitoring (semantic_verified) ; H2-L00287-13: 'SVC EMER TRANSP' is unresolved between Emergency Haematology Transport Service (semantic_verified) ; H2-L00287-14: 'CARDIAC  TRANSP SERVICE' is unresolved between Elective Cardiac Transport Service (semantic_verified) ; a provisional total of 4273074 was computed but is not contractually defensible, so no corrected total is submitted ; not flagged, but some lines could not be identified, so not every rule could be checked",4273074
INV-H2-000288,0,,,1708690,0.40,low,0,0,,INV-H2-000288#0,"H2-L00288-02: 'EXTENDED - HM VST' is unresolved between Extended Vascular Home Visit (unresolved) ; H2-L00288-04: 'ASST DIAG IMG /SA-7926' is unresolved between Assisted Musculoskeletal Diagnostic Imaging (semantic_verified) ; a provisional total of 1708690 was computed but is not contractually defensible, so no corrected total is submitted ; not flagged, but some lines could not be identified, so not every rule could be checked",1708690
INV-H2-000289,0,,,1786174,0.40,low,0,0,,INV-H2-000289#0,"H2-L00289-01: bundle partner 'Bedside Pulmonary Pharmaceutical Dispensing' may have been delivered on 2024-07-08 (unresolved description that day) ; H2-L00289-02: 'BEDS PHARM DISP' is unresolved between Bedside Pulmonary Pharmaceutical Dispensing (semantic_verified) ; H2-L00289-04: 'SPCLST STERILISATION SVC' is unresolved between Specialist Psychiatric Sterilisation Service (semantic_verified) ; H2-L00289-05: 'ENT CS CONF /SA-5963' is unresolved between Comprehensive Otolaryngologic Case Conference (semantic_verified) ; a provisional total of 1786174 was computed but is not contractually defensible, so no corrected total is submitted ; not flagged, but some lines could not be identified, so not every rule could be checked",1786174
INV-H2-000290,1,duplicate_invoice_id|wrong_unit_basis|exclusion_window_violation,,2219418,0.40,low,0,0,,INV-H2-000290#0|INV-H2-000290#1,"H2-L00636-10: 'POSTOP THTR TM' is unresolved between Postoperative Paediatric Theatre Time (semantic_verified) ; invoice number reused: this row represents occurrence INV-H2-000290#1; earlier occurrence(s) INV-H2-000290#0 (0 finding(s)) are audited separately in findings.csv ; a provisional total of 1916568 was computed but is not contractually defensible, so no corrected total is submitted ; a finding rests on reading free text, or the corrected total cannot be reconstructed",1916568
INV-H2-000291,0,,,1924615,0.40,low,0,0,,INV-H2-000291#0,"H2-L00291-02: bundle partner 'Bedside Pulmonary Pharmaceutical Dispensing' may have been delivered on 2024-07-08 (unresolved description that day) ; H2-L00291-03: 'BEDS PHARM DISP' is unresolved between Bedside Pulmonary Pharmaceutical Dispensing (semantic_verified) ; a provisional total of 1924615 was computed but is not contractually defensible, so no corrected total is submitted ; not flagged, but some lines could not be identified, so not every rule could be checked",1924615
INV-H2-000292,0,,,4047004,0.40,low,0,0,,INV-H2-000292#0,"H2-L00292-05: 'DISP FOC PHARM' is unresolved between Focused Pulmonary Pharmaceutical Dispensing (semantic_verified) ; H2-L00292-11: 'PALL RECOV ROOM OCC' is unresolved between Focused Palliative Recovery Room Occupancy (semantic_verified) ; H2-L00292-15: 'ELECT TRANSP SVC' is unresolved between Elective Cardiac Transport Service (semantic_verified) ; a provisional total of 4047004 was computed but is not contractually defensible, so no corrected total is submitted ; not flagged, but some lines could not be identified, so not every rule could be checked",4047004
INV-H2-000293,0,,2436845,2436845,0.85,high,1,1,2436845,INV-H2-000293#0,not flagged; every line identified from text and priced exactly,2436845
INV-H2-000294,0,,,2842445,0.40,low,0,0,,INV-H2-000294#0,"H2-L00294-01: 'ENDO  CS CONF' is unresolved between Advanced Endocrine Case Conference (semantic_verified) ; H2-L00294-09: 'INTERM  REHAB PROG' is unresolved between Intermittent Otolaryngologic Rehabilitation Programme (semantic_verified) ; a provisional total of 2842445 was computed but is not contractually defensible, so no corrected total is submitted ; not flagged, but some lines could not be identified, so not every rule could be checked",2842445
INV-H2-000295,0,,,2049905,0.40,low,0,0,,INV-H2-000295#0,"H2-L00295-03: 'ENDO  CS CONF' is unresolved between Advanced Endocrine Case Conference (semantic_verified) ; H2-L00295-07: 'METAB LAB PANEL' is unresolved between Supervised Metabolic Laboratory Panel (semantic_verified) ; a provisional total of 2049905 was computed but is not contractually defensible, so no corrected total is submitted ; not flagged, but some lines could not be identified, so not every rule could be checked",2049905
INV-H2-000296,0,,,5013599,0.40,low,0,0,,INV-H2-000296#0,"H2-L00296-04: 'SUPERVISED BIOPSY PROC' is unresolved between Supervised Haematology Biopsy Procedure (semantic_verified) ; H2-L00296-12: 'INPT ISOL RM OCC' is unresolved between Inpatient Paediatric Isolation Room Occupancy (semantic_verified) ; a provisional total of 5013599 was computed but is not contractually defensible, so no corrected total is submitted ; not flagged, but some lines could not be identified, so not every rule could be checked",5013599
INV-H2-000297,0,,,4453610,0.40,low,0,0,,INV-H2-000297#0,"H2-L00297-02: 'ADV ENDOSCOPIC PROC /SA-6974' is unresolved between Advanced Gastrointestinal Endoscopic Procedure (semantic_verified) ; H2-L00297-08: 'METAB LAB PANEL' is unresolved between Supervised Metabolic Laboratory Panel (semantic_verified) ; H2-L00297-11: 'SVC EMER TRANSP' is unresolved between Emergency Haematology Transport Service (semantic_verified) ; a provisional total of 4453610 was computed but is not contractually defensible, so no corrected total is submitted ; not flagged, but some lines could not be identified, so not every rule could be checked",4453610
INV-H2-000298,0,,,2795685,0.40,low,0,0,,INV-H2-000298#0,"H2-L00298-05: 'POSTOP ANAES ADMIN' is unresolved between Postoperative Ophthalmic Anaesthesia Administration (semantic_verified) ; a provisional total of 2795685 was computed but is not contractually defensible, so no corrected total is submitted ; not flagged, but some lines could not be identified, so not every rule could be checked",2795685
INV-H2-000299,1,contract_number_mismatch,3677863,3677863,0.85,high,1,1,3677863,INV-H2-000299#0,"every finding follows from the invoice's own fields, independent of service identity",3677863
INV-H2-000300,0,,,2910739,0.40,low,0,0,,INV-H2-000300#0,"H2-L00300-04: 'POSTOP INF THER' is unresolved between Postoperative Pulmonary Infusion Therapy (semantic_verified) ; H2-L00300-11: 'ASST DIAG IMAGING' is unresolved between Assisted Musculoskeletal Diagnostic Imaging (unresolved) ; a provisional total of 2910739 was computed but is not contractually defensible, so no corrected total is submitted ; not flagged, but some lines could not be identified, so not every rule could be checked",2910739
INV-H2-000301,0,,,3775268,0.40,low,0,0,,INV-H2-000301#0,"H2-L00301-01: 'SVC EMER TRANSP' is unresolved between Emergency Haematology Transport Service (semantic_verified) ; H2-L00301-02: bundle partner 'Bedside Pulmonary Pharmaceutical Dispensing' may have been delivered on 2024-07-17 (unresolved description that day) ; H2-L00301-03: 'BEDS PHARM DISP' is unresolved between Bedside Pulmonary Pharmaceutical Dispensing (semantic_verified) ; H2-L00301-07: 'VST VASCULAR HM /SA-8814' is unresolved between Extended Vascular Home Visit (semantic_verified) ; a provisional total of 3775268 was computed but is not contractually defensible, so no corrected total is submitted ; not flagged, but some lines could not be identified, so not every rule could be checked",3775268
INV-H2-000302,0,,,719120,0.40,low,0,0,,INV-H2-000302#0,"H2-L00302-01: 'MSK RECOVERY RM OCC' is unresolved between Standard Musculoskeletal Recovery Room Occupancy (semantic_verified) ; H2-L00302-04: 'CARDIAC  TRANSP SERVICE' is unresolved between Elective Cardiac Transport Service (semantic_verified) ; a provisional total of 719120 was computed but is not contractually defensible, so no corrected total is submitted ; not flagged, but some lines could not be identified, so not every rule could be checked",719120
INV-H2-000303,0,,,2394717,0.40,low,0,0,,INV-H2-000303#0,"H2-L00303-02: 'DISP FOC PHARM' is unresolved between Focused Pulmonary Pharmaceutical Dispensing (semantic_verified) ; H2-L00303-10: cumulative utilisation of 'Emergency Haematology Transport Service' before this line lies in [120, 215], straddling a discount threshold ; a provisional total of 2394717 was computed but is not contractually defensible, so no corrected total is submitted ; not flagged, but some lines could not be identified, so not every rule could be checked",2394717
INV-H2-000304,0,,1250195,1250195,0.85,high,1,1,1250195,INV-H2-000304#0,not flagged; every line identified from text and priced exactly,1250195
INV-H2-000305,0,,,1720763,0.40,low,0,0,,INV-H2-000305#0,"H2-L00305-04: 'DISP FOC PHARM' is unresolved between Focused Pulmonary Pharmaceutical Dispensing (semantic_verified) ; a provisional total of 1720763 was computed but is not contractually defensible, so no corrected total is submitted ; not flagged, but some lines could not be identified, so not every rule could be checked",1720763
INV-H2-000306,1,premium_incorrectly_applied,,3762607,0.40,low,0,0,,INV-H2-000306#0,"H2-L00306-09: 'ADV ENDOSCOPIC PROC /SA-6974' is unresolved between Advanced Gastrointestinal Endoscopic Procedure (semantic_verified) ; H2-L00306-11: cumulative utilisation of 'Emergency Haematology Transport Service' before this line lies in [123, 218], straddling a discount threshold ; H2-L00306-12: 'POSTOP ANAES ADMIN' is unresolved between Postoperative Ophthalmic Anaesthesia Administration (semantic_verified) ; H2-L00306-14: cumulative utilisation of 'Emergency Haematology Transport Service' before this line lies in [126, 221], straddling a discount threshold ; H2-L00306-18: 'ASST DIAG IMG /SA-7926' is unresolved between Assisted Musculoskeletal Diagnostic Imaging (semantic_verified) ; a provisional total of 3758341 was computed but is not contractually defensible, so no corrected total is submitted ; a finding rests on reading free text, or the corrected total cannot be reconstructed",3758341
INV-H2-000307,0,,,2666334,0.40,low,0,0,,INV-H2-000307#0,"H2-L00307-03: 'ADV ENDOSCOPIC PROC /SA-6974' is unresolved between Advanced Gastrointestinal Endoscopic Procedure (semantic_verified) ; a provisional total of 2666334 was computed but is not contractually defensible, so no corrected total is submitted ; not flagged, but some lines could not be identified, so not every rule could be checked",2666334
INV-H2-000308,0,,1342511,1342511,0.65,medium,1,1,1342511,INV-H2-000308#0,not flagged; identity rests partly on a unit-basis tie-break or a verified semantic decision,1342511
INV-H2-000309,0,,,2638802,0.40,low,0,0,,INV-H2-000309#0,"H2-L00309-05: 'PULM INF THER /SA-9868' is unresolved between Postoperative Pulmonary Infusion Therapy (semantic_verified) ; a provisional total of 2638802 was computed but is not contractually defensible, so no corrected total is submitted ; not flagged, but some lines could not be identified, so not every rule could be checked",2638802
INV-H2-000310,0,,,3367575,0.40,low,0,0,,INV-H2-000310#0,"H2-L00310-02: 'VASC IMAGING INTERP' is unresolved between Preoperative Vascular Imaging Interpretation (unresolved) ; H2-L00310-03: 'SUPERVISED BIOPSY PROC' is unresolved between Supervised Haematology Biopsy Procedure (semantic_verified) ; H2-L00310-08: 'ADV ENDOSCOPIC PROC /SA-6974' is unresolved between Advanced Gastrointestinal Endoscopic Procedure (semantic_verified) ; a provisional total of 3367575 was computed but is not contractually defensible, so no corrected total is submitted ; not flagged, but some lines could not be identified, so not every rule could be checked",3367575
INV-H2-000311,0,,,2948572,0.40,low,0,0,,INV-H2-000311#0,"H2-L00311-05: 'POSTOP THTR TM' is unresolved between Postoperative Paediatric Theatre Time (semantic_verified) ; a provisional total of 2948572 was computed but is not contractually defensible, so no corrected total is submitted ; not flagged, but some lines could not be identified, so not every rule could be checked",2948572
INV-H2-000312,0,,1517532,1517532,0.65,medium,1,1,1517532,INV-H2-000312#0,not flagged; identity rests partly on a unit-basis tie-break or a verified semantic decision,1517532
INV-H2-000313,0,,,2230605,0.65,medium,0,0,,INV-H2-000313#0,"H2-L00313-10: cumulative utilisation of 'Emergency Haematology Transport Service' before this line lies in [129, 224], straddling a discount threshold ; a provisional total of 2230605 was computed but is not contractually defensible, so no corrected total is submitted ; not flagged; identity rests partly on a unit-basis tie-break or a verified semantic decision",2230605
INV-H2-000314,0,,,2579449,0.40,low,0,0,,INV-H2-000314#0,"H2-L00314-03: cumulative utilisation of 'Emergency Haematology Transport Service' before this line lies in [130, 225], straddling a discount threshold ; H2-L00314-17: 'ELECT TRANSP SVC' is unresolved between Elective Cardiac Transport Service (semantic_verified) ; a provisional total of 2579449 was computed but is not contractually defensible, so no corrected total is submitted ; not flagged, but some lines could not be identified, so not every rule could be checked",2579449
INV-H2-000315,1,wrong_unit_basis|unknown_service,,1836941,0.40,low,0,0,,INV-H2-000315#0,"H2-L00315-04: 'VASC IMAGING INTERP' is unresolved between Preoperative Vascular Imaging Interpretation (unresolved) ; H2-L00315-05: cumulative utilisation of 'Emergency Haematology Transport Service' before this line lies in [128, 223], straddling a discount threshold ; H2-L00315-09: 'PSYCH TRANSF SVC' is unresolved between Standard Psychiatric Transfusion Service (semantic_verified) ; H2-L00315-10: service not contracted, so no contract price exists ; a finding rests on reading free text, or the corrected total cannot be reconstructed",
INV-H2-000316,0,,,2822219,0.65,medium,0,0,,INV-H2-000316#0,"H2-L00316-09: cumulative utilisation of 'Emergency Haematology Transport Service' before this line lies in [133, 228], straddling a discount threshold ; a provisional total of 2822219 was computed but is not contractually defensible, so no corrected total is submitted ; not flagged; identity rests partly on a unit-basis tie-break or a verified semantic decision",2822219
INV-H2-000317,0,,,726065,0.40,low,0,0,,INV-H2-000317#0,"H2-L00317-05: 'ELECT TRANSP SVC' is unresolved between Elective Cardiac Transport Service (semantic_verified) ; a provisional total of 726065 was computed but is not contractually defensible, so no corrected total is submitted ; not flagged, but some lines could not be identified, so not every rule could be checked",726065
INV-H2-000318,0,,,3066075,0.40,low,0,0,,INV-H2-000318#0,"H2-L00318-09: 'SUPERVISED BIOPSY PROC' is unresolved between Supervised Haematology Biopsy Procedure (semantic_verified) ; H2-L00318-14: 'VASC TRANSP SVC' is unresolved between Postoperative Vascular Transport Service (semantic_verified) ; a provisional total of 3066075 was computed but is not contractually defensible, so no corrected total is submitted ; not flagged, but some lines could not be identified, so not every rule could be checked",3066075
INV-H2-000319,0,,,1282121,0.40,low,0,0,,INV-H2-000319#0,"H2-L00319-01: 'POSTOP INF THER' is unresolved between Postoperative Pulmonary Infusion Therapy (semantic_verified) ; H2-L00319-07: 'ENT CS CONF /SA-5963' is unresolved between Comprehensive Otolaryngologic Case Conference (semantic_verified) ; a provisional total of 1282121 was computed but is not contractually defensible, so no corrected total is submitted ; not flagged, but some lines could not be identified, so not every rule could be checked",1282121
INV-H2-000320,0,,,3982500,0.40,low,0,0,,INV-H2-000320#0,"H2-L00320-13: 'ASST DIAG IMAGING' is unresolved between Assisted Musculoskeletal Diagnostic Imaging (unresolved) ; H2-L00320-17: 'CARD  NURS OBS' is unresolved between Elective Cardiac Nursing Observation (semantic_verified) ; a provisional total of 3982500 was computed but is not contractually defensible, so no corrected total is submitted ; not flagged, but some lines could not be identified, so not every rule could be checked",3982500
INV-H2-000321,0,,,1973038,0.40,low,0,0,,INV-H2-000321#0,"H2-L00321-12: 'EXT RADIOTHER FRACT' is unresolved between Extended Orthopaedic Radiotherapy Fraction (semantic_verified) ; a provisional total of 1973038 was computed but is not contractually defensible, so no corrected total is submitted ; not flagged, but some lines could not be identified, so not every rule could be checked",1973038
INV-H2-000322,0,,1263762,1263762,0.85,high,1,1,1263762,INV-H2-000322#0,not flagged; every line identified from text and priced exactly,1263762
INV-H2-000323,0,,,323654,0.40,low,0,0,,INV-H2-000323#0,"H2-L00323-05: 'CARDIAC  TRANSP SERVICE' is unresolved between Elective Cardiac Transport Service (semantic_verified) ; a provisional total of 323654 was computed but is not contractually defensible, so no corrected total is submitted ; not flagged, but some lines could not be identified, so not every rule could be checked",323654
INV-H2-000324,0,,,2313314,0.40,low,0,0,,INV-H2-000324#0,"H2-L00324-07: 'VASC TRANSP SVC' is unresolved between Postoperative Vascular Transport Service (semantic_verified) ; H2-L00324-08: 'EMER  TRANSP SERVICE /SA-9292' is unresolved between Emergency Haematology Transport Service (semantic_verified) ; H2-L00324-09: cumulative utilisation of 'Emergency Haematology Transport Service' before this line lies in [134, 229], straddling a discount threshold ; a provisional total of 2313314 was computed but is not contractually defensible, so no corrected total is submitted ; not flagged, but some lines could not be identified, so not every rule could be checked",2313314
INV-H2-000325,1,bundle_not_applied,,1666784,0.40,low,0,0,,INV-H2-000325#0,"H2-L00325-02: 'EMER  TRANSP SERVICE /SA-9292' is unresolved between Emergency Haematology Transport Service (semantic_verified) ; a provisional total of 1598484 was computed but is not contractually defensible, so no corrected total is submitted ; a finding rests on reading free text, or the corrected total cannot be reconstructed",1598484
INV-H2-000326,0,,,872000,0.40,low,0,0,,INV-H2-000326#0,"H2-L00326-03: 'EXT RADIOTHER FRACT' is unresolved between Extended Orthopaedic Radiotherapy Fraction (semantic_verified) ; a provisional total of 872000 was computed but is not contractually defensible, so no corrected total is submitted ; not flagged, but some lines could not be identified, so not every rule could be checked",872000
INV-H2-000327,0,,,3386714,0.40,low,0,0,,INV-H2-000327#0,"H2-L00327-09: 'ASST BIOP PROC' is unresolved between Assisted Gastrointestinal Biopsy Procedure (semantic_verified) ; H2-L00327-11: 'DISP FOC PHARM' is unresolved between Focused Pulmonary Pharmaceutical Dispensing (semantic_verified) ; H2-L00327-15: 'EMER  TRANSP SVC /SA-1419' is unresolved between Emergency Haematology Transport Service (semantic_verified) ; a provisional total of 3386714 was computed but is not contractually defensible, so no corrected total is submitted ; not flagged, but some lines could not be identified, so not every rule could be checked",3386714
INV-H2-000328,0,,2670780,2670780,0.85,high,1,1,2670780,INV-H2-000328#0,not flagged; every line identified from text and priced exactly,2670780
INV-H2-000329,0,,966437,966437,0.85,high,1,1,966437,INV-H2-000329#0,not flagged; every line identified from text and priced exactly,966437
INV-H2-000330,0,,,1553631,0.40,low,0,0,,INV-H2-000330#0,"H2-L00330-10: 'MSK RECOVERY RM OCC' is unresolved between Standard Musculoskeletal Recovery Room Occupancy (semantic_verified) ; a provisional total of 1553631 was computed but is not contractually defensible, so no corrected total is submitted ; not flagged, but some lines could not be identified, so not every rule could be checked",1553631
INV-H2-000331,0,,,2670468,0.40,low,0,0,,INV-H2-000331#0,"H2-L00331-05: 'EMER THTR TM /SA-2118' is unresolved between Emergency Paediatric Theatre Time (semantic_verified) ; H2-L00331-10: 'IMG ASST DIAG' is unresolved between Assisted Musculoskeletal Diagnostic Imaging (semantic_verified) ; H2-L00331-13: 'INTERP  SUPERVISED IMG /SA-6042' is unresolved between Supervised Neurological Imaging Interpretation (semantic_verified) ; H2-L00331-15: 'EXT RADIOTHER FRACT' is unresolved between Extended Orthopaedic Radiotherapy Fraction (semantic_verified) ; a provisional total of 2670468 was computed but is not contractually defensible, so no corrected total is submitted ; not flagged, but some lines could not be identified, so not every rule could be checked",2670468
INV-H2-000332,0,,,3646221,0.40,low,0,0,,INV-H2-000332#0,"H2-L00332-01: cumulative utilisation of 'Emergency Haematology Transport Service' before this line lies in [135, 234], straddling a discount threshold ; H2-L00332-09: 'PNL FOC LAB /SA-4377' is unresolved between Focused Ophthalmic Laboratory Panel (semantic_verified) ; H2-L00332-11: 'ASST DIAG IMG /SA-7926' is unresolved between Assisted Musculoskeletal Diagnostic Imaging (semantic_verified) ; H2-L00332-15: 'PAED THEATRE TM /SA-1156' is unresolved between Emergency Paediatric Theatre Time, Postoperative Paediatric Theatre Time (semantic_verified) ; a provisional total of 3646221 was computed but is not contractually defensible, so no corrected total is submitted ; not flagged, but some lines could not be identified, so not every rule could be checked",3646221
INV-H2-000333,0,,1201594,1201594,0.85,high,1,1,1201594,INV-H2-000333#0,not flagged; every line identified from text and priced exactly,1201594
INV-H2-000334,0,,,2990147,0.40,low,0,0,,INV-H2-000334#0,"H2-L00334-03: 'STD  - TELEM MONIT' is unresolved between Standard Metabolic Telemetry Monitoring (semantic_verified) ; H2-L00334-08: 'OBSERVATION  CARD NURSING' is unresolved between Elective Cardiac Nursing Observation (semantic_verified) ; H2-L00334-11: 'IMG ASST DIAG' is unresolved between Assisted Musculoskeletal Diagnostic Imaging (semantic_verified) ; H2-L00334-16: 'DISP FOC PHARM' is unresolved between Focused Pulmonary Pharmaceutical Dispensing (semantic_verified) ; a provisional total of 2990147 was computed but is not contractually defensible, so no corrected total is submitted ; not flagged, but some lines could not be identified, so not every rule could be checked",2990147
INV-H2-000335,0,,,4659898,0.40,low,0,0,,INV-H2-000335#0,"H2-L00335-02: 'ADV ENDOSCOPIC PROC /SA-6974' is unresolved between Advanced Gastrointestinal Endoscopic Procedure (semantic_verified) ; H2-L00335-07: 'METAB LAB PANEL' is unresolved between Supervised Metabolic Laboratory Panel (semantic_verified) ; H2-L00335-15: 'SESS CARD DIAL' is unresolved between Focused Cardiac Dialysis Session (semantic_verified) ; a provisional total of 4659898 was computed but is not contractually defensible, so no corrected total is submitted ; not flagged, but some lines could not be identified, so not every rule could be checked",4659898
INV-H2-000336,0,,,3720232,0.40,low,0,0,,INV-H2-000336#0,"H2-L00336-07: bundle partner 'Standard Orthopaedic Isolation Room Occupancy' may have been delivered on 2024-08-07 (unresolved description that day) ; H2-L00336-08: 'STD ISOL RM OCC' is unresolved between Standard Neurological Isolation Room Occupancy, Standard Orthopaedic Isolation Room Occupancy (unresolved) ; H2-L00336-10: 'ADV ENDOSCOPIC PROC /SA-6974' is unresolved between Advanced Gastrointestinal Endoscopic Procedure (semantic_verified) ; H2-L00336-12: 'STD  - TELEM MONIT' is unresolved between Standard Metabolic Telemetry Monitoring (semantic_verified) ; H2-L00336-16: 'ENT CS CONF /SA-5963' is unresolved between Comprehensive Otolaryngologic Case Conference (semantic_verified) ; a provisional total of 3720232 was computed but is not contractually defensible, so no corrected total is submitted ; not flagged, but some lines could not be identified, so not every rule could be checked",3720232
INV-H2-000337,0,,,2289976,0.40,low,0,0,,INV-H2-000337#0,"H2-L00337-04: 'DISP FOC PHARM' is unresolved between Focused Pulmonary Pharmaceutical Dispensing (semantic_verified) ; H2-L00337-07: 'ENDO  CS CONF' is unresolved between Advanced Endocrine Case Conference (semantic_verified) ; a provisional total of 2289976 was computed but is not contractually defensible, so no corrected total is submitted ; not flagged, but some lines could not be identified, so not every rule could be checked",2289976
INV-H2-000338,0,,,1967325,0.40,low,0,0,,INV-H2-000338#0,"H2-L00338-07: 'STD  - TELEM MONIT' is unresolved between Standard Metabolic Telemetry Monitoring (semantic_verified) ; H2-L00338-09: 'ASST DIAG IMG /SA-7926' is unresolved between Assisted Musculoskeletal Diagnostic Imaging (semantic_verified) ; a provisional total of 1967325 was computed but is not contractually defensible, so no corrected total is submitted ; not flagged, but some lines could not be identified, so not every rule could be checked",1967325
INV-H2-000339,0,,,2689112,0.40,low,0,0,,INV-H2-000339#0,"H2-L00339-03: 'SESS CARD DIAL' is unresolved between Focused Cardiac Dialysis Session (semantic_verified) ; a provisional total of 2689112 was computed but is not contractually defensible, so no corrected total is submitted ; not flagged, but some lines could not be identified, so not every rule could be checked",2689112
INV-H2-000340,0,,2243925,2243925,0.85,high,1,1,2243925,INV-H2-000340#0,not flagged; every line identified from text and priced exactly,2243925
INV-H2-000341,0,,,1736250,0.40,low,0,0,,INV-H2-000341#0,"H2-L00341-05: 'STD RECOV RM OCC' is unresolved between Standard Musculoskeletal Recovery Room Occupancy (semantic_verified) ; a provisional total of 1736250 was computed but is not contractually defensible, so no corrected total is submitted ; not flagged, but some lines could not be identified, so not every rule could be checked",1736250
INV-H2-000342,0,,,3732648,0.40,low,0,0,,INV-H2-000342#0,"H2-L00342-08: 'ASST BIOP PROC' is unresolved between Assisted Gastrointestinal Biopsy Procedure (semantic_verified) ; H2-L00342-10: cumulative utilisation of 'Emergency Haematology Transport Service' before this line lies in [136, 238], straddling a discount threshold ; H2-L00342-13: 'METAB LAB PANEL' is unresolved between Supervised Metabolic Laboratory Panel (semantic_verified) ; a provisional total of 3732648 was computed but is not contractually defensible, so no corrected total is submitted ; not flagged, but some lines could not be identified, so not every rule could be checked",3732648
INV-H2-000343,0,,,5344806,0.40,low,0,0,,INV-H2-000343#0,"H2-L00343-01: 'OCC STD RECOV RM' is unresolved between Standard Musculoskeletal Recovery Room Occupancy (semantic_verified) ; H2-L00343-11: 'EMER  TRANSP SERVICE /SA-9292' is unresolved between Emergency Haematology Transport Service (semantic_verified) ; a provisional total of 5344806 was computed but is not contractually defensible, so no corrected total is submitted ; not flagged, but some lines could not be identified, so not every rule could be checked",5344806
INV-H2-000344,0,,,2731884,0.40,low,0,0,,INV-H2-000344#0,"H2-L00344-02: 'ASST DIAG IMG /SA-7926' is unresolved between Assisted Musculoskeletal Diagnostic Imaging (semantic_verified) ; H2-L00344-05: 'CARDIAC  TRANSP SERVICE' is unresolved between Elective Cardiac Transport Service (semantic_verified) ; a provisional total of 2731884 was computed but is not contractually defensible, so no corrected total is submitted ; not flagged, but some lines could not be identified, so not every rule could be checked",2731884
INV-H2-000345,0,,,1708455,0.40,low,0,0,,INV-H2-000345#0,"H2-L00345-08: 'EMER THTR TM /SA-2118' is unresolved between Emergency Paediatric Theatre Time (semantic_verified) ; H2-L00345-12: 'POSTOP ANAES ADMIN' is unresolved between Postoperative Ophthalmic Anaesthesia Administration (semantic_verified) ; H2-L00345-14: 'PALL RECOV ROOM OCC' is unresolved between Focused Palliative Recovery Room Occupancy (semantic_verified) ; a provisional total of 1708455 was computed but is not contractually defensible, so no corrected total is submitted ; not flagged, but some lines could not be identified, so not every rule could be checked",1708455
INV-H2-000346,0,,,2408216,0.40,low,0,0,,INV-H2-000346#0,"H2-L00346-03: 'DISP FOC PHARM' is unresolved between Focused Pulmonary Pharmaceutical Dispensing (semantic_verified) ; a provisional total of 2408216 was computed but is not contractually defensible, so no corrected total is submitted ; not flagged, but some lines could not be identified, so not every rule could be checked",2408216
INV-H2-000347,0,,,1874095,0.40,low,0,0,,INV-H2-000347#0,"H2-L00347-08: 'PALL RECOV ROOM OCC' is unresolved between Focused Palliative Recovery Room Occupancy (semantic_verified) ; a provisional total of 1874095 was computed but is not contractually defensible, so no corrected total is submitted ; not flagged, but some lines could not be identified, so not every rule could be checked",1874095
INV-H2-000348,0,,,2412300,0.40,low,0,0,,INV-H2-000348#0,"H2-L00348-08: 'POSTOP ANAES ADMIN' is unresolved between Postoperative Ophthalmic Anaesthesia Administration (semantic_verified) ; a provisional total of 2412300 was computed but is not contractually defensible, so no corrected total is submitted ; not flagged, but some lines could not be identified, so not every rule could be checked",2412300
INV-H2-000349,0,,,2377553,0.40,low,0,0,,INV-H2-000349#0,"H2-L00349-02: 'PULM INF THER /SA-9868' is unresolved between Postoperative Pulmonary Infusion Therapy (semantic_verified) ; H2-L00349-04: 'EMER  TRANSP SERVICE /SA-9292' is unresolved between Emergency Haematology Transport Service (semantic_verified) ; a provisional total of 2377553 was computed but is not contractually defensible, so no corrected total is submitted ; not flagged, but some lines could not be identified, so not every rule could be checked",2377553
INV-H2-000350,0,,1775933,1775933,0.85,high,1,1,1775933,INV-H2-000350#0,not flagged; every line identified from text and priced exactly,1775933
INV-H2-000351,0,,,2239547,0.65,medium,0,0,,INV-H2-000351#0,"H2-L00351-10: cumulative utilisation of 'Emergency Haematology Transport Service' before this line lies in [139, 248], straddling a discount threshold ; a provisional total of 2239547 was computed but is not contractually defensible, so no corrected total is submitted ; not flagged; identity rests partly on a unit-basis tie-break or a verified semantic decision",2239547
INV-H2-000352,0,,,2541076,0.40,low,0,0,,INV-H2-000352#0,"H2-L00352-10: 'SVC EMER TRANSP' is unresolved between Emergency Haematology Transport Service (semantic_verified) ; a provisional total of 2541076 was computed but is not contractually defensible, so no corrected total is submitted ; not flagged, but some lines could not be identified, so not every rule could be checked",2541076
INV-H2-000353,0,,,1977554,0.40,low,0,0,,INV-H2-000353#0,"H2-L00353-09: 'SVC EMER TRANSP' is unresolved between Emergency Haematology Transport Service (semantic_verified) ; H2-L00353-10: 'ENT CS CONF /SA-5963' is unresolved between Comprehensive Otolaryngologic Case Conference (semantic_verified) ; H2-L00353-12: 'SESS PREOP PHYSIO' is unresolved between Preoperative Obstetric Physiotherapy Session (semantic_verified) ; a provisional total of 1977554 was computed but is not contractually defensible, so no corrected total is submitted ; not flagged, but some lines could not be identified, so not every rule could be checked",1977554
INV-H2-000354,0,,882912,882912,0.85,high,1,1,882912,INV-H2-000354#0,not flagged; every line identified from text and priced exactly,882912
INV-H2-000355,0,,,961604,0.40,low,0,0,,INV-H2-000355#0,"H2-L00355-02: 'FRACT BEDS RADIOTHER /SA-5851' is unresolved between Bedside Ophthalmic Radiotherapy Fraction (semantic_verified) ; H2-L00355-04: 'ENT CS CONF /SA-6459' is unresolved between Comprehensive Otolaryngologic Case Conference (semantic_verified) ; H2-L00355-09: 'PNL FOC LAB /SA-4377' is unresolved between Focused Ophthalmic Laboratory Panel (semantic_verified) ; a provisional total of 961604 was computed but is not contractually defensible, so no corrected total is submitted ; not flagged, but some lines could not be identified, so not every rule could be checked",961604
INV-H2-000356,0,,,3469305,0.40,low,0,0,,INV-H2-000356#0,"H2-L00356-01: 'POSTOP THTR TM' is unresolved between Postoperative Paediatric Theatre Time (semantic_verified) ; H2-L00356-06: 'PROC HEP ENDOSC' is unresolved between Supervised Hepatic Endoscopic Procedure (semantic_verified) ; H2-L00356-12: 'CARD  NURS OBS' is unresolved between Elective Cardiac Nursing Observation (semantic_verified) ; H2-L00356-13: 'METAB LAB PANEL' is unresolved between Supervised Metabolic Laboratory Panel (semantic_verified) ; a provisional total of 3469305 was computed but is not contractually defensible, so no corrected total is submitted ; not flagged, but some lines could not be identified, so not every rule could be checked",3469305
INV-H2-000357,0,,,2918301,0.40,low,0,0,,INV-H2-000357#0,"H2-L00357-01: 'EMER  TRANSP SVC /SA-1419' is unresolved between Emergency Haematology Transport Service (semantic_verified) ; H2-L00357-17: 'EMER THTR TM /SA-2118' is unresolved between Emergency Paediatric Theatre Time (semantic_verified) ; a provisional total of 2918301 was computed but is not contractually defensible, so no corrected total is submitted ; not flagged, but some lines could not be identified, so not every rule could be checked",2918301
INV-H2-000358,0,,1182388,1182388,0.65,medium,1,1,1182388,INV-H2-000358#0,not flagged; identity rests partly on a unit-basis tie-break or a verified semantic decision,1182388
INV-H2-000359,0,,,1422806,0.40,low,0,0,,INV-H2-000359#0,"H2-L00359-05: 'SVC EMER TRANSP' is unresolved between Emergency Haematology Transport Service (semantic_verified) ; a provisional total of 1422806 was computed but is not contractually defensible, so no corrected total is submitted ; not flagged, but some lines could not be identified, so not every rule could be checked",1422806
INV-H2-000360,0,,2099040,2099040,0.65,medium,1,1,2099040,INV-H2-000360#0,not flagged; identity rests partly on a unit-basis tie-break or a verified semantic decision,2099040
INV-H2-000361,0,,3203010,3203010,0.65,medium,1,1,3203010,INV-H2-000361#0,not flagged; identity rests partly on a unit-basis tie-break or a verified semantic decision,3203010
INV-H2-000362,0,,,2580301,0.40,low,0,0,,INV-H2-000362#0,"H2-L00362-19: 'PNL FOC LAB /SA-4377' is unresolved between Focused Ophthalmic Laboratory Panel (semantic_verified) ; a provisional total of 2580301 was computed but is not contractually defensible, so no corrected total is submitted ; not flagged, but some lines could not be identified, so not every rule could be checked",2580301
INV-H2-000363,0,,,2604594,0.40,low,0,0,,INV-H2-000363#0,"H2-L00363-02: 'PAED THEATRE TM /SA-1156' is unresolved between Emergency Paediatric Theatre Time, Postoperative Paediatric Theatre Time (semantic_verified) ; H2-L00363-05: 'IMG ASST DIAG' is unresolved between Assisted Musculoskeletal Diagnostic Imaging (semantic_verified) ; H2-L00363-12: 'SVC EMER TRANSP' is unresolved between Emergency Haematology Transport Service (semantic_verified) ; H2-L00363-14: 'INTERP  SUPERVISED IMG /SA-6042' is unresolved between Supervised Neurological Imaging Interpretation (semantic_verified) ; H2-L00363-15: 'BEDS PHARM DISP' is unresolved between Bedside Pulmonary Pharmaceutical Dispensing (semantic_verified) ; H2-L00363-17: 'EMER  TRANSP SVC /SA-1419' is unresolved between Emergency Haematology Transport Service (semantic_verified) ; a provisional total of 2604594 was computed but is not contractually defensible, so no corrected total is submitted ; not flagged, but some lines could not be identified, so not every rule could be checked",2604594
INV-H2-000364,0,,,4278783,0.40,low,0,0,,INV-H2-000364#0,"H2-L00364-12: 'IMG ASST DIAG' is unresolved between Assisted Musculoskeletal Diagnostic Imaging (semantic_verified) ; a provisional total of 4278783 was computed but is not contractually defensible, so no corrected total is submitted ; not flagged, but some lines could not be identified, so not every rule could be checked",4278783
INV-H2-000365,0,,,2527754,0.40,low,0,0,,INV-H2-000365#0,"H2-L00365-03: cumulative utilisation of 'Emergency Haematology Transport Service' before this line lies in [142, 260], straddling a discount threshold ; H2-L00365-15: 'ELECT TRANSP SVC' is unresolved between Elective Cardiac Transport Service (semantic_verified) ; a provisional total of 2527754 was computed but is not contractually defensible, so no corrected total is submitted ; not flagged, but some lines could not be identified, so not every rule could be checked",2527754
INV-H2-000366,0,,,3640315,0.40,low,0,0,,INV-H2-000366#0,"H2-L00366-02: 'ADV ENDOSCOPIC PROC /SA-6974' is unresolved between Advanced Gastrointestinal Endoscopic Procedure (semantic_verified) ; a provisional total of 3640315 was computed but is not contractually defensible, so no corrected total is submitted ; not flagged, but some lines could not be identified, so not every rule could be checked",3640315
INV-H2-000367,0,,,4036760,0.40,low,0,0,,INV-H2-000367#0,"H2-L00367-03: 'ADV ENDOSCOPIC PROC /SA-6974' is unresolved between Advanced Gastrointestinal Endoscopic Procedure (semantic_verified) ; H2-L00367-10: 'BEDS PHARM DISP' is unresolved between Bedside Pulmonary Pharmaceutical Dispensing (semantic_verified) ; H2-L00367-11: bundle partner 'Bedside Pulmonary Pharmaceutical Dispensing' may have been delivered on 2024-08-20 (unresolved description that day) ; H2-L00367-14: 'EMER  TRANSP SERVICE /SA-9292' is unresolved between Emergency Haematology Transport Service (semantic_verified) ; a provisional total of 4036760 was computed but is not contractually defensible, so no corrected total is submitted ; not flagged, but some lines could not be identified, so not every rule could be checked",4036760
INV-H2-000368,0,,,3089495,0.40,low,0,0,,INV-H2-000368#0,"H2-L00368-10: 'ENT CS CONF /SA-5963' is unresolved between Comprehensive Otolaryngologic Case Conference (semantic_verified) ; a provisional total of 3089495 was computed but is not contractually defensible, so no corrected total is submitted ; not flagged, but some lines could not be identified, so not every rule could be checked",3089495
INV-H2-000369,0,,,4816109,0.40,low,0,0,,INV-H2-000369#0,"H2-L00369-10: 'FRACT BEDS RADIOTHER /SA-5851' is unresolved between Bedside Ophthalmic Radiotherapy Fraction (semantic_verified) ; H2-L00369-17: 'EXT RADIOTHER FRACT' is unresolved between Extended Orthopaedic Radiotherapy Fraction (semantic_verified) ; H2-L00369-20: 'STD ISOL RM OCC' is unresolved between Standard Neurological Isolation Room Occupancy, Standard Orthopaedic Isolation Room Occupancy (unresolved) ; a provisional total of 4816109 was computed but is not contractually defensible, so no corrected total is submitted ; not flagged, but some lines could not be identified, so not every rule could be checked",4816109
INV-H2-000370,0,,1838604,1838604,0.85,high,1,1,1838604,INV-H2-000370#0,not flagged; every line identified from text and priced exactly,1838604
INV-H2-000371,0,,,606294,0.40,low,0,0,,INV-H2-000371#0,"H2-L00371-03: 'FRACT BEDS RADIOTHER /SA-5851' is unresolved between Bedside Ophthalmic Radiotherapy Fraction (semantic_verified) ; a provisional total of 606294 was computed but is not contractually defensible, so no corrected total is submitted ; not flagged, but some lines could not be identified, so not every rule could be checked",606294
INV-H2-000372,0,,,3452468,0.40,low,0,0,,INV-H2-000372#0,"H2-L00372-06: 'PSYCH TRANSF SVC' is unresolved between Standard Psychiatric Transfusion Service (semantic_verified) ; H2-L00372-07: 'INTERP  SUPERVISED IMG /SA-6042' is unresolved between Supervised Neurological Imaging Interpretation (semantic_verified) ; a provisional total of 3452468 was computed but is not contractually defensible, so no corrected total is submitted ; not flagged, but some lines could not be identified, so not every rule could be checked",3452468
INV-H2-000373,0,,,1563990,0.40,low,0,0,,INV-H2-000373#0,"H2-L00373-02: 'OTOLARYNGOLOGIC  DISCH PLNG /SA-6235' is unresolved between Continuous Otolaryngologic Discharge Planning (semantic_verified) ; H2-L00373-05: 'ADV ENDOSCOPIC PROC /SA-6974' is unresolved between Advanced Gastrointestinal Endoscopic Procedure (semantic_verified) ; a provisional total of 1563990 was computed but is not contractually defensible, so no corrected total is submitted ; not flagged, but some lines could not be identified, so not every rule could be checked",1563990
INV-H2-000374,0,,,4311933,0.40,low,0,0,,INV-H2-000374#0,"H2-L00374-18: 'ADV ENDOSCOPIC PROC /SA-6974' is unresolved between Advanced Gastrointestinal Endoscopic Procedure (semantic_verified) ; a provisional total of 4311933 was computed but is not contractually defensible, so no corrected total is submitted ; not flagged, but some lines could not be identified, so not every rule could be checked",4311933
INV-H2-000375,0,,,2117844,0.40,low,0,0,,INV-H2-000375#0,"H2-L00375-02: 'DISP FOC PHARM' is unresolved between Focused Pulmonary Pharmaceutical Dispensing (semantic_verified) ; H2-L00375-13: 'EMER  TRANSP SERVICE /SA-9292' is unresolved between Emergency Haematology Transport Service (semantic_verified) ; H2-L00375-16: 'ADV ENDOSCOPIC PROC /SA-6974' is unresolved between Advanced Gastrointestinal Endoscopic Procedure (semantic_verified) ; H2-L00375-17: 'POSTOP ANAES ADMIN' is unresolved between Postoperative Ophthalmic Anaesthesia Administration (semantic_verified) ; a provisional total of 2117844 was computed but is not contractually defensible, so no corrected total is submitted ; not flagged, but some lines could not be identified, so not every rule could be checked",2117844
INV-H2-000376,1,service_date_after_invoice_date|daily_cap_exceeded,,2933550,0.40,low,0,0,,INV-H2-000376#0,"H2-L00376-01: 'VASC IMAGING INTERP' is unresolved between Preoperative Vascular Imaging Interpretation (unresolved) ; H2-L00376-03: cumulative utilisation of 'Emergency Haematology Transport Service' before this line lies in [145, 264], straddling a discount threshold ; H2-L00376-09: 'ASST DIAG IMAGING' is unresolved between Assisted Musculoskeletal Diagnostic Imaging (unresolved) ; H2-L00376-14: the cap proves the quantity wrong but not what was delivered; only a ceiling can be priced ; a finding rests on reading free text, or the corrected total cannot be reconstructed",
INV-H2-000377,0,,2352231,2352231,0.65,medium,1,1,2352231,INV-H2-000377#0,not flagged; identity rests partly on a unit-basis tie-break or a verified semantic decision,2352231
INV-H2-000378,0,,,3569028,0.40,low,0,0,,INV-H2-000378#0,"H2-L00378-10: 'STD  - TELEM MONIT' is unresolved between Standard Metabolic Telemetry Monitoring (semantic_verified) ; H2-L00378-13: 'ADV ENDOSCOPIC PROC /SA-6974' is unresolved between Advanced Gastrointestinal Endoscopic Procedure (semantic_verified) ; a provisional total of 3569028 was computed but is not contractually defensible, so no corrected total is submitted ; not flagged, but some lines could not be identified, so not every rule could be checked",3569028
INV-H2-000379,0,,,1395717,0.65,medium,0,0,,INV-H2-000379#0,"H2-L00379-08: cumulative utilisation of 'Emergency Haematology Transport Service' before this line lies in [146, 265], straddling a discount threshold ; a provisional total of 1395717 was computed but is not contractually defensible, so no corrected total is submitted ; not flagged; identity rests partly on a unit-basis tie-break or a verified semantic decision",1395717
INV-H2-000380,0,,,1072638,0.65,medium,0,0,,INV-H2-000380#0,"H2-L00380-01: cumulative utilisation of 'Emergency Haematology Transport Service' before this line lies in [148, 267], straddling a discount threshold ; a provisional total of 1072638 was computed but is not contractually defensible, so no corrected total is submitted ; not flagged; identity rests partly on a unit-basis tie-break or a verified semantic decision",1072638
INV-H2-000381,0,,536246,536246,0.85,high,1,1,536246,INV-H2-000381#0,not flagged; every line identified from text and priced exactly,536246
INV-H2-000382,0,,,2908946,0.40,low,0,0,,INV-H2-000382#0,"H2-L00382-01: 'OCC INTENS WD BD' is unresolved between Intensive Palliative Ward Bed Occupancy (semantic_verified) ; H2-L00382-04: 'DISP FOC PHARM' is unresolved between Focused Pulmonary Pharmaceutical Dispensing (semantic_verified) ; H2-L00382-12: 'ELECT TRANSP SVC' is unresolved between Elective Cardiac Transport Service (semantic_verified) ; H2-L00382-13: 'SESS PREOP PHYSIO' is unresolved between Preoperative Obstetric Physiotherapy Session (semantic_verified) ; H2-L00382-14: 'ENT CS CONF /SA-6459' is unresolved between Comprehensive Otolaryngologic Case Conference (semantic_verified) ; a provisional total of 2908946 was computed but is not contractually defensible, so no corrected total is submitted ; not flagged, but some lines could not be identified, so not every rule could be checked",2908946
INV-H2-000383,0,,,1996262,0.40,low,0,0,,INV-H2-000383#0,"H2-L00383-07: 'SESS CARD DIAL' is unresolved between Focused Cardiac Dialysis Session (semantic_verified) ; a provisional total of 1996262 was computed but is not contractually defensible, so no corrected total is submitted ; not flagged, but some lines could not be identified, so not every rule could be checked",1996262
INV-H2-000384,0,,,3920041,0.40,low,0,0,,INV-H2-000384#0,"H2-L00384-03: 'EMER  TRANSP SERVICE /SA-9292' is unresolved between Emergency Haematology Transport Service (semantic_verified) ; H2-L00384-13: 'PSYCH TRANSF SVC' is unresolved between Standard Psychiatric Transfusion Service (semantic_verified) ; a provisional total of 3920041 was computed but is not contractually defensible, so no corrected total is submitted ; not flagged, but some lines could not be identified, so not every rule could be checked",3920041
INV-H2-000385,0,,,2066280,0.40,low,0,0,,INV-H2-000385#0,"H2-L00385-01: 'INPT ISOL RM OCC' is unresolved between Inpatient Paediatric Isolation Room Occupancy (semantic_verified) ; H2-L00385-02: cumulative utilisation of 'Emergency Haematology Transport Service' before this line lies in [151, 273], straddling a discount threshold ; H2-L00385-03: 'IMG ASST DIAG' is unresolved between Assisted Musculoskeletal Diagnostic Imaging (semantic_verified) ; H2-L00385-04: 'SESS CARD DIAL' is unresolved between Focused Cardiac Dialysis Session (semantic_verified) ; a provisional total of 2066280 was computed but is not contractually defensible, so no corrected total is submitted ; not flagged, but some lines could not be identified, so not every rule could be checked",2066280
INV-H2-000386,0,,,1412868,0.40,low,0,0,,INV-H2-000386#0,"H2-L00386-02: 'IMG ASST DIAG' is unresolved between Assisted Musculoskeletal Diagnostic Imaging (semantic_verified) ; H2-L00386-11: 'VST VASCULAR HM /SA-8814' is unresolved between Extended Vascular Home Visit (semantic_verified) ; a provisional total of 1412868 was computed but is not contractually defensible, so no corrected total is submitted ; not flagged, but some lines could not be identified, so not every rule could be checked",1412868
INV-H2-000387,0,,3190686,3190686,0.65,medium,1,1,3190686,INV-H2-000387#0,not flagged; identity rests partly on a unit-basis tie-break or a verified semantic decision,3190686
INV-H2-000388,0,,,1327618,0.40,low,0,0,,INV-H2-000388#0,"H2-L00388-03: 'PNL FOC LAB /SA-4377' is unresolved between Focused Ophthalmic Laboratory Panel (semantic_verified) ; H2-L00388-09: 'POSTOP ANAES ADMIN' is unresolved between Postoperative Ophthalmic Anaesthesia Administration (semantic_verified) ; a provisional total of 1327618 was computed but is not contractually defensible, so no corrected total is submitted ; not flagged, but some lines could not be identified, so not every rule could be checked",1327618
INV-H2-000389,0,,,898556,0.40,low,0,0,,INV-H2-000389#0,"H2-L00389-01: 'POSTOP ANAES ADMIN' is unresolved between Postoperative Ophthalmic Anaesthesia Administration (semantic_verified) ; a provisional total of 898556 was computed but is not contractually defensible, so no corrected total is submitted ; not flagged, but some lines could not be identified, so not every rule could be checked",898556
INV-H2-000390,0,,,1681972,0.40,low,0,0,,INV-H2-000390#0,"H2-L00390-01: 'EMER  TRANSP SERVICE /SA-9292' is unresolved between Emergency Haematology Transport Service (semantic_verified) ; H2-L00390-05: 'INTERP  SUPERVISED IMG /SA-6042' is unresolved between Supervised Neurological Imaging Interpretation (semantic_verified) ; a provisional total of 1681972 was computed but is not contractually defensible, so no corrected total is submitted ; not flagged, but some lines could not be identified, so not every rule could be checked",1681972
INV-H2-000391,0,,,1410986,0.40,low,0,0,,INV-H2-000391#0,"H2-L00391-04: 'ASST BIOP PROC' is unresolved between Assisted Gastrointestinal Biopsy Procedure (semantic_verified) ; H2-L00391-06: 'SPCLST STERILISATION SVC' is unresolved between Specialist Psychiatric Sterilisation Service (semantic_verified) ; H2-L00391-07: cumulative utilisation of 'Emergency Haematology Transport Service' before this line lies in [153, 278], straddling a discount threshold ; a provisional total of 1410986 was computed but is not contractually defensible, so no corrected total is submitted ; not flagged, but some lines could not be identified, so not every rule could be checked",1410986
INV-H2-000392,0,,,3198125,0.40,low,0,0,,INV-H2-000392#0,"H2-L00392-02: 'ADV ENDOSCOPIC PROC /SA-6974' is unresolved between Advanced Gastrointestinal Endoscopic Procedure (semantic_verified) ; H2-L00392-07: 'EMER  TRANSP SVC /SA-1419' is unresolved between Emergency Haematology Transport Service (semantic_verified) ; H2-L00392-08: 'AMB NUTRITIONAL SUPP /SA-7761' is unresolved between Ambulatory Haematology Nutritional Support (semantic_verified) ; H2-L00392-18: 'CARDIAC  TRANSP SERVICE' is unresolved between Elective Cardiac Transport Service (semantic_verified) ; a provisional total of 3198125 was computed but is not contractually defensible, so no corrected total is submitted ; not flagged, but some lines could not be identified, so not every rule could be checked",3198125
INV-H2-000393,0,,,2854089,0.40,low,0,0,,INV-H2-000393#0,"H2-L00393-07: 'OTOLARYNGOLOGIC  DISCH PLNG /SA-6235' is unresolved between Continuous Otolaryngologic Discharge Planning (semantic_verified) ; H2-L00393-10: 'EMER THTR TM /SA-2118' is unresolved between Emergency Paediatric Theatre Time (semantic_verified) ; H2-L00393-12: 'POSTOP ANAES ADMIN' is unresolved between Postoperative Ophthalmic Anaesthesia Administration (semantic_verified) ; a provisional total of 2854089 was computed but is not contractually defensible, so no corrected total is submitted ; not flagged, but some lines could not be identified, so not every rule could be checked",2854089
INV-H2-000394,0,,,1198540,0.40,low,0,0,,INV-H2-000394#0,"H2-L00394-02: 'ADV ENDOSCOPIC PROC /SA-6974' is unresolved between Advanced Gastrointestinal Endoscopic Procedure (semantic_verified) ; H2-L00394-03: 'VASC TRANSP SVC' is unresolved between Postoperative Vascular Transport Service (semantic_verified) ; H2-L00394-04: 'THER  STANDARD INF' is unresolved between Standard Paediatric Infusion Therapy (semantic_verified) ; H2-L00394-05: 'PAED THEATRE TM /SA-1156' is unresolved between Emergency Paediatric Theatre Time, Postoperative Paediatric Theatre Time (semantic_verified) ; a provisional total of 1198540 was computed but is not contractually defensible, so no corrected total is submitted ; not flagged, but some lines could not be identified, so not every rule could be checked",1198540
INV-H2-000395,0,,,2315813,0.40,low,0,0,,INV-H2-000395#0,"H2-L00395-02: 'SPCLST STERILISATION SVC' is unresolved between Specialist Psychiatric Sterilisation Service (semantic_verified) ; H2-L00395-06: 'EMER  TRANSP SERVICE /SA-9292' is unresolved between Emergency Haematology Transport Service (semantic_verified) ; H2-L00395-08: cumulative utilisation of 'Emergency Haematology Transport Service' before this line lies in [159, 288], straddling a discount threshold ; H2-L00395-12: 'AMB NUTRITIONAL SUPP /SA-7761' is unresolved between Ambulatory Haematology Nutritional Support (semantic_verified) ; a provisional total of 2315813 was computed but is not contractually defensible, so no corrected total is submitted ; not flagged, but some lines could not be identified, so not every rule could be checked",2315813
INV-H2-000396,0,,,1899716,0.40,low,0,0,,INV-H2-000396#0,"H2-L00396-02: cumulative utilisation of 'Emergency Haematology Transport Service' before this line lies in [156, 283], straddling a discount threshold ; H2-L00396-08: 'SPCLST STERILISATION SVC' is unresolved between Specialist Psychiatric Sterilisation Service (semantic_verified) ; H2-L00396-09: 'AMB NUTRITIONAL SUPP /SA-7761' is unresolved between Ambulatory Haematology Nutritional Support (semantic_verified) ; a provisional total of 1899716 was computed but is not contractually defensible, so no corrected total is submitted ; not flagged, but some lines could not be identified, so not every rule could be checked",1899716
INV-H2-000397,0,,,1363725,0.40,low,0,0,,INV-H2-000397#0,"H2-L00397-04: 'ENT CS CONF /SA-6459' is unresolved between Comprehensive Otolaryngologic Case Conference (semantic_verified) ; H2-L00397-08: 'DISP FOC PHARM' is unresolved between Focused Pulmonary Pharmaceutical Dispensing (semantic_verified) ; a provisional total of 1363725 was computed but is not contractually defensible, so no corrected total is submitted ; not flagged, but some lines could not be identified, so not every rule could be checked",1363725
INV-H2-000398,0,,,4717063,0.40,low,0,0,,INV-H2-000398#0,"H2-L00398-02: 'ASST DIAG IMAGING' is unresolved between Assisted Musculoskeletal Diagnostic Imaging (unresolved) ; H2-L00398-05: 'DISP FOC PHARM' is unresolved between Focused Pulmonary Pharmaceutical Dispensing (semantic_verified) ; H2-L00398-07: 'PNL FOC LAB /SA-4377' is unresolved between Focused Ophthalmic Laboratory Panel (semantic_verified) ; H2-L00398-12: 'ROUTINE LAB PNL /SA-5904' is unresolved between Routine Ophthalmic Laboratory Panel (semantic_verified) ; H2-L00398-16: 'STD ISOL RM OCC' is unresolved between Standard Neurological Isolation Room Occupancy, Standard Orthopaedic Isolation Room Occupancy (unresolved) ; H2-L00398-18: cumulative utilisation of 'Emergency Haematology Transport Service' before this line lies in [160, 289], straddling a discount threshold ; a provisional total of 4717063 was computed but is not contractually defensible, so no corrected total is submitted ; not flagged, but some lines could not be identified, so not every rule could be checked",4717063
INV-H2-000399,0,,1760409,1760409,0.85,high,1,1,1760409,INV-H2-000399#0,not flagged; every line identified from text and priced exactly,1760409
INV-H2-000400,0,,2854742,2854742,0.85,high,1,1,2854742,INV-H2-000400#0,not flagged; every line identified from text and priced exactly,2854742
INV-H2-000401,0,,1154624,1154624,0.85,high,1,1,1154624,INV-H2-000401#0,not flagged; every line identified from text and priced exactly,1154624
INV-H2-000402,0,,,2787726,0.40,low,0,0,,INV-H2-000402#0,"H2-L00402-09: 'EXT RADIOTHER FRACT' is unresolved between Extended Orthopaedic Radiotherapy Fraction (semantic_verified) ; a provisional total of 2787726 was computed but is not contractually defensible, so no corrected total is submitted ; not flagged, but some lines could not be identified, so not every rule could be checked",2787726
INV-H2-000403,0,,,2788224,0.40,low,0,0,,INV-H2-000403#0,"H2-L00403-03: 'SVC EMER TRANSP' is unresolved between Emergency Haematology Transport Service (semantic_verified) ; a provisional total of 2788224 was computed but is not contractually defensible, so no corrected total is submitted ; not flagged, but some lines could not be identified, so not every rule could be checked",2788224
INV-H2-000404,0,,1430615,1430615,0.65,medium,1,1,1430615,INV-H2-000404#0,not flagged; identity rests partly on a unit-basis tie-break or a verified semantic decision,1430615
INV-H2-000405,0,,,554880,0.40,low,0,0,,INV-H2-000405#0,"H2-L00405-02: 'ENT CS CONF /SA-5963' is unresolved between Comprehensive Otolaryngologic Case Conference (semantic_verified) ; a provisional total of 554880 was computed but is not contractually defensible, so no corrected total is submitted ; not flagged, but some lines could not be identified, so not every rule could be checked",554880
INV-H2-000406,0,,,4333007,0.40,low,0,0,,INV-H2-000406#0,"H2-L00406-01: 'EXT RADIOTHER FRACT' is unresolved between Extended Orthopaedic Radiotherapy Fraction (semantic_verified) ; a provisional total of 4333007 was computed but is not contractually defensible, so no corrected total is submitted ; not flagged, but some lines could not be identified, so not every rule could be checked",4333007
INV-H2-000407,0,,,2348296,0.40,low,0,0,,INV-H2-000407#0,"H2-L00407-03: 'SVC EMER TRANSP' is unresolved between Emergency Haematology Transport Service (semantic_verified) ; H2-L00407-04: 'SUPERVISED BIOPSY PROC' is unresolved between Supervised Haematology Biopsy Procedure (semantic_verified) ; a provisional total of 2348296 was computed but is not contractually defensible, so no corrected total is submitted ; not flagged, but some lines could not be identified, so not every rule could be checked",2348296
INV-H2-000408,0,,3847130,3847130,0.65,medium,1,1,3847130,INV-H2-000408#0,not flagged; identity rests partly on a unit-basis tie-break or a verified semantic decision,3847130
INV-H2-000409,0,,,2308918,0.40,low,0,0,,INV-H2-000409#0,"H2-L00409-04: 'ADV ENDOSCOPIC PROC /SA-6974' is unresolved between Advanced Gastrointestinal Endoscopic Procedure (semantic_verified) ; H2-L00409-11: cumulative utilisation of 'Emergency Haematology Transport Service' before this line lies in [161, 290], straddling a discount threshold ; H2-L00409-12: 'VASC TRANSP SVC' is unresolved between Postoperative Vascular Transport Service (semantic_verified) ; a provisional total of 2308918 was computed but is not contractually defensible, so no corrected total is submitted ; not flagged, but some lines could not be identified, so not every rule could be checked",2308918
INV-H2-000410,0,,,1095747,0.40,low,0,0,,INV-H2-000410#0,"H2-L00410-02: 'POSTOP ANAES ADMIN' is unresolved between Postoperative Ophthalmic Anaesthesia Administration (semantic_verified) ; a provisional total of 1095747 was computed but is not contractually defensible, so no corrected total is submitted ; not flagged, but some lines could not be identified, so not every rule could be checked",1095747
INV-H2-000411,0,,,659984,0.40,low,0,0,,INV-H2-000411#0,"H2-L00411-01: cumulative utilisation of 'Emergency Haematology Transport Service' before this line lies in [162, 293], straddling a discount threshold ; H2-L00411-02: 'VASC IMAGING INTERP' is unresolved between Preoperative Vascular Imaging Interpretation (unresolved) ; H2-L00411-05: 'SPCLST STERILISATION SVC' is unresolved between Specialist Psychiatric Sterilisation Service (semantic_verified) ; a provisional total of 659984 was computed but is not contractually defensible, so no corrected total is submitted ; not flagged, but some lines could not be identified, so not every rule could be checked",659984
INV-H2-000412,0,,,748067,0.40,low,0,0,,INV-H2-000412#0,"H2-L00412-04: 'DISP FOC PHARM' is unresolved between Focused Pulmonary Pharmaceutical Dispensing (semantic_verified) ; a provisional total of 748067 was computed but is not contractually defensible, so no corrected total is submitted ; not flagged, but some lines could not be identified, so not every rule could be checked",748067
INV-H2-000413,0,,,2121975,0.40,low,0,0,,INV-H2-000413#0,"H2-L00413-08: 'PREOP SPCM ANLY /SA-5067' is unresolved between Preoperative Cardiac Specimen Analysis (semantic_verified) ; H2-L00413-10: 'OCC STD RECOV RM' is unresolved between Standard Musculoskeletal Recovery Room Occupancy (semantic_verified) ; H2-L00413-12: 'OCC INTENS WD BD' is unresolved between Intensive Palliative Ward Bed Occupancy (semantic_verified) ; a provisional total of 2121975 was computed but is not contractually defensible, so no corrected total is submitted ; not flagged, but some lines could not be identified, so not every rule could be checked",2121975
INV-H2-000414,0,,1289277,1289277,0.85,high,1,1,1289277,INV-H2-000414#0,not flagged; every line identified from text and priced exactly,1289277
INV-H2-000415,0,,,1366701,0.40,low,0,0,,INV-H2-000415#0,"H2-L00415-08: 'ELECT TRANSP SVC' is unresolved between Elective Cardiac Transport Service (semantic_verified) ; a provisional total of 1366701 was computed but is not contractually defensible, so no corrected total is submitted ; not flagged, but some lines could not be identified, so not every rule could be checked",1366701
INV-H2-000416,0,,,1882350,0.40,low,0,0,,INV-H2-000416#0,"H2-L00416-01: 'PALL RECOV ROOM OCC' is unresolved between Focused Palliative Recovery Room Occupancy (semantic_verified) ; a provisional total of 1882350 was computed but is not contractually defensible, so no corrected total is submitted ; not flagged, but some lines could not be identified, so not every rule could be checked",1882350
INV-H2-000417,0,,,2886177,0.40,low,0,0,,INV-H2-000417#0,"H2-L00417-02: 'ADV ENDOSCOPIC PROC /SA-6974' is unresolved between Advanced Gastrointestinal Endoscopic Procedure (semantic_verified) ; H2-L00417-11: 'DISP FOC PHARM' is unresolved between Focused Pulmonary Pharmaceutical Dispensing (semantic_verified) ; H2-L00417-12: 'OCC STD RECOV RM' is unresolved between Standard Musculoskeletal Recovery Room Occupancy (semantic_verified) ; a provisional total of 2886177 was computed but is not contractually defensible, so no corrected total is submitted ; not flagged, but some lines could not be identified, so not every rule could be checked",2886177
INV-H2-000418,0,,,3790376,0.40,low,0,0,,INV-H2-000418#0,"H2-L00418-03: 'PSYCH TRANSF SVC' is unresolved between Standard Psychiatric Transfusion Service (semantic_verified) ; H2-L00418-04: 'POSTOP ANAES ADMIN' is unresolved between Postoperative Ophthalmic Anaesthesia Administration (semantic_verified) ; H2-L00418-09: 'ELECT TRANSP SVC' is unresolved between Elective Cardiac Transport Service (semantic_verified) ; a provisional total of 3790376 was computed but is not contractually defensible, so no corrected total is submitted ; not flagged, but some lines could not be identified, so not every rule could be checked",3790376
INV-H2-000419,0,,,1346041,0.40,low,0,0,,INV-H2-000419#0,"H2-L00419-02: 'DISP FOC PHARM' is unresolved between Focused Pulmonary Pharmaceutical Dispensing (semantic_verified) ; a provisional total of 1346041 was computed but is not contractually defensible, so no corrected total is submitted ; not flagged, but some lines could not be identified, so not every rule could be checked",1346041
INV-H2-000420,0,,,1997150,0.40,low,0,0,,INV-H2-000420#0,"H2-L00420-01: 'BEDS PHARM DISP' is unresolved between Bedside Pulmonary Pharmaceutical Dispensing (semantic_verified) ; H2-L00420-11: 'FRACT BEDS RADIOTHER /SA-5851' is unresolved between Bedside Ophthalmic Radiotherapy Fraction (semantic_verified) ; a provisional total of 1997150 was computed but is not contractually defensible, so no corrected total is submitted ; not flagged, but some lines could not be identified, so not every rule could be checked",1997150
INV-H2-000421,0,,,2124205,0.40,low,0,0,,INV-H2-000421#0,"H2-L00421-02: 'IMG ASST DIAG' is unresolved between Assisted Musculoskeletal Diagnostic Imaging (semantic_verified) ; H2-L00421-08: 'OCC INTENS WD BD' is unresolved between Intensive Palliative Ward Bed Occupancy (semantic_verified) ; a provisional total of 2124205 was computed but is not contractually defensible, so no corrected total is submitted ; not flagged, but some lines could not be identified, so not every rule could be checked",2124205
INV-H2-000422,1,bundle_not_applied|malformed_service_date,,2442022,0.40,low,0,0,,INV-H2-000422#0,"H2-L00422-01: cumulative utilisation of 'Emergency Haematology Transport Service' before this line lies in [169, 302], straddling a discount threshold ; a provisional total of 2357272 was computed but is not contractually defensible, so no corrected total is submitted ; a finding rests on reading free text, or the corrected total cannot be reconstructed",2357272
INV-H2-000423,0,,,2257247,0.40,low,0,0,,INV-H2-000423#0,"H2-L00423-01: 'SVC EMER TRANSP' is unresolved between Emergency Haematology Transport Service (semantic_verified) ; H2-L00423-02: cumulative utilisation of 'Emergency Haematology Transport Service' before this line lies in [164, 295], straddling a discount threshold ; H2-L00423-08: 'PULM INF THER /SA-9868' is unresolved between Postoperative Pulmonary Infusion Therapy (semantic_verified) ; H2-L00423-12: 'EXTENDED - HM VST' is unresolved between Extended Vascular Home Visit (unresolved) ; a provisional total of 2257247 was computed but is not contractually defensible, so no corrected total is submitted ; not flagged, but some lines could not be identified, so not every rule could be checked",2257247
INV-H2-000424,0,,,3020005,0.40,low,0,0,,INV-H2-000424#0,"H2-L00424-03: 'DISP FOC PHARM' is unresolved between Focused Pulmonary Pharmaceutical Dispensing (semantic_verified) ; H2-L00424-17: 'OTOLARYNGOLOGIC  DISCH PLNG /SA-6235' is unresolved between Continuous Otolaryngologic Discharge Planning (semantic_verified) ; a provisional total of 3020005 was computed but is not contractually defensible, so no corrected total is submitted ; not flagged, but some lines could not be identified, so not every rule could be checked",3020005
INV-H2-000425,0,,,2119373,0.40,low,0,0,,INV-H2-000425#0,"H2-L00425-01: 'MSK RECOVERY RM OCC' is unresolved between Standard Musculoskeletal Recovery Room Occupancy (semantic_verified) ; H2-L00425-02: cumulative utilisation of 'Emergency Haematology Transport Service' before this line lies in [172, 308], straddling a discount threshold ; H2-L00425-03: 'SVC EMER TRANSP' is unresolved between Emergency Haematology Transport Service (semantic_verified) ; a provisional total of 2119373 was computed but is not contractually defensible, so no corrected total is submitted ; not flagged, but some lines could not be identified, so not every rule could be checked",2119373
INV-H2-000426,0,,,1683811,0.40,low,0,0,,INV-H2-000426#0,"H2-L00426-06: 'EXTENDED - HM VST' is unresolved between Extended Vascular Home Visit (unresolved) ; H2-L00426-07: cumulative utilisation of 'Emergency Haematology Transport Service' before this line lies in [167, 300], straddling a discount threshold ; a provisional total of 1683811 was computed but is not contractually defensible, so no corrected total is submitted ; not flagged, but some lines could not be identified, so not every rule could be checked",1683811
INV-H2-000427,0,,,2581960,0.40,low,0,0,,INV-H2-000427#0,"H2-L00427-05: 'ELECT TRANSP SVC' is unresolved between Elective Cardiac Transport Service (semantic_verified) ; a provisional total of 2581960 was computed but is not contractually defensible, so no corrected total is submitted ; not flagged, but some lines could not be identified, so not every rule could be checked",2581960
INV-H2-000428,0,,,865265,0.40,low,0,0,,INV-H2-000428#0,"H2-L00428-07: 'INTERM  REHAB PROG' is unresolved between Intermittent Otolaryngologic Rehabilitation Programme (semantic_verified) ; a provisional total of 865265 was computed but is not contractually defensible, so no corrected total is submitted ; not flagged, but some lines could not be identified, so not every rule could be checked",865265
INV-H2-000429,0,,,3033400,0.40,low,0,0,,INV-H2-000429#0,"H2-L00429-01: 'RTN PHYSIO SESS' is unresolved between Routine Geriatric Physiotherapy Session (semantic_verified) ; H2-L00429-13: 'OBSERVATION  CARD NURSING' is unresolved between Elective Cardiac Nursing Observation (semantic_verified) ; a provisional total of 3033400 was computed but is not contractually defensible, so no corrected total is submitted ; not flagged, but some lines could not be identified, so not every rule could be checked",3033400
INV-H2-000430,0,,2119852,2119852,0.85,high,1,1,2119852,INV-H2-000430#0,not flagged; every line identified from text and priced exactly,2119852
INV-H2-000431,0,,,3036250,0.40,low,0,0,,INV-H2-000431#0,"H2-L00431-04: 'STD RECOV RM OCC' is unresolved between Standard Musculoskeletal Recovery Room Occupancy (semantic_verified) ; H2-L00431-09: 'SUPV  IMG INTERP' is unresolved between Supervised Neurological Imaging Interpretation (semantic_verified) ; H2-L00431-17: 'VST VASCULAR HM /SA-8814' is unresolved between Extended Vascular Home Visit (semantic_verified) ; H2-L00431-19: 'SPCLST STERILISATION SVC' is unresolved between Specialist Psychiatric Sterilisation Service (semantic_verified) ; a provisional total of 3036250 was computed but is not contractually defensible, so no corrected total is submitted ; not flagged, but some lines could not be identified, so not every rule could be checked",3036250
INV-H2-000432,1,invoice_total_mismatch|line_total_arithmetic|exclusion_window_violation,,851553,0.40,low,0,0,,INV-H2-000432#0,"H2-L00432-01: 'DISP FOC PHARM' is unresolved between Focused Pulmonary Pharmaceutical Dispensing (semantic_verified) ; H2-L00432-02: 'EXT RADIOTHER FRACT' is unresolved between Extended Orthopaedic Radiotherapy Fraction (semantic_verified) ; H2-L00432-08: 'EXTENDED - HM VST' is unresolved between Extended Vascular Home Visit (unresolved) ; a provisional total of 809053 was computed but is not contractually defensible, so no corrected total is submitted ; a finding rests on reading free text, or the corrected total cannot be reconstructed",809053
INV-H2-000433,0,,,3006170,0.40,low,0,0,,INV-H2-000433#0,"H2-L00433-01: 'STD RECOV RM OCC' is unresolved between Standard Musculoskeletal Recovery Room Occupancy (semantic_verified) ; H2-L00433-04: 'POSTOP INF THER' is unresolved between Postoperative Pulmonary Infusion Therapy (semantic_verified) ; H2-L00433-09: 'EMER  TRANSP SVC /SA-1419' is unresolved between Emergency Haematology Transport Service (semantic_verified) ; a provisional total of 3006170 was computed but is not contractually defensible, so no corrected total is submitted ; not flagged, but some lines could not be identified, so not every rule could be checked",3006170
INV-H2-000434,0,,,976760,0.40,low,0,0,,INV-H2-000434#0,"H2-L00434-02: 'POSTOP INF THER' is unresolved between Postoperative Pulmonary Infusion Therapy (semantic_verified) ; H2-L00434-03: 'PNL FOC LAB /SA-4377' is unresolved between Focused Ophthalmic Laboratory Panel (semantic_verified) ; H2-L00434-04: 'ASST DIAG IMAGING' is unresolved between Assisted Musculoskeletal Diagnostic Imaging (unresolved) ; a provisional total of 976760 was computed but is not contractually defensible, so no corrected total is submitted ; not flagged, but some lines could not be identified, so not every rule could be checked",976760
INV-H2-000435,0,,,1993856,0.40,low,0,0,,INV-H2-000435#0,"H2-L00435-01: 'ADV ENDOSCOPIC PROC /SA-6974' is unresolved between Advanced Gastrointestinal Endoscopic Procedure (semantic_verified) ; H2-L00435-07: 'BEDS PHARM DISP' is unresolved between Bedside Pulmonary Pharmaceutical Dispensing (semantic_verified) ; H2-L00435-08: bundle partner 'Bedside Pulmonary Pharmaceutical Dispensing' may have been delivered on 2024-10-07 (unresolved description that day) ; H2-L00435-10: cumulative utilisation of 'Emergency Haematology Transport Service' before this line lies in [173, 309], straddling a discount threshold ; a provisional total of 1993856 was computed but is not contractually defensible, so no corrected total is submitted ; not flagged, but some lines could not be identified, so not every rule could be checked",1993856
INV-H2-000436,1,invoice_total_mismatch|wrong_unit_basis|unit_price_mismatch,,2403279,0.40,low,0,0,,INV-H2-000436#0,"H2-L00436-04: 'FRACT BEDS RADIOTHER /SA-5851' is unresolved between Bedside Ophthalmic Radiotherapy Fraction (semantic_verified) ; H2-L00436-13: 'ENDO  CS CONF' is unresolved between Advanced Endocrine Case Conference (semantic_verified) ; a provisional total of 2190585 was computed but is not contractually defensible, so no corrected total is submitted ; a finding rests on reading free text, or the corrected total cannot be reconstructed",2190585
INV-H2-000437,0,,,2565495,0.40,low,0,0,,INV-H2-000437#0,"H2-L00437-04: 'METAB LAB PANEL' is unresolved between Supervised Metabolic Laboratory Panel (semantic_verified) ; H2-L00437-16: 'PSYCH TRANSF SVC' is unresolved between Standard Psychiatric Transfusion Service (semantic_verified) ; a provisional total of 2565495 was computed but is not contractually defensible, so no corrected total is submitted ; not flagged, but some lines could not be identified, so not every rule could be checked",2565495
INV-H2-000438,0,,,1618210,0.40,low,0,0,,INV-H2-000438#0,"H2-L00438-05: cumulative utilisation of 'Emergency Haematology Transport Service' before this line lies in [177, 323], straddling a discount threshold ; H2-L00438-09: 'EMER  TRANSP SVC /SA-1419' is unresolved between Emergency Haematology Transport Service (semantic_verified) ; a provisional total of 1618210 was computed but is not contractually defensible, so no corrected total is submitted ; not flagged, but some lines could not be identified, so not every rule could be checked",1618210
INV-H2-000439,0,,,3318627,0.40,low,0,0,,INV-H2-000439#0,"H2-L00439-09: 'OTOLARYNGOLOGIC  DISCH PLNG /SA-6235' is unresolved between Continuous Otolaryngologic Discharge Planning (semantic_verified) ; a provisional total of 3318627 was computed but is not contractually defensible, so no corrected total is submitted ; not flagged, but some lines could not be identified, so not every rule could be checked",3318627
INV-H2-000440,0,,,2974295,0.40,low,0,0,,INV-H2-000440#0,"H2-L00440-04: 'ADV ENDOSCOPIC PROC /SA-6974' is unresolved between Advanced Gastrointestinal Endoscopic Procedure (semantic_verified) ; H2-L00440-06: 'EMER  TRANSP SVC /SA-1419' is unresolved between Emergency Haematology Transport Service (semantic_verified) ; H2-L00440-07: 'METAB LAB PANEL' is unresolved between Supervised Metabolic Laboratory Panel (semantic_verified) ; a provisional total of 2974295 was computed but is not contractually defensible, so no corrected total is submitted ; not flagged, but some lines could not be identified, so not every rule could be checked",2974295
INV-H2-000441,0,,,3406221,0.40,low,0,0,,INV-H2-000441#0,"H2-L00441-04: bundle partner 'Bedside Pulmonary Pharmaceutical Dispensing' may have been delivered on 2024-10-12 (unresolved description that day) ; H2-L00441-05: 'BEDS PHARM DISP' is unresolved between Bedside Pulmonary Pharmaceutical Dispensing (semantic_verified) ; H2-L00441-09: 'POSTOP ANAES ADMIN' is unresolved between Postoperative Ophthalmic Anaesthesia Administration (semantic_verified) ; H2-L00441-10: 'ELECT TRANSP SVC' is unresolved between Elective Cardiac Transport Service (semantic_verified) ; H2-L00441-14: 'EMER  TRANSP SVC /SA-1419' is unresolved between Emergency Haematology Transport Service (semantic_verified) ; a provisional total of 3406221 was computed but is not contractually defensible, so no corrected total is submitted ; not flagged, but some lines could not be identified, so not every rule could be checked",3406221
INV-H2-000442,0,,,2633430,0.40,low,0,0,,INV-H2-000442#0,"H2-L00442-08: 'EMER  TRANSP SERVICE /SA-9292' is unresolved between Emergency Haematology Transport Service (semantic_verified) ; H2-L00442-10: cumulative utilisation of 'Emergency Haematology Transport Service' before this line lies in [175, 321], straddling a discount threshold ; a provisional total of 2633430 was computed but is not contractually defensible, so no corrected total is submitted ; not flagged, but some lines could not be identified, so not every rule could be checked",2633430
INV-H2-000443,0,,,1714442,0.40,low,0,0,,INV-H2-000443#0,"H2-L00443-03: 'PREOP SPCM ANLY /SA-5067' is unresolved between Preoperative Cardiac Specimen Analysis (semantic_verified) ; H2-L00443-07: 'POSTOP THTR TM' is unresolved between Postoperative Paediatric Theatre Time (semantic_verified) ; H2-L00443-08: 'CARDIAC  TRANSP SERVICE' is unresolved between Elective Cardiac Transport Service (semantic_verified) ; H2-L00443-10: 'METAB LAB PANEL' is unresolved between Supervised Metabolic Laboratory Panel (semantic_verified) ; a provisional total of 1714442 was computed but is not contractually defensible, so no corrected total is submitted ; not flagged, but some lines could not be identified, so not every rule could be checked",1714442
INV-H2-000444,0,,,1808152,0.40,low,0,0,,INV-H2-000444#0,"H2-L00444-05: 'OCC STD RECOV RM' is unresolved between Standard Musculoskeletal Recovery Room Occupancy (semantic_verified) ; H2-L00444-08: cumulative utilisation of 'Emergency Haematology Transport Service' before this line lies in [178, 326], straddling a discount threshold ; a provisional total of 1808152 was computed but is not contractually defensible, so no corrected total is submitted ; not flagged, but some lines could not be identified, so not every rule could be checked",1808152
INV-H2-000445,0,,,1867264,0.40,low,0,0,,INV-H2-000445#0,"H2-L00445-05: 'VASC TRANSP SVC' is unresolved between Postoperative Vascular Transport Service (semantic_verified) ; H2-L00445-06: 'EMER  TRANSP SVC /SA-1419' is unresolved between Emergency Haematology Transport Service (semantic_verified) ; a provisional total of 1867264 was computed but is not contractually defensible, so no corrected total is submitted ; not flagged, but some lines could not be identified, so not every rule could be checked",1867264
INV-H2-000446,1,daily_cap_exceeded|wrong_unit_basis|service_date_out_of_contract,,4057446,0.40,low,0,0,,INV-H2-000446#0,"H2-L00446-07: 'CARDIAC  TRANSP SERVICE' is unresolved between Elective Cardiac Transport Service (semantic_verified) ; H2-L00446-08: the cap proves the quantity wrong but not what was delivered; only a ceiling can be priced ; H2-L00446-12: 'POSTOP THTR TM' is unresolved between Postoperative Paediatric Theatre Time (semantic_verified) ; a finding rests on reading free text, or the corrected total cannot be reconstructed",
INV-H2-000447,1,unit_price_mismatch|service_date_out_of_contract,,3616607,0.40,low,0,0,,INV-H2-000447#0,"H2-L00447-03: 'EMER THTR TM /SA-2118' is unresolved between Emergency Paediatric Theatre Time (semantic_verified) ; H2-L00447-09: 'CARDIAC  TRANSP SERVICE' is unresolved between Elective Cardiac Transport Service (semantic_verified) ; H2-L00447-13: 'INPT ISOL RM OCC' is unresolved between Inpatient Paediatric Isolation Room Occupancy (semantic_verified) ; a finding rests on reading free text, or the corrected total cannot be reconstructed",
INV-H2-000448,0,,,3534828,0.40,low,0,0,,INV-H2-000448#0,"H2-L00448-04: 'VASC IMAGING INTERP' is unresolved between Preoperative Vascular Imaging Interpretation (unresolved) ; H2-L00448-06: 'EMER  TRANSP SERVICE /SA-9292' is unresolved between Emergency Haematology Transport Service (semantic_verified) ; H2-L00448-09: 'ASST BIOP PROC' is unresolved between Assisted Gastrointestinal Biopsy Procedure (semantic_verified) ; a provisional total of 3534828 was computed but is not contractually defensible, so no corrected total is submitted ; not flagged, but some lines could not be identified, so not every rule could be checked",3534828
INV-H2-000449,0,,2821366,2821366,0.85,high,1,1,2821366,INV-H2-000449#0,not flagged; every line identified from text and priced exactly,2821366
INV-H2-000450,0,,,1164383,0.40,low,0,0,,INV-H2-000450#0,"H2-L00450-02: 'EMER  TRANSP SVC /SA-1419' is unresolved between Emergency Haematology Transport Service (semantic_verified) ; H2-L00450-07: 'CARDIAC  TRANSP SERVICE' is unresolved between Elective Cardiac Transport Service (semantic_verified) ; a provisional total of 1164383 was computed but is not contractually defensible, so no corrected total is submitted ; not flagged, but some lines could not be identified, so not every rule could be checked",1164383
INV-H2-000451,0,,,753854,0.40,low,0,0,,INV-H2-000451#0,"H2-L00451-03: 'PREOP SPCM ANLY /SA-5067' is unresolved between Preoperative Cardiac Specimen Analysis (semantic_verified) ; H2-L00451-07: 'IMG ASST DIAG' is unresolved between Assisted Musculoskeletal Diagnostic Imaging (semantic_verified) ; a provisional total of 753854 was computed but is not contractually defensible, so no corrected total is submitted ; not flagged, but some lines could not be identified, so not every rule could be checked",753854
INV-H2-000452,0,,2030073,2030073,0.85,high,1,1,2030073,INV-H2-000452#0,not flagged; every line identified from text and priced exactly,2030073
INV-H2-000453,0,,,2618660,0.40,low,0,0,,INV-H2-000453#0,"H2-L00453-01: 'ASST DIAG IMG /SA-7926' is unresolved between Assisted Musculoskeletal Diagnostic Imaging (semantic_verified) ; H2-L00453-09: 'EXT RADIOTHER FRACT' is unresolved between Extended Orthopaedic Radiotherapy Fraction (semantic_verified) ; H2-L00453-14: cumulative utilisation of 'Emergency Haematology Transport Service' before this line lies in [180, 332], straddling a discount threshold ; a provisional total of 2618660 was computed but is not contractually defensible, so no corrected total is submitted ; not flagged, but some lines could not be identified, so not every rule could be checked",2618660
INV-H2-000454,0,,652962,652962,0.85,high,1,1,652962,INV-H2-000454#0,not flagged; every line identified from text and priced exactly,652962
INV-H2-000455,0,,,1630753,0.40,low,0,0,,INV-H2-000455#0,"H2-L00455-05: 'PULM INF THER /SA-9868' is unresolved between Postoperative Pulmonary Infusion Therapy (semantic_verified) ; H2-L00455-07: 'ADV ENDOSCOPIC PROC /SA-6974' is unresolved between Advanced Gastrointestinal Endoscopic Procedure (semantic_verified) ; H2-L00455-08: 'POSTOP THTR TM' is unresolved between Postoperative Paediatric Theatre Time (semantic_verified) ; a provisional total of 1630753 was computed but is not contractually defensible, so no corrected total is submitted ; not flagged, but some lines could not be identified, so not every rule could be checked",1630753
INV-H2-000456,0,,,2350475,0.40,low,0,0,,INV-H2-000456#0,"H2-L00456-06: 'ADV ENDOSCOPIC PROC /SA-6974' is unresolved between Advanced Gastrointestinal Endoscopic Procedure (semantic_verified) ; a provisional total of 2350475 was computed but is not contractually defensible, so no corrected total is submitted ; not flagged, but some lines could not be identified, so not every rule could be checked",2350475
INV-H2-000457,0,,,1969084,0.40,low,0,0,,INV-H2-000457#0,"H2-L00457-07: 'CARDIAC  TRANSP SERVICE' is unresolved between Elective Cardiac Transport Service (semantic_verified) ; H2-L00457-08: 'EMER  TRANSP SVC /SA-1419' is unresolved between Emergency Haematology Transport Service (semantic_verified) ; a provisional total of 1969084 was computed but is not contractually defensible, so no corrected total is submitted ; not flagged, but some lines could not be identified, so not every rule could be checked",1969084
INV-H2-000458,0,,,1219696,0.40,low,0,0,,INV-H2-000458#0,"H2-L00458-08: 'ASST DIAG IMG /SA-7926' is unresolved between Assisted Musculoskeletal Diagnostic Imaging (semantic_verified) ; H2-L00458-11: 'EMER THTR TM /SA-2118' is unresolved between Emergency Paediatric Theatre Time (semantic_verified) ; a provisional total of 1219696 was computed but is not contractually defensible, so no corrected total is submitted ; not flagged, but some lines could not be identified, so not every rule could be checked",1219696
INV-H2-000459,0,,1475580,1475580,0.85,high,1,1,1475580,INV-H2-000459#0,not flagged; every line identified from text and priced exactly,1475580
INV-H2-000460,0,,1720892,1720892,0.85,high,1,1,1720892,INV-H2-000460#0,not flagged; every line identified from text and priced exactly,1720892
INV-H2-000461,0,,,2159420,0.40,low,0,0,,INV-H2-000461#0,"H2-L00461-01: 'EMER THTR TM /SA-2118' is unresolved between Emergency Paediatric Theatre Time (semantic_verified) ; a provisional total of 2159420 was computed but is not contractually defensible, so no corrected total is submitted ; not flagged, but some lines could not be identified, so not every rule could be checked",2159420
INV-H2-000462,0,,,3616143,0.40,low,0,0,,INV-H2-000462#0,"H2-L00462-07: 'RTN PHYSIO SESS' is unresolved between Routine Geriatric Physiotherapy Session (semantic_verified) ; H2-L00462-18: 'ELECT TRANSP SVC' is unresolved between Elective Cardiac Transport Service (semantic_verified) ; a provisional total of 3616143 was computed but is not contractually defensible, so no corrected total is submitted ; not flagged, but some lines could not be identified, so not every rule could be checked",3616143
INV-H2-000463,0,,,2511058,0.40,low,0,0,,INV-H2-000463#0,"H2-L00463-03: 'EMER  TRANSP SERVICE /SA-9292' is unresolved between Emergency Haematology Transport Service (semantic_verified) ; a provisional total of 2511058 was computed but is not contractually defensible, so no corrected total is submitted ; not flagged, but some lines could not be identified, so not every rule could be checked",2511058
INV-H2-000464,0,,450405,450405,0.85,high,1,1,450405,INV-H2-000464#0,not flagged; every line identified from text and priced exactly,450405
INV-H2-000465,0,,1735104,1735104,0.85,high,1,1,1735104,INV-H2-000465#0,not flagged; every line identified from text and priced exactly,1735104
INV-H2-000466,0,,,2091634,0.40,low,0,0,,INV-H2-000466#0,"H2-L00466-06: 'MSK RECOVERY RM OCC' is unresolved between Standard Musculoskeletal Recovery Room Occupancy (semantic_verified) ; H2-L00466-09: 'POSTOP ANAES ADMIN' is unresolved between Postoperative Ophthalmic Anaesthesia Administration (semantic_verified) ; H2-L00466-11: 'PALL RECOV ROOM OCC' is unresolved between Focused Palliative Recovery Room Occupancy (semantic_verified) ; a provisional total of 2091634 was computed but is not contractually defensible, so no corrected total is submitted ; not flagged, but some lines could not be identified, so not every rule could be checked",2091634
INV-H2-000467,0,,,731706,0.40,low,0,0,,INV-H2-000467#0,"H2-L00467-02: 'EXT RADIOTHER FRACT' is unresolved between Extended Orthopaedic Radiotherapy Fraction (semantic_verified) ; a provisional total of 731706 was computed but is not contractually defensible, so no corrected total is submitted ; not flagged, but some lines could not be identified, so not every rule could be checked",731706
INV-H2-000468,0,,1417911,1417911,0.85,high,1,1,1417911,INV-H2-000468#0,not flagged; every line identified from text and priced exactly,1417911
INV-H2-000469,0,,,1799383,0.40,low,0,0,,INV-H2-000469#0,"H2-L00469-11: 'CARDIAC  TRANSP SERVICE' is unresolved between Elective Cardiac Transport Service (semantic_verified) ; a provisional total of 1799383 was computed but is not contractually defensible, so no corrected total is submitted ; not flagged, but some lines could not be identified, so not every rule could be checked",1799383
INV-H2-000470,0,,848500,848500,0.85,high,1,1,848500,INV-H2-000470#0,not flagged; every line identified from text and priced exactly,848500
INV-H2-000471,0,,,1880822,0.40,low,0,0,,INV-H2-000471#0,"H2-L00471-12: 'EMER  TRANSP SVC /SA-1419' is unresolved between Emergency Haematology Transport Service (semantic_verified) ; a provisional total of 1880822 was computed but is not contractually defensible, so no corrected total is submitted ; not flagged, but some lines could not be identified, so not every rule could be checked",1880822
INV-H2-000472,0,,,4818240,0.40,low,0,0,,INV-H2-000472#0,"H2-L00472-11: 'CARD  NURS OBS' is unresolved between Elective Cardiac Nursing Observation (semantic_verified) ; a provisional total of 4818240 was computed but is not contractually defensible, so no corrected total is submitted ; not flagged, but some lines could not be identified, so not every rule could be checked",4818240
INV-H2-000473,1,unknown_service|premium_omitted,,3336481,0.40,low,0,0,,INV-H2-000473#0,"H2-L00473-04: 'INPT ISOL RM OCC' is unresolved between Inpatient Paediatric Isolation Room Occupancy (semantic_verified) ; H2-L00473-08: service not contracted, so no contract price exists ; H2-L00473-12: 'POSTOP ANAES ADMIN' is unresolved between Postoperative Ophthalmic Anaesthesia Administration (semantic_verified) ; H2-L00473-14: 'ENDO  CS CONF' is unresolved between Advanced Endocrine Case Conference (semantic_verified) ; H2-L00473-16: 'POSTOP ANAES ADMIN' is unresolved between Postoperative Ophthalmic Anaesthesia Administration (semantic_verified) ; H2-L00473-17: 'RTN PHYSIO SESS' is unresolved between Routine Geriatric Physiotherapy Session (semantic_verified) ; a finding rests on reading free text, or the corrected total cannot be reconstructed",
INV-H2-000474,0,,,2690366,0.40,low,0,0,,INV-H2-000474#0,"H2-L00474-01: bundle partner 'Bedside Pulmonary Pharmaceutical Dispensing' may have been delivered on 2024-11-07 (unresolved description that day) ; H2-L00474-02: 'BEDS PHARM DISP' is unresolved between Bedside Pulmonary Pharmaceutical Dispensing (semantic_verified) ; a provisional total of 2690366 was computed but is not contractually defensible, so no corrected total is submitted ; not flagged, but some lines could not be identified, so not every rule could be checked",2690366
INV-H2-000475,0,,,1571347,0.40,low,0,0,,INV-H2-000475#0,"H2-L00475-04: 'POSTOP ANAES ADMIN' is unresolved between Postoperative Ophthalmic Anaesthesia Administration (semantic_verified) ; a provisional total of 1571347 was computed but is not contractually defensible, so no corrected total is submitted ; not flagged, but some lines could not be identified, so not every rule could be checked",1571347
INV-H2-000476,0,,840538,840538,0.65,medium,1,1,840538,INV-H2-000476#0,not flagged; identity rests partly on a unit-basis tie-break or a verified semantic decision,840538
INV-H2-000477,0,,,1175492,0.40,low,0,0,,INV-H2-000477#0,"H2-L00477-05: 'AMB NUTRITIONAL SUPP /SA-7761' is unresolved between Ambulatory Haematology Nutritional Support (semantic_verified) ; a provisional total of 1175492 was computed but is not contractually defensible, so no corrected total is submitted ; not flagged, but some lines could not be identified, so not every rule could be checked",1175492
INV-H2-000478,0,,,2811743,0.40,low,0,0,,INV-H2-000478#0,"H2-L00478-09: 'PULM INF THER /SA-9868' is unresolved between Postoperative Pulmonary Infusion Therapy (semantic_verified) ; H2-L00478-10: 'SPCLST STERILISATION SVC' is unresolved between Specialist Psychiatric Sterilisation Service (semantic_verified) ; a provisional total of 2811743 was computed but is not contractually defensible, so no corrected total is submitted ; not flagged, but some lines could not be identified, so not every rule could be checked",2811743
INV-H2-000479,0,,1487956,1487956,0.85,high,1,1,1487956,INV-H2-000479#0,not flagged; every line identified from text and priced exactly,1487956
INV-H2-000480,0,,,1052124,0.40,low,0,0,,INV-H2-000480#0,"H2-L00480-03: 'DISP FOC PHARM' is unresolved between Focused Pulmonary Pharmaceutical Dispensing (semantic_verified) ; a provisional total of 1052124 was computed but is not contractually defensible, so no corrected total is submitted ; not flagged, but some lines could not be identified, so not every rule could be checked",1052124
INV-H2-000481,0,,,1942981,0.40,low,0,0,,INV-H2-000481#0,"H2-L00481-03: 'VST VASCULAR HM /SA-8814' is unresolved between Extended Vascular Home Visit (semantic_verified) ; H2-L00481-04: 'SVC EMER TRANSP' is unresolved between Emergency Haematology Transport Service (semantic_verified) ; H2-L00481-05: 'VASC TRANSP SVC' is unresolved between Postoperative Vascular Transport Service (semantic_verified) ; H2-L00481-08: 'THER  STANDARD INF' is unresolved between Standard Paediatric Infusion Therapy (semantic_verified) ; a provisional total of 1942981 was computed but is not contractually defensible, so no corrected total is submitted ; not flagged, but some lines could not be identified, so not every rule could be checked",1942981
INV-H2-000482,0,,,2261845,0.40,low,0,0,,INV-H2-000482#0,"H2-L00482-13: 'EMER  TRANSP SERVICE /SA-9292' is unresolved between Emergency Haematology Transport Service (semantic_verified) ; a provisional total of 2261845 was computed but is not contractually defensible, so no corrected total is submitted ; not flagged, but some lines could not be identified, so not every rule could be checked",2261845
INV-H2-000483,0,,,2817934,0.40,low,0,0,,INV-H2-000483#0,"H2-L00483-04: 'ELECT TRANSP SVC' is unresolved between Elective Cardiac Transport Service (semantic_verified) ; H2-L00483-07: 'SESS PREOP PHYSIO' is unresolved between Preoperative Obstetric Physiotherapy Session (semantic_verified) ; H2-L00483-10: 'EMER  TRANSP SVC /SA-1419' is unresolved between Emergency Haematology Transport Service (semantic_verified) ; a provisional total of 2817934 was computed but is not contractually defensible, so no corrected total is submitted ; not flagged, but some lines could not be identified, so not every rule could be checked",2817934
INV-H2-000484,0,,1766773,1766773,0.85,high,1,1,1766773,INV-H2-000484#0,not flagged; every line identified from text and priced exactly,1766773
INV-H2-000485,0,,,1240519,0.40,low,0,0,,INV-H2-000485#0,"H2-L00485-06: 'ENT CS CONF /SA-6459' is unresolved between Comprehensive Otolaryngologic Case Conference (semantic_verified) ; a provisional total of 1240519 was computed but is not contractually defensible, so no corrected total is submitted ; not flagged, but some lines could not be identified, so not every rule could be checked",1240519
INV-H2-000486,0,,,3301850,0.40,low,0,0,,INV-H2-000486#0,"H2-L00486-19: 'METAB LAB PANEL' is unresolved between Supervised Metabolic Laboratory Panel (semantic_verified) ; a provisional total of 3301850 was computed but is not contractually defensible, so no corrected total is submitted ; not flagged, but some lines could not be identified, so not every rule could be checked",3301850
INV-H2-000487,0,,2302326,2302326,0.85,high,1,1,2302326,INV-H2-000487#0,not flagged; every line identified from text and priced exactly,2302326
INV-H2-000488,0,,,2235260,0.40,low,0,0,,INV-H2-000488#0,"H2-L00488-09: 'AMB NUTRITIONAL SUPP /SA-7761' is unresolved between Ambulatory Haematology Nutritional Support (semantic_verified) ; a provisional total of 2235260 was computed but is not contractually defensible, so no corrected total is submitted ; not flagged, but some lines could not be identified, so not every rule could be checked",2235260
INV-H2-000489,0,,2652128,2652128,0.85,high,1,1,2652128,INV-H2-000489#0,not flagged; every line identified from text and priced exactly,2652128
INV-H2-000490,0,,,1318273,0.40,low,0,0,,INV-H2-000490#0,"H2-L00490-01: 'BEDS PHARM DISP' is unresolved between Bedside Pulmonary Pharmaceutical Dispensing (semantic_verified) ; H2-L00490-02: bundle partner 'Bedside Pulmonary Pharmaceutical Dispensing' may have been delivered on 2024-11-18 (unresolved description that day) ; H2-L00490-04: 'EMER  TRANSP SERVICE /SA-9292' is unresolved between Emergency Haematology Transport Service (semantic_verified) ; a provisional total of 1318273 was computed but is not contractually defensible, so no corrected total is submitted ; not flagged, but some lines could not be identified, so not every rule could be checked",1318273
INV-H2-000491,0,,,3922968,0.40,low,0,0,,INV-H2-000491#0,"H2-L00491-02: 'ASST BIOP PROC' is unresolved between Assisted Gastrointestinal Biopsy Procedure (semantic_verified) ; H2-L00491-07: 'EMER THTR TM /SA-2118' is unresolved between Emergency Paediatric Theatre Time (semantic_verified) ; H2-L00491-12: 'SESS CARD DIAL' is unresolved between Focused Cardiac Dialysis Session (semantic_verified) ; a provisional total of 3922968 was computed but is not contractually defensible, so no corrected total is submitted ; not flagged, but some lines could not be identified, so not every rule could be checked",3922968
INV-H2-000492,0,,,3215187,0.40,low,0,0,,INV-H2-000492#0,"H2-L00492-04: 'ASST BIOP PROC' is unresolved between Assisted Gastrointestinal Biopsy Procedure (semantic_verified) ; H2-L00492-05: 'EMER  TRANSP SVC /SA-1419' is unresolved between Emergency Haematology Transport Service (semantic_verified) ; H2-L00492-11: 'FRACT BEDS RADIOTHER /SA-5851' is unresolved between Bedside Ophthalmic Radiotherapy Fraction (semantic_verified) ; H2-L00492-16: bundle partner 'Standard Orthopaedic Isolation Room Occupancy' may have been delivered on 2024-11-15 (unresolved description that day) ; H2-L00492-17: 'STD ISOL RM OCC' is unresolved between Standard Neurological Isolation Room Occupancy, Standard Orthopaedic Isolation Room Occupancy (unresolved) ; a provisional total of 3215187 was computed but is not contractually defensible, so no corrected total is submitted ; not flagged, but some lines could not be identified, so not every rule could be checked",3215187
INV-H2-000493,0,,,3246586,0.40,low,0,0,,INV-H2-000493#0,"H2-L00493-11: 'ENT CS CONF /SA-6459' is unresolved between Comprehensive Otolaryngologic Case Conference (semantic_verified) ; H2-L00493-18: 'OTOLARYNGOLOGIC  DISCH PLNG /SA-6235' is unresolved between Continuous Otolaryngologic Discharge Planning (semantic_verified) ; H2-L00493-20: 'ELECT TRANSP SVC' is unresolved between Elective Cardiac Transport Service (semantic_verified) ; a provisional total of 3246586 was computed but is not contractually defensible, so no corrected total is submitted ; not flagged, but some lines could not be identified, so not every rule could be checked",3246586
INV-H2-000494,0,,,1217533,0.40,low,0,0,,INV-H2-000494#0,"H2-L00494-05: 'STD ISOL RM OCC' is unresolved between Standard Neurological Isolation Room Occupancy, Standard Orthopaedic Isolation Room Occupancy (unresolved) ; H2-L00494-06: bundle partner 'Standard Orthopaedic Isolation Room Occupancy' may have been delivered on 2024-11-17 (unresolved description that day) ; a provisional total of 1217533 was computed but is not contractually defensible, so no corrected total is submitted ; not flagged, but some lines could not be identified, so not every rule could be checked",1217533
INV-H2-000495,0,,,1182030,0.40,low,0,0,,INV-H2-000495#0,"H2-L00495-01: 'ENT CS CONF /SA-6459' is unresolved between Comprehensive Otolaryngologic Case Conference (semantic_verified) ; H2-L00495-04: 'OTOLARYNGOLOGIC  DISCH PLNG /SA-6235' is unresolved between Continuous Otolaryngologic Discharge Planning (semantic_verified) ; a provisional total of 1182030 was computed but is not contractually defensible, so no corrected total is submitted ; not flagged, but some lines could not be identified, so not every rule could be checked",1182030
INV-H2-000496,0,,,1186703,0.40,low,0,0,,INV-H2-000496#0,"H2-L00496-02: 'EMER THTR TM /SA-2118' is unresolved between Emergency Paediatric Theatre Time (semantic_verified) ; a provisional total of 1186703 was computed but is not contractually defensible, so no corrected total is submitted ; not flagged, but some lines could not be identified, so not every rule could be checked",1186703
INV-H2-000498,0,,,3214850,0.40,low,0,0,,INV-H2-000498#0,"H2-L00498-01: 'POSTOP ANAES ADMIN' is unresolved between Postoperative Ophthalmic Anaesthesia Administration (semantic_verified) ; H2-L00498-03: 'PULM INF THER /SA-9868' is unresolved between Postoperative Pulmonary Infusion Therapy (semantic_verified) ; H2-L00498-09: 'OTOLARYNGOLOGIC  DISCH PLNG /SA-6235' is unresolved between Continuous Otolaryngologic Discharge Planning (semantic_verified) ; H2-L00498-14: 'AMB NUTRITIONAL SUPP /SA-7761' is unresolved between Ambulatory Haematology Nutritional Support (semantic_verified) ; a provisional total of 3214850 was computed but is not contractually defensible, so no corrected total is submitted ; not flagged, but some lines could not be identified, so not every rule could be checked",3214850
INV-H2-000499,0,,,3971333,0.40,low,0,0,,INV-H2-000499#0,"H2-L00499-01: 'ADV ENDOSCOPIC PROC /SA-6974' is unresolved between Advanced Gastrointestinal Endoscopic Procedure (semantic_verified) ; H2-L00499-10: 'ELECT TRANSP SVC' is unresolved between Elective Cardiac Transport Service (semantic_verified) ; H2-L00499-12: 'PROC HEP ENDOSC' is unresolved between Supervised Hepatic Endoscopic Procedure (semantic_verified) ; a provisional total of 3971333 was computed but is not contractually defensible, so no corrected total is submitted ; not flagged, but some lines could not be identified, so not every rule could be checked",3971333
INV-H2-000500,0,,,2320715,0.40,low,0,0,,INV-H2-000500#0,"H2-L00500-11: 'ENT CS CONF /SA-6459' is unresolved between Comprehensive Otolaryngologic Case Conference (semantic_verified) ; a provisional total of 2320715 was computed but is not contractually defensible, so no corrected total is submitted ; not flagged, but some lines could not be identified, so not every rule could be checked",2320715
INV-H2-000501,0,,,2146246,0.40,low,0,0,,INV-H2-000501#0,"H2-L00501-01: 'PULM INF THER /SA-9868' is unresolved between Postoperative Pulmonary Infusion Therapy (semantic_verified) ; H2-L00501-05: 'ROUTINE LAB PNL /SA-5904' is unresolved between Routine Ophthalmic Laboratory Panel (semantic_verified) ; H2-L00501-06: 'EMER  TRANSP SVC /SA-1419' is unresolved between Emergency Haematology Transport Service (semantic_verified) ; a provisional total of 2146246 was computed but is not contractually defensible, so no corrected total is submitted ; not flagged, but some lines could not be identified, so not every rule could be checked",2146246
INV-H2-000502,0,,,2294084,0.40,low,0,0,,INV-H2-000502#0,"H2-L00502-07: 'SUPV  IMG INTERP' is unresolved between Supervised Neurological Imaging Interpretation (semantic_verified) ; a provisional total of 2294084 was computed but is not contractually defensible, so no corrected total is submitted ; not flagged, but some lines could not be identified, so not every rule could be checked",2294084
INV-H2-000503,0,,,4649507,0.40,low,0,0,,INV-H2-000503#0,"H2-L00503-02: 'EMER  TRANSP SVC /SA-1419' is unresolved between Emergency Haematology Transport Service (semantic_verified) ; a provisional total of 4649507 was computed but is not contractually defensible, so no corrected total is submitted ; not flagged, but some lines could not be identified, so not every rule could be checked",4649507
INV-H2-000504,0,,,1227341,0.40,low,0,0,,INV-H2-000504#0,"H2-L00504-06: 'CARDIAC  TRANSP SERVICE' is unresolved between Elective Cardiac Transport Service (semantic_verified) ; a provisional total of 1227341 was computed but is not contractually defensible, so no corrected total is submitted ; not flagged, but some lines could not be identified, so not every rule could be checked",1227341
INV-H2-000505,0,,,1313419,0.40,low,0,0,,INV-H2-000505#0,"H2-L00505-05: 'CARD  NURS OBS' is unresolved between Elective Cardiac Nursing Observation (semantic_verified) ; a provisional total of 1313419 was computed but is not contractually defensible, so no corrected total is submitted ; not flagged, but some lines could not be identified, so not every rule could be checked",1313419
INV-H2-000506,0,,,2515516,0.40,low,0,0,,INV-H2-000506#0,"H2-L00506-04: 'VASC IMAGING INTERP' is unresolved between Preoperative Vascular Imaging Interpretation (unresolved) ; a provisional total of 2515516 was computed but is not contractually defensible, so no corrected total is submitted ; not flagged, but some lines could not be identified, so not every rule could be checked",2515516
INV-H2-000507,1,unit_price_mismatch,,3254536,0.40,low,0,0,,INV-H2-000507#0,"H2-L00507-01: 'OCC INTENS WD BD' is unresolved between Intensive Palliative Ward Bed Occupancy (semantic_verified) ; H2-L00507-13: 'POSTOP THTR TM' is unresolved between Postoperative Paediatric Theatre Time (semantic_verified) ; H2-L00507-14: 'SUPV  IMG INTERP' is unresolved between Supervised Neurological Imaging Interpretation (semantic_verified) ; H2-L00507-15: 'INPT ISOL RM OCC' is unresolved between Inpatient Paediatric Isolation Room Occupancy (semantic_verified) ; H2-L00507-16: 'SVC EMER TRANSP' is unresolved between Emergency Haematology Transport Service (semantic_verified) ; a provisional total of 3185764 was computed but is not contractually defensible, so no corrected total is submitted ; a finding rests on reading free text, or the corrected total cannot be reconstructed",3185764
INV-H2-000508,0,,,3212900,0.40,low,0,0,,INV-H2-000508#0,"H2-L00508-04: 'EMER  TRANSP SVC /SA-1419' is unresolved between Emergency Haematology Transport Service (semantic_verified) ; a provisional total of 3212900 was computed but is not contractually defensible, so no corrected total is submitted ; not flagged, but some lines could not be identified, so not every rule could be checked",3212900
INV-H2-000509,1,invoice_total_mismatch|unit_price_mismatch,,4972669,0.40,low,0,0,,INV-H2-000509#0,"H2-L00509-01: 'DISP FOC PHARM' is unresolved between Focused Pulmonary Pharmaceutical Dispensing (semantic_verified) ; H2-L00509-15: 'INTERP  SUPERVISED IMG /SA-6042' is unresolved between Supervised Neurological Imaging Interpretation (semantic_verified) ; a finding rests on reading free text, or the corrected total cannot be reconstructed",
INV-H2-000510,0,,2229527,2229527,0.85,high,1,1,2229527,INV-H2-000510#0,not flagged; every line identified from text and priced exactly,2229527
INV-H2-000511,0,,2811585,2811585,0.65,medium,1,1,2811585,INV-H2-000511#0,not flagged; identity rests partly on a unit-basis tie-break or a verified semantic decision,2811585
INV-H2-000512,0,,,3858882,0.40,low,0,0,,INV-H2-000512#0,"H2-L00512-14: 'ASST DIAG IMG /SA-7926' is unresolved between Assisted Musculoskeletal Diagnostic Imaging (semantic_verified) ; H2-L00512-16: 'SVC EMER TRANSP' is unresolved between Emergency Haematology Transport Service (semantic_verified) ; a provisional total of 3858882 was computed but is not contractually defensible, so no corrected total is submitted ; not flagged, but some lines could not be identified, so not every rule could be checked",3858882
INV-H2-000513,0,,,1178022,0.40,low,0,0,,INV-H2-000513#0,"H2-L00513-06: 'ENT CS CONF /SA-6459' is unresolved between Comprehensive Otolaryngologic Case Conference (semantic_verified) ; a provisional total of 1178022 was computed but is not contractually defensible, so no corrected total is submitted ; not flagged, but some lines could not be identified, so not every rule could be checked",1178022
INV-H2-000514,0,,,2413761,0.40,low,0,0,,INV-H2-000514#0,"H2-L00514-15: 'ELECT TRANSP SVC' is unresolved between Elective Cardiac Transport Service (semantic_verified) ; a provisional total of 2413761 was computed but is not contractually defensible, so no corrected total is submitted ; not flagged, but some lines could not be identified, so not every rule could be checked",2413761
INV-H2-000515,0,,4751120,4751120,0.85,high,1,1,4751120,INV-H2-000515#0,not flagged; every line identified from text and priced exactly,4751120
INV-H2-000516,0,,,3819506,0.40,low,0,0,,INV-H2-000516#0,"H2-L00516-04: 'ELECT TRANSP SVC' is unresolved between Elective Cardiac Transport Service (semantic_verified) ; H2-L00516-10: 'EMER  TRANSP SERVICE /SA-9292' is unresolved between Emergency Haematology Transport Service (semantic_verified) ; H2-L00516-12: 'MSK RECOVERY RM OCC' is unresolved between Standard Musculoskeletal Recovery Room Occupancy (semantic_verified) ; a provisional total of 3819506 was computed but is not contractually defensible, so no corrected total is submitted ; not flagged, but some lines could not be identified, so not every rule could be checked",3819506
INV-H2-000517,0,,599366,599366,0.85,high,1,1,599366,INV-H2-000517#0,not flagged; every line identified from text and priced exactly,599366
INV-H2-000518,0,,,1392247,0.40,low,0,0,,INV-H2-000518#0,"H2-L00518-03: 'ELECT TRANSP SVC' is unresolved between Elective Cardiac Transport Service (semantic_verified) ; H2-L00518-06: 'ADV ENDOSCOPIC PROC /SA-6974' is unresolved between Advanced Gastrointestinal Endoscopic Procedure (semantic_verified) ; a provisional total of 1392247 was computed but is not contractually defensible, so no corrected total is submitted ; not flagged, but some lines could not be identified, so not every rule could be checked",1392247
INV-H2-000519,1,malformed_service_date|unknown_service,,4021008,0.40,low,0,0,,INV-H2-000519#0,"H2-L00519-05: service not contracted, so no contract price exists ; H2-L00519-08: 'ADV ENDOSCOPIC PROC /SA-6974' is unresolved between Advanced Gastrointestinal Endoscopic Procedure (semantic_verified) ; H2-L00519-12: 'SUPV  IMG INTERP' is unresolved between Supervised Neurological Imaging Interpretation (semantic_verified) ; a finding rests on reading free text, or the corrected total cannot be reconstructed",
INV-H2-000520,0,,,1266208,0.40,low,0,0,,INV-H2-000520#0,"H2-L00520-03: 'VST VASCULAR HM /SA-8814' is unresolved between Extended Vascular Home Visit (semantic_verified) ; H2-L00520-05: 'EMER  TRANSP SERVICE /SA-9292' is unresolved between Emergency Haematology Transport Service (semantic_verified) ; a provisional total of 1266208 was computed but is not contractually defensible, so no corrected total is submitted ; not flagged, but some lines could not be identified, so not every rule could be checked",1266208
INV-H2-000521,0,,,2393093,0.40,low,0,0,,INV-H2-000521#0,"H2-L00521-03: 'ASST BIOP PROC' is unresolved between Assisted Gastrointestinal Biopsy Procedure (semantic_verified) ; a provisional total of 2393093 was computed but is not contractually defensible, so no corrected total is submitted ; not flagged, but some lines could not be identified, so not every rule could be checked",2393093
INV-H2-000522,1,service_date_out_of_contract,,2437801,0.85,high,0,0,,INV-H2-000522#0,"H2-L00522-04: 'STD ISOL RM OCC' is unresolved between Standard Neurological Isolation Room Occupancy, Standard Orthopaedic Isolation Room Occupancy (unresolved) ; H2-L00522-10: 'Bedside Ophthalmic Radiotherapy Fraction' may fall within 7 days (unresolved description); not asserted ; H2-L00522-11: 'FRACT BEDS RADIOTHER /SA-5851' is unresolved between Bedside Ophthalmic Radiotherapy Fraction (semantic_verified) ; a provisional total of 2437801 was computed but is not contractually defensible, so no corrected total is submitted ; every finding follows from the invoice's own fields, independent of service identity",2437801
INV-H2-000523,0,,,2064963,0.40,low,0,0,,INV-H2-000523#0,"H2-L00523-05: 'PAED THEATRE TM /SA-1156' is unresolved between Emergency Paediatric Theatre Time, Postoperative Paediatric Theatre Time (semantic_verified) ; a provisional total of 2064963 was computed but is not contractually defensible, so no corrected total is submitted ; not flagged, but some lines could not be identified, so not every rule could be checked",2064963
INV-H2-000524,0,,,2678468,0.40,low,0,0,,INV-H2-000524#0,"H2-L00524-03: 'INTERP  SUPERVISED IMG /SA-6042' is unresolved between Supervised Neurological Imaging Interpretation (semantic_verified) ; H2-L00524-05: 'FRACT BEDS RADIOTHER /SA-5851' is unresolved between Bedside Ophthalmic Radiotherapy Fraction (semantic_verified) ; H2-L00524-12: 'PREOP SPCM ANLY /SA-5067' is unresolved between Preoperative Cardiac Specimen Analysis (semantic_verified) ; a provisional total of 2678468 was computed but is not contractually defensible, so no corrected total is submitted ; not flagged, but some lines could not be identified, so not every rule could be checked",2678468
INV-H2-000525,0,,,3664609,0.40,low,0,0,,INV-H2-000525#0,"H2-L00525-01: 'SESS PREOP PHYSIO' is unresolved between Preoperative Obstetric Physiotherapy Session (semantic_verified) ; a provisional total of 3664609 was computed but is not contractually defensible, so no corrected total is submitted ; not flagged, but some lines could not be identified, so not every rule could be checked",3664609
INV-H2-000526,0,,,3521979,0.40,low,0,0,,INV-H2-000526#0,"H2-L00526-04: 'EMER  TRANSP SVC /SA-1419' is unresolved between Emergency Haematology Transport Service (semantic_verified) ; H2-L00526-08: 'EMER THTR TM /SA-2118' is unresolved between Emergency Paediatric Theatre Time (semantic_verified) ; H2-L00526-13: 'OCC STD RECOV RM' is unresolved between Standard Musculoskeletal Recovery Room Occupancy (semantic_verified) ; a provisional total of 3521979 was computed but is not contractually defensible, so no corrected total is submitted ; not flagged, but some lines could not be identified, so not every rule could be checked",3521979
INV-H2-000527,0,,,2372365,0.40,low,0,0,,INV-H2-000527#0,"H2-L00527-05: 'VASC TRANSP SVC' is unresolved between Postoperative Vascular Transport Service (semantic_verified) ; H2-L00527-10: 'OBSERVATION  CARD NURSING' is unresolved between Elective Cardiac Nursing Observation (semantic_verified) ; a provisional total of 2372365 was computed but is not contractually defensible, so no corrected total is submitted ; not flagged, but some lines could not be identified, so not every rule could be checked",2372365
INV-H2-000528,0,,1165989,1165989,0.85,high,1,1,1165989,INV-H2-000528#0,not flagged; every line identified from text and priced exactly,1165989
INV-H2-000529,0,,,1942612,0.40,low,0,0,,INV-H2-000529#0,"H2-L00529-13: 'STD ISOL RM OCC' is unresolved between Standard Neurological Isolation Room Occupancy, Standard Orthopaedic Isolation Room Occupancy (unresolved) ; a provisional total of 1942612 was computed but is not contractually defensible, so no corrected total is submitted ; not flagged, but some lines could not be identified, so not every rule could be checked",1942612
INV-H2-000530,0,,,2020950,0.40,low,0,0,,INV-H2-000530#0,"H2-L00530-12: 'OCC INTENS WD BD' is unresolved between Intensive Palliative Ward Bed Occupancy (semantic_verified) ; a provisional total of 2020950 was computed but is not contractually defensible, so no corrected total is submitted ; not flagged, but some lines could not be identified, so not every rule could be checked",2020950
INV-H2-000531,0,,,1912735,0.40,low,0,0,,INV-H2-000531#0,"H2-L00531-03: 'EMER THTR TM /SA-2118' is unresolved between Emergency Paediatric Theatre Time (semantic_verified) ; H2-L00531-06: 'OBSERVATION  CARD NURSING' is unresolved between Elective Cardiac Nursing Observation (semantic_verified) ; a provisional total of 1912735 was computed but is not contractually defensible, so no corrected total is submitted ; not flagged, but some lines could not be identified, so not every rule could be checked",1912735
INV-H2-000532,0,,1735793,1735793,0.85,high,1,1,1735793,INV-H2-000532#0,not flagged; every line identified from text and priced exactly,1735793
INV-H2-000533,0,,,782200,0.40,low,0,0,,INV-H2-000533#0,"H2-L00533-04: 'ENT CS CONF /SA-6459' is unresolved between Comprehensive Otolaryngologic Case Conference (semantic_verified) ; a provisional total of 782200 was computed but is not contractually defensible, so no corrected total is submitted ; not flagged, but some lines could not be identified, so not every rule could be checked",782200
INV-H2-000534,0,,3400872,3400872,0.65,medium,1,1,3400872,INV-H2-000534#0,not flagged; identity rests partly on a unit-basis tie-break or a verified semantic decision,3400872
INV-H2-000535,0,,,3084252,0.40,low,0,0,,INV-H2-000535#0,"H2-L00535-04: 'INPT ISOL RM OCC' is unresolved between Inpatient Paediatric Isolation Room Occupancy (semantic_verified) ; a provisional total of 3084252 was computed but is not contractually defensible, so no corrected total is submitted ; not flagged, but some lines could not be identified, so not every rule could be checked",3084252
INV-H2-000536,0,,,4239813,0.40,low,0,0,,INV-H2-000536#0,"H2-L00536-03: 'EMER  TRANSP SVC /SA-1419' is unresolved between Emergency Haematology Transport Service (semantic_verified) ; H2-L00536-06: 'VST VASCULAR HM /SA-8814' is unresolved between Extended Vascular Home Visit (semantic_verified) ; a provisional total of 4239813 was computed but is not contractually defensible, so no corrected total is submitted ; not flagged, but some lines could not be identified, so not every rule could be checked",4239813
INV-H2-000537,0,,,3154210,0.40,low,0,0,,INV-H2-000537#0,"H2-L00537-12: 'DISP FOC PHARM' is unresolved between Focused Pulmonary Pharmaceutical Dispensing (semantic_verified) ; H2-L00537-17: 'ELECT TRANSP SVC' is unresolved between Elective Cardiac Transport Service (semantic_verified) ; a provisional total of 3154210 was computed but is not contractually defensible, so no corrected total is submitted ; not flagged, but some lines could not be identified, so not every rule could be checked",3154210
INV-H2-000538,0,,,2855565,0.40,low,0,0,,INV-H2-000538#0,"H2-L00538-01: 'SVC EMER TRANSP' is unresolved between Emergency Haematology Transport Service (semantic_verified) ; H2-L00538-06: 'SESS PREOP PHYSIO' is unresolved between Preoperative Obstetric Physiotherapy Session (semantic_verified) ; H2-L00538-07: 'PULM INF THER /SA-9868' is unresolved between Postoperative Pulmonary Infusion Therapy (semantic_verified) ; a provisional total of 2855565 was computed but is not contractually defensible, so no corrected total is submitted ; not flagged, but some lines could not be identified, so not every rule could be checked",2855565
INV-H2-000539,0,,1054333,1054333,0.65,medium,1,1,1054333,INV-H2-000539#0,not flagged; identity rests partly on a unit-basis tie-break or a verified semantic decision,1054333
INV-H2-000540,0,,,2617786,0.40,low,0,0,,INV-H2-000540#0,"H2-L00540-07: 'PALL RECOV ROOM OCC' is unresolved between Focused Palliative Recovery Room Occupancy (semantic_verified) ; H2-L00540-10: 'FRACT BEDS RADIOTHER /SA-5851' is unresolved between Bedside Ophthalmic Radiotherapy Fraction (semantic_verified) ; a provisional total of 2617786 was computed but is not contractually defensible, so no corrected total is submitted ; not flagged, but some lines could not be identified, so not every rule could be checked",2617786
INV-H2-000541,0,,,1250700,0.40,low,0,0,,INV-H2-000541#0,"H2-L00541-03: 'PNL FOC LAB /SA-4377' is unresolved between Focused Ophthalmic Laboratory Panel (semantic_verified) ; H2-L00541-06: 'POSTOP THTR TM' is unresolved between Postoperative Paediatric Theatre Time (semantic_verified) ; a provisional total of 1250700 was computed but is not contractually defensible, so no corrected total is submitted ; not flagged, but some lines could not be identified, so not every rule could be checked",1250700
INV-H2-000542,0,,,5495032,0.40,low,0,0,,INV-H2-000542#0,"H2-L00542-01: 'SUPERVISED BIOPSY PROC' is unresolved between Supervised Haematology Biopsy Procedure (semantic_verified) ; H2-L00542-03: 'STD - TELEM MONIT /SA-8775' is unresolved between Standard Metabolic Telemetry Monitoring (semantic_verified) ; H2-L00542-06: 'PULM INF THER /SA-9868' is unresolved between Postoperative Pulmonary Infusion Therapy (semantic_verified) ; H2-L00542-10: 'POSTOP ANAES ADMIN' is unresolved between Postoperative Ophthalmic Anaesthesia Administration (semantic_verified) ; H2-L00542-11: 'ADV ENDOSCOPIC PROC /SA-6974' is unresolved between Advanced Gastrointestinal Endoscopic Procedure (semantic_verified) ; H2-L00542-14: 'INTERM  REHAB PROG' is unresolved between Intermittent Otolaryngologic Rehabilitation Programme (semantic_verified) ; a provisional total of 5495032 was computed but is not contractually defensible, so no corrected total is submitted ; not flagged, but some lines could not be identified, so not every rule could be checked",5495032
INV-H2-000543,0,,,869034,0.40,low,0,0,,INV-H2-000543#0,"H2-L00543-04: 'ASST DIAG IMG /SA-7926' is unresolved between Assisted Musculoskeletal Diagnostic Imaging (semantic_verified) ; H2-L00543-06: 'CARDIAC  TRANSP SERVICE' is unresolved between Elective Cardiac Transport Service (semantic_verified) ; a provisional total of 869034 was computed but is not contractually defensible, so no corrected total is submitted ; not flagged, but some lines could not be identified, so not every rule could be checked",869034
INV-H2-000544,0,,,4361678,0.40,low,0,0,,INV-H2-000544#0,"H2-L00544-01: 'POSTOP ANAES ADMIN' is unresolved between Postoperative Ophthalmic Anaesthesia Administration (semantic_verified) ; H2-L00544-02: 'SPCLST STERILISATION SVC' is unresolved between Specialist Psychiatric Sterilisation Service (semantic_verified) ; a provisional total of 4361678 was computed but is not contractually defensible, so no corrected total is submitted ; not flagged, but some lines could not be identified, so not every rule could be checked",4361678
INV-H2-000545,0,,,3421058,0.40,low,0,0,,INV-H2-000545#0,"H2-L00545-05: 'ELECT TRANSP SVC' is unresolved between Elective Cardiac Transport Service (semantic_verified) ; a provisional total of 3421058 was computed but is not contractually defensible, so no corrected total is submitted ; not flagged, but some lines could not be identified, so not every rule could be checked",3421058
INV-H2-000546,0,,,2877477,0.40,low,0,0,,INV-H2-000546#0,"H2-L00546-05: 'OCC STD RECOV RM' is unresolved between Standard Musculoskeletal Recovery Room Occupancy (semantic_verified) ; a provisional total of 2877477 was computed but is not contractually defensible, so no corrected total is submitted ; not flagged, but some lines could not be identified, so not every rule could be checked",2877477
INV-H2-000547,0,,,2712538,0.40,low,0,0,,INV-H2-000547#0,"H2-L00547-03: 'EMER  TRANSP SVC /SA-1419' is unresolved between Emergency Haematology Transport Service (semantic_verified) ; H2-L00547-12: 'IMG ASST DIAG' is unresolved between Assisted Musculoskeletal Diagnostic Imaging (semantic_verified) ; a provisional total of 2712538 was computed but is not contractually defensible, so no corrected total is submitted ; not flagged, but some lines could not be identified, so not every rule could be checked",2712538
INV-H2-000548,0,,1631925,1631925,0.65,medium,1,1,1631925,INV-H2-000548#0,not flagged; identity rests partly on a unit-basis tie-break or a verified semantic decision,1631925
INV-H2-000549,1,duplicate_invoice_id|wrong_unit_basis|unit_price_mismatch,,1605618,0.40,low,0,0,,INV-H2-000549#0|INV-H2-000549#1,"H2-L00770-01: 'EMER  TRANSP SERVICE /SA-9292' is unresolved between Emergency Haematology Transport Service (semantic_verified) ; H2-L00770-07: 'VASC TRANSP SVC' is unresolved between Postoperative Vascular Transport Service (semantic_verified) ; invoice number reused: this row represents occurrence INV-H2-000549#1; earlier occurrence(s) INV-H2-000549#0 (3 finding(s)) are audited separately in findings.csv ; a provisional total of 2015796 was computed but is not contractually defensible, so no corrected total is submitted ; a finding rests on reading free text, or the corrected total cannot be reconstructed",2015796
INV-H2-000550,0,,,812880,0.40,low,0,0,,INV-H2-000550#0,"H2-L00550-02: 'INPT ISOL RM OCC' is unresolved between Inpatient Paediatric Isolation Room Occupancy (semantic_verified) ; a provisional total of 812880 was computed but is not contractually defensible, so no corrected total is submitted ; not flagged, but some lines could not be identified, so not every rule could be checked",812880
INV-H2-000551,0,,,1889477,0.40,low,0,0,,INV-H2-000551#0,"H2-L00551-01: 'SVC EMER TRANSP' is unresolved between Emergency Haematology Transport Service (semantic_verified) ; a provisional total of 1889477 was computed but is not contractually defensible, so no corrected total is submitted ; not flagged, but some lines could not be identified, so not every rule could be checked",1889477
INV-H2-000552,0,,1578679,1578679,0.85,high,1,1,1578679,INV-H2-000552#0,not flagged; every line identified from text and priced exactly,1578679
INV-H2-000553,0,,1344040,1344040,0.65,medium,1,1,1344040,INV-H2-000553#0,not flagged; identity rests partly on a unit-basis tie-break or a verified semantic decision,1344040
INV-H2-000554,0,,,1871014,0.40,low,0,0,,INV-H2-000554#0,"H2-L00554-02: 'SVC EMER TRANSP' is unresolved between Emergency Haematology Transport Service (semantic_verified) ; H2-L00554-03: 'POSTOP INF THER' is unresolved between Postoperative Pulmonary Infusion Therapy (semantic_verified) ; H2-L00554-15: 'ASST DIAG IMAGING' is unresolved between Assisted Musculoskeletal Diagnostic Imaging (unresolved) ; H2-L00554-16: 'ELECT TRANSP SVC' is unresolved between Elective Cardiac Transport Service (semantic_verified) ; a provisional total of 1871014 was computed but is not contractually defensible, so no corrected total is submitted ; not flagged, but some lines could not be identified, so not every rule could be checked",1871014
INV-H2-000555,0,,,1392220,0.40,low,0,0,,INV-H2-000555#0,"H2-L00555-06: 'OBSERVATION  CARD NURSING' is unresolved between Elective Cardiac Nursing Observation (semantic_verified) ; H2-L00555-09: 'ELECT TRANSP SVC' is unresolved between Elective Cardiac Transport Service (semantic_verified) ; a provisional total of 1392220 was computed but is not contractually defensible, so no corrected total is submitted ; not flagged, but some lines could not be identified, so not every rule could be checked",1392220
INV-H2-000556,0,,,2894291,0.40,low,0,0,,INV-H2-000556#0,"H2-L00556-05: 'PSYCH TRANSF SVC' is unresolved between Standard Psychiatric Transfusion Service (semantic_verified) ; a provisional total of 2894291 was computed but is not contractually defensible, so no corrected total is submitted ; not flagged, but some lines could not be identified, so not every rule could be checked",2894291
INV-H2-000557,0,,,1961598,0.40,low,0,0,,INV-H2-000557#0,"H2-L00557-01: 'DISP FOC PHARM' is unresolved between Focused Pulmonary Pharmaceutical Dispensing (semantic_verified) ; a provisional total of 1961598 was computed but is not contractually defensible, so no corrected total is submitted ; not flagged, but some lines could not be identified, so not every rule could be checked",1961598
INV-H2-000558,0,,,1735900,0.40,low,0,0,,INV-H2-000558#0,"H2-L00558-04: 'ASST DIAG IMAGING' is unresolved between Assisted Musculoskeletal Diagnostic Imaging (unresolved) ; a provisional total of 1735900 was computed but is not contractually defensible, so no corrected total is submitted ; not flagged, but some lines could not be identified, so not every rule could be checked",1735900
INV-H2-000559,0,,1558207,1558207,0.65,medium,1,1,1558207,INV-H2-000559#0,not flagged; identity rests partly on a unit-basis tie-break or a verified semantic decision,1558207
INV-H2-000560,0,,,3421995,0.40,low,0,0,,INV-H2-000560#0,"H2-L00560-13: 'PREOP SPCM ANLY /SA-5067' is unresolved between Preoperative Cardiac Specimen Analysis (semantic_verified) ; a provisional total of 3421995 was computed but is not contractually defensible, so no corrected total is submitted ; not flagged, but some lines could not be identified, so not every rule could be checked",3421995
INV-H2-000561,1,malformed_service_date,,3182220,0.85,high,1,0,3182220,INV-H2-000561#0,"a provisional total of 3182220 was computed but is not contractually defensible, so no corrected total is submitted ; every finding follows from the invoice's own fields, independent of service identity",3182220
INV-H2-000562,0,,,2208541,0.40,low,0,0,,INV-H2-000562#0,"H2-L00562-01: 'POSTOP ANAES ADMIN' is unresolved between Postoperative Ophthalmic Anaesthesia Administration (semantic_verified) ; a provisional total of 2208541 was computed but is not contractually defensible, so no corrected total is submitted ; not flagged, but some lines could not be identified, so not every rule could be checked",2208541
INV-H2-000563,0,,,880960,0.40,low,0,0,,INV-H2-000563#0,"H2-L00563-01: 'PAED THEATRE TM /SA-1156' is unresolved between Emergency Paediatric Theatre Time, Postoperative Paediatric Theatre Time (semantic_verified) ; H2-L00563-02: 'EMER  TRANSP SVC /SA-1419' is unresolved between Emergency Haematology Transport Service (semantic_verified) ; a provisional total of 880960 was computed but is not contractually defensible, so no corrected total is submitted ; not flagged, but some lines could not be identified, so not every rule could be checked",880960
INV-H2-000564,0,,,3032224,0.40,low,0,0,,INV-H2-000564#0,"H2-L00564-02: 'ASST DIAG IMG /SA-7926' is unresolved between Assisted Musculoskeletal Diagnostic Imaging (semantic_verified) ; H2-L00564-08: 'EXTENDED - HM VST' is unresolved between Extended Vascular Home Visit (unresolved) ; H2-L00564-10: 'SUPERVISED BIOPSY PROC' is unresolved between Supervised Haematology Biopsy Procedure (semantic_verified) ; a provisional total of 3032224 was computed but is not contractually defensible, so no corrected total is submitted ; not flagged, but some lines could not be identified, so not every rule could be checked",3032224
INV-H2-000565,0,,,2938967,0.40,low,0,0,,INV-H2-000565#0,"H2-L00565-03: 'FRACT BEDS RADIOTHER /SA-5851' is unresolved between Bedside Ophthalmic Radiotherapy Fraction (semantic_verified) ; a provisional total of 2938967 was computed but is not contractually defensible, so no corrected total is submitted ; not flagged, but some lines could not be identified, so not every rule could be checked",2938967
INV-H2-000566,0,,,3281550,0.40,low,0,0,,INV-H2-000566#0,"H2-L00566-04: 'ADV ENDOSCOPIC PROC /SA-6974' is unresolved between Advanced Gastrointestinal Endoscopic Procedure (semantic_verified) ; H2-L00566-08: 'SVC EMER TRANSP' is unresolved between Emergency Haematology Transport Service (semantic_verified) ; a provisional total of 3281550 was computed but is not contractually defensible, so no corrected total is submitted ; not flagged, but some lines could not be identified, so not every rule could be checked",3281550
INV-H2-000567,0,,,3084514,0.40,low,0,0,,INV-H2-000567#0,"H2-L00567-01: 'SPCLST STERILISATION SVC' is unresolved between Specialist Psychiatric Sterilisation Service (semantic_verified) ; H2-L00567-05: 'RTN PHYSIO SESS' is unresolved between Routine Geriatric Physiotherapy Session (semantic_verified) ; a provisional total of 3084514 was computed but is not contractually defensible, so no corrected total is submitted ; not flagged, but some lines could not be identified, so not every rule could be checked",3084514
INV-H2-000568,0,,2556398,2556398,0.85,high,1,1,2556398,INV-H2-000568#0,not flagged; every line identified from text and priced exactly,2556398
INV-H2-000569,0,,,1295125,0.40,low,0,0,,INV-H2-000569#0,"H2-L00569-06: 'SUPERVISED BIOPSY PROC' is unresolved between Supervised Haematology Biopsy Procedure (semantic_verified) ; H2-L00569-07: 'SVC EMER TRANSP' is unresolved between Emergency Haematology Transport Service (semantic_verified) ; a provisional total of 1295125 was computed but is not contractually defensible, so no corrected total is submitted ; not flagged, but some lines could not be identified, so not every rule could be checked",1295125
INV-H2-000570,0,,,805834,0.40,low,0,0,,INV-H2-000570#0,"H2-L00570-04: 'POSTOP ANAES ADMIN' is unresolved between Postoperative Ophthalmic Anaesthesia Administration (semantic_verified) ; a provisional total of 805834 was computed but is not contractually defensible, so no corrected total is submitted ; not flagged, but some lines could not be identified, so not every rule could be checked",805834
INV-H2-000571,0,,1573084,1573084,0.85,high,1,1,1573084,INV-H2-000571#0,not flagged; every line identified from text and priced exactly,1573084
INV-H2-000573,0,,,1790852,0.40,low,0,0,,INV-H2-000573#0,"H2-L00573-05: 'VASC TRANSP SVC' is unresolved between Postoperative Vascular Transport Service (semantic_verified) ; a provisional total of 1790852 was computed but is not contractually defensible, so no corrected total is submitted ; not flagged, but some lines could not be identified, so not every rule could be checked",1790852
INV-H2-000574,0,,,4484221,0.40,low,0,0,,INV-H2-000574#0,"H2-L00574-14: 'SUPERVISED BIOPSY PROC' is unresolved between Supervised Haematology Biopsy Procedure (semantic_verified) ; H2-L00574-19: 'ADV ENDOSCOPIC PROC /SA-6974' is unresolved between Advanced Gastrointestinal Endoscopic Procedure (semantic_verified) ; a provisional total of 4484221 was computed but is not contractually defensible, so no corrected total is submitted ; not flagged, but some lines could not be identified, so not every rule could be checked",4484221
INV-H2-000575,0,,1930575,1930575,0.85,high,1,1,1930575,INV-H2-000575#0,not flagged; every line identified from text and priced exactly,1930575
INV-H2-000576,0,,,1687395,0.40,low,0,0,,INV-H2-000576#0,"H2-L00576-02: 'STD  - TELEM MONIT' is unresolved between Standard Metabolic Telemetry Monitoring (semantic_verified) ; H2-L00576-03: 'ADV ENDOSCOPIC PROC /SA-6974' is unresolved between Advanced Gastrointestinal Endoscopic Procedure (semantic_verified) ; a provisional total of 1687395 was computed but is not contractually defensible, so no corrected total is submitted ; not flagged, but some lines could not be identified, so not every rule could be checked",1687395
INV-H2-000577,0,,,3136349,0.40,low,0,0,,INV-H2-000577#0,"H2-L00577-14: 'POSTOP ANAES ADMIN' is unresolved between Postoperative Ophthalmic Anaesthesia Administration (semantic_verified) ; a provisional total of 3136349 was computed but is not contractually defensible, so no corrected total is submitted ; not flagged, but some lines could not be identified, so not every rule could be checked",3136349
INV-H2-000578,0,,,1357734,0.40,low,0,0,,INV-H2-000578#0,"H2-L00578-06: 'SVC EMER TRANSP' is unresolved between Emergency Haematology Transport Service (semantic_verified) ; a provisional total of 1357734 was computed but is not contractually defensible, so no corrected total is submitted ; not flagged, but some lines could not be identified, so not every rule could be checked",1357734
INV-H2-000579,0,,,2126739,0.40,low,0,0,,INV-H2-000579#0,"H2-L00579-07: 'EMER  TRANSP SVC /SA-1419' is unresolved between Emergency Haematology Transport Service (semantic_verified) ; H2-L00579-11: 'ASST DIAG IMAGING' is unresolved between Assisted Musculoskeletal Diagnostic Imaging (unresolved) ; a provisional total of 2126739 was computed but is not contractually defensible, so no corrected total is submitted ; not flagged, but some lines could not be identified, so not every rule could be checked",2126739
INV-H2-000580,0,,,2628963,0.40,low,0,0,,INV-H2-000580#0,"H2-L00580-09: 'OCC PREOP ISOL RM' is unresolved between Preoperative Neurological Isolation Room Occupancy (semantic_verified) ; a provisional total of 2628963 was computed but is not contractually defensible, so no corrected total is submitted ; not flagged, but some lines could not be identified, so not every rule could be checked",2628963
INV-H2-000581,0,,2793115,2793115,0.65,medium,1,1,2793115,INV-H2-000581#0,not flagged; identity rests partly on a unit-basis tie-break or a verified semantic decision,2793115
INV-H2-000582,0,,,3945274,0.40,low,0,0,,INV-H2-000582#0,"H2-L00582-03: 'SESS CARD DIAL' is unresolved between Focused Cardiac Dialysis Session (semantic_verified) ; H2-L00582-09: 'POSTOP ANAES ADMIN' is unresolved between Postoperative Ophthalmic Anaesthesia Administration (semantic_verified) ; H2-L00582-10: 'EMER  TRANSP SERVICE /SA-9292' is unresolved between Emergency Haematology Transport Service (semantic_verified) ; a provisional total of 3945274 was computed but is not contractually defensible, so no corrected total is submitted ; not flagged, but some lines could not be identified, so not every rule could be checked",3945274
INV-H2-000583,0,,3228763,3228763,0.85,high,1,1,3228763,INV-H2-000583#0,not flagged; every line identified from text and priced exactly,3228763
INV-H2-000584,0,,806310,806310,0.85,high,1,1,806310,INV-H2-000584#0,not flagged; every line identified from text and priced exactly,806310
INV-H2-000585,0,,,3546158,0.40,low,0,0,,INV-H2-000585#0,"H2-L00585-01: 'OTOLARYNGOLOGIC  DISCH PLNG /SA-6235' is unresolved between Continuous Otolaryngologic Discharge Planning (semantic_verified) ; H2-L00585-02: 'POSTOP THTR TM' is unresolved between Postoperative Paediatric Theatre Time (semantic_verified) ; H2-L00585-03: 'SVC EMER TRANSP' is unresolved between Emergency Haematology Transport Service (semantic_verified) ; H2-L00585-04: 'EMER THTR TM /SA-2118' is unresolved between Emergency Paediatric Theatre Time (semantic_verified) ; H2-L00585-09: 'STD - TELEM MONIT /SA-8775' is unresolved between Standard Metabolic Telemetry Monitoring (semantic_verified) ; H2-L00585-12: 'ELECT TRANSP SVC' is unresolved between Elective Cardiac Transport Service (semantic_verified) ; a provisional total of 3546158 was computed but is not contractually defensible, so no corrected total is submitted ; not flagged, but some lines could not be identified, so not every rule could be checked",3546158
INV-H2-000586,0,,,2641526,0.40,low,0,0,,INV-H2-000586#0,"H2-L00586-05: 'ASST DIAG IMAGING' is unresolved between Assisted Musculoskeletal Diagnostic Imaging (unresolved) ; a provisional total of 2641526 was computed but is not contractually defensible, so no corrected total is submitted ; not flagged, but some lines could not be identified, so not every rule could be checked",2641526
INV-H2-000587,0,,,3303488,0.40,low,0,0,,INV-H2-000587#0,"H2-L00587-01: 'SVC EMER TRANSP' is unresolved between Emergency Haematology Transport Service (semantic_verified) ; H2-L00587-04: 'ADV ENDOSCOPIC PROC /SA-6974' is unresolved between Advanced Gastrointestinal Endoscopic Procedure (semantic_verified) ; H2-L00587-11: 'EMER  TRANSP SERVICE /SA-9292' is unresolved between Emergency Haematology Transport Service (semantic_verified) ; H2-L00587-16: 'STD ISOL RM OCC' is unresolved between Standard Neurological Isolation Room Occupancy, Standard Orthopaedic Isolation Room Occupancy (unresolved) ; H2-L00587-17: bundle partner 'Standard Orthopaedic Isolation Room Occupancy' may have been delivered on 2025-01-27 (unresolved description that day) ; a provisional total of 3303488 was computed but is not contractually defensible, so no corrected total is submitted ; not flagged, but some lines could not be identified, so not every rule could be checked",3303488
INV-H2-000588,0,,,2523334,0.40,low,0,0,,INV-H2-000588#0,"H2-L00588-03: 'OCC STD RECOV RM' is unresolved between Standard Musculoskeletal Recovery Room Occupancy (semantic_verified) ; a provisional total of 2523334 was computed but is not contractually defensible, so no corrected total is submitted ; not flagged, but some lines could not be identified, so not every rule could be checked",2523334
INV-H2-000589,0,,2244155,2244155,0.85,high,1,1,2244155,INV-H2-000589#0,not flagged; every line identified from text and priced exactly,2244155
INV-H2-000590,0,,,2785543,0.40,low,0,0,,INV-H2-000590#0,"H2-L00590-08: 'IMG ASST DIAG' is unresolved between Assisted Musculoskeletal Diagnostic Imaging (semantic_verified) ; a provisional total of 2785543 was computed but is not contractually defensible, so no corrected total is submitted ; not flagged, but some lines could not be identified, so not every rule could be checked",2785543
INV-H2-000591,0,,862772,862772,0.85,high,1,1,862772,INV-H2-000591#0,not flagged; every line identified from text and priced exactly,862772
INV-H2-000592,0,,,2916885,0.40,low,0,0,,INV-H2-000592#0,"H2-L00592-01: 'ENT CS CONF /SA-6459' is unresolved between Comprehensive Otolaryngologic Case Conference (semantic_verified) ; H2-L00592-08: 'VASC TRANSP SVC' is unresolved between Postoperative Vascular Transport Service (semantic_verified) ; H2-L00592-10: 'PAED THEATRE TM /SA-1156' is unresolved between Emergency Paediatric Theatre Time, Postoperative Paediatric Theatre Time (semantic_verified) ; a provisional total of 2916885 was computed but is not contractually defensible, so no corrected total is submitted ; not flagged, but some lines could not be identified, so not every rule could be checked",2916885
INV-H2-000593,0,,,2942192,0.40,low,0,0,,INV-H2-000593#0,"H2-L00593-03: 'PULM INF THER /SA-9868' is unresolved between Postoperative Pulmonary Infusion Therapy (semantic_verified) ; a provisional total of 2942192 was computed but is not contractually defensible, so no corrected total is submitted ; not flagged, but some lines could not be identified, so not every rule could be checked",2942192
INV-H2-000594,0,,,1757164,0.40,low,0,0,,INV-H2-000594#0,"H2-L00594-02: 'ASST DIAG IMAGING' is unresolved between Assisted Musculoskeletal Diagnostic Imaging (unresolved) ; H2-L00594-06: 'SUPERVISED BIOPSY PROC' is unresolved between Supervised Haematology Biopsy Procedure (semantic_verified) ; H2-L00594-08: 'EXTENDED - HM VST' is unresolved between Extended Vascular Home Visit (unresolved) ; H2-L00594-09: 'DISP FOC PHARM' is unresolved between Focused Pulmonary Pharmaceutical Dispensing (semantic_verified) ; a provisional total of 1757164 was computed but is not contractually defensible, so no corrected total is submitted ; not flagged, but some lines could not be identified, so not every rule could be checked",1757164
INV-H2-000595,1,daily_cap_exceeded,,5472120,0.40,low,0,0,4977645,INV-H2-000595#0,"H2-L00595-04: the cap proves the quantity wrong but not what was delivered; only a ceiling can be priced ; a finding rests on reading free text, or the corrected total cannot be reconstructed",
INV-H2-000596,0,,,2802714,0.40,low,0,0,,INV-H2-000596#0,"H2-L00596-03: 'OCC INTENS WD BD' is unresolved between Intensive Palliative Ward Bed Occupancy (semantic_verified) ; a provisional total of 2802714 was computed but is not contractually defensible, so no corrected total is submitted ; not flagged, but some lines could not be identified, so not every rule could be checked",2802714
INV-H2-000597,0,,,2626768,0.40,low,0,0,,INV-H2-000597#0,"H2-L00597-05: 'ASST DIAG IMG /SA-7926' is unresolved between Assisted Musculoskeletal Diagnostic Imaging (semantic_verified) ; H2-L00597-15: 'ENT CS CONF /SA-5963' is unresolved between Comprehensive Otolaryngologic Case Conference (semantic_verified) ; a provisional total of 2626768 was computed but is not contractually defensible, so no corrected total is submitted ; not flagged, but some lines could not be identified, so not every rule could be checked",2626768
INV-H2-000598,0,,,2966867,0.40,low,0,0,,INV-H2-000598#0,"H2-L00598-06: 'VASC IMAGING INTERP' is unresolved between Preoperative Vascular Imaging Interpretation (unresolved) ; H2-L00598-08: 'ASST DIAG IMG /SA-7926' is unresolved between Assisted Musculoskeletal Diagnostic Imaging (semantic_verified) ; H2-L00598-11: 'STD RECOV RM OCC' is unresolved between Standard Musculoskeletal Recovery Room Occupancy (semantic_verified) ; H2-L00598-15: 'EXT RADIOTHER FRACT' is unresolved between Extended Orthopaedic Radiotherapy Fraction (semantic_verified) ; H2-L00598-16: 'EMER  TRANSP SVC /SA-1419' is unresolved between Emergency Haematology Transport Service (semantic_verified) ; a provisional total of 2966867 was computed but is not contractually defensible, so no corrected total is submitted ; not flagged, but some lines could not be identified, so not every rule could be checked",2966867
INV-H2-000599,0,,,2919963,0.40,low,0,0,,INV-H2-000599#0,"H2-L00599-11: 'PALL RECOV ROOM OCC' is unresolved between Focused Palliative Recovery Room Occupancy (semantic_verified) ; a provisional total of 2919963 was computed but is not contractually defensible, so no corrected total is submitted ; not flagged, but some lines could not be identified, so not every rule could be checked",2919963
INV-H2-000600,0,,2319351,2319351,0.85,high,1,1,2319351,INV-H2-000600#0,not flagged; every line identified from text and priced exactly,2319351
INV-H2-000601,0,,1432869,1432869,0.85,high,1,1,1432869,INV-H2-000601#0,not flagged; every line identified from text and priced exactly,1432869
INV-H2-000602,0,,,2479774,0.40,low,0,0,,INV-H2-000602#0,"H2-L00602-01: 'CARDIAC  TRANSP SERVICE' is unresolved between Elective Cardiac Transport Service (semantic_verified) ; H2-L00602-07: 'ENDO  CS CONF' is unresolved between Advanced Endocrine Case Conference (semantic_verified) ; H2-L00602-10: 'SESS CARD DIAL' is unresolved between Focused Cardiac Dialysis Session (semantic_verified) ; a provisional total of 2479774 was computed but is not contractually defensible, so no corrected total is submitted ; not flagged, but some lines could not be identified, so not every rule could be checked",2479774
INV-H2-000603,0,,,1882190,0.40,low,0,0,,INV-H2-000603#0,"H2-L00603-04: 'BEDS PHARM DISP' is unresolved between Bedside Pulmonary Pharmaceutical Dispensing (semantic_verified) ; H2-L00603-05: bundle partner 'Bedside Pulmonary Pharmaceutical Dispensing' may have been delivered on 2025-02-01 (unresolved description that day) ; a provisional total of 1882190 was computed but is not contractually defensible, so no corrected total is submitted ; not flagged, but some lines could not be identified, so not every rule could be checked",1882190
INV-H2-000604,0,,,4240861,0.40,low,0,0,,INV-H2-000604#0,"H2-L00604-05: 'EMER  TRANSP SVC /SA-1419' is unresolved between Emergency Haematology Transport Service (semantic_verified) ; a provisional total of 4240861 was computed but is not contractually defensible, so no corrected total is submitted ; not flagged, but some lines could not be identified, so not every rule could be checked",4240861
INV-H2-000605,0,,,2978973,0.40,low,0,0,,INV-H2-000605#0,"H2-L00605-01: 'SPCLST STERILISATION SVC' is unresolved between Specialist Psychiatric Sterilisation Service (semantic_verified) ; a provisional total of 2978973 was computed but is not contractually defensible, so no corrected total is submitted ; not flagged, but some lines could not be identified, so not every rule could be checked",2978973
INV-H2-000606,0,,,1805800,0.40,low,0,0,,INV-H2-000606#0,"H2-L00606-01: 'METAB LAB PANEL' is unresolved between Supervised Metabolic Laboratory Panel (semantic_verified) ; a provisional total of 1805800 was computed but is not contractually defensible, so no corrected total is submitted ; not flagged, but some lines could not be identified, so not every rule could be checked",1805800
INV-H2-000607,1,unit_price_mismatch,,1817036,0.40,low,0,0,,INV-H2-000607#0,"H2-L00607-08: 'PROC HEP ENDOSC' is unresolved between Supervised Hepatic Endoscopic Procedure (semantic_verified) ; H2-L00607-09: 'DISP FOC PHARM' is unresolved between Focused Pulmonary Pharmaceutical Dispensing (semantic_verified) ; a provisional total of 1823964 was computed but is not contractually defensible, so no corrected total is submitted ; a finding rests on reading free text, or the corrected total cannot be reconstructed",1823964
INV-H2-000608,0,,,2344333,0.40,low,0,0,,INV-H2-000608#0,"H2-L00608-08: 'STD ISOL RM OCC' is unresolved between Standard Neurological Isolation Room Occupancy, Standard Orthopaedic Isolation Room Occupancy (unresolved) ; H2-L00608-14: 'VASC TRANSP SVC' is unresolved between Postoperative Vascular Transport Service (semantic_verified) ; a provisional total of 2344333 was computed but is not contractually defensible, so no corrected total is submitted ; not flagged, but some lines could not be identified, so not every rule could be checked",2344333
INV-H2-000609,0,,,5579682,0.40,low,0,0,,INV-H2-000609#0,"H2-L00609-02: 'OBSERVATION  CARD NURSING' is unresolved between Elective Cardiac Nursing Observation (semantic_verified) ; H2-L00609-06: 'PALL RECOV ROOM OCC' is unresolved between Focused Palliative Recovery Room Occupancy (semantic_verified) ; a provisional total of 5579682 was computed but is not contractually defensible, so no corrected total is submitted ; not flagged, but some lines could not be identified, so not every rule could be checked",5579682
INV-H2-000610,1,premium_incorrectly_applied,,2768134,0.40,low,0,0,,INV-H2-000610#0,"H2-L00610-09: 'OCC STD RECOV RM' is unresolved between Standard Musculoskeletal Recovery Room Occupancy (semantic_verified) ; H2-L00610-10: 'ENDO  CS CONF' is unresolved between Advanced Endocrine Case Conference (semantic_verified) ; a provisional total of 2512420 was computed but is not contractually defensible, so no corrected total is submitted ; a finding rests on reading free text, or the corrected total cannot be reconstructed",2512420
INV-H2-000611,0,,,762698,0.40,low,0,0,,INV-H2-000611#0,"H2-L00611-01: 'AMB NUTRITIONAL SUPP /SA-7761' is unresolved between Ambulatory Haematology Nutritional Support (semantic_verified) ; H2-L00611-09: 'DISP FOC PHARM' is unresolved between Focused Pulmonary Pharmaceutical Dispensing (semantic_verified) ; a provisional total of 762698 was computed but is not contractually defensible, so no corrected total is submitted ; not flagged, but some lines could not be identified, so not every rule could be checked",762698
INV-H2-000613,0,,,3596316,0.40,low,0,0,,INV-H2-000613#0,"H2-L00613-06: 'POSTOP ANAES ADMIN' is unresolved between Postoperative Ophthalmic Anaesthesia Administration (semantic_verified) ; H2-L00613-08: 'OTOLARYNGOLOGIC  DISCH PLNG /SA-6235' is unresolved between Continuous Otolaryngologic Discharge Planning (semantic_verified) ; H2-L00613-09: 'FRACT BEDS RADIOTHER /SA-5851' is unresolved between Bedside Ophthalmic Radiotherapy Fraction (semantic_verified) ; a provisional total of 3596316 was computed but is not contractually defensible, so no corrected total is submitted ; not flagged, but some lines could not be identified, so not every rule could be checked",3596316
INV-H2-000614,0,,2472738,2472738,0.85,high,1,1,2472738,INV-H2-000614#0,not flagged; every line identified from text and priced exactly,2472738
INV-H2-000615,0,,,2524017,0.40,low,0,0,,INV-H2-000615#0,"H2-L00615-06: 'ENDO  CS CONF' is unresolved between Advanced Endocrine Case Conference (semantic_verified) ; H2-L00615-14: 'SUPERVISED BIOPSY PROC' is unresolved between Supervised Haematology Biopsy Procedure (semantic_verified) ; a provisional total of 2524017 was computed but is not contractually defensible, so no corrected total is submitted ; not flagged, but some lines could not be identified, so not every rule could be checked",2524017
INV-H2-000616,0,,,1191206,0.40,low,0,0,,INV-H2-000616#0,"H2-L00616-07: 'THER  STANDARD INF' is unresolved between Standard Paediatric Infusion Therapy (semantic_verified) ; a provisional total of 1191206 was computed but is not contractually defensible, so no corrected total is submitted ; not flagged, but some lines could not be identified, so not every rule could be checked",1191206
INV-H2-000617,0,,,2405578,0.40,low,0,0,,INV-H2-000617#0,"H2-L00617-15: 'VASC TRANSP SVC' is unresolved between Postoperative Vascular Transport Service (semantic_verified) ; a provisional total of 2405578 was computed but is not contractually defensible, so no corrected total is submitted ; not flagged, but some lines could not be identified, so not every rule could be checked",2405578
INV-H2-000618,0,,,1829923,0.40,low,0,0,,INV-H2-000618#0,"H2-L00618-04: 'SPCLST STERILISATION SVC' is unresolved between Specialist Psychiatric Sterilisation Service (semantic_verified) ; a provisional total of 1829923 was computed but is not contractually defensible, so no corrected total is submitted ; not flagged, but some lines could not be identified, so not every rule could be checked",1829923
INV-H2-000619,0,,2581322,2581322,0.85,high,1,1,2581322,INV-H2-000619#0,not flagged; every line identified from text and priced exactly,2581322
INV-H2-000620,0,,,4885679,0.40,low,0,0,,INV-H2-000620#0,"H2-L00620-14: 'PROC HEP ENDOSC' is unresolved between Supervised Hepatic Endoscopic Procedure (semantic_verified) ; a provisional total of 4885679 was computed but is not contractually defensible, so no corrected total is submitted ; not flagged, but some lines could not be identified, so not every rule could be checked",4885679
INV-H2-000621,0,,,1124301,0.40,low,0,0,,INV-H2-000621#0,"H2-L00621-06: 'ADV ENDOSCOPIC PROC /SA-6974' is unresolved between Advanced Gastrointestinal Endoscopic Procedure (semantic_verified) ; a provisional total of 1124301 was computed but is not contractually defensible, so no corrected total is submitted ; not flagged, but some lines could not be identified, so not every rule could be checked",1124301
INV-H2-000622,0,,1882260,1882260,0.85,high,1,1,1882260,INV-H2-000622#0,not flagged; every line identified from text and priced exactly,1882260
INV-H2-000623,0,,2896723,2896723,0.85,high,1,1,2896723,INV-H2-000623#0,not flagged; every line identified from text and priced exactly,2896723
INV-H2-000624,0,,,4022455,0.40,low,0,0,,INV-H2-000624#0,"H2-L00624-15: 'OTOLARYNGOLOGIC  DISCH PLNG /SA-6235' is unresolved between Continuous Otolaryngologic Discharge Planning (semantic_verified) ; a provisional total of 4022455 was computed but is not contractually defensible, so no corrected total is submitted ; not flagged, but some lines could not be identified, so not every rule could be checked",4022455
INV-H2-000625,1,volume_discount_omitted,,1379179,0.40,low,0,0,,INV-H2-000625#0,"H2-L00625-08: 'EMER  TRANSP SERVICE /SA-9292' is unresolved between Emergency Haematology Transport Service (semantic_verified) ; a provisional total of 1349035 was computed but is not contractually defensible, so no corrected total is submitted ; a finding rests on reading free text, or the corrected total cannot be reconstructed",1349035
INV-H2-000626,0,,,4145553,0.40,low,0,0,,INV-H2-000626#0,"H2-L00626-01: 'SPCLST STERILISATION SVC' is unresolved between Specialist Psychiatric Sterilisation Service (semantic_verified) ; H2-L00626-03: 'ELECT TRANSP SVC' is unresolved between Elective Cardiac Transport Service (semantic_verified) ; a provisional total of 4145553 was computed but is not contractually defensible, so no corrected total is submitted ; not flagged, but some lines could not be identified, so not every rule could be checked",4145553
INV-H2-000627,0,,,1786081,0.40,low,0,0,,INV-H2-000627#0,"H2-L00627-11: 'ASST DIAG IMAGING' is unresolved between Assisted Musculoskeletal Diagnostic Imaging (unresolved) ; H2-L00627-13: 'ENT CS CONF /SA-6459' is unresolved between Comprehensive Otolaryngologic Case Conference (semantic_verified) ; a provisional total of 1786081 was computed but is not contractually defensible, so no corrected total is submitted ; not flagged, but some lines could not be identified, so not every rule could be checked",1786081
INV-H2-000628,0,,,577005,0.40,low,0,0,,INV-H2-000628#0,"H2-L00628-01: 'VASC TRANSP SVC' is unresolved between Postoperative Vascular Transport Service (semantic_verified) ; a provisional total of 577005 was computed but is not contractually defensible, so no corrected total is submitted ; not flagged, but some lines could not be identified, so not every rule could be checked",577005
INV-H2-000629,0,,,2290394,0.40,low,0,0,,INV-H2-000629#0,"H2-L00629-07: 'EMER  TRANSP SERVICE /SA-9292' is unresolved between Emergency Haematology Transport Service (semantic_verified) ; H2-L00629-13: 'POSTOP ANAES ADMIN' is unresolved between Postoperative Ophthalmic Anaesthesia Administration (semantic_verified) ; a provisional total of 2290394 was computed but is not contractually defensible, so no corrected total is submitted ; not flagged, but some lines could not be identified, so not every rule could be checked",2290394
INV-H2-000630,0,,,1202654,0.40,low,0,0,,INV-H2-000630#0,"H2-L00630-01: 'EMER  TRANSP SVC /SA-1419' is unresolved between Emergency Haematology Transport Service (semantic_verified) ; H2-L00630-02: 'OCC INTENS WD BD' is unresolved between Intensive Palliative Ward Bed Occupancy (semantic_verified) ; H2-L00630-05: 'SUPV  IMG INTERP' is unresolved between Supervised Neurological Imaging Interpretation (semantic_verified) ; H2-L00630-07: 'OTOLARYNGOLOGIC  DISCH PLNG /SA-6235' is unresolved between Continuous Otolaryngologic Discharge Planning (semantic_verified) ; H2-L00630-11: 'PALL RECOV ROOM OCC' is unresolved between Focused Palliative Recovery Room Occupancy (semantic_verified) ; a provisional total of 1202654 was computed but is not contractually defensible, so no corrected total is submitted ; not flagged, but some lines could not be identified, so not every rule could be checked",1202654
INV-H2-000631,0,,3531903,3531903,0.85,high,1,1,3531903,INV-H2-000631#0,not flagged; every line identified from text and priced exactly,3531903
INV-H2-000632,0,,,6329851,0.40,low,0,0,,INV-H2-000632#0,"H2-L00632-04: 'INTERP  SUPERVISED IMG /SA-6042' is unresolved between Supervised Neurological Imaging Interpretation (semantic_verified) ; a provisional total of 6329851 was computed but is not contractually defensible, so no corrected total is submitted ; not flagged, but some lines could not be identified, so not every rule could be checked",6329851
INV-H2-000633,0,,1114656,1114656,0.85,high,1,1,1114656,INV-H2-000633#0,not flagged; every line identified from text and priced exactly,1114656
INV-H2-000634,0,,4638849,4638849,0.65,medium,1,1,4638849,INV-H2-000634#0,not flagged; identity rests partly on a unit-basis tie-break or a verified semantic decision,4638849
INV-H2-000635,0,,1136040,1136040,0.85,high,1,1,1136040,INV-H2-000635#0,not flagged; every line identified from text and priced exactly,1136040
INV-H2-000637,0,,,1728169,0.40,low,0,0,,INV-H2-000637#0,"H2-L00637-08: 'SUPERVISED BIOPSY PROC' is unresolved between Supervised Haematology Biopsy Procedure (semantic_verified) ; a provisional total of 1728169 was computed but is not contractually defensible, so no corrected total is submitted ; not flagged, but some lines could not be identified, so not every rule could be checked",1728169
INV-H2-000638,0,,,3381762,0.40,low,0,0,,INV-H2-000638#0,"H2-L00638-03: 'IMG ASST DIAG' is unresolved between Assisted Musculoskeletal Diagnostic Imaging (semantic_verified) ; H2-L00638-07: 'ASST DIAG IMG /SA-7926' is unresolved between Assisted Musculoskeletal Diagnostic Imaging (semantic_verified) ; H2-L00638-11: 'METAB LAB PANEL' is unresolved between Supervised Metabolic Laboratory Panel (semantic_verified) ; H2-L00638-13: 'OTOLARYNGOLOGIC  DISCH PLNG /SA-6235' is unresolved between Continuous Otolaryngologic Discharge Planning (semantic_verified) ; a provisional total of 3381762 was computed but is not contractually defensible, so no corrected total is submitted ; not flagged, but some lines could not be identified, so not every rule could be checked",3381762
INV-H2-000639,0,,,2198076,0.40,low,0,0,,INV-H2-000639#0,"H2-L00639-05: 'POSTOP THTR TM' is unresolved between Postoperative Paediatric Theatre Time (semantic_verified) ; H2-L00639-09: 'ADV ENDOSCOPIC PROC /SA-6974' is unresolved between Advanced Gastrointestinal Endoscopic Procedure (semantic_verified) ; a provisional total of 2198076 was computed but is not contractually defensible, so no corrected total is submitted ; not flagged, but some lines could not be identified, so not every rule could be checked",2198076
INV-H2-000640,0,,908634,908634,0.65,medium,1,1,908634,INV-H2-000640#0,not flagged; identity rests partly on a unit-basis tie-break or a verified semantic decision,908634
INV-H2-000641,0,,,2763175,0.40,low,0,0,,INV-H2-000641#0,"H2-L00641-14: 'POSTOP ANAES ADMIN' is unresolved between Postoperative Ophthalmic Anaesthesia Administration (semantic_verified) ; a provisional total of 2763175 was computed but is not contractually defensible, so no corrected total is submitted ; not flagged, but some lines could not be identified, so not every rule could be checked",2763175
INV-H2-000642,0,,,2904883,0.40,low,0,0,,INV-H2-000642#0,"H2-L00642-03: 'IMG ASST DIAG' is unresolved between Assisted Musculoskeletal Diagnostic Imaging (semantic_verified) ; H2-L00642-07: 'EXT RADIOTHER FRACT' is unresolved between Extended Orthopaedic Radiotherapy Fraction (semantic_verified) ; a provisional total of 2904883 was computed but is not contractually defensible, so no corrected total is submitted ; not flagged, but some lines could not be identified, so not every rule could be checked",2904883
INV-H2-000643,0,,,2698521,0.40,low,0,0,,INV-H2-000643#0,"H2-L00643-08: 'MSK RECOVERY RM OCC' is unresolved between Standard Musculoskeletal Recovery Room Occupancy (semantic_verified) ; a provisional total of 2698521 was computed but is not contractually defensible, so no corrected total is submitted ; not flagged, but some lines could not be identified, so not every rule could be checked",2698521
INV-H2-000644,0,,1398308,1398308,0.65,medium,1,1,1398308,INV-H2-000644#0,not flagged; identity rests partly on a unit-basis tie-break or a verified semantic decision,1398308
INV-H2-000645,0,,,2258476,0.40,low,0,0,,INV-H2-000645#0,"H2-L00645-10: 'POSTOP ANAES ADMIN' is unresolved between Postoperative Ophthalmic Anaesthesia Administration (semantic_verified) ; a provisional total of 2258476 was computed but is not contractually defensible, so no corrected total is submitted ; not flagged, but some lines could not be identified, so not every rule could be checked",2258476
INV-H2-000646,0,,4456054,4456054,0.85,high,1,1,4456054,INV-H2-000646#0,not flagged; every line identified from text and priced exactly,4456054
INV-H2-000647,0,,2068148,2068148,0.85,high,1,1,2068148,INV-H2-000647#0,not flagged; every line identified from text and priced exactly,2068148
INV-H2-000648,0,,,2700004,0.40,low,0,0,,INV-H2-000648#0,"H2-L00648-10: 'PALL RECOV ROOM OCC' is unresolved between Focused Palliative Recovery Room Occupancy (semantic_verified) ; a provisional total of 2700004 was computed but is not contractually defensible, so no corrected total is submitted ; not flagged, but some lines could not be identified, so not every rule could be checked",2700004
INV-H2-000649,0,,,1552032,0.40,low,0,0,,INV-H2-000649#0,"H2-L00649-06: 'STD RECOV RM OCC' is unresolved between Standard Musculoskeletal Recovery Room Occupancy (semantic_verified) ; a provisional total of 1552032 was computed but is not contractually defensible, so no corrected total is submitted ; not flagged, but some lines could not be identified, so not every rule could be checked",1552032
INV-H2-000650,0,,,2432083,0.40,low,0,0,,INV-H2-000650#0,"H2-L00650-04: 'EXT RADIOTHER FRACT' is unresolved between Extended Orthopaedic Radiotherapy Fraction (semantic_verified) ; H2-L00650-09: 'CARD  NURS OBS' is unresolved between Elective Cardiac Nursing Observation (semantic_verified) ; a provisional total of 2432083 was computed but is not contractually defensible, so no corrected total is submitted ; not flagged, but some lines could not be identified, so not every rule could be checked",2432083
INV-H2-000651,0,,,3375477,0.40,low,0,0,,INV-H2-000651#0,"H2-L00651-01: 'EMER  TRANSP SVC /SA-1419' is unresolved between Emergency Haematology Transport Service (semantic_verified) ; H2-L00651-15: 'OTOLARYNGOLOGIC  DISCH PLNG /SA-6235' is unresolved between Continuous Otolaryngologic Discharge Planning (semantic_verified) ; a provisional total of 3375477 was computed but is not contractually defensible, so no corrected total is submitted ; not flagged, but some lines could not be identified, so not every rule could be checked",3375477
INV-H2-000652,0,,,2483214,0.40,low,0,0,,INV-H2-000652#0,"H2-L00652-03: 'POSTOP THTR TM' is unresolved between Postoperative Paediatric Theatre Time (semantic_verified) ; H2-L00652-06: 'CARDIAC  TRANSP SERVICE' is unresolved between Elective Cardiac Transport Service (semantic_verified) ; H2-L00652-07: 'EXT RADIOTHER FRACT' is unresolved between Extended Orthopaedic Radiotherapy Fraction (semantic_verified) ; a provisional total of 2483214 was computed but is not contractually defensible, so no corrected total is submitted ; not flagged, but some lines could not be identified, so not every rule could be checked",2483214
INV-H2-000653,0,,1468777,1468777,0.85,high,1,1,1468777,INV-H2-000653#0,not flagged; every line identified from text and priced exactly,1468777
INV-H2-000654,0,,1219902,1219902,0.85,high,1,1,1219902,INV-H2-000654#0,not flagged; every line identified from text and priced exactly,1219902
INV-H2-000655,0,,3699144,3699144,0.65,medium,1,1,3699144,INV-H2-000655#0,not flagged; identity rests partly on a unit-basis tie-break or a verified semantic decision,3699144
INV-H2-000656,0,,,3136505,0.40,low,0,0,,INV-H2-000656#0,"H2-L00656-01: 'SPCLST STERILISATION SVC' is unresolved between Specialist Psychiatric Sterilisation Service (semantic_verified) ; H2-L00656-06: 'SPCLST STERILISATION SVC' is unresolved between Specialist Psychiatric Sterilisation Service (semantic_verified) ; H2-L00656-07: 'CARD  NURS OBS' is unresolved between Elective Cardiac Nursing Observation (semantic_verified) ; H2-L00656-08: 'PAED THEATRE TM /SA-1156' is unresolved between Emergency Paediatric Theatre Time, Postoperative Paediatric Theatre Time (semantic_verified) ; a provisional total of 3136505 was computed but is not contractually defensible, so no corrected total is submitted ; not flagged, but some lines could not be identified, so not every rule could be checked",3136505
INV-H2-000657,0,,,2413294,0.40,low,0,0,,INV-H2-000657#0,"H2-L00657-07: 'VASC TRANSP SVC' is unresolved between Postoperative Vascular Transport Service (semantic_verified) ; H2-L00657-11: 'PSYCH TRANSF SVC' is unresolved between Standard Psychiatric Transfusion Service (semantic_verified) ; a provisional total of 2413294 was computed but is not contractually defensible, so no corrected total is submitted ; not flagged, but some lines could not be identified, so not every rule could be checked",2413294
INV-H2-000658,0,,,3097664,0.40,low,0,0,,INV-H2-000658#0,"H2-L00658-08: 'OCC STD RECOV RM' is unresolved between Standard Musculoskeletal Recovery Room Occupancy (semantic_verified) ; a provisional total of 3097664 was computed but is not contractually defensible, so no corrected total is submitted ; not flagged, but some lines could not be identified, so not every rule could be checked",3097664
INV-H2-000659,0,,,2083537,0.40,low,0,0,,INV-H2-000659#0,"H2-L00659-09: 'SPCLST STERILISATION SVC' is unresolved between Specialist Psychiatric Sterilisation Service (semantic_verified) ; a provisional total of 2083537 was computed but is not contractually defensible, so no corrected total is submitted ; not flagged, but some lines could not be identified, so not every rule could be checked",2083537
INV-H2-000660,0,,,1164115,0.40,low,0,0,,INV-H2-000660#0,"H2-L00660-06: 'OCC STD RECOV RM' is unresolved between Standard Musculoskeletal Recovery Room Occupancy (semantic_verified) ; H2-L00660-08: 'PAED THEATRE TM /SA-1156' is unresolved between Emergency Paediatric Theatre Time, Postoperative Paediatric Theatre Time (semantic_verified) ; a provisional total of 1164115 was computed but is not contractually defensible, so no corrected total is submitted ; not flagged, but some lines could not be identified, so not every rule could be checked",1164115
INV-H2-000661,1,invoice_total_mismatch|unknown_service,,1600124,0.40,low,0,0,,INV-H2-000661#0,"H2-L00661-03: service not contracted, so no contract price exists ; a finding rests on reading free text, or the corrected total cannot be reconstructed",
INV-H2-000662,1,unit_price_mismatch|premium_incorrectly_applied|service_date_out_of_contract,2105417,2167344,0.65,medium,1,1,2105417,INV-H2-000662#0,findings apply contract rules to resolved services; some depend on hospital-wide state,2105417
INV-H2-000663,0,,,4682684,0.40,low,0,0,,INV-H2-000663#0,"H2-L00663-03: 'EMER  TRANSP SVC /SA-1419' is unresolved between Emergency Haematology Transport Service (semantic_verified) ; H2-L00663-12: 'FRACT BEDS RADIOTHER /SA-5851' is unresolved between Bedside Ophthalmic Radiotherapy Fraction (semantic_verified) ; a provisional total of 4682684 was computed but is not contractually defensible, so no corrected total is submitted ; not flagged, but some lines could not be identified, so not every rule could be checked",4682684
INV-H2-000664,0,,,3095870,0.40,low,0,0,,INV-H2-000664#0,"H2-L00664-06: 'EMER  TRANSP SVC /SA-1419' is unresolved between Emergency Haematology Transport Service (semantic_verified) ; H2-L00664-15: 'ENDO  CS CONF' is unresolved between Advanced Endocrine Case Conference (semantic_verified) ; a provisional total of 3095870 was computed but is not contractually defensible, so no corrected total is submitted ; not flagged, but some lines could not be identified, so not every rule could be checked",3095870
INV-H2-000665,0,,,2621783,0.40,low,0,0,,INV-H2-000665#0,"H2-L00665-06: bundle partner 'Standard Orthopaedic Isolation Room Occupancy' may have been delivered on 2025-03-14 (unresolved description that day) ; H2-L00665-07: 'STD ISOL RM OCC' is unresolved between Standard Neurological Isolation Room Occupancy, Standard Orthopaedic Isolation Room Occupancy (unresolved) ; H2-L00665-14: 'PALL RECOV ROOM OCC' is unresolved between Focused Palliative Recovery Room Occupancy (semantic_verified) ; a provisional total of 2621783 was computed but is not contractually defensible, so no corrected total is submitted ; not flagged, but some lines could not be identified, so not every rule could be checked",2621783
INV-H2-000666,0,,,1621625,0.40,low,0,0,,INV-H2-000666#0,"H2-L00666-03: 'EMER  TRANSP SERVICE /SA-9292' is unresolved between Emergency Haematology Transport Service (semantic_verified) ; H2-L00666-08: 'IMG ASST DIAG' is unresolved between Assisted Musculoskeletal Diagnostic Imaging (semantic_verified) ; a provisional total of 1621625 was computed but is not contractually defensible, so no corrected total is submitted ; not flagged, but some lines could not be identified, so not every rule could be checked",1621625
INV-H2-000667,0,,,3168902,0.40,low,0,0,,INV-H2-000667#0,"H2-L00667-02: 'ADV ENDOSCOPIC PROC /SA-6974' is unresolved between Advanced Gastrointestinal Endoscopic Procedure (semantic_verified) ; H2-L00667-07: 'CARDIAC  TRANSP SERVICE' is unresolved between Elective Cardiac Transport Service (semantic_verified) ; H2-L00667-11: 'POSTOP ANAES ADMIN' is unresolved between Postoperative Ophthalmic Anaesthesia Administration (semantic_verified) ; a provisional total of 3168902 was computed but is not contractually defensible, so no corrected total is submitted ; not flagged, but some lines could not be identified, so not every rule could be checked",3168902
INV-H2-000668,0,,,3127885,0.40,low,0,0,,INV-H2-000668#0,"H2-L00668-03: 'SPCLST STERILISATION SVC' is unresolved between Specialist Psychiatric Sterilisation Service (semantic_verified) ; H2-L00668-15: 'OTOLARYNGOLOGIC  DISCH PLNG /SA-6235' is unresolved between Continuous Otolaryngologic Discharge Planning (semantic_verified) ; a provisional total of 3127885 was computed but is not contractually defensible, so no corrected total is submitted ; not flagged, but some lines could not be identified, so not every rule could be checked",3127885
INV-H2-000669,0,,,1716593,0.40,low,0,0,,INV-H2-000669#0,"H2-L00669-08: 'PROC HEP ENDOSC' is unresolved between Supervised Hepatic Endoscopic Procedure (semantic_verified) ; a provisional total of 1716593 was computed but is not contractually defensible, so no corrected total is submitted ; not flagged, but some lines could not be identified, so not every rule could be checked",1716593
INV-H2-000670,0,,2667365,2667365,0.85,high,1,1,2667365,INV-H2-000670#0,not flagged; every line identified from text and priced exactly,2667365
INV-H2-000671,0,,,3704829,0.40,low,0,0,,INV-H2-000671#0,"H2-L00671-03: 'ROUTINE LAB PNL /SA-5904' is unresolved between Routine Ophthalmic Laboratory Panel (semantic_verified) ; H2-L00671-05: 'ASST DIAG IMAGING' is unresolved between Assisted Musculoskeletal Diagnostic Imaging (unresolved) ; a provisional total of 3704829 was computed but is not contractually defensible, so no corrected total is submitted ; not flagged, but some lines could not be identified, so not every rule could be checked",3704829
INV-H2-000672,0,,3149355,3149355,0.85,high,1,1,3149355,INV-H2-000672#0,not flagged; every line identified from text and priced exactly,3149355
INV-H2-000673,0,,,1783703,0.40,low,0,0,,INV-H2-000673#0,"H2-L00673-05: 'EMER  TRANSP SVC /SA-1419' is unresolved between Emergency Haematology Transport Service (semantic_verified) ; H2-L00673-09: 'STD RECOV RM OCC' is unresolved between Standard Musculoskeletal Recovery Room Occupancy (semantic_verified) ; H2-L00673-10: 'ADV ENDOSCOPIC PROC /SA-6974' is unresolved between Advanced Gastrointestinal Endoscopic Procedure (semantic_verified) ; a provisional total of 1783703 was computed but is not contractually defensible, so no corrected total is submitted ; not flagged, but some lines could not be identified, so not every rule could be checked",1783703
INV-H2-000674,0,,,3512287,0.40,low,0,0,,INV-H2-000674#0,"H2-L00674-07: 'STD  - TELEM MONIT' is unresolved between Standard Metabolic Telemetry Monitoring (semantic_verified) ; H2-L00674-12: 'CARD  NURS OBS' is unresolved between Elective Cardiac Nursing Observation (semantic_verified) ; a provisional total of 3512287 was computed but is not contractually defensible, so no corrected total is submitted ; not flagged, but some lines could not be identified, so not every rule could be checked",3512287
INV-H2-000675,0,,,2606740,0.40,low,0,0,,INV-H2-000675#0,"H2-L00675-02: 'ELECT TRANSP SVC' is unresolved between Elective Cardiac Transport Service (semantic_verified) ; a provisional total of 2606740 was computed but is not contractually defensible, so no corrected total is submitted ; not flagged, but some lines could not be identified, so not every rule could be checked",2606740
INV-H2-000676,0,,,3815847,0.40,low,0,0,,INV-H2-000676#0,"H2-L00676-09: 'PALL RECOV ROOM OCC' is unresolved between Focused Palliative Recovery Room Occupancy (semantic_verified) ; H2-L00676-16: 'CARDIAC  TRANSP SERVICE' is unresolved between Elective Cardiac Transport Service (semantic_verified) ; a provisional total of 3815847 was computed but is not contractually defensible, so no corrected total is submitted ; not flagged, but some lines could not be identified, so not every rule could be checked",3815847
INV-H2-000677,0,,,2188524,0.40,low,0,0,,INV-H2-000677#0,"H2-L00677-01: 'VASC IMAGING INTERP' is unresolved between Preoperative Vascular Imaging Interpretation (unresolved) ; H2-L00677-08: 'SUPV  IMG INTERP' is unresolved between Supervised Neurological Imaging Interpretation (semantic_verified) ; a provisional total of 2188524 was computed but is not contractually defensible, so no corrected total is submitted ; not flagged, but some lines could not be identified, so not every rule could be checked",2188524
INV-H2-000678,0,,,4303873,0.40,low,0,0,,INV-H2-000678#0,"H2-L00678-08: 'EXT RADIOTHER FRACT' is unresolved between Extended Orthopaedic Radiotherapy Fraction (semantic_verified) ; H2-L00678-11: 'BEDS PHARM DISP' is unresolved between Bedside Pulmonary Pharmaceutical Dispensing (semantic_verified) ; H2-L00678-12: bundle partner 'Bedside Pulmonary Pharmaceutical Dispensing' may have been delivered on 2025-03-24 (unresolved description that day) ; a provisional total of 4303873 was computed but is not contractually defensible, so no corrected total is submitted ; not flagged, but some lines could not be identified, so not every rule could be checked",4303873
INV-H2-000679,0,,,2691653,0.40,low,0,0,,INV-H2-000679#0,"H2-L00679-01: 'IMG ASST DIAG' is unresolved between Assisted Musculoskeletal Diagnostic Imaging (semantic_verified) ; H2-L00679-14: 'MSK RECOVERY RM OCC' is unresolved between Standard Musculoskeletal Recovery Room Occupancy (semantic_verified) ; H2-L00679-15: 'METAB LAB PANEL' is unresolved between Supervised Metabolic Laboratory Panel (semantic_verified) ; a provisional total of 2691653 was computed but is not contractually defensible, so no corrected total is submitted ; not flagged, but some lines could not be identified, so not every rule could be checked",2691653
INV-H2-000680,0,,3026199,3026199,0.85,high,1,1,3026199,INV-H2-000680#0,not flagged; every line identified from text and priced exactly,3026199
INV-H2-000681,0,,3587102,3587102,0.85,high,1,1,3587102,INV-H2-000681#0,not flagged; every line identified from text and priced exactly,3587102
INV-H2-000682,0,,1652930,1652930,0.65,medium,1,1,1652930,INV-H2-000682#0,not flagged; identity rests partly on a unit-basis tie-break or a verified semantic decision,1652930
INV-H2-000683,0,,,3284345,0.40,low,0,0,,INV-H2-000683#0,"H2-L00683-02: 'EXT RADIOTHER FRACT' is unresolved between Extended Orthopaedic Radiotherapy Fraction (semantic_verified) ; H2-L00683-08: 'RTN PHYSIO SESS' is unresolved between Routine Geriatric Physiotherapy Session (semantic_verified) ; H2-L00683-12: 'EXT RADIOTHER FRACT' is unresolved between Extended Orthopaedic Radiotherapy Fraction (semantic_verified) ; a provisional total of 3284345 was computed but is not contractually defensible, so no corrected total is submitted ; not flagged, but some lines could not be identified, so not every rule could be checked",3284345
INV-H2-000684,1,malformed_service_date,,2974777,0.85,high,0,0,,INV-H2-000684#0,"H2-L00684-08: 'ASST DIAG IMAGING' is unresolved between Assisted Musculoskeletal Diagnostic Imaging (unresolved) ; a provisional total of 2974777 was computed but is not contractually defensible, so no corrected total is submitted ; every finding follows from the invoice's own fields, independent of service identity",2974777
INV-H2-000685,0,,,672852,0.40,low,0,0,,INV-H2-000685#0,"H2-L00685-04: 'EMER  TRANSP SERVICE /SA-9292' is unresolved between Emergency Haematology Transport Service (semantic_verified) ; H2-L00685-05: 'INTERP  SUPERVISED IMG /SA-6042' is unresolved between Supervised Neurological Imaging Interpretation (semantic_verified) ; a provisional total of 672852 was computed but is not contractually defensible, so no corrected total is submitted ; not flagged, but some lines could not be identified, so not every rule could be checked",672852
INV-H2-000686,0,,,3740728,0.40,low,0,0,,INV-H2-000686#0,"H2-L00686-08: 'CARD  NURS OBS' is unresolved between Elective Cardiac Nursing Observation (semantic_verified) ; H2-L00686-12: 'STD  - TELEM MONIT' is unresolved between Standard Metabolic Telemetry Monitoring (semantic_verified) ; a provisional total of 3740728 was computed but is not contractually defensible, so no corrected total is submitted ; not flagged, but some lines could not be identified, so not every rule could be checked",3740728
INV-H2-000687,0,,,1489534,0.40,low,0,0,,INV-H2-000687#0,"H2-L00687-02: 'CARD  NURS OBS' is unresolved between Elective Cardiac Nursing Observation (semantic_verified) ; H2-L00687-04: 'VASC TRANSP SVC' is unresolved between Postoperative Vascular Transport Service (semantic_verified) ; a provisional total of 1489534 was computed but is not contractually defensible, so no corrected total is submitted ; not flagged, but some lines could not be identified, so not every rule could be checked",1489534
INV-H2-000688,0,,,1207211,0.40,low,0,0,,INV-H2-000688#0,"H2-L00688-03: 'SVC EMER TRANSP' is unresolved between Emergency Haematology Transport Service (semantic_verified) ; H2-L00688-05: 'POSTOP THTR TM' is unresolved between Postoperative Paediatric Theatre Time (semantic_verified) ; a provisional total of 1207211 was computed but is not contractually defensible, so no corrected total is submitted ; not flagged, but some lines could not be identified, so not every rule could be checked",1207211
INV-H2-000689,0,,,3909140,0.40,low,0,0,,INV-H2-000689#0,"H2-L00689-08: 'PALL RECOV ROOM OCC' is unresolved between Focused Palliative Recovery Room Occupancy (semantic_verified) ; a provisional total of 3909140 was computed but is not contractually defensible, so no corrected total is submitted ; not flagged, but some lines could not be identified, so not every rule could be checked",3909140
INV-H2-000690,0,,,909493,0.40,low,0,0,,INV-H2-000690#0,"H2-L00690-05: 'MSK RECOVERY RM OCC' is unresolved between Standard Musculoskeletal Recovery Room Occupancy (semantic_verified) ; a provisional total of 909493 was computed but is not contractually defensible, so no corrected total is submitted ; not flagged, but some lines could not be identified, so not every rule could be checked",909493
INV-H2-000691,0,,,4187093,0.40,low,0,0,,INV-H2-000691#0,"H2-L00691-02: 'EXTENDED - HM VST' is unresolved between Extended Vascular Home Visit (unresolved) ; H2-L00691-09: 'STD RECOV RM OCC' is unresolved between Standard Musculoskeletal Recovery Room Occupancy (semantic_verified) ; H2-L00691-10: 'INPT ISOL RM OCC' is unresolved between Inpatient Paediatric Isolation Room Occupancy (semantic_verified) ; H2-L00691-11: 'ADV ENDOSCOPIC PROC /SA-6974' is unresolved between Advanced Gastrointestinal Endoscopic Procedure (semantic_verified) ; a provisional total of 4187093 was computed but is not contractually defensible, so no corrected total is submitted ; not flagged, but some lines could not be identified, so not every rule could be checked",4187093
INV-H2-000692,0,,821160,821160,0.85,high,1,1,821160,INV-H2-000692#0,not flagged; every line identified from text and priced exactly,821160
INV-H2-000693,0,,3684794,3684794,0.85,high,1,1,3684794,INV-H2-000693#0,not flagged; every line identified from text and priced exactly,3684794
INV-H2-000694,0,,,2961093,0.40,low,0,0,,INV-H2-000694#0,"H2-L00694-15: 'DISP FOC PHARM' is unresolved between Focused Pulmonary Pharmaceutical Dispensing (semantic_verified) ; a provisional total of 2961093 was computed but is not contractually defensible, so no corrected total is submitted ; not flagged, but some lines could not be identified, so not every rule could be checked",2961093
INV-H2-000695,0,,,2759671,0.40,low,0,0,,INV-H2-000695#0,"H2-L00695-01: 'EXT RADIOTHER FRACT' is unresolved between Extended Orthopaedic Radiotherapy Fraction (semantic_verified) ; H2-L00695-02: 'PROC HEP ENDOSC' is unresolved between Supervised Hepatic Endoscopic Procedure (semantic_verified) ; H2-L00695-05: 'INPT ISOL RM OCC' is unresolved between Inpatient Paediatric Isolation Room Occupancy (semantic_verified) ; a provisional total of 2759671 was computed but is not contractually defensible, so no corrected total is submitted ; not flagged, but some lines could not be identified, so not every rule could be checked",2759671
INV-H2-000696,0,,2800843,2800843,0.85,high,1,1,2800843,INV-H2-000696#0,not flagged; every line identified from text and priced exactly,2800843
INV-H2-000697,0,,,1724951,0.40,low,0,0,,INV-H2-000697#0,"H2-L00697-09: bundle partner 'Bedside Pulmonary Pharmaceutical Dispensing' may have been delivered on 2025-04-07 (unresolved description that day) ; H2-L00697-10: 'BEDS PHARM DISP' is unresolved between Bedside Pulmonary Pharmaceutical Dispensing (semantic_verified) ; a provisional total of 1724951 was computed but is not contractually defensible, so no corrected total is submitted ; not flagged, but some lines could not be identified, so not every rule could be checked",1724951
INV-H2-000698,0,,,3015120,0.40,low,0,0,,INV-H2-000698#0,"H2-L00698-01: 'BEDS PHARM DISP' is unresolved between Bedside Pulmonary Pharmaceutical Dispensing (semantic_verified) ; H2-L00698-09: 'EMER  TRANSP SVC /SA-1419' is unresolved between Emergency Haematology Transport Service (semantic_verified) ; H2-L00698-12: 'ASST DIAG IMAGING' is unresolved between Assisted Musculoskeletal Diagnostic Imaging (unresolved) ; H2-L00698-13: 'POSTOP THTR TM' is unresolved between Postoperative Paediatric Theatre Time (semantic_verified) ; a provisional total of 3015120 was computed but is not contractually defensible, so no corrected total is submitted ; not flagged, but some lines could not be identified, so not every rule could be checked",3015120
INV-H2-000699,0,,,3875046,0.40,low,0,0,,INV-H2-000699#0,"H2-L00699-02: 'VST VASCULAR HM /SA-8814' is unresolved between Extended Vascular Home Visit (semantic_verified) ; H2-L00699-05: bundle partner 'Bedside Pulmonary Pharmaceutical Dispensing' may have been delivered on 2025-04-12 (unresolved description that day) ; H2-L00699-06: 'BEDS PHARM DISP' is unresolved between Bedside Pulmonary Pharmaceutical Dispensing (semantic_verified) ; H2-L00699-15: 'CARDIAC  TRANSP SERVICE' is unresolved between Elective Cardiac Transport Service (semantic_verified) ; H2-L00699-16: 'PULM INF THER /SA-9868' is unresolved between Postoperative Pulmonary Infusion Therapy (semantic_verified) ; H2-L00699-18: 'ASST DIAG IMAGING' is unresolved between Assisted Musculoskeletal Diagnostic Imaging (unresolved) ; a provisional total of 3875046 was computed but is not contractually defensible, so no corrected total is submitted ; not flagged, but some lines could not be identified, so not every rule could be checked",3875046
INV-H2-000700,0,,3090573,3090573,0.85,high,1,1,3090573,INV-H2-000700#0,not flagged; every line identified from text and priced exactly,3090573
INV-H2-000701,0,,3088626,3088626,0.85,high,1,1,3088626,INV-H2-000701#0,not flagged; every line identified from text and priced exactly,3088626
INV-H2-000702,0,,,3507352,0.40,low,0,0,,INV-H2-000702#0,"H2-L00702-07: 'BEDS PHARM DISP' is unresolved between Bedside Pulmonary Pharmaceutical Dispensing (semantic_verified) ; H2-L00702-08: bundle partner 'Bedside Pulmonary Pharmaceutical Dispensing' may have been delivered on 2025-04-09 (unresolved description that day) ; a provisional total of 3507352 was computed but is not contractually defensible, so no corrected total is submitted ; not flagged, but some lines could not be identified, so not every rule could be checked",3507352
INV-H2-000703,0,,3021465,3021465,0.85,high,1,1,3021465,INV-H2-000703#0,not flagged; every line identified from text and priced exactly,3021465
INV-H2-000704,0,,4648419,4648419,0.85,high,1,1,4648419,INV-H2-000704#0,not flagged; every line identified from text and priced exactly,4648419
INV-H2-000705,0,,2914273,2914273,0.85,high,1,1,2914273,INV-H2-000705#0,not flagged; every line identified from text and priced exactly,2914273
INV-H2-000706,0,,,2760367,0.40,low,0,0,,INV-H2-000706#0,"H2-L00706-01: 'SESS CARD DIAL' is unresolved between Focused Cardiac Dialysis Session (semantic_verified) ; H2-L00706-10: 'PAED THEATRE TM /SA-1156' is unresolved between Emergency Paediatric Theatre Time, Postoperative Paediatric Theatre Time (semantic_verified) ; a provisional total of 2760367 was computed but is not contractually defensible, so no corrected total is submitted ; not flagged, but some lines could not be identified, so not every rule could be checked",2760367
INV-H2-000707,0,,,3032127,0.40,low,0,0,,INV-H2-000707#0,"H2-L00707-15: 'STD  - TELEM MONIT' is unresolved between Standard Metabolic Telemetry Monitoring (semantic_verified) ; a provisional total of 3032127 was computed but is not contractually defensible, so no corrected total is submitted ; not flagged, but some lines could not be identified, so not every rule could be checked",3032127
INV-H2-000708,0,,,742147,0.40,low,0,0,,INV-H2-000708#0,"H2-L00708-01: 'VASC TRANSP SVC' is unresolved between Postoperative Vascular Transport Service (semantic_verified) ; H2-L00708-05: 'DISP FOC PHARM' is unresolved between Focused Pulmonary Pharmaceutical Dispensing (semantic_verified) ; a provisional total of 742147 was computed but is not contractually defensible, so no corrected total is submitted ; not flagged, but some lines could not be identified, so not every rule could be checked",742147
INV-H2-000709,0,,,1259718,0.40,low,0,0,,INV-H2-000709#0,"H2-L00709-01: 'BEDS PHARM DISP' is unresolved between Bedside Pulmonary Pharmaceutical Dispensing (semantic_verified) ; H2-L00709-02: bundle partner 'Bedside Pulmonary Pharmaceutical Dispensing' may have been delivered on 2025-04-12 (unresolved description that day) ; H2-L00709-06: 'METAB LAB PANEL' is unresolved between Supervised Metabolic Laboratory Panel (semantic_verified) ; H2-L00709-07: 'STD  - TELEM MONIT' is unresolved between Standard Metabolic Telemetry Monitoring (semantic_verified) ; H2-L00709-11: 'DISP FOC PHARM' is unresolved between Focused Pulmonary Pharmaceutical Dispensing (semantic_verified) ; a provisional total of 1259718 was computed but is not contractually defensible, so no corrected total is submitted ; not flagged, but some lines could not be identified, so not every rule could be checked",1259718
INV-H2-000710,0,,,3941607,0.40,low,0,0,,INV-H2-000710#0,"H2-L00710-07: 'MSK RECOVERY RM OCC' is unresolved between Standard Musculoskeletal Recovery Room Occupancy (semantic_verified) ; H2-L00710-11: 'OTOLARYNGOLOGIC  DISCH PLNG /SA-6235' is unresolved between Continuous Otolaryngologic Discharge Planning (semantic_verified) ; a provisional total of 3941607 was computed but is not contractually defensible, so no corrected total is submitted ; not flagged, but some lines could not be identified, so not every rule could be checked",3941607
INV-H2-000711,0,,,2541681,0.40,low,0,0,,INV-H2-000711#0,"H2-L00711-07: 'ADV ENDOSCOPIC PROC /SA-6974' is unresolved between Advanced Gastrointestinal Endoscopic Procedure (semantic_verified) ; a provisional total of 2541681 was computed but is not contractually defensible, so no corrected total is submitted ; not flagged, but some lines could not be identified, so not every rule could be checked",2541681
INV-H2-000712,0,,,3060317,0.40,low,0,0,,INV-H2-000712#0,"H2-L00712-02: 'PREOP SPCM ANLY /SA-5067' is unresolved between Preoperative Cardiac Specimen Analysis (semantic_verified) ; H2-L00712-05: 'CARDIAC  TRANSP SERVICE' is unresolved between Elective Cardiac Transport Service (semantic_verified) ; H2-L00712-06: 'STD  - TELEM MONIT' is unresolved between Standard Metabolic Telemetry Monitoring (semantic_verified) ; H2-L00712-07: 'CARDIAC  TRANSP SERVICE' is unresolved between Elective Cardiac Transport Service (semantic_verified) ; a provisional total of 3060317 was computed but is not contractually defensible, so no corrected total is submitted ; not flagged, but some lines could not be identified, so not every rule could be checked",3060317
INV-H2-000713,0,,,3170981,0.40,low,0,0,,INV-H2-000713#0,"H2-L00713-03: 'INTERP  SUPERVISED IMG /SA-6042' is unresolved between Supervised Neurological Imaging Interpretation (semantic_verified) ; H2-L00713-07: 'ASST DIAG IMG /SA-7926' is unresolved between Assisted Musculoskeletal Diagnostic Imaging (semantic_verified) ; a provisional total of 3170981 was computed but is not contractually defensible, so no corrected total is submitted ; not flagged, but some lines could not be identified, so not every rule could be checked",3170981
INV-H2-000714,0,,4240210,4240210,0.85,high,1,1,4240210,INV-H2-000714#0,not flagged; every line identified from text and priced exactly,4240210
INV-H2-000715,0,,,3505795,0.40,low,0,0,,INV-H2-000715#0,"H2-L00715-14: 'OCC STD RECOV RM' is unresolved between Standard Musculoskeletal Recovery Room Occupancy (semantic_verified) ; H2-L00715-17: 'EMER  TRANSP SERVICE /SA-9292' is unresolved between Emergency Haematology Transport Service (semantic_verified) ; a provisional total of 3505795 was computed but is not contractually defensible, so no corrected total is submitted ; not flagged, but some lines could not be identified, so not every rule could be checked",3505795
INV-H2-000716,0,,,3793348,0.40,low,0,0,,INV-H2-000716#0,"H2-L00716-10: 'ADV ENDOSCOPIC PROC /SA-6974' is unresolved between Advanced Gastrointestinal Endoscopic Procedure (semantic_verified) ; H2-L00716-14: 'VASC IMAGING INTERP' is unresolved between Preoperative Vascular Imaging Interpretation (unresolved) ; a provisional total of 3793348 was computed but is not contractually defensible, so no corrected total is submitted ; not flagged, but some lines could not be identified, so not every rule could be checked",3793348
INV-H2-000717,0,,,4142953,0.40,low,0,0,,INV-H2-000717#0,"H2-L00717-01: 'CARDIAC  TRANSP SERVICE' is unresolved between Elective Cardiac Transport Service (semantic_verified) ; a provisional total of 4142953 was computed but is not contractually defensible, so no corrected total is submitted ; not flagged, but some lines could not be identified, so not every rule could be checked",4142953
INV-H2-000718,0,,,1785111,0.40,low,0,0,,INV-H2-000718#0,"H2-L00718-08: 'IMG ASST DIAG' is unresolved between Assisted Musculoskeletal Diagnostic Imaging (semantic_verified) ; a provisional total of 1785111 was computed but is not contractually defensible, so no corrected total is submitted ; not flagged, but some lines could not be identified, so not every rule could be checked",1785111
INV-H2-000719,0,,1128563,1128563,0.85,high,1,1,1128563,INV-H2-000719#0,not flagged; every line identified from text and priced exactly,1128563
INV-H2-000720,0,,,2814649,0.40,low,0,0,,INV-H2-000720#0,"H2-L00720-01: 'ASST DIAG IMG /SA-7926' is unresolved between Assisted Musculoskeletal Diagnostic Imaging (semantic_verified) ; H2-L00720-06: 'PSYCH TRANSF SVC' is unresolved between Standard Psychiatric Transfusion Service (semantic_verified) ; H2-L00720-09: 'METAB LAB PANEL' is unresolved between Supervised Metabolic Laboratory Panel (semantic_verified) ; a provisional total of 2814649 was computed but is not contractually defensible, so no corrected total is submitted ; not flagged, but some lines could not be identified, so not every rule could be checked",2814649
INV-H2-000721,0,,,2779727,0.40,low,0,0,,INV-H2-000721#0,"H2-L00721-12: 'POSTOP INF THER' is unresolved between Postoperative Pulmonary Infusion Therapy (semantic_verified) ; a provisional total of 2779727 was computed but is not contractually defensible, so no corrected total is submitted ; not flagged, but some lines could not be identified, so not every rule could be checked",2779727
INV-H2-000722,0,,,1106765,0.40,low,0,0,,INV-H2-000722#0,"H2-L00722-04: 'DISP FOC PHARM' is unresolved between Focused Pulmonary Pharmaceutical Dispensing (semantic_verified) ; H2-L00722-08: 'VASC IMAGING INTERP' is unresolved between Preoperative Vascular Imaging Interpretation (unresolved) ; a provisional total of 1106765 was computed but is not contractually defensible, so no corrected total is submitted ; not flagged, but some lines could not be identified, so not every rule could be checked",1106765
INV-H2-000723,0,,,2758055,0.40,low,0,0,,INV-H2-000723#0,"H2-L00723-01: 'PULM INF THER /SA-9868' is unresolved between Postoperative Pulmonary Infusion Therapy (semantic_verified) ; a provisional total of 2758055 was computed but is not contractually defensible, so no corrected total is submitted ; not flagged, but some lines could not be identified, so not every rule could be checked",2758055
INV-H2-000724,0,,,3191802,0.40,low,0,0,,INV-H2-000724#0,"H2-L00724-11: 'CARD  NURS OBS' is unresolved between Elective Cardiac Nursing Observation (semantic_verified) ; a provisional total of 3191802 was computed but is not contractually defensible, so no corrected total is submitted ; not flagged, but some lines could not be identified, so not every rule could be checked",3191802
INV-H2-000725,0,,,4558114,0.40,low,0,0,,INV-H2-000725#0,"H2-L00725-11: 'INTERM  REHAB PROG' is unresolved between Intermittent Otolaryngologic Rehabilitation Programme (semantic_verified) ; a provisional total of 4558114 was computed but is not contractually defensible, so no corrected total is submitted ; not flagged, but some lines could not be identified, so not every rule could be checked",4558114
INV-H2-000726,0,,2982991,2982991,0.65,medium,1,1,2982991,INV-H2-000726#0,not flagged; identity rests partly on a unit-basis tie-break or a verified semantic decision,2982991
INV-H2-000727,0,,,1593236,0.40,low,0,0,,INV-H2-000727#0,"H2-L00727-09: 'ELECT TRANSP SVC' is unresolved between Elective Cardiac Transport Service (semantic_verified) ; a provisional total of 1593236 was computed but is not contractually defensible, so no corrected total is submitted ; not flagged, but some lines could not be identified, so not every rule could be checked",1593236
INV-H2-000728,0,,1762947,1762947,0.85,high,1,1,1762947,INV-H2-000728#0,not flagged; every line identified from text and priced exactly,1762947
INV-H2-000729,0,,,4363911,0.40,low,0,0,,INV-H2-000729#0,"H2-L00729-08: 'EMER  TRANSP SERVICE /SA-9292' is unresolved between Emergency Haematology Transport Service (semantic_verified) ; H2-L00729-10: 'EXTENDED - HM VST' is unresolved between Extended Vascular Home Visit (unresolved) ; H2-L00729-14: 'INPT ISOL RM OCC' is unresolved between Inpatient Paediatric Isolation Room Occupancy (semantic_verified) ; a provisional total of 4363911 was computed but is not contractually defensible, so no corrected total is submitted ; not flagged, but some lines could not be identified, so not every rule could be checked",4363911
INV-H2-000730,0,,,2461898,0.40,low,0,0,,INV-H2-000730#0,"H2-L00730-09: 'PULM INF THER /SA-9868' is unresolved between Postoperative Pulmonary Infusion Therapy (semantic_verified) ; a provisional total of 2461898 was computed but is not contractually defensible, so no corrected total is submitted ; not flagged, but some lines could not be identified, so not every rule could be checked",2461898
INV-H2-000731,0,,,2458658,0.40,low,0,0,,INV-H2-000731#0,"H2-L00731-09: 'EXT RADIOTHER FRACT' is unresolved between Extended Orthopaedic Radiotherapy Fraction (semantic_verified) ; a provisional total of 2458658 was computed but is not contractually defensible, so no corrected total is submitted ; not flagged, but some lines could not be identified, so not every rule could be checked",2458658
INV-H2-000732,0,,,2977662,0.40,low,0,0,,INV-H2-000732#0,"H2-L00732-02: 'SUPV  IMG INTERP' is unresolved between Supervised Neurological Imaging Interpretation (semantic_verified) ; H2-L00732-06: 'ADV ENDOSCOPIC PROC /SA-6974' is unresolved between Advanced Gastrointestinal Endoscopic Procedure (semantic_verified) ; H2-L00732-10: 'ADV ENDOSCOPIC PROC /SA-6974' is unresolved between Advanced Gastrointestinal Endoscopic Procedure (semantic_verified) ; a provisional total of 2977662 was computed but is not contractually defensible, so no corrected total is submitted ; not flagged, but some lines could not be identified, so not every rule could be checked",2977662
INV-H2-000733,1,unknown_service,,4753896,0.40,low,0,0,,INV-H2-000733#0,"H2-L00733-01: service not contracted, so no contract price exists ; H2-L00733-04: 'STD ISOL RM OCC' is unresolved between Standard Neurological Isolation Room Occupancy, Standard Orthopaedic Isolation Room Occupancy (unresolved) ; H2-L00733-05: bundle partner 'Standard Orthopaedic Isolation Room Occupancy' may have been delivered on 2025-04-28 (unresolved description that day) ; H2-L00733-13: 'THER  STANDARD INF' is unresolved between Standard Paediatric Infusion Therapy (semantic_verified) ; a finding rests on reading free text, or the corrected total cannot be reconstructed",
INV-H2-000734,0,,873763,873763,0.65,medium,1,1,873763,INV-H2-000734#0,not flagged; identity rests partly on a unit-basis tie-break or a verified semantic decision,873763
INV-H2-000735,0,,,1282225,0.40,low,0,0,,INV-H2-000735#0,"H2-L00735-01: 'STD RECOV RM OCC' is unresolved between Standard Musculoskeletal Recovery Room Occupancy (semantic_verified) ; a provisional total of 1282225 was computed but is not contractually defensible, so no corrected total is submitted ; not flagged, but some lines could not be identified, so not every rule could be checked",1282225
INV-H2-000736,0,,1522600,1522600,0.65,medium,1,1,1522600,INV-H2-000736#0,not flagged; identity rests partly on a unit-basis tie-break or a verified semantic decision,1522600
INV-H2-000737,0,,,3394300,0.40,low,0,0,,INV-H2-000737#0,"H2-L00737-11: 'PROC HEP ENDOSC' is unresolved between Supervised Hepatic Endoscopic Procedure (semantic_verified) ; a provisional total of 3394300 was computed but is not contractually defensible, so no corrected total is submitted ; not flagged, but some lines could not be identified, so not every rule could be checked",3394300
INV-H2-000738,0,,,4531429,0.40,low,0,0,,INV-H2-000738#0,"H2-L00738-02: 'ENT CS CONF /SA-5963' is unresolved between Comprehensive Otolaryngologic Case Conference (semantic_verified) ; H2-L00738-16: 'OCC INTENS WD BD' is unresolved between Intensive Palliative Ward Bed Occupancy (semantic_verified) ; H2-L00738-18: 'EXT RADIOTHER FRACT' is unresolved between Extended Orthopaedic Radiotherapy Fraction (semantic_verified) ; a provisional total of 4531429 was computed but is not contractually defensible, so no corrected total is submitted ; not flagged, but some lines could not be identified, so not every rule could be checked",4531429
INV-H2-000739,0,,,1322520,0.40,low,0,0,,INV-H2-000739#0,"H2-L00739-02: 'OCC INTENS WD BD' is unresolved between Intensive Palliative Ward Bed Occupancy (semantic_verified) ; H2-L00739-04: 'ASST DIAG IMAGING' is unresolved between Assisted Musculoskeletal Diagnostic Imaging (unresolved) ; H2-L00739-05: 'EMER  TRANSP SVC /SA-1419' is unresolved between Emergency Haematology Transport Service (semantic_verified) ; a provisional total of 1322520 was computed but is not contractually defensible, so no corrected total is submitted ; not flagged, but some lines could not be identified, so not every rule could be checked",1322520
INV-H2-000740,0,,,1642075,0.40,low,0,0,,INV-H2-000740#0,"H2-L00740-02: 'FRACT BEDS RADIOTHER /SA-5851' is unresolved between Bedside Ophthalmic Radiotherapy Fraction (semantic_verified) ; a provisional total of 1642075 was computed but is not contractually defensible, so no corrected total is submitted ; not flagged, but some lines could not be identified, so not every rule could be checked",1642075
INV-H2-000741,0,,746350,746350,0.85,high,1,1,746350,INV-H2-000741#0,not flagged; every line identified from text and priced exactly,746350
INV-H2-000742,0,,,2587287,0.40,low,0,0,,INV-H2-000742#0,"H2-L00742-04: 'ASST BIOP PROC' is unresolved between Assisted Gastrointestinal Biopsy Procedure (semantic_verified) ; a provisional total of 2587287 was computed but is not contractually defensible, so no corrected total is submitted ; not flagged, but some lines could not be identified, so not every rule could be checked",2587287
INV-H2-000743,1,premium_omitted,,1843727,0.40,low,0,0,,INV-H2-000743#0,"H2-L00743-01: 'EMER  TRANSP SERVICE /SA-9292' is unresolved between Emergency Haematology Transport Service (semantic_verified) ; a provisional total of 1895777 was computed but is not contractually defensible, so no corrected total is submitted ; a finding rests on reading free text, or the corrected total cannot be reconstructed",1895777
INV-H2-000744,1,line_total_arithmetic|premium_incorrectly_applied,,2170400,0.40,low,0,0,,INV-H2-000744#0,"H2-L00744-03: 'EMER  TRANSP SERVICE /SA-9292' is unresolved between Emergency Haematology Transport Service (semantic_verified) ; H2-L00744-06: 'STD  - TELEM MONIT' is unresolved between Standard Metabolic Telemetry Monitoring (semantic_verified) ; a provisional total of 2142767 was computed but is not contractually defensible, so no corrected total is submitted ; a finding rests on reading free text, or the corrected total cannot be reconstructed",2142767
INV-H2-000745,0,,,4798801,0.40,low,0,0,,INV-H2-000745#0,"H2-L00745-11: 'ROUTINE LAB PNL /SA-5904' is unresolved between Routine Ophthalmic Laboratory Panel (semantic_verified) ; H2-L00745-16: 'PULM INF THER /SA-9868' is unresolved between Postoperative Pulmonary Infusion Therapy (semantic_verified) ; H2-L00745-17: 'POSTOP ANAES ADMIN' is unresolved between Postoperative Ophthalmic Anaesthesia Administration (semantic_verified) ; a provisional total of 4798801 was computed but is not contractually defensible, so no corrected total is submitted ; not flagged, but some lines could not be identified, so not every rule could be checked",4798801
INV-H2-000746,0,,,1574770,0.40,low,0,0,,INV-H2-000746#0,"H2-L00746-09: 'IMG ASST DIAG' is unresolved between Assisted Musculoskeletal Diagnostic Imaging (semantic_verified) ; a provisional total of 1574770 was computed but is not contractually defensible, so no corrected total is submitted ; not flagged, but some lines could not be identified, so not every rule could be checked",1574770
INV-H2-000747,0,,,1537272,0.40,low,0,0,,INV-H2-000747#0,"H2-L00747-01: 'MSK RECOVERY RM OCC' is unresolved between Standard Musculoskeletal Recovery Room Occupancy (semantic_verified) ; H2-L00747-03: 'OCC INTENS WD BD' is unresolved between Intensive Palliative Ward Bed Occupancy (semantic_verified) ; H2-L00747-05: 'IMG ASST DIAG' is unresolved between Assisted Musculoskeletal Diagnostic Imaging (semantic_verified) ; H2-L00747-07: 'ROUTINE LAB PNL /SA-5904' is unresolved between Routine Ophthalmic Laboratory Panel (semantic_verified) ; a provisional total of 1537272 was computed but is not contractually defensible, so no corrected total is submitted ; not flagged, but some lines could not be identified, so not every rule could be checked",1537272
INV-H2-000748,0,,3360182,3360182,0.85,high,1,1,3360182,INV-H2-000748#0,not flagged; every line identified from text and priced exactly,3360182
INV-H2-000749,0,,,3319651,0.40,low,0,0,,INV-H2-000749#0,"H2-L00749-04: 'EMER  TRANSP SVC /SA-1419' is unresolved between Emergency Haematology Transport Service (semantic_verified) ; H2-L00749-08: 'SVC EMER TRANSP' is unresolved between Emergency Haematology Transport Service (semantic_verified) ; H2-L00749-10: 'STD - TELEM MONIT /SA-8775' is unresolved between Standard Metabolic Telemetry Monitoring (semantic_verified) ; a provisional total of 3319651 was computed but is not contractually defensible, so no corrected total is submitted ; not flagged, but some lines could not be identified, so not every rule could be checked",3319651
INV-H2-000750,0,,,1253747,0.40,low,0,0,,INV-H2-000750#0,"H2-L00750-01: 'INPT ISOL RM OCC' is unresolved between Inpatient Paediatric Isolation Room Occupancy (semantic_verified) ; H2-L00750-02: 'CARDIAC  TRANSP SERVICE' is unresolved between Elective Cardiac Transport Service (semantic_verified) ; H2-L00750-05: 'SVC EMER TRANSP' is unresolved between Emergency Haematology Transport Service (semantic_verified) ; a provisional total of 1253747 was computed but is not contractually defensible, so no corrected total is submitted ; not flagged, but some lines could not be identified, so not every rule could be checked",1253747
INV-H2-000751,0,,,1626705,0.40,low,0,0,,INV-H2-000751#0,"H2-L00751-03: 'EMER  TRANSP SERVICE /SA-9292' is unresolved between Emergency Haematology Transport Service (semantic_verified) ; H2-L00751-05: 'ASST BIOP PROC' is unresolved between Assisted Gastrointestinal Biopsy Procedure (semantic_verified) ; a provisional total of 1626705 was computed but is not contractually defensible, so no corrected total is submitted ; not flagged, but some lines could not be identified, so not every rule could be checked",1626705
INV-H2-000752,1,wrong_unit_basis|malformed_service_date,,1570251,0.40,low,0,0,,INV-H2-000752#0,"H2-L00752-01: 'AMB NUTRITIONAL SUPP /SA-7761' is unresolved between Ambulatory Haematology Nutritional Support (semantic_verified) ; H2-L00752-09: 'ENT CS CONF /SA-6459' is unresolved between Comprehensive Otolaryngologic Case Conference (semantic_verified) ; a provisional total of 1570251 was computed but is not contractually defensible, so no corrected total is submitted ; a finding rests on reading free text, or the corrected total cannot be reconstructed",1570251
INV-H2-000753,0,,,3500129,0.40,low,0,0,,INV-H2-000753#0,"H2-L00753-11: 'ELECT TRANSP SVC' is unresolved between Elective Cardiac Transport Service (semantic_verified) ; a provisional total of 3500129 was computed but is not contractually defensible, so no corrected total is submitted ; not flagged, but some lines could not be identified, so not every rule could be checked",3500129
INV-H2-000754,0,,,4507631,0.40,low,0,0,,INV-H2-000754#0,"H2-L00754-04: 'INTERP  SUPERVISED IMG /SA-6042' is unresolved between Supervised Neurological Imaging Interpretation (semantic_verified) ; H2-L00754-13: 'IMG ASST DIAG' is unresolved between Assisted Musculoskeletal Diagnostic Imaging (semantic_verified) ; a provisional total of 4507631 was computed but is not contractually defensible, so no corrected total is submitted ; not flagged, but some lines could not be identified, so not every rule could be checked",4507631
INV-H2-000755,0,,,5157305,0.40,low,0,0,,INV-H2-000755#0,"H2-L00755-10: 'DISP FOC PHARM' is unresolved between Focused Pulmonary Pharmaceutical Dispensing (semantic_verified) ; a provisional total of 5157305 was computed but is not contractually defensible, so no corrected total is submitted ; not flagged, but some lines could not be identified, so not every rule could be checked",5157305
INV-H2-000756,0,,,3824998,0.40,low,0,0,,INV-H2-000756#0,"H2-L00756-03: 'ROUTINE LAB PNL /SA-5904' is unresolved between Routine Ophthalmic Laboratory Panel (semantic_verified) ; H2-L00756-04: 'STD RECOV RM OCC' is unresolved between Standard Musculoskeletal Recovery Room Occupancy (semantic_verified) ; a provisional total of 3824998 was computed but is not contractually defensible, so no corrected total is submitted ; not flagged, but some lines could not be identified, so not every rule could be checked",3824998
INV-H2-000757,0,,1782000,1782000,0.85,high,1,1,1782000,INV-H2-000757#0,not flagged; every line identified from text and priced exactly,1782000
INV-H2-000758,0,,,3991593,0.40,low,0,0,,INV-H2-000758#0,"H2-L00758-06: 'CARDIAC  TRANSP SERVICE' is unresolved between Elective Cardiac Transport Service (semantic_verified) ; a provisional total of 3991593 was computed but is not contractually defensible, so no corrected total is submitted ; not flagged, but some lines could not be identified, so not every rule could be checked",3991593
INV-H2-000759,0,,,1371605,0.40,low,0,0,,INV-H2-000759#0,"H2-L00759-02: 'VASC IMAGING INTERP' is unresolved between Preoperative Vascular Imaging Interpretation (unresolved) ; H2-L00759-07: 'SESS CARD DIAL' is unresolved between Focused Cardiac Dialysis Session (semantic_verified) ; H2-L00759-10: 'ELECT TRANSP SVC' is unresolved between Elective Cardiac Transport Service (semantic_verified) ; a provisional total of 1371605 was computed but is not contractually defensible, so no corrected total is submitted ; not flagged, but some lines could not be identified, so not every rule could be checked",1371605
INV-H2-000760,0,,,1642789,0.40,low,0,0,,INV-H2-000760#0,"H2-L00760-01: 'OCC STD RECOV RM' is unresolved between Standard Musculoskeletal Recovery Room Occupancy (semantic_verified) ; a provisional total of 1642789 was computed but is not contractually defensible, so no corrected total is submitted ; not flagged, but some lines could not be identified, so not every rule could be checked",1642789
INV-H2-000761,0,,2934858,2934858,0.85,high,1,1,2934858,INV-H2-000761#0,not flagged; every line identified from text and priced exactly,2934858
INV-H2-000762,0,,,1232419,0.40,low,0,0,,INV-H2-000762#0,"H2-L00762-07: 'ELECT TRANSP SVC' is unresolved between Elective Cardiac Transport Service (semantic_verified) ; a provisional total of 1232419 was computed but is not contractually defensible, so no corrected total is submitted ; not flagged, but some lines could not be identified, so not every rule could be checked",1232419
INV-H2-000763,0,,,1102120,0.40,low,0,0,,INV-H2-000763#0,"H2-L00763-06: 'DISP FOC PHARM' is unresolved between Focused Pulmonary Pharmaceutical Dispensing (semantic_verified) ; a provisional total of 1102120 was computed but is not contractually defensible, so no corrected total is submitted ; not flagged, but some lines could not be identified, so not every rule could be checked",1102120
INV-H2-000764,0,,,1062263,0.40,low,0,0,,INV-H2-000764#0,"H2-L00764-05: 'VASC IMAGING INTERP' is unresolved between Preoperative Vascular Imaging Interpretation (unresolved) ; a provisional total of 1062263 was computed but is not contractually defensible, so no corrected total is submitted ; not flagged, but some lines could not be identified, so not every rule could be checked",1062263
INV-H2-000765,0,,,1105935,0.40,low,0,0,,INV-H2-000765#0,"H2-L00765-02: 'ELECT TRANSP SVC' is unresolved between Elective Cardiac Transport Service (semantic_verified) ; a provisional total of 1105935 was computed but is not contractually defensible, so no corrected total is submitted ; not flagged, but some lines could not be identified, so not every rule could be checked",1105935
INV-H2-000766,0,,,3930652,0.40,low,0,0,,INV-H2-000766#0,"H2-L00766-08: bundle partner 'Bedside Pulmonary Pharmaceutical Dispensing' may have been delivered on 2025-05-18 (unresolved description that day) ; H2-L00766-09: 'BEDS PHARM DISP' is unresolved between Bedside Pulmonary Pharmaceutical Dispensing (semantic_verified) ; a provisional total of 3930652 was computed but is not contractually defensible, so no corrected total is submitted ; not flagged, but some lines could not be identified, so not every rule could be checked",3930652
INV-H2-000767,0,,,2128330,0.40,low,0,0,,INV-H2-000767#0,"H2-L00767-07: 'STD - TELEM MONIT /SA-8775' is unresolved between Standard Metabolic Telemetry Monitoring (semantic_verified) ; H2-L00767-10: 'POSTOP THTR TM' is unresolved between Postoperative Paediatric Theatre Time (semantic_verified) ; a provisional total of 2128330 was computed but is not contractually defensible, so no corrected total is submitted ; not flagged, but some lines could not be identified, so not every rule could be checked",2128330
INV-H2-000768,0,,,1576763,0.40,low,0,0,,INV-H2-000768#0,"H2-L00768-02: 'DISP FOC PHARM' is unresolved between Focused Pulmonary Pharmaceutical Dispensing (semantic_verified) ; H2-L00768-03: 'CARDIAC  TRANSP SERVICE' is unresolved between Elective Cardiac Transport Service (semantic_verified) ; H2-L00768-07: 'SESS CARD DIAL' is unresolved between Focused Cardiac Dialysis Session (semantic_verified) ; a provisional total of 1576763 was computed but is not contractually defensible, so no corrected total is submitted ; not flagged, but some lines could not be identified, so not every rule could be checked",1576763
INV-H2-000769,0,,,1143304,0.40,low,0,0,,INV-H2-000769#0,"H2-L00769-03: 'EXT RADIOTHER FRACT' is unresolved between Extended Orthopaedic Radiotherapy Fraction (semantic_verified) ; a provisional total of 1143304 was computed but is not contractually defensible, so no corrected total is submitted ; not flagged, but some lines could not be identified, so not every rule could be checked",1143304
INV-H2-000771,0,,,1932532,0.40,low,0,0,,INV-H2-000771#0,"H2-L00771-01: 'VASC IMAGING INTERP' is unresolved between Preoperative Vascular Imaging Interpretation (unresolved) ; a provisional total of 1932532 was computed but is not contractually defensible, so no corrected total is submitted ; not flagged, but some lines could not be identified, so not every rule could be checked",1932532
INV-H2-000772,0,,,2180670,0.40,low,0,0,,INV-H2-000772#0,"H2-L00772-02: 'IMG ASST DIAG' is unresolved between Assisted Musculoskeletal Diagnostic Imaging (semantic_verified) ; a provisional total of 2180670 was computed but is not contractually defensible, so no corrected total is submitted ; not flagged, but some lines could not be identified, so not every rule could be checked",2180670
INV-H2-000773,0,,,1935741,0.40,low,0,0,,INV-H2-000773#0,"H2-L00773-06: 'PULM INF THER /SA-9868' is unresolved between Postoperative Pulmonary Infusion Therapy (semantic_verified) ; H2-L00773-07: 'VST VASCULAR HM /SA-8814' is unresolved between Extended Vascular Home Visit (semantic_verified) ; a provisional total of 1935741 was computed but is not contractually defensible, so no corrected total is submitted ; not flagged, but some lines could not be identified, so not every rule could be checked",1935741
INV-H2-000774,0,,,2841782,0.40,low,0,0,,INV-H2-000774#0,"H2-L00774-01: 'PREOP SPCM ANLY /SA-5067' is unresolved between Preoperative Cardiac Specimen Analysis (semantic_verified) ; H2-L00774-02: 'VASC IMAGING INTERP' is unresolved between Preoperative Vascular Imaging Interpretation (unresolved) ; H2-L00774-11: 'SUPV  IMG INTERP' is unresolved between Supervised Neurological Imaging Interpretation (semantic_verified) ; a provisional total of 2841782 was computed but is not contractually defensible, so no corrected total is submitted ; not flagged, but some lines could not be identified, so not every rule could be checked",2841782
INV-H2-000775,0,,,3303626,0.40,low,0,0,,INV-H2-000775#0,"H2-L00775-10: 'ELECT TRANSP SVC' is unresolved between Elective Cardiac Transport Service (semantic_verified) ; H2-L00775-15: 'DISP FOC PHARM' is unresolved between Focused Pulmonary Pharmaceutical Dispensing (semantic_verified) ; a provisional total of 3303626 was computed but is not contractually defensible, so no corrected total is submitted ; not flagged, but some lines could not be identified, so not every rule could be checked",3303626
INV-H2-000776,0,,,1497840,0.40,low,0,0,,INV-H2-000776#0,"H2-L00776-10: 'OBSERVATION  CARD NURSING' is unresolved between Elective Cardiac Nursing Observation (semantic_verified) ; a provisional total of 1497840 was computed but is not contractually defensible, so no corrected total is submitted ; not flagged, but some lines could not be identified, so not every rule could be checked",1497840
INV-H2-000777,0,,,3599806,0.40,low,0,0,,INV-H2-000777#0,"H2-L00777-05: 'SVC EMER TRANSP' is unresolved between Emergency Haematology Transport Service (semantic_verified) ; H2-L00777-08: 'INTERP  SUPERVISED IMG /SA-6042' is unresolved between Supervised Neurological Imaging Interpretation (semantic_verified) ; a provisional total of 3599806 was computed but is not contractually defensible, so no corrected total is submitted ; not flagged, but some lines could not be identified, so not every rule could be checked",3599806
INV-H2-000778,0,,,2775345,0.40,low,0,0,,INV-H2-000778#0,"H2-L00778-08: 'EMER  TRANSP SERVICE /SA-9292' is unresolved between Emergency Haematology Transport Service (semantic_verified) ; a provisional total of 2775345 was computed but is not contractually defensible, so no corrected total is submitted ; not flagged, but some lines could not be identified, so not every rule could be checked",2775345
INV-H2-000779,0,,797743,797743,0.85,high,1,1,797743,INV-H2-000779#0,not flagged; every line identified from text and priced exactly,797743
INV-H2-000780,0,,1277900,1277900,0.85,high,1,1,1277900,INV-H2-000780#0,not flagged; every line identified from text and priced exactly,1277900
INV-H2-000781,0,,,4176908,0.40,low,0,0,,INV-H2-000781#0,"H2-L00781-13: 'RTN PHYSIO SESS' is unresolved between Routine Geriatric Physiotherapy Session (semantic_verified) ; a provisional total of 4176908 was computed but is not contractually defensible, so no corrected total is submitted ; not flagged, but some lines could not be identified, so not every rule could be checked",4176908
INV-H2-000782,0,,,3222420,0.40,low,0,0,,INV-H2-000782#0,"H2-L00782-07: 'ASST DIAG IMAGING' is unresolved between Assisted Musculoskeletal Diagnostic Imaging (unresolved) ; H2-L00782-08: 'PAED THEATRE TM /SA-1156' is unresolved between Emergency Paediatric Theatre Time, Postoperative Paediatric Theatre Time (semantic_verified) ; H2-L00782-13: 'ASST BIOP PROC' is unresolved between Assisted Gastrointestinal Biopsy Procedure (semantic_verified) ; a provisional total of 3222420 was computed but is not contractually defensible, so no corrected total is submitted ; not flagged, but some lines could not be identified, so not every rule could be checked",3222420
INV-H2-000783,1,service_date_after_invoice_date|unknown_service|wrong_unit_basis,,2563422,0.40,low,0,0,,INV-H2-000783#0,"H2-L00783-05: 'PALL RECOV ROOM OCC' is unresolved between Focused Palliative Recovery Room Occupancy (semantic_verified) ; H2-L00783-07: service not contracted, so no contract price exists ; a finding rests on reading free text, or the corrected total cannot be reconstructed",
INV-H2-000784,0,,741930,741930,0.85,high,1,1,741930,INV-H2-000784#0,not flagged; every line identified from text and priced exactly,741930
INV-H2-000785,0,,,4069007,0.40,low,0,0,,INV-H2-000785#0,"H2-L00785-06: 'SESS PREOP PHYSIO' is unresolved between Preoperative Obstetric Physiotherapy Session (semantic_verified) ; H2-L00785-07: 'ASST BIOP PROC' is unresolved between Assisted Gastrointestinal Biopsy Procedure (semantic_verified) ; a provisional total of 4069007 was computed but is not contractually defensible, so no corrected total is submitted ; not flagged, but some lines could not be identified, so not every rule could be checked",4069007
INV-H2-000786,0,,3141003,3141003,0.85,high,1,1,3141003,INV-H2-000786#0,not flagged; every line identified from text and priced exactly,3141003
INV-H2-000787,0,,,3476965,0.40,low,0,0,,INV-H2-000787#0,"H2-L00787-12: 'ASST BIOP PROC' is unresolved between Assisted Gastrointestinal Biopsy Procedure (semantic_verified) ; a provisional total of 3476965 was computed but is not contractually defensible, so no corrected total is submitted ; not flagged, but some lines could not be identified, so not every rule could be checked",3476965
INV-H2-000788,0,,,2383643,0.40,low,0,0,,INV-H2-000788#0,"H2-L00788-10: 'THER  STANDARD INF' is unresolved between Standard Paediatric Infusion Therapy (semantic_verified) ; a provisional total of 2383643 was computed but is not contractually defensible, so no corrected total is submitted ; not flagged, but some lines could not be identified, so not every rule could be checked",2383643
INV-H2-000789,0,,,3371584,0.40,low,0,0,,INV-H2-000789#0,"H2-L00789-05: 'CARD  NURS OBS' is unresolved between Elective Cardiac Nursing Observation (semantic_verified) ; H2-L00789-08: 'SESS PREOP PHYSIO' is unresolved between Preoperative Obstetric Physiotherapy Session (semantic_verified) ; H2-L00789-11: 'PAED THEATRE TM /SA-1156' is unresolved between Emergency Paediatric Theatre Time, Postoperative Paediatric Theatre Time (semantic_verified) ; a provisional total of 3371584 was computed but is not contractually defensible, so no corrected total is submitted ; not flagged, but some lines could not be identified, so not every rule could be checked",3371584
INV-H2-000790,0,,,3125368,0.40,low,0,0,,INV-H2-000790#0,"H2-L00790-13: 'STD  - TELEM MONIT' is unresolved between Standard Metabolic Telemetry Monitoring (semantic_verified) ; a provisional total of 3125368 was computed but is not contractually defensible, so no corrected total is submitted ; not flagged, but some lines could not be identified, so not every rule could be checked",3125368
INV-H2-000791,0,,,3166917,0.40,low,0,0,,INV-H2-000791#0,"H2-L00791-03: 'STD - TELEM MONIT /SA-8775' is unresolved between Standard Metabolic Telemetry Monitoring (semantic_verified) ; H2-L00791-10: 'CARDIAC  TRANSP SERVICE' is unresolved between Elective Cardiac Transport Service (semantic_verified) ; a provisional total of 3166917 was computed but is not contractually defensible, so no corrected total is submitted ; not flagged, but some lines could not be identified, so not every rule could be checked",3166917
INV-H2-000792,0,,,3692155,0.40,low,0,0,,INV-H2-000792#0,"H2-L00792-14: 'INPT ISOL RM OCC' is unresolved between Inpatient Paediatric Isolation Room Occupancy (semantic_verified) ; H2-L00792-15: 'STD - TELEM MONIT /SA-8775' is unresolved between Standard Metabolic Telemetry Monitoring (semantic_verified) ; H2-L00792-16: 'ENDO  CS CONF' is unresolved between Advanced Endocrine Case Conference (semantic_verified) ; a provisional total of 3692155 was computed but is not contractually defensible, so no corrected total is submitted ; not flagged, but some lines could not be identified, so not every rule could be checked",3692155
INV-H2-000793,0,,2006795,2006795,0.85,high,1,1,2006795,INV-H2-000793#0,not flagged; every line identified from text and priced exactly,2006795
INV-H2-000794,0,,,2921087,0.40,low,0,0,,INV-H2-000794#0,"H2-L00794-01: 'SUPERVISED BIOPSY PROC' is unresolved between Supervised Haematology Biopsy Procedure (semantic_verified) ; H2-L00794-04: bundle partner 'Bedside Pulmonary Pharmaceutical Dispensing' may have been delivered on 2025-06-07 (unresolved description that day) ; H2-L00794-05: 'BEDS PHARM DISP' is unresolved between Bedside Pulmonary Pharmaceutical Dispensing (semantic_verified) ; H2-L00794-10: 'STD - TELEM MONIT /SA-8775' is unresolved between Standard Metabolic Telemetry Monitoring (semantic_verified) ; H2-L00794-12: 'THER  STANDARD INF' is unresolved between Standard Paediatric Infusion Therapy (semantic_verified) ; a provisional total of 2921087 was computed but is not contractually defensible, so no corrected total is submitted ; not flagged, but some lines could not be identified, so not every rule could be checked",2921087
INV-H2-000795,0,,2561353,2561353,0.85,high,1,1,2561353,INV-H2-000795#0,not flagged; every line identified from text and priced exactly,2561353
INV-H2-000796,0,,,1983748,0.40,low,0,0,,INV-H2-000796#0,"H2-L00796-01: 'SUPERVISED BIOPSY PROC' is unresolved between Supervised Haematology Biopsy Procedure (semantic_verified) ; H2-L00796-06: 'EMER  TRANSP SERVICE /SA-9292' is unresolved between Emergency Haematology Transport Service (semantic_verified) ; H2-L00796-10: 'SESS CARD DIAL' is unresolved between Focused Cardiac Dialysis Session (semantic_verified) ; a provisional total of 1983748 was computed but is not contractually defensible, so no corrected total is submitted ; not flagged, but some lines could not be identified, so not every rule could be checked",1983748
INV-H2-000797,0,,1773536,1773536,0.85,high,1,1,1773536,INV-H2-000797#0,not flagged; every line identified from text and priced exactly,1773536
INV-H2-000798,0,,,3954108,0.40,low,0,0,,INV-H2-000798#0,"H2-L00798-01: 'MSK RECOVERY RM OCC' is unresolved between Standard Musculoskeletal Recovery Room Occupancy (semantic_verified) ; H2-L00798-02: 'CARDIAC  TRANSP SERVICE' is unresolved between Elective Cardiac Transport Service (semantic_verified) ; H2-L00798-08: 'POSTOP THTR TM' is unresolved between Postoperative Paediatric Theatre Time (semantic_verified) ; a provisional total of 3954108 was computed but is not contractually defensible, so no corrected total is submitted ; not flagged, but some lines could not be identified, so not every rule could be checked",3954108
INV-H2-000799,0,,,3386979,0.40,low,0,0,,INV-H2-000799#0,"H2-L00799-01: 'OBSERVATION  CARD NURSING' is unresolved between Elective Cardiac Nursing Observation (semantic_verified) ; H2-L00799-20: 'IMG ASST DIAG' is unresolved between Assisted Musculoskeletal Diagnostic Imaging (semantic_verified) ; a provisional total of 3386979 was computed but is not contractually defensible, so no corrected total is submitted ; not flagged, but some lines could not be identified, so not every rule could be checked",3386979
INV-H2-000800,1,service_date_out_of_contract,,3262287,0.85,high,0,0,,INV-H2-000800#0,"H2-L00800-11: 'ASST DIAG IMG /SA-7926' is unresolved between Assisted Musculoskeletal Diagnostic Imaging (semantic_verified) ; H2-L00800-14: 'EXTENDED - HM VST' is unresolved between Extended Vascular Home Visit (unresolved) ; a provisional total of 3262287 was computed but is not contractually defensible, so no corrected total is submitted ; every finding follows from the invoice's own fields, independent of service identity",3262287
INV-H2-000801,0,,,2168039,0.40,low,0,0,,INV-H2-000801#0,"H2-L00801-11: 'SVC EMER TRANSP' is unresolved between Emergency Haematology Transport Service (semantic_verified) ; a provisional total of 2168039 was computed but is not contractually defensible, so no corrected total is submitted ; not flagged, but some lines could not be identified, so not every rule could be checked",2168039
INV-H2-000802,0,,,4086093,0.40,low,0,0,,INV-H2-000802#0,"H2-L00802-12: 'STD - TELEM MONIT /SA-8775' is unresolved between Standard Metabolic Telemetry Monitoring (semantic_verified) ; H2-L00802-13: 'OCC PREOP ISOL RM' is unresolved between Preoperative Neurological Isolation Room Occupancy (semantic_verified) ; a provisional total of 4086093 was computed but is not contractually defensible, so no corrected total is submitted ; not flagged, but some lines could not be identified, so not every rule could be checked",4086093
INV-H2-000803,0,,,2794537,0.40,low,0,0,,INV-H2-000803#0,"H2-L00803-04: 'ENT CS CONF /SA-5963' is unresolved between Comprehensive Otolaryngologic Case Conference (semantic_verified) ; a provisional total of 2794537 was computed but is not contractually defensible, so no corrected total is submitted ; not flagged, but some lines could not be identified, so not every rule could be checked",2794537
INV-H2-000804,0,,,3298766,0.40,low,0,0,,INV-H2-000804#0,"H2-L00804-07: 'ENT CS CONF /SA-6459' is unresolved between Comprehensive Otolaryngologic Case Conference (semantic_verified) ; H2-L00804-13: 'ENT CS CONF /SA-5963' is unresolved between Comprehensive Otolaryngologic Case Conference (semantic_verified) ; a provisional total of 3298766 was computed but is not contractually defensible, so no corrected total is submitted ; not flagged, but some lines could not be identified, so not every rule could be checked",3298766
INV-H2-000805,0,,2101348,2101348,0.85,high,1,1,2101348,INV-H2-000805#0,not flagged; every line identified from text and priced exactly,2101348
INV-H2-000806,0,,3197789,3197789,0.65,medium,1,1,3197789,INV-H2-000806#0,not flagged; identity rests partly on a unit-basis tie-break or a verified semantic decision,3197789
INV-H2-000807,0,,,2639466,0.40,low,0,0,,INV-H2-000807#0,"H2-L00807-09: 'INPT ISOL RM OCC' is unresolved between Inpatient Paediatric Isolation Room Occupancy (semantic_verified) ; H2-L00807-15: 'EMER  TRANSP SERVICE /SA-9292' is unresolved between Emergency Haematology Transport Service (semantic_verified) ; a provisional total of 2639466 was computed but is not contractually defensible, so no corrected total is submitted ; not flagged, but some lines could not be identified, so not every rule could be checked",2639466
INV-H2-000808,0,,,1851240,0.40,low,0,0,,INV-H2-000808#0,"H2-L00808-03: 'CARDIAC  TRANSP SERVICE' is unresolved between Elective Cardiac Transport Service (semantic_verified) ; a provisional total of 1851240 was computed but is not contractually defensible, so no corrected total is submitted ; not flagged, but some lines could not be identified, so not every rule could be checked",1851240
INV-H2-000809,0,,,1497767,0.40,low,0,0,,INV-H2-000809#0,"H2-L00809-06: 'EXT RADIOTHER FRACT' is unresolved between Extended Orthopaedic Radiotherapy Fraction (semantic_verified) ; H2-L00809-08: 'EXT RADIOTHER FRACT' is unresolved between Extended Orthopaedic Radiotherapy Fraction (semantic_verified) ; a provisional total of 1497767 was computed but is not contractually defensible, so no corrected total is submitted ; not flagged, but some lines could not be identified, so not every rule could be checked",1497767
INV-H2-000810,0,,674737,674737,0.85,high,1,1,674737,INV-H2-000810#0,not flagged; every line identified from text and priced exactly,674737
INV-H2-000811,0,,,1367573,0.40,low,0,0,,INV-H2-000811#0,"H2-L00811-01: 'OCC INTENS WD BD' is unresolved between Intensive Palliative Ward Bed Occupancy (semantic_verified) ; H2-L00811-03: 'ELECT TRANSP SVC' is unresolved between Elective Cardiac Transport Service (semantic_verified) ; a provisional total of 1367573 was computed but is not contractually defensible, so no corrected total is submitted ; not flagged, but some lines could not be identified, so not every rule could be checked",1367573
INV-H2-000812,0,,,2149659,0.40,low,0,0,,INV-H2-000812#0,"H2-L00812-01: 'METAB LAB PANEL' is unresolved between Supervised Metabolic Laboratory Panel (semantic_verified) ; H2-L00812-05: 'IMG ASST DIAG' is unresolved between Assisted Musculoskeletal Diagnostic Imaging (semantic_verified) ; H2-L00812-11: 'PNL FOC LAB /SA-4377' is unresolved between Focused Ophthalmic Laboratory Panel (semantic_verified) ; H2-L00812-19: 'ELECT TRANSP SVC' is unresolved between Elective Cardiac Transport Service (semantic_verified) ; a provisional total of 2149659 was computed but is not contractually defensible, so no corrected total is submitted ; not flagged, but some lines could not be identified, so not every rule could be checked",2149659
INV-H2-000813,0,,,1259475,0.40,low,0,0,,INV-H2-000813#0,"H2-L00813-05: 'VST VASCULAR HM /SA-8814' is unresolved between Extended Vascular Home Visit (semantic_verified) ; H2-L00813-07: 'EXT RADIOTHER FRACT' is unresolved between Extended Orthopaedic Radiotherapy Fraction (semantic_verified) ; H2-L00813-08: 'PALL RECOV ROOM OCC' is unresolved between Focused Palliative Recovery Room Occupancy (semantic_verified) ; a provisional total of 1259475 was computed but is not contractually defensible, so no corrected total is submitted ; not flagged, but some lines could not be identified, so not every rule could be checked",1259475
INV-H2-000814,0,,,3908420,0.40,low,0,0,,INV-H2-000814#0,"H2-L00814-06: 'OCC STD RECOV RM' is unresolved between Standard Musculoskeletal Recovery Room Occupancy (semantic_verified) ; H2-L00814-11: 'POSTOP THTR TM' is unresolved between Postoperative Paediatric Theatre Time (semantic_verified) ; H2-L00814-12: 'SPCLST STERILISATION SVC' is unresolved between Specialist Psychiatric Sterilisation Service (semantic_verified) ; a provisional total of 3908420 was computed but is not contractually defensible, so no corrected total is submitted ; not flagged, but some lines could not be identified, so not every rule could be checked",3908420
INV-H2-000815,0,,,2359169,0.40,low,0,0,,INV-H2-000815#0,"H2-L00815-05: 'EXTENDED - HM VST' is unresolved between Extended Vascular Home Visit (unresolved) ; a provisional total of 2359169 was computed but is not contractually defensible, so no corrected total is submitted ; not flagged, but some lines could not be identified, so not every rule could be checked",2359169
INV-H2-000816,0,,,1899044,0.40,low,0,0,,INV-H2-000816#0,"H2-L00816-02: 'ADV ENDOSCOPIC PROC /SA-6974' is unresolved between Advanced Gastrointestinal Endoscopic Procedure (semantic_verified) ; H2-L00816-03: 'IMG ASST DIAG' is unresolved between Assisted Musculoskeletal Diagnostic Imaging (semantic_verified) ; H2-L00816-13: 'ENDO  CS CONF' is unresolved between Advanced Endocrine Case Conference (semantic_verified) ; a provisional total of 1899044 was computed but is not contractually defensible, so no corrected total is submitted ; not flagged, but some lines could not be identified, so not every rule could be checked",1899044
INV-H2-000817,0,,,3930565,0.40,low,0,0,,INV-H2-000817#0,"H2-L00817-01: 'CARDIAC  TRANSP SERVICE' is unresolved between Elective Cardiac Transport Service (semantic_verified) ; H2-L00817-08: 'PROC HEP ENDOSC' is unresolved between Supervised Hepatic Endoscopic Procedure (semantic_verified) ; a provisional total of 3930565 was computed but is not contractually defensible, so no corrected total is submitted ; not flagged, but some lines could not be identified, so not every rule could be checked",3930565
INV-H2-000818,1,contract_number_mismatch|exclusion_window_violation,1540334,1786734,0.65,medium,1,1,1540334,INV-H2-000818#0,findings apply contract rules to resolved services; some depend on hospital-wide state,1540334
INV-H2-000819,0,,,1600542,0.40,low,0,0,,INV-H2-000819#0,"H2-L00819-05: 'PREOP SPCM ANLY /SA-5067' is unresolved between Preoperative Cardiac Specimen Analysis (semantic_verified) ; H2-L00819-14: 'EXT RADIOTHER FRACT' is unresolved between Extended Orthopaedic Radiotherapy Fraction (semantic_verified) ; a provisional total of 1600542 was computed but is not contractually defensible, so no corrected total is submitted ; not flagged, but some lines could not be identified, so not every rule could be checked",1600542
INV-H2-000820,0,,,3602804,0.40,low,0,0,,INV-H2-000820#0,"H2-L00820-09: 'OCC STD RECOV RM' is unresolved between Standard Musculoskeletal Recovery Room Occupancy (semantic_verified) ; a provisional total of 3602804 was computed but is not contractually defensible, so no corrected total is submitted ; not flagged, but some lines could not be identified, so not every rule could be checked",3602804
INV-H2-000821,0,,2009157,2009157,0.65,medium,1,1,2009157,INV-H2-000821#0,not flagged; identity rests partly on a unit-basis tie-break or a verified semantic decision,2009157
INV-H2-000822,0,,1834615,1834615,0.65,medium,1,1,1834615,INV-H2-000822#0,not flagged; identity rests partly on a unit-basis tie-break or a verified semantic decision,1834615
INV-H2-000823,0,,1616874,1616874,0.85,high,1,1,1616874,INV-H2-000823#0,not flagged; every line identified from text and priced exactly,1616874
INV-H2-000824,0,,1783839,1783839,0.65,medium,1,1,1783839,INV-H2-000824#0,not flagged; identity rests partly on a unit-basis tie-break or a verified semantic decision,1783839
INV-H2-000825,0,,,2774696,0.40,low,0,0,,INV-H2-000825#0,"H2-L00825-05: 'ELECT TRANSP SVC' is unresolved between Elective Cardiac Transport Service (semantic_verified) ; H2-L00825-16: 'EMER  TRANSP SVC /SA-1419' is unresolved between Emergency Haematology Transport Service (semantic_verified) ; a provisional total of 2774696 was computed but is not contractually defensible, so no corrected total is submitted ; not flagged, but some lines could not be identified, so not every rule could be checked",2774696
INV-H2-000826,0,,3270588,3270588,0.85,high,1,1,3270588,INV-H2-000826#0,not flagged; every line identified from text and priced exactly,3270588
INV-H2-000827,0,,2673574,2673574,0.65,medium,1,1,2673574,INV-H2-000827#0,not flagged; identity rests partly on a unit-basis tie-break or a verified semantic decision,2673574
INV-H2-000828,0,,,3828953,0.40,low,0,0,,INV-H2-000828#0,"H2-L00828-03: 'BEDS PHARM DISP' is unresolved between Bedside Pulmonary Pharmaceutical Dispensing (semantic_verified) ; H2-L00828-08: 'DISP FOC PHARM' is unresolved between Focused Pulmonary Pharmaceutical Dispensing (semantic_verified) ; H2-L00828-11: 'POSTOP ANAES ADMIN' is unresolved between Postoperative Ophthalmic Anaesthesia Administration (semantic_verified) ; H2-L00828-13: bundle partner 'Bedside Pulmonary Pharmaceutical Dispensing' may have been delivered on 2025-06-24 (unresolved description that day) ; a provisional total of 3828953 was computed but is not contractually defensible, so no corrected total is submitted ; not flagged, but some lines could not be identified, so not every rule could be checked",3828953
INV-H2-000829,0,,,1296475,0.40,low,0,0,,INV-H2-000829#0,"H2-L00829-05: 'SUPERVISED BIOPSY PROC' is unresolved between Supervised Haematology Biopsy Procedure (semantic_verified) ; a provisional total of 1296475 was computed but is not contractually defensible, so no corrected total is submitted ; not flagged, but some lines could not be identified, so not every rule could be checked",1296475
INV-H2-000830,1,premium_omitted,,1878566,0.40,low,0,0,,INV-H2-000830#0,"H2-L00830-08: 'VST VASCULAR HM /SA-8814' is unresolved between Extended Vascular Home Visit (semantic_verified) ; H2-L00830-12: 'ASST DIAG IMG /SA-7926' is unresolved between Assisted Musculoskeletal Diagnostic Imaging (semantic_verified) ; H2-L00830-13: 'EXTENDED - HM VST' is unresolved between Extended Vascular Home Visit (unresolved) ; a provisional total of 1890653 was computed but is not contractually defensible, so no corrected total is submitted ; a finding rests on reading free text, or the corrected total cannot be reconstructed",1890653
INV-H2-000831,0,,1961747,1961747,0.85,high,1,1,1961747,INV-H2-000831#0,not flagged; every line identified from text and priced exactly,1961747
INV-H2-000832,0,,,2144903,0.40,low,0,0,,INV-H2-000832#0,"H2-L00832-04: 'POSTOP THTR TM' is unresolved between Postoperative Paediatric Theatre Time (semantic_verified) ; H2-L00832-07: 'INTERM  REHAB PROG' is unresolved between Intermittent Otolaryngologic Rehabilitation Programme (semantic_verified) ; a provisional total of 2144903 was computed but is not contractually defensible, so no corrected total is submitted ; not flagged, but some lines could not be identified, so not every rule could be checked",2144903
INV-H2-000833,0,,,5204720,0.40,low,0,0,,INV-H2-000833#0,"H2-L00833-04: 'ASST BIOP PROC' is unresolved between Assisted Gastrointestinal Biopsy Procedure (semantic_verified) ; a provisional total of 5204720 was computed but is not contractually defensible, so no corrected total is submitted ; not flagged, but some lines could not be identified, so not every rule could be checked",5204720
INV-H2-000834,0,,,908205,0.40,low,0,0,,INV-H2-000834#0,"H2-L00834-06: 'VST VASCULAR HM /SA-8814' is unresolved between Extended Vascular Home Visit (semantic_verified) ; a provisional total of 908205 was computed but is not contractually defensible, so no corrected total is submitted ; not flagged, but some lines could not be identified, so not every rule could be checked",908205
INV-H2-000835,1,wrong_unit_basis,,814076,0.40,low,0,0,,INV-H2-000835#0,"H2-L00835-05: 'SESS PREOP PHYSIO' is unresolved between Preoperative Obstetric Physiotherapy Session (semantic_verified) ; a provisional total of 814076 was computed but is not contractually defensible, so no corrected total is submitted ; a finding rests on reading free text, or the corrected total cannot be reconstructed",814076
INV-H2-000836,0,,,3991765,0.40,low,0,0,,INV-H2-000836#0,"H2-L00836-09: 'EXTENDED - HM VST' is unresolved between Extended Vascular Home Visit (unresolved) ; H2-L00836-14: 'ENT CS CONF /SA-5963' is unresolved between Comprehensive Otolaryngologic Case Conference (semantic_verified) ; H2-L00836-15: 'POSTOP INF THER' is unresolved between Postoperative Pulmonary Infusion Therapy (semantic_verified) ; a provisional total of 3991765 was computed but is not contractually defensible, so no corrected total is submitted ; not flagged, but some lines could not be identified, so not every rule could be checked",3991765
INV-H2-000837,0,,,2944435,0.40,low,0,0,,INV-H2-000837#0,"H2-L00837-05: 'POSTOP THTR TM' is unresolved between Postoperative Paediatric Theatre Time (semantic_verified) ; a provisional total of 2944435 was computed but is not contractually defensible, so no corrected total is submitted ; not flagged, but some lines could not be identified, so not every rule could be checked",2944435
INV-H2-000838,0,,,2425388,0.40,low,0,0,,INV-H2-000838#0,"H2-L00838-07: 'SPCLST STERILISATION SVC' is unresolved between Specialist Psychiatric Sterilisation Service (semantic_verified) ; H2-L00838-11: 'POSTOP THTR TM' is unresolved between Postoperative Paediatric Theatre Time (semantic_verified) ; a provisional total of 2425388 was computed but is not contractually defensible, so no corrected total is submitted ; not flagged, but some lines could not be identified, so not every rule could be checked",2425388
INV-H2-000839,0,,,1865193,0.40,low,0,0,,INV-H2-000839#0,"H2-L00839-04: 'ELECT TRANSP SVC' is unresolved between Elective Cardiac Transport Service (semantic_verified) ; a provisional total of 1865193 was computed but is not contractually defensible, so no corrected total is submitted ; not flagged, but some lines could not be identified, so not every rule could be checked",1865193
INV-H2-000840,0,,,2749531,0.40,low,0,0,,INV-H2-000840#0,"H2-L00840-03: 'POSTOP ANAES ADMIN' is unresolved between Postoperative Ophthalmic Anaesthesia Administration (semantic_verified) ; a provisional total of 2749531 was computed but is not contractually defensible, so no corrected total is submitted ; not flagged, but some lines could not be identified, so not every rule could be checked",2749531
INV-H2-000841,0,,,2554005,0.40,low,0,0,,INV-H2-000841#0,"H2-L00841-12: 'POSTOP ANAES ADMIN' is unresolved between Postoperative Ophthalmic Anaesthesia Administration (semantic_verified) ; a provisional total of 2554005 was computed but is not contractually defensible, so no corrected total is submitted ; not flagged, but some lines could not be identified, so not every rule could be checked",2554005
INV-H2-000842,0,,753112,753112,0.85,high,1,1,753112,INV-H2-000842#0,not flagged; every line identified from text and priced exactly,753112
INV-H2-000843,1,unit_price_mismatch|line_total_arithmetic|service_date_after_invoice_date,780733,1031048,0.65,medium,1,1,780733,INV-H2-000843#0,findings apply contract rules to resolved services; some depend on hospital-wide state,780733
INV-H2-000844,1,premium_incorrectly_applied,,2187312,0.40,low,0,0,,INV-H2-000844#0,"H2-L00844-01: 'THER  STANDARD INF' is unresolved between Standard Paediatric Infusion Therapy (semantic_verified) ; H2-L00844-05: 'CARDIAC  TRANSP SERVICE' is unresolved between Elective Cardiac Transport Service (semantic_verified) ; H2-L00844-08: 'SVC EMER TRANSP' is unresolved between Emergency Haematology Transport Service (semantic_verified) ; a provisional total of 2030532 was computed but is not contractually defensible, so no corrected total is submitted ; a finding rests on reading free text, or the corrected total cannot be reconstructed",2030532
INV-H2-000845,0,,,3594329,0.40,low,0,0,,INV-H2-000845#0,"H2-L00845-06: 'EMER  TRANSP SVC /SA-1419' is unresolved between Emergency Haematology Transport Service (semantic_verified) ; H2-L00845-15: 'STD ISOL RM OCC' is unresolved between Standard Neurological Isolation Room Occupancy, Standard Orthopaedic Isolation Room Occupancy (unresolved) ; H2-L00845-16: bundle partner 'Standard Orthopaedic Isolation Room Occupancy' may have been delivered on 2025-07-11 (unresolved description that day) ; H2-L00845-17: 'CARDIAC  TRANSP SERVICE' is unresolved between Elective Cardiac Transport Service (semantic_verified) ; a provisional total of 3594329 was computed but is not contractually defensible, so no corrected total is submitted ; not flagged, but some lines could not be identified, so not every rule could be checked",3594329
INV-H2-000846,0,,,2680106,0.40,low,0,0,,INV-H2-000846#0,"H2-L00846-04: 'BEDS PHARM DISP' is unresolved between Bedside Pulmonary Pharmaceutical Dispensing (semantic_verified) ; H2-L00846-10: 'PNL FOC LAB /SA-4377' is unresolved between Focused Ophthalmic Laboratory Panel (semantic_verified) ; H2-L00846-16: 'POSTOP INF THER' is unresolved between Postoperative Pulmonary Infusion Therapy (semantic_verified) ; a provisional total of 2680106 was computed but is not contractually defensible, so no corrected total is submitted ; not flagged, but some lines could not be identified, so not every rule could be checked",2680106
INV-H2-000847,0,,1683145,1683145,0.85,high,1,1,1683145,INV-H2-000847#0,not flagged; every line identified from text and priced exactly,1683145
INV-H2-000848,0,,,2981621,0.40,low,0,0,,INV-H2-000848#0,"H2-L00848-02: 'ROUTINE LAB PNL /SA-5904' is unresolved between Routine Ophthalmic Laboratory Panel (semantic_verified) ; a provisional total of 2981621 was computed but is not contractually defensible, so no corrected total is submitted ; not flagged, but some lines could not be identified, so not every rule could be checked",2981621
INV-H2-000849,0,,,1207808,0.40,low,0,0,,INV-H2-000849#0,"H2-L00849-14: 'EMER THTR TM /SA-2118' is unresolved between Emergency Paediatric Theatre Time (semantic_verified) ; a provisional total of 1207808 was computed but is not contractually defensible, so no corrected total is submitted ; not flagged, but some lines could not be identified, so not every rule could be checked",1207808
INV-H2-000850,0,,,995241,0.40,low,0,0,,INV-H2-000850#0,"H2-L00850-03: 'VASC TRANSP SVC' is unresolved between Postoperative Vascular Transport Service (semantic_verified) ; H2-L00850-05: 'RTN PHYSIO SESS' is unresolved between Routine Geriatric Physiotherapy Session (semantic_verified) ; a provisional total of 995241 was computed but is not contractually defensible, so no corrected total is submitted ; not flagged, but some lines could not be identified, so not every rule could be checked",995241
INV-H2-000851,0,,2787553,2787553,0.85,high,1,1,2787553,INV-H2-000851#0,not flagged; every line identified from text and priced exactly,2787553
INV-H2-000852,1,bundle_not_applied,,3860247,0.40,low,0,0,,INV-H2-000852#0,"H2-L00852-01: 'IMG ASST DIAG' is unresolved between Assisted Musculoskeletal Diagnostic Imaging (semantic_verified) ; a provisional total of 3797947 was computed but is not contractually defensible, so no corrected total is submitted ; a finding rests on reading free text, or the corrected total cannot be reconstructed",3797947
INV-H2-000853,0,,,1987980,0.40,low,0,0,,INV-H2-000853#0,"H2-L00853-04: 'VASC IMAGING INTERP' is unresolved between Preoperative Vascular Imaging Interpretation (unresolved) ; H2-L00853-07: 'EMER  TRANSP SERVICE /SA-9292' is unresolved between Emergency Haematology Transport Service (semantic_verified) ; H2-L00853-10: 'ADV ENDOSCOPIC PROC /SA-6974' is unresolved between Advanced Gastrointestinal Endoscopic Procedure (semantic_verified) ; a provisional total of 1987980 was computed but is not contractually defensible, so no corrected total is submitted ; not flagged, but some lines could not be identified, so not every rule could be checked",1987980
INV-H2-000854,0,,2887999,2887999,0.65,medium,1,1,2887999,INV-H2-000854#0,not flagged; identity rests partly on a unit-basis tie-break or a verified semantic decision,2887999
INV-H2-000855,0,,4143130,4143130,0.85,high,1,1,4143130,INV-H2-000855#0,not flagged; every line identified from text and priced exactly,4143130
INV-H2-000856,0,,,3712565,0.40,low,0,0,,INV-H2-000856#0,"H2-L00856-02: 'PSYCH TRANSF SVC' is unresolved between Standard Psychiatric Transfusion Service (semantic_verified) ; H2-L00856-05: 'ADV ENDOSCOPIC PROC /SA-6974' is unresolved between Advanced Gastrointestinal Endoscopic Procedure (semantic_verified) ; H2-L00856-14: 'OTOLARYNGOLOGIC  DISCH PLNG /SA-6235' is unresolved between Continuous Otolaryngologic Discharge Planning (semantic_verified) ; a provisional total of 3712565 was computed but is not contractually defensible, so no corrected total is submitted ; not flagged, but some lines could not be identified, so not every rule could be checked",3712565
INV-H2-000857,0,,,1161300,0.40,low,0,0,,INV-H2-000857#0,"H2-L00857-01: 'OBSERVATION  CARD NURSING' is unresolved between Elective Cardiac Nursing Observation (semantic_verified) ; H2-L00857-02: 'OCC INTENS WD BD' is unresolved between Intensive Palliative Ward Bed Occupancy (semantic_verified) ; a provisional total of 1161300 was computed but is not contractually defensible, so no corrected total is submitted ; not flagged, but some lines could not be identified, so not every rule could be checked",1161300
INV-H2-000858,0,,1256173,1256173,0.85,high,1,1,1256173,INV-H2-000858#0,not flagged; every line identified from text and priced exactly,1256173
INV-H2-000859,0,,,2319384,0.40,low,0,0,,INV-H2-000859#0,"H2-L00859-13: 'PALL RECOV ROOM OCC' is unresolved between Focused Palliative Recovery Room Occupancy (semantic_verified) ; a provisional total of 2319384 was computed but is not contractually defensible, so no corrected total is submitted ; not flagged, but some lines could not be identified, so not every rule could be checked",2319384
INV-H2-000860,0,,,881275,0.40,low,0,0,,INV-H2-000860#0,"H2-L00860-04: 'EMER  TRANSP SVC /SA-1419' is unresolved between Emergency Haematology Transport Service (semantic_verified) ; H2-L00860-05: 'EMER  TRANSP SVC /SA-1419' is unresolved between Emergency Haematology Transport Service (semantic_verified) ; a provisional total of 881275 was computed but is not contractually defensible, so no corrected total is submitted ; not flagged, but some lines could not be identified, so not every rule could be checked",881275
INV-H2-000861,0,,,864006,0.40,low,0,0,,INV-H2-000861#0,"H2-L00861-03: 'ROUTINE LAB PNL /SA-5904' is unresolved between Routine Ophthalmic Laboratory Panel (semantic_verified) ; H2-L00861-08: 'PSYCH TRANSF SVC' is unresolved between Standard Psychiatric Transfusion Service (semantic_verified) ; a provisional total of 864006 was computed but is not contractually defensible, so no corrected total is submitted ; not flagged, but some lines could not be identified, so not every rule could be checked",864006
INV-H2-000862,0,,,2616211,0.40,low,0,0,,INV-H2-000862#0,"H2-L00862-01: 'POSTOP THTR TM' is unresolved between Postoperative Paediatric Theatre Time (semantic_verified) ; H2-L00862-03: 'ADV ENDOSCOPIC PROC /SA-6974' is unresolved between Advanced Gastrointestinal Endoscopic Procedure (semantic_verified) ; H2-L00862-05: 'EXT RADIOTHER FRACT' is unresolved between Extended Orthopaedic Radiotherapy Fraction (semantic_verified) ; H2-L00862-09: 'ASST DIAG IMAGING' is unresolved between Assisted Musculoskeletal Diagnostic Imaging (unresolved) ; H2-L00862-11: 'FRACT BEDS RADIOTHER /SA-5851' is unresolved between Bedside Ophthalmic Radiotherapy Fraction (semantic_verified) ; a provisional total of 2616211 was computed but is not contractually defensible, so no corrected total is submitted ; not flagged, but some lines could not be identified, so not every rule could be checked",2616211
INV-H2-000863,0,,,3633341,0.40,low,0,0,,INV-H2-000863#0,"H2-L00863-02: 'PSYCH TRANSF SVC' is unresolved between Standard Psychiatric Transfusion Service (semantic_verified) ; H2-L00863-15: 'PAED THEATRE TM /SA-1156' is unresolved between Emergency Paediatric Theatre Time, Postoperative Paediatric Theatre Time (semantic_verified) ; a provisional total of 3633341 was computed but is not contractually defensible, so no corrected total is submitted ; not flagged, but some lines could not be identified, so not every rule could be checked",3633341
INV-H2-000864,0,,,3362605,0.40,low,0,0,,INV-H2-000864#0,"H2-L00864-04: 'ELECT TRANSP SVC' is unresolved between Elective Cardiac Transport Service (semantic_verified) ; a provisional total of 3362605 was computed but is not contractually defensible, so no corrected total is submitted ; not flagged, but some lines could not be identified, so not every rule could be checked",3362605
INV-H2-000865,0,,,3562260,0.40,low,0,0,,INV-H2-000865#0,"H2-L00865-06: 'ENT CS CONF /SA-5963' is unresolved between Comprehensive Otolaryngologic Case Conference (semantic_verified) ; H2-L00865-13: 'INPT ISOL RM OCC' is unresolved between Inpatient Paediatric Isolation Room Occupancy (semantic_verified) ; a provisional total of 3562260 was computed but is not contractually defensible, so no corrected total is submitted ; not flagged, but some lines could not be identified, so not every rule could be checked",3562260
INV-H2-000866,0,,,4666306,0.40,low,0,0,,INV-H2-000866#0,"H2-L00866-01: 'PULM INF THER /SA-9868' is unresolved between Postoperative Pulmonary Infusion Therapy (semantic_verified) ; H2-L00866-12: 'THER  STANDARD INF' is unresolved between Standard Paediatric Infusion Therapy (semantic_verified) ; H2-L00866-13: 'OCC STD RECOV RM' is unresolved between Standard Musculoskeletal Recovery Room Occupancy (semantic_verified) ; a provisional total of 4666306 was computed but is not contractually defensible, so no corrected total is submitted ; not flagged, but some lines could not be identified, so not every rule could be checked",4666306
INV-H2-000867,0,,,2488507,0.40,low,0,0,,INV-H2-000867#0,"H2-L00867-05: 'EMER  TRANSP SERVICE /SA-9292' is unresolved between Emergency Haematology Transport Service (semantic_verified) ; H2-L00867-07: 'STD  - TELEM MONIT' is unresolved between Standard Metabolic Telemetry Monitoring (semantic_verified) ; a provisional total of 2488507 was computed but is not contractually defensible, so no corrected total is submitted ; not flagged, but some lines could not be identified, so not every rule could be checked",2488507
INV-H2-000868,0,,630595,630595,0.85,high,1,1,630595,INV-H2-000868#0,not flagged; every line identified from text and priced exactly,630595
INV-H2-000869,0,,3190248,3190248,0.85,high,1,1,3190248,INV-H2-000869#0,not flagged; every line identified from text and priced exactly,3190248
INV-H2-000870,0,,,1802208,0.40,low,0,0,,INV-H2-000870#0,"H2-L00870-02: 'STD ISOL RM OCC' is unresolved between Standard Neurological Isolation Room Occupancy, Standard Orthopaedic Isolation Room Occupancy (unresolved) ; H2-L00870-03: bundle partner 'Standard Orthopaedic Isolation Room Occupancy' may have been delivered on 2025-07-23 (unresolved description that day) ; a provisional total of 1802208 was computed but is not contractually defensible, so no corrected total is submitted ; not flagged, but some lines could not be identified, so not every rule could be checked",1802208
INV-H2-000871,0,,990570,990570,0.65,medium,1,1,990570,INV-H2-000871#0,not flagged; identity rests partly on a unit-basis tie-break or a verified semantic decision,990570
INV-H2-000872,0,,1679132,1679132,0.85,high,1,1,1679132,INV-H2-000872#0,not flagged; every line identified from text and priced exactly,1679132
INV-H2-000873,0,,1664581,1664581,0.85,high,1,1,1664581,INV-H2-000873#0,not flagged; every line identified from text and priced exactly,1664581
INV-H2-000874,0,,,2410707,0.40,low,0,0,,INV-H2-000874#0,"H2-L00874-01: 'ASST BIOP PROC' is unresolved between Assisted Gastrointestinal Biopsy Procedure (semantic_verified) ; H2-L00874-06: 'ENDO  CS CONF' is unresolved between Advanced Endocrine Case Conference (semantic_verified) ; H2-L00874-10: 'STD  - TELEM MONIT' is unresolved between Standard Metabolic Telemetry Monitoring (semantic_verified) ; a provisional total of 2410707 was computed but is not contractually defensible, so no corrected total is submitted ; not flagged, but some lines could not be identified, so not every rule could be checked",2410707
INV-H2-000875,0,,,2722964,0.40,low,0,0,,INV-H2-000875#0,"H2-L00875-08: 'STD RECOV RM OCC' is unresolved between Standard Musculoskeletal Recovery Room Occupancy (semantic_verified) ; a provisional total of 2722964 was computed but is not contractually defensible, so no corrected total is submitted ; not flagged, but some lines could not be identified, so not every rule could be checked",2722964
INV-H2-000876,0,,1040829,1040829,0.65,medium,1,1,1040829,INV-H2-000876#0,not flagged; identity rests partly on a unit-basis tie-break or a verified semantic decision,1040829
INV-H2-000877,0,,,3481390,0.40,low,0,0,,INV-H2-000877#0,"H2-L00877-01: 'ELECT TRANSP SVC' is unresolved between Elective Cardiac Transport Service (semantic_verified) ; a provisional total of 3481390 was computed but is not contractually defensible, so no corrected total is submitted ; not flagged, but some lines could not be identified, so not every rule could be checked",3481390
INV-H2-000878,0,,2151670,2151670,0.85,high,1,1,2151670,INV-H2-000878#0,not flagged; every line identified from text and priced exactly,2151670
INV-H2-000879,0,,,3294671,0.40,low,0,0,,INV-H2-000879#0,"H2-L00879-04: 'CARDIAC  TRANSP SERVICE' is unresolved between Elective Cardiac Transport Service (semantic_verified) ; H2-L00879-07: 'OCC STD RECOV RM' is unresolved between Standard Musculoskeletal Recovery Room Occupancy (semantic_verified) ; H2-L00879-09: 'PALL RECOV ROOM OCC' is unresolved between Focused Palliative Recovery Room Occupancy (semantic_verified) ; H2-L00879-14: 'OTOLARYNGOLOGIC  DISCH PLNG /SA-6235' is unresolved between Continuous Otolaryngologic Discharge Planning (semantic_verified) ; H2-L00879-19: 'EMER THTR TM /SA-2118' is unresolved between Emergency Paediatric Theatre Time (semantic_verified) ; a provisional total of 3294671 was computed but is not contractually defensible, so no corrected total is submitted ; not flagged, but some lines could not be identified, so not every rule could be checked",3294671
INV-H2-000880,0,,,1774589,0.40,low,0,0,,INV-H2-000880#0,"H2-L00880-10: 'EXT RADIOTHER FRACT' is unresolved between Extended Orthopaedic Radiotherapy Fraction (semantic_verified) ; H2-L00880-12: 'ELECT TRANSP SVC' is unresolved between Elective Cardiac Transport Service (semantic_verified) ; a provisional total of 1774589 was computed but is not contractually defensible, so no corrected total is submitted ; not flagged, but some lines could not be identified, so not every rule could be checked",1774589
INV-H2-000881,0,,,3902640,0.40,low,0,0,,INV-H2-000881#0,"H2-L00881-10: 'ENDO  CS CONF' is unresolved between Advanced Endocrine Case Conference (semantic_verified) ; H2-L00881-15: 'PNL FOC LAB /SA-4377' is unresolved between Focused Ophthalmic Laboratory Panel (semantic_verified) ; a provisional total of 3902640 was computed but is not contractually defensible, so no corrected total is submitted ; not flagged, but some lines could not be identified, so not every rule could be checked",3902640
INV-H2-000882,0,,,1718401,0.40,low,0,0,,INV-H2-000882#0,"H2-L00882-05: 'EMER  TRANSP SERVICE /SA-9292' is unresolved between Emergency Haematology Transport Service (semantic_verified) ; a provisional total of 1718401 was computed but is not contractually defensible, so no corrected total is submitted ; not flagged, but some lines could not be identified, so not every rule could be checked",1718401
INV-H2-000883,0,,,1194295,0.40,low,0,0,,INV-H2-000883#0,"H2-L00883-02: 'PAED THEATRE TM /SA-1156' is unresolved between Emergency Paediatric Theatre Time, Postoperative Paediatric Theatre Time (semantic_verified) ; a provisional total of 1194295 was computed but is not contractually defensible, so no corrected total is submitted ; not flagged, but some lines could not be identified, so not every rule could be checked",1194295
INV-H2-000884,0,,,2560306,0.40,low,0,0,,INV-H2-000884#0,"H2-L00884-06: 'EMER  TRANSP SERVICE /SA-9292' is unresolved between Emergency Haematology Transport Service (semantic_verified) ; H2-L00884-12: 'ENDO  CS CONF' is unresolved between Advanced Endocrine Case Conference (semantic_verified) ; a provisional total of 2560306 was computed but is not contractually defensible, so no corrected total is submitted ; not flagged, but some lines could not be identified, so not every rule could be checked",2560306
INV-H2-000885,0,,,2899515,0.40,low,0,0,,INV-H2-000885#0,"H2-L00885-05: 'OTOLARYNGOLOGIC  DISCH PLNG /SA-6235' is unresolved between Continuous Otolaryngologic Discharge Planning (semantic_verified) ; a provisional total of 2899515 was computed but is not contractually defensible, so no corrected total is submitted ; not flagged, but some lines could not be identified, so not every rule could be checked",2899515
INV-H2-000886,0,,,2570948,0.40,low,0,0,,INV-H2-000886#0,"H2-L00886-10: 'IMG ASST DIAG' is unresolved between Assisted Musculoskeletal Diagnostic Imaging (semantic_verified) ; a provisional total of 2570948 was computed but is not contractually defensible, so no corrected total is submitted ; not flagged, but some lines could not be identified, so not every rule could be checked",2570948
INV-H2-000887,1,unknown_service,,1055620,0.40,low,0,0,,INV-H2-000887#0,"H2-L00887-01: service not contracted, so no contract price exists ; H2-L00887-05: 'SVC EMER TRANSP' is unresolved between Emergency Haematology Transport Service (semantic_verified) ; a finding rests on reading free text, or the corrected total cannot be reconstructed",
INV-H2-000888,0,,,1641200,0.40,low,0,0,,INV-H2-000888#0,"H2-L00888-01: 'PROC HEP ENDOSC' is unresolved between Supervised Hepatic Endoscopic Procedure (semantic_verified) ; a provisional total of 1641200 was computed but is not contractually defensible, so no corrected total is submitted ; not flagged, but some lines could not be identified, so not every rule could be checked",1641200
INV-H2-000889,1,daily_cap_exceeded,,3971554,0.40,low,0,0,,INV-H2-000889#0,"H2-L00889-07: 'OTOLARYNGOLOGIC  DISCH PLNG /SA-6235' is unresolved between Continuous Otolaryngologic Discharge Planning (semantic_verified) ; H2-L00889-08: 'SVC EMER TRANSP' is unresolved between Emergency Haematology Transport Service (semantic_verified) ; H2-L00889-11: the cap proves the quantity wrong but not what was delivered; only a ceiling can be priced ; a finding rests on reading free text, or the corrected total cannot be reconstructed",
INV-H2-000890,0,,3470378,3470378,0.65,medium,1,1,3470378,INV-H2-000890#0,not flagged; identity rests partly on a unit-basis tie-break or a verified semantic decision,3470378
INV-H2-000891,0,,,1422344,0.40,low,0,0,,INV-H2-000891#0,"H2-L00891-01: 'EMER  TRANSP SERVICE /SA-9292' is unresolved between Emergency Haematology Transport Service (semantic_verified) ; H2-L00891-10: 'CARDIAC  TRANSP SERVICE' is unresolved between Elective Cardiac Transport Service (semantic_verified) ; a provisional total of 1422344 was computed but is not contractually defensible, so no corrected total is submitted ; not flagged, but some lines could not be identified, so not every rule could be checked",1422344
INV-H2-000892,1,unknown_service,,2306705,0.40,low,0,0,,INV-H2-000892#0,"H2-L00892-03: 'STD - TELEM MONIT /SA-8775' is unresolved between Standard Metabolic Telemetry Monitoring (semantic_verified) ; H2-L00892-08: service not contracted, so no contract price exists ; H2-L00892-13: service not contracted, so no contract price exists ; a finding rests on reading free text, or the corrected total cannot be reconstructed",
INV-H2-000893,0,,,1334726,0.40,low,0,0,,INV-H2-000893#0,"H2-L00893-06: 'PNL FOC LAB /SA-4377' is unresolved between Focused Ophthalmic Laboratory Panel (semantic_verified) ; H2-L00893-08: 'PSYCH TRANSF SVC' is unresolved between Standard Psychiatric Transfusion Service (semantic_verified) ; a provisional total of 1334726 was computed but is not contractually defensible, so no corrected total is submitted ; not flagged, but some lines could not be identified, so not every rule could be checked",1334726
INV-H2-000894,0,,2300208,2300208,0.85,high,1,1,2300208,INV-H2-000894#0,not flagged; every line identified from text and priced exactly,2300208
INV-H2-000895,0,,,4939046,0.40,low,0,0,,INV-H2-000895#0,"H2-L00895-01: 'MSK RECOVERY RM OCC' is unresolved between Standard Musculoskeletal Recovery Room Occupancy (semantic_verified) ; H2-L00895-08: 'DISP FOC PHARM' is unresolved between Focused Pulmonary Pharmaceutical Dispensing (semantic_verified) ; H2-L00895-18: 'INTERM  REHAB PROG' is unresolved between Intermittent Otolaryngologic Rehabilitation Programme (semantic_verified) ; a provisional total of 4939046 was computed but is not contractually defensible, so no corrected total is submitted ; not flagged, but some lines could not be identified, so not every rule could be checked",4939046
INV-H2-000896,0,,1684386,1684386,0.85,high,1,1,1684386,INV-H2-000896#0,not flagged; every line identified from text and priced exactly,1684386
INV-H2-000897,0,,,2935065,0.40,low,0,0,,INV-H2-000897#0,"H2-L00897-12: 'STD RECOV RM OCC' is unresolved between Standard Musculoskeletal Recovery Room Occupancy (semantic_verified) ; a provisional total of 2935065 was computed but is not contractually defensible, so no corrected total is submitted ; not flagged, but some lines could not be identified, so not every rule could be checked",2935065
INV-H2-000898,0,,1230187,1230187,0.85,high,1,1,1230187,INV-H2-000898#0,not flagged; every line identified from text and priced exactly,1230187
INV-H2-000899,0,,,1711521,0.40,low,0,0,,INV-H2-000899#0,"H2-L00899-02: 'DISP FOC PHARM' is unresolved between Focused Pulmonary Pharmaceutical Dispensing (semantic_verified) ; H2-L00899-07: 'STD ISOL RM OCC' is unresolved between Standard Neurological Isolation Room Occupancy, Standard Orthopaedic Isolation Room Occupancy (unresolved) ; H2-L00899-08: bundle partner 'Standard Orthopaedic Isolation Room Occupancy' may have been delivered on 2025-08-15 (unresolved description that day) ; H2-L00899-13: 'SUPV  IMG INTERP' is unresolved between Supervised Neurological Imaging Interpretation (semantic_verified) ; a provisional total of 1711521 was computed but is not contractually defensible, so no corrected total is submitted ; not flagged, but some lines could not be identified, so not every rule could be checked",1711521
INV-H2-000900,1,premium_incorrectly_applied|volume_discount_omitted,,2996206,0.40,low,0,0,,INV-H2-000900#0,"H2-L00900-08: 'PSYCH TRANSF SVC' is unresolved between Standard Psychiatric Transfusion Service (semantic_verified) ; a provisional total of 2837941 was computed but is not contractually defensible, so no corrected total is submitted ; a finding rests on reading free text, or the corrected total cannot be reconstructed",2837941
INV-H2-000901,0,,,5162873,0.40,low,0,0,,INV-H2-000901#0,"H2-L00901-14: 'OCC PREOP ISOL RM' is unresolved between Preoperative Neurological Isolation Room Occupancy (semantic_verified) ; a provisional total of 5162873 was computed but is not contractually defensible, so no corrected total is submitted ; not flagged, but some lines could not be identified, so not every rule could be checked",5162873
INV-H2-000902,0,,2716978,2716978,0.65,medium,1,1,2716978,INV-H2-000902#0,not flagged; identity rests partly on a unit-basis tie-break or a verified semantic decision,2716978
INV-H2-000903,0,,,2506101,0.40,low,0,0,,INV-H2-000903#0,"H2-L00903-08: 'EMER  TRANSP SERVICE /SA-9292' is unresolved between Emergency Haematology Transport Service (semantic_verified) ; a provisional total of 2506101 was computed but is not contractually defensible, so no corrected total is submitted ; not flagged, but some lines could not be identified, so not every rule could be checked",2506101
INV-H2-000904,0,,,2339730,0.40,low,0,0,,INV-H2-000904#0,"H2-L00904-02: 'VASC TRANSP SVC' is unresolved between Postoperative Vascular Transport Service (semantic_verified) ; a provisional total of 2339730 was computed but is not contractually defensible, so no corrected total is submitted ; not flagged, but some lines could not be identified, so not every rule could be checked",2339730
INV-H2-000905,0,,,2371477,0.40,low,0,0,,INV-H2-000905#0,"H2-L00905-10: 'POSTOP THTR TM' is unresolved between Postoperative Paediatric Theatre Time (semantic_verified) ; H2-L00905-12: 'DISP FOC PHARM' is unresolved between Focused Pulmonary Pharmaceutical Dispensing (semantic_verified) ; H2-L00905-13: 'ASST DIAG IMAGING' is unresolved between Assisted Musculoskeletal Diagnostic Imaging (unresolved) ; a provisional total of 2371477 was computed but is not contractually defensible, so no corrected total is submitted ; not flagged, but some lines could not be identified, so not every rule could be checked",2371477
INV-H2-000906,0,,,1291819,0.40,low,0,0,,INV-H2-000906#0,"H2-L00906-07: 'PREOP SPCM ANLY /SA-5067' is unresolved between Preoperative Cardiac Specimen Analysis (semantic_verified) ; a provisional total of 1291819 was computed but is not contractually defensible, so no corrected total is submitted ; not flagged, but some lines could not be identified, so not every rule could be checked",1291819
INV-H2-000907,0,,,796120,0.40,low,0,0,,INV-H2-000907#0,"H2-L00907-03: 'EMER THTR TM /SA-2118' is unresolved between Emergency Paediatric Theatre Time (semantic_verified) ; a provisional total of 796120 was computed but is not contractually defensible, so no corrected total is submitted ; not flagged, but some lines could not be identified, so not every rule could be checked",796120
INV-H2-000908,0,,,3840632,0.40,low,0,0,,INV-H2-000908#0,"H2-L00908-02: 'ASST BIOP PROC' is unresolved between Assisted Gastrointestinal Biopsy Procedure (semantic_verified) ; a provisional total of 3840632 was computed but is not contractually defensible, so no corrected total is submitted ; not flagged, but some lines could not be identified, so not every rule could be checked",3840632
INV-H2-000909,0,,,1115895,0.40,low,0,0,,INV-H2-000909#0,"H2-L00909-03: 'BEDS PHARM DISP' is unresolved between Bedside Pulmonary Pharmaceutical Dispensing (semantic_verified) ; H2-L00909-04: bundle partner 'Bedside Pulmonary Pharmaceutical Dispensing' may have been delivered on 2025-08-17 (unresolved description that day) ; a provisional total of 1115895 was computed but is not contractually defensible, so no corrected total is submitted ; not flagged, but some lines could not be identified, so not every rule could be checked",1115895
INV-H2-000910,0,,,3941744,0.40,low,0,0,,INV-H2-000910#0,"H2-L00910-01: 'ADV ENDOSCOPIC PROC /SA-6974' is unresolved between Advanced Gastrointestinal Endoscopic Procedure (semantic_verified) ; H2-L00910-07: 'ENT CS CONF /SA-5963' is unresolved between Comprehensive Otolaryngologic Case Conference (semantic_verified) ; H2-L00910-18: 'EMER  TRANSP SERVICE /SA-9292' is unresolved between Emergency Haematology Transport Service (semantic_verified) ; a provisional total of 3941744 was computed but is not contractually defensible, so no corrected total is submitted ; not flagged, but some lines could not be identified, so not every rule could be checked",3941744
INV-H2-000911,0,,1279775,1279775,0.85,high,1,1,1279775,INV-H2-000911#0,not flagged; every line identified from text and priced exactly,1279775
INV-H2-000912,0,,,4148278,0.40,low,0,0,,INV-H2-000912#0,"H2-L00912-07: 'PROC HEP ENDOSC' is unresolved between Supervised Hepatic Endoscopic Procedure (semantic_verified) ; H2-L00912-12: 'EXT RADIOTHER FRACT' is unresolved between Extended Orthopaedic Radiotherapy Fraction (semantic_verified) ; H2-L00912-13: 'EMER  TRANSP SERVICE /SA-9292' is unresolved between Emergency Haematology Transport Service (semantic_verified) ; H2-L00912-17: 'POSTOP THTR TM' is unresolved between Postoperative Paediatric Theatre Time (semantic_verified) ; a provisional total of 4148278 was computed but is not contractually defensible, so no corrected total is submitted ; not flagged, but some lines could not be identified, so not every rule could be checked",4148278
INV-H2-000913,0,,,2740790,0.40,low,0,0,,INV-H2-000913#0,"H2-L00913-14: 'VST VASCULAR HM /SA-8814' is unresolved between Extended Vascular Home Visit (semantic_verified) ; a provisional total of 2740790 was computed but is not contractually defensible, so no corrected total is submitted ; not flagged, but some lines could not be identified, so not every rule could be checked",2740790
INV-H2-000914,0,,,1607947,0.40,low,0,0,,INV-H2-000914#0,"H2-L00914-02: 'ASST BIOP PROC' is unresolved between Assisted Gastrointestinal Biopsy Procedure (semantic_verified) ; H2-L00914-09: 'ASST DIAG IMG /SA-7926' is unresolved between Assisted Musculoskeletal Diagnostic Imaging (semantic_verified) ; H2-L00914-10: 'DISP FOC PHARM' is unresolved between Focused Pulmonary Pharmaceutical Dispensing (semantic_verified) ; a provisional total of 1607947 was computed but is not contractually defensible, so no corrected total is submitted ; not flagged, but some lines could not be identified, so not every rule could be checked",1607947
INV-H2-000915,0,,,3380250,0.40,low,0,0,,INV-H2-000915#0,"H2-L00915-03: 'INTERP  SUPERVISED IMG /SA-6042' is unresolved between Supervised Neurological Imaging Interpretation (semantic_verified) ; a provisional total of 3380250 was computed but is not contractually defensible, so no corrected total is submitted ; not flagged, but some lines could not be identified, so not every rule could be checked",3380250
INV-H2-000916,0,,,3841278,0.40,low,0,0,,INV-H2-000916#0,"H2-L00916-01: 'MSK RECOVERY RM OCC' is unresolved between Standard Musculoskeletal Recovery Room Occupancy (semantic_verified) ; H2-L00916-13: 'CARD  NURS OBS' is unresolved between Elective Cardiac Nursing Observation (semantic_verified) ; a provisional total of 3841278 was computed but is not contractually defensible, so no corrected total is submitted ; not flagged, but some lines could not be identified, so not every rule could be checked",3841278
INV-H2-000917,0,,1849025,1849025,0.85,high,1,1,1849025,INV-H2-000917#0,not flagged; every line identified from text and priced exactly,1849025
INV-H2-000918,0,,,1475611,0.40,low,0,0,,INV-H2-000918#0,"H2-L00918-10: 'POSTOP INF THER' is unresolved between Postoperative Pulmonary Infusion Therapy (semantic_verified) ; H2-L00918-11: 'CARDIAC  TRANSP SERVICE' is unresolved between Elective Cardiac Transport Service (semantic_verified) ; a provisional total of 1475611 was computed but is not contractually defensible, so no corrected total is submitted ; not flagged, but some lines could not be identified, so not every rule could be checked",1475611
INV-H2-000919,0,,,4108869,0.40,low,0,0,,INV-H2-000919#0,"H2-L00919-06: 'OCC STD RECOV RM' is unresolved between Standard Musculoskeletal Recovery Room Occupancy (semantic_verified) ; H2-L00919-08: 'PAED THEATRE TM /SA-1156' is unresolved between Emergency Paediatric Theatre Time, Postoperative Paediatric Theatre Time (semantic_verified) ; H2-L00919-12: 'CARDIAC  TRANSP SERVICE' is unresolved between Elective Cardiac Transport Service (semantic_verified) ; a provisional total of 4108869 was computed but is not contractually defensible, so no corrected total is submitted ; not flagged, but some lines could not be identified, so not every rule could be checked",4108869
INV-H2-000920,0,,,3002415,0.40,low,0,0,,INV-H2-000920#0,"H2-L00920-06: 'CARDIAC  TRANSP SERVICE' is unresolved between Elective Cardiac Transport Service (semantic_verified) ; H2-L00920-07: 'ENDO  CS CONF' is unresolved between Advanced Endocrine Case Conference (semantic_verified) ; a provisional total of 3002415 was computed but is not contractually defensible, so no corrected total is submitted ; not flagged, but some lines could not be identified, so not every rule could be checked",3002415
INV-H2-000921,0,,,3728716,0.40,low,0,0,,INV-H2-000921#0,"H2-L00921-09: 'ELECT TRANSP SVC' is unresolved between Elective Cardiac Transport Service (semantic_verified) ; a provisional total of 3728716 was computed but is not contractually defensible, so no corrected total is submitted ; not flagged, but some lines could not be identified, so not every rule could be checked",3728716
INV-H2-000922,0,,2658718,2658718,0.85,high,1,1,2658718,INV-H2-000922#0,not flagged; every line identified from text and priced exactly,2658718
INV-H2-000923,0,,,2188045,0.40,low,0,0,,INV-H2-000923#0,"H2-L00923-01: 'PALL RECOV ROOM OCC' is unresolved between Focused Palliative Recovery Room Occupancy (semantic_verified) ; H2-L00923-05: 'IMG ASST DIAG' is unresolved between Assisted Musculoskeletal Diagnostic Imaging (semantic_verified) ; a provisional total of 2188045 was computed but is not contractually defensible, so no corrected total is submitted ; not flagged, but some lines could not be identified, so not every rule could be checked",2188045
INV-H2-000924,0,,,3217760,0.40,low,0,0,,INV-H2-000924#0,"H2-L00924-19: 'CARD  NURS OBS' is unresolved between Elective Cardiac Nursing Observation (semantic_verified) ; H2-L00924-20: 'ASST DIAG IMAGING' is unresolved between Assisted Musculoskeletal Diagnostic Imaging (unresolved) ; a provisional total of 3217760 was computed but is not contractually defensible, so no corrected total is submitted ; not flagged, but some lines could not be identified, so not every rule could be checked",3217760
INV-H2-000925,0,,,1861080,0.40,low,0,0,,INV-H2-000925#0,"H2-L00925-03: 'MSK RECOVERY RM OCC' is unresolved between Standard Musculoskeletal Recovery Room Occupancy (semantic_verified) ; a provisional total of 1861080 was computed but is not contractually defensible, so no corrected total is submitted ; not flagged, but some lines could not be identified, so not every rule could be checked",1861080
INV-H2-000926,0,,,5266190,0.40,low,0,0,,INV-H2-000926#0,"H2-L00926-02: 'OCC STD RECOV RM' is unresolved between Standard Musculoskeletal Recovery Room Occupancy (semantic_verified) ; H2-L00926-09: 'ADV ENDOSCOPIC PROC /SA-6974' is unresolved between Advanced Gastrointestinal Endoscopic Procedure (semantic_verified) ; H2-L00926-14: 'ADV ENDOSCOPIC PROC /SA-6974' is unresolved between Advanced Gastrointestinal Endoscopic Procedure (semantic_verified) ; a provisional total of 5266190 was computed but is not contractually defensible, so no corrected total is submitted ; not flagged, but some lines could not be identified, so not every rule could be checked",5266190
INV-H2-000927,0,,,1298490,0.40,low,0,0,,INV-H2-000927#0,"H2-L00927-04: 'PAED THEATRE TM /SA-1156' is unresolved between Emergency Paediatric Theatre Time, Postoperative Paediatric Theatre Time (semantic_verified) ; a provisional total of 1298490 was computed but is not contractually defensible, so no corrected total is submitted ; not flagged, but some lines could not be identified, so not every rule could be checked",1298490
INV-H2-000928,0,,,2278307,0.40,low,0,0,,INV-H2-000928#0,"H2-L00928-03: 'ADV ENDOSCOPIC PROC /SA-6974' is unresolved between Advanced Gastrointestinal Endoscopic Procedure (semantic_verified) ; a provisional total of 2278307 was computed but is not contractually defensible, so no corrected total is submitted ; not flagged, but some lines could not be identified, so not every rule could be checked",2278307
INV-H2-000929,0,,977554,977554,0.85,high,1,1,977554,INV-H2-000929#0,not flagged; every line identified from text and priced exactly,977554
INV-H2-000930,0,,,2200585,0.40,low,0,0,,INV-H2-000930#0,"H2-L00930-18: 'SVC EMER TRANSP' is unresolved between Emergency Haematology Transport Service (semantic_verified) ; a provisional total of 2200585 was computed but is not contractually defensible, so no corrected total is submitted ; not flagged, but some lines could not be identified, so not every rule could be checked",2200585
INV-H2-000931,0,,2076478,2076478,0.85,high,1,1,2076478,INV-H2-000931#0,not flagged; every line identified from text and priced exactly,2076478
INV-H2-000932,0,,,1668085,0.40,low,0,0,,INV-H2-000932#0,"H2-L00932-05: 'ADV ENDOSCOPIC PROC /SA-6974' is unresolved between Advanced Gastrointestinal Endoscopic Procedure (semantic_verified) ; a provisional total of 1668085 was computed but is not contractually defensible, so no corrected total is submitted ; not flagged, but some lines could not be identified, so not every rule could be checked",1668085
INV-H2-000933,0,,,750403,0.40,low,0,0,,INV-H2-000933#0,"H2-L00933-02: 'ELECT TRANSP SVC' is unresolved between Elective Cardiac Transport Service (semantic_verified) ; H2-L00933-03: 'RTN PHYSIO SESS' is unresolved between Routine Geriatric Physiotherapy Session (semantic_verified) ; a provisional total of 750403 was computed but is not contractually defensible, so no corrected total is submitted ; not flagged, but some lines could not be identified, so not every rule could be checked",750403
INV-H2-000934,0,,1713705,1713705,0.65,medium,1,1,1713705,INV-H2-000934#0,not flagged; identity rests partly on a unit-basis tie-break or a verified semantic decision,1713705
INV-H2-000935,0,,1467418,1467418,0.85,high,1,1,1467418,INV-H2-000935#0,not flagged; every line identified from text and priced exactly,1467418
INV-H2-000936,0,,,4613985,0.40,low,0,0,,INV-H2-000936#0,"H2-L00936-01: 'STD  - TELEM MONIT' is unresolved between Standard Metabolic Telemetry Monitoring (semantic_verified) ; H2-L00936-09: 'AMB NUTRITIONAL SUPP /SA-7761' is unresolved between Ambulatory Haematology Nutritional Support (semantic_verified) ; H2-L00936-13: 'STD  - TELEM MONIT' is unresolved between Standard Metabolic Telemetry Monitoring (semantic_verified) ; H2-L00936-16: 'EXTENDED - HM VST' is unresolved between Extended Vascular Home Visit (unresolved) ; H2-L00936-17: 'STD  - TELEM MONIT' is unresolved between Standard Metabolic Telemetry Monitoring (semantic_verified) ; H2-L00936-19: 'MSK RECOVERY RM OCC' is unresolved between Standard Musculoskeletal Recovery Room Occupancy (semantic_verified) ; a provisional total of 4613985 was computed but is not contractually defensible, so no corrected total is submitted ; not flagged, but some lines could not be identified, so not every rule could be checked",4613985
INV-H2-000937,0,,,2959847,0.40,low,0,0,,INV-H2-000937#0,"H2-L00937-08: 'POSTOP ANAES ADMIN' is unresolved between Postoperative Ophthalmic Anaesthesia Administration (semantic_verified) ; H2-L00937-11: 'ENDO  CS CONF' is unresolved between Advanced Endocrine Case Conference (semantic_verified) ; a provisional total of 2959847 was computed but is not contractually defensible, so no corrected total is submitted ; not flagged, but some lines could not be identified, so not every rule could be checked",2959847
INV-H2-000938,0,,,3526755,0.40,low,0,0,,INV-H2-000938#0,"H2-L00938-07: bundle partner 'Standard Orthopaedic Isolation Room Occupancy' may have been delivered on 2025-09-04 (unresolved description that day) ; H2-L00938-08: 'STD ISOL RM OCC' is unresolved between Standard Neurological Isolation Room Occupancy, Standard Orthopaedic Isolation Room Occupancy (unresolved) ; H2-L00938-16: 'ELECT TRANSP SVC' is unresolved between Elective Cardiac Transport Service (semantic_verified) ; H2-L00938-17: 'ASST BIOP PROC' is unresolved between Assisted Gastrointestinal Biopsy Procedure (semantic_verified) ; a provisional total of 3526755 was computed but is not contractually defensible, so no corrected total is submitted ; not flagged, but some lines could not be identified, so not every rule could be checked",3526755
INV-H2-000939,0,,,3142154,0.40,low,0,0,,INV-H2-000939#0,"H2-L00939-10: 'EMER  TRANSP SERVICE /SA-9292' is unresolved between Emergency Haematology Transport Service (semantic_verified) ; H2-L00939-14: 'PULM INF THER /SA-9868' is unresolved between Postoperative Pulmonary Infusion Therapy (semantic_verified) ; H2-L00939-17: 'ASST DIAG IMG /SA-7926' is unresolved between Assisted Musculoskeletal Diagnostic Imaging (semantic_verified) ; a provisional total of 3142154 was computed but is not contractually defensible, so no corrected total is submitted ; not flagged, but some lines could not be identified, so not every rule could be checked",3142154
INV-H2-000940,0,,,2413189,0.40,low,0,0,,INV-H2-000940#0,"H2-L00940-04: 'SESS CARD DIAL' is unresolved between Focused Cardiac Dialysis Session (semantic_verified) ; a provisional total of 2413189 was computed but is not contractually defensible, so no corrected total is submitted ; not flagged, but some lines could not be identified, so not every rule could be checked",2413189
INV-H2-000941,0,,,1947890,0.40,low,0,0,,INV-H2-000941#0,"H2-L00941-01: 'STD - TELEM MONIT /SA-8775' is unresolved between Standard Metabolic Telemetry Monitoring (semantic_verified) ; a provisional total of 1947890 was computed but is not contractually defensible, so no corrected total is submitted ; not flagged, but some lines could not be identified, so not every rule could be checked",1947890
INV-H2-000942,0,,961953,961953,0.85,high,1,1,961953,INV-H2-000942#0,not flagged; every line identified from text and priced exactly,961953
INV-H2-000943,0,,,4962117,0.40,low,0,0,,INV-H2-000943#0,"H2-L00943-01: 'POSTOP ANAES ADMIN' is unresolved between Postoperative Ophthalmic Anaesthesia Administration (semantic_verified) ; H2-L00943-14: 'MSK RECOVERY RM OCC' is unresolved between Standard Musculoskeletal Recovery Room Occupancy (semantic_verified) ; H2-L00943-17: 'EXT RADIOTHER FRACT' is unresolved between Extended Orthopaedic Radiotherapy Fraction (semantic_verified) ; a provisional total of 4962117 was computed but is not contractually defensible, so no corrected total is submitted ; not flagged, but some lines could not be identified, so not every rule could be checked",4962117
INV-H2-000944,0,,,1246331,0.40,low,0,0,,INV-H2-000944#0,"H2-L00944-03: bundle partner 'Bedside Pulmonary Pharmaceutical Dispensing' may have been delivered on 2025-09-12 (unresolved description that day) ; H2-L00944-04: 'BEDS PHARM DISP' is unresolved between Bedside Pulmonary Pharmaceutical Dispensing (semantic_verified) ; H2-L00944-13: 'INTERM  REHAB PROG' is unresolved between Intermittent Otolaryngologic Rehabilitation Programme (semantic_verified) ; a provisional total of 1246331 was computed but is not contractually defensible, so no corrected total is submitted ; not flagged, but some lines could not be identified, so not every rule could be checked",1246331
INV-H2-000945,0,,,1641371,0.40,low,0,0,,INV-H2-000945#0,"H2-L00945-05: 'OCC PREOP ISOL RM' is unresolved between Preoperative Neurological Isolation Room Occupancy (semantic_verified) ; H2-L00945-13: 'EMER  TRANSP SVC /SA-1419' is unresolved between Emergency Haematology Transport Service (semantic_verified) ; a provisional total of 1641371 was computed but is not contractually defensible, so no corrected total is submitted ; not flagged, but some lines could not be identified, so not every rule could be checked",1641371
INV-H2-000946,0,,,1772674,0.40,low,0,0,,INV-H2-000946#0,"H2-L00946-09: 'EMER  TRANSP SERVICE /SA-9292' is unresolved between Emergency Haematology Transport Service (semantic_verified) ; H2-L00946-10: 'OCC PREOP ISOL RM' is unresolved between Preoperative Neurological Isolation Room Occupancy (semantic_verified) ; H2-L00946-14: 'POSTOP ANAES ADMIN' is unresolved between Postoperative Ophthalmic Anaesthesia Administration (semantic_verified) ; a provisional total of 1772674 was computed but is not contractually defensible, so no corrected total is submitted ; not flagged, but some lines could not be identified, so not every rule could be checked",1772674
INV-H2-000947,0,,,2794550,0.40,low,0,0,,INV-H2-000947#0,"H2-L00947-09: 'STD ISOL RM OCC' is unresolved between Standard Neurological Isolation Room Occupancy, Standard Orthopaedic Isolation Room Occupancy (unresolved) ; H2-L00947-10: bundle partner 'Standard Orthopaedic Isolation Room Occupancy' may have been delivered on 2025-09-09 (unresolved description that day) ; a provisional total of 2794550 was computed but is not contractually defensible, so no corrected total is submitted ; not flagged, but some lines could not be identified, so not every rule could be checked",2794550
INV-H2-000948,0,,,1396291,0.40,low,0,0,,INV-H2-000948#0,"H2-L00948-02: 'CARDIAC  TRANSP SERVICE' is unresolved between Elective Cardiac Transport Service (semantic_verified) ; a provisional total of 1396291 was computed but is not contractually defensible, so no corrected total is submitted ; not flagged, but some lines could not be identified, so not every rule could be checked",1396291
INV-H2-000949,0,,,3418986,0.40,low,0,0,,INV-H2-000949#0,"H2-L00949-09: 'BEDS PHARM DISP' is unresolved between Bedside Pulmonary Pharmaceutical Dispensing (semantic_verified) ; a provisional total of 3418986 was computed but is not contractually defensible, so no corrected total is submitted ; not flagged, but some lines could not be identified, so not every rule could be checked",3418986
INV-H2-000950,0,,,2030127,0.40,low,0,0,,INV-H2-000950#0,"H2-L00950-01: 'INPT ISOL RM OCC' is unresolved between Inpatient Paediatric Isolation Room Occupancy (semantic_verified) ; H2-L00950-09: 'ENT CS CONF /SA-5963' is unresolved between Comprehensive Otolaryngologic Case Conference (semantic_verified) ; a provisional total of 2030127 was computed but is not contractually defensible, so no corrected total is submitted ; not flagged, but some lines could not be identified, so not every rule could be checked",2030127
INV-H2-000951,1,wrong_unit_basis|unknown_service,,3584619,0.40,low,0,0,,INV-H2-000951#0,"H2-L00951-05: 'THER  STANDARD INF' is unresolved between Standard Paediatric Infusion Therapy (semantic_verified) ; H2-L00951-07: service not contracted, so no contract price exists ; a finding rests on reading free text, or the corrected total cannot be reconstructed",
INV-H2-000952,0,,4102060,4102060,0.85,high,1,1,4102060,INV-H2-000952#0,not flagged; every line identified from text and priced exactly,4102060
INV-H2-000953,0,,,3157954,0.40,low,0,0,,INV-H2-000953#0,"H2-L00953-10: 'POSTOP ANAES ADMIN' is unresolved between Postoperative Ophthalmic Anaesthesia Administration (semantic_verified) ; a provisional total of 3157954 was computed but is not contractually defensible, so no corrected total is submitted ; not flagged, but some lines could not be identified, so not every rule could be checked",3157954
INV-H2-000954,0,,,3339291,0.40,low,0,0,,INV-H2-000954#0,"H2-L00954-10: 'ELECT TRANSP SVC' is unresolved between Elective Cardiac Transport Service (semantic_verified) ; H2-L00954-16: 'BEDS PHARM DISP' is unresolved between Bedside Pulmonary Pharmaceutical Dispensing (semantic_verified) ; H2-L00954-17: bundle partner 'Bedside Pulmonary Pharmaceutical Dispensing' may have been delivered on 2025-09-15 (unresolved description that day) ; a provisional total of 3339291 was computed but is not contractually defensible, so no corrected total is submitted ; not flagged, but some lines could not be identified, so not every rule could be checked",3339291
INV-H2-000955,1,malformed_service_date|service_date_after_invoice_date,,1703199,0.40,low,0,0,,INV-H2-000955#0,"H2-L00955-07: 'STD ISOL RM OCC' is unresolved between Standard Neurological Isolation Room Occupancy, Standard Orthopaedic Isolation Room Occupancy (unresolved) ; H2-L00955-08: bundle partner 'Standard Orthopaedic Isolation Room Occupancy' may have been delivered on 2025-09-16 (unresolved description that day) ; a provisional total of 1703199 was computed but is not contractually defensible, so no corrected total is submitted ; a finding rests on reading free text, or the corrected total cannot be reconstructed",1703199
INV-H2-000956,0,,,1170448,0.40,low,0,0,,INV-H2-000956#0,"H2-L00956-02: 'EXT RADIOTHER FRACT' is unresolved between Extended Orthopaedic Radiotherapy Fraction (semantic_verified) ; a provisional total of 1170448 was computed but is not contractually defensible, so no corrected total is submitted ; not flagged, but some lines could not be identified, so not every rule could be checked",1170448
INV-H2-000957,0,,,3563324,0.40,low,0,0,,INV-H2-000957#0,"H2-L00957-01: 'OCC INTENS WD BD' is unresolved between Intensive Palliative Ward Bed Occupancy (semantic_verified) ; H2-L00957-13: 'ENDO  CS CONF' is unresolved between Advanced Endocrine Case Conference (semantic_verified) ; H2-L00957-19: 'PSYCH TRANSF SVC' is unresolved between Standard Psychiatric Transfusion Service (semantic_verified) ; a provisional total of 3563324 was computed but is not contractually defensible, so no corrected total is submitted ; not flagged, but some lines could not be identified, so not every rule could be checked",3563324
INV-H2-000958,0,,,1957650,0.40,low,0,0,,INV-H2-000958#0,"H2-L00958-01: 'BEDS PHARM DISP' is unresolved between Bedside Pulmonary Pharmaceutical Dispensing (semantic_verified) ; H2-L00958-02: bundle partner 'Bedside Pulmonary Pharmaceutical Dispensing' may have been delivered on 2025-09-15 (unresolved description that day) ; a provisional total of 1957650 was computed but is not contractually defensible, so no corrected total is submitted ; not flagged, but some lines could not be identified, so not every rule could be checked",1957650
INV-H2-000959,0,,1345550,1345550,0.85,high,1,1,1345550,INV-H2-000959#0,not flagged; every line identified from text and priced exactly,1345550
INV-H2-000960,0,,1500075,1500075,0.85,high,1,1,1500075,INV-H2-000960#0,not flagged; every line identified from text and priced exactly,1500075
INV-H2-000961,0,,,1948476,0.40,low,0,0,,INV-H2-000961#0,"H2-L00961-08: 'ADV ENDOSCOPIC PROC /SA-6974' is unresolved between Advanced Gastrointestinal Endoscopic Procedure (semantic_verified) ; a provisional total of 1948476 was computed but is not contractually defensible, so no corrected total is submitted ; not flagged, but some lines could not be identified, so not every rule could be checked",1948476
INV-H2-000962,0,,,3371295,0.40,low,0,0,,INV-H2-000962#0,"H2-L00962-07: 'INPT ISOL RM OCC' is unresolved between Inpatient Paediatric Isolation Room Occupancy (semantic_verified) ; H2-L00962-08: 'OTOLARYNGOLOGIC  DISCH PLNG /SA-6235' is unresolved between Continuous Otolaryngologic Discharge Planning (semantic_verified) ; H2-L00962-15: 'EMER  TRANSP SVC /SA-1419' is unresolved between Emergency Haematology Transport Service (semantic_verified) ; a provisional total of 3371295 was computed but is not contractually defensible, so no corrected total is submitted ; not flagged, but some lines could not be identified, so not every rule could be checked",3371295
INV-H2-000963,0,,2661080,2661080,0.85,high,1,1,2661080,INV-H2-000963#0,not flagged; every line identified from text and priced exactly,2661080
INV-H2-000964,0,,,2271587,0.40,low,0,0,,INV-H2-000964#0,"H2-L00964-10: 'ENT CS CONF /SA-5963' is unresolved between Comprehensive Otolaryngologic Case Conference (semantic_verified) ; a provisional total of 2271587 was computed but is not contractually defensible, so no corrected total is submitted ; not flagged, but some lines could not be identified, so not every rule could be checked",2271587
INV-H2-000965,0,,,678034,0.40,low,0,0,,INV-H2-000965#0,"H2-L00965-06: 'EMER THTR TM /SA-2118' is unresolved between Emergency Paediatric Theatre Time (semantic_verified) ; a provisional total of 678034 was computed but is not contractually defensible, so no corrected total is submitted ; not flagged, but some lines could not be identified, so not every rule could be checked",678034
INV-H2-000966,0,,,1334073,0.40,low,0,0,,INV-H2-000966#0,"H2-L00966-09: 'PULM INF THER /SA-9868' is unresolved between Postoperative Pulmonary Infusion Therapy (semantic_verified) ; a provisional total of 1334073 was computed but is not contractually defensible, so no corrected total is submitted ; not flagged, but some lines could not be identified, so not every rule could be checked",1334073
INV-H2-000967,0,,,2334120,0.40,low,0,0,,INV-H2-000967#0,"H2-L00967-04: 'SVC EMER TRANSP' is unresolved between Emergency Haematology Transport Service (semantic_verified) ; a provisional total of 2334120 was computed but is not contractually defensible, so no corrected total is submitted ; not flagged, but some lines could not be identified, so not every rule could be checked",2334120
INV-H2-000968,0,,1954872,1954872,0.85,high,1,1,1954872,INV-H2-000968#0,not flagged; every line identified from text and priced exactly,1954872
INV-H2-000969,0,,,2885795,0.40,low,0,0,,INV-H2-000969#0,"H2-L00969-08: 'PAED THEATRE TM /SA-1156' is unresolved between Emergency Paediatric Theatre Time, Postoperative Paediatric Theatre Time (semantic_verified) ; H2-L00969-14: 'POSTOP THTR TM' is unresolved between Postoperative Paediatric Theatre Time (semantic_verified) ; a provisional total of 2885795 was computed but is not contractually defensible, so no corrected total is submitted ; not flagged, but some lines could not be identified, so not every rule could be checked",2885795
INV-H2-000970,0,,,3271559,0.40,low,0,0,,INV-H2-000970#0,"H2-L00970-01: 'INTERM  REHAB PROG' is unresolved between Intermittent Otolaryngologic Rehabilitation Programme (semantic_verified) ; H2-L00970-03: 'EXTENDED - HM VST' is unresolved between Extended Vascular Home Visit (unresolved) ; H2-L00970-08: 'MSK RECOVERY RM OCC' is unresolved between Standard Musculoskeletal Recovery Room Occupancy (semantic_verified) ; H2-L00970-19: 'DISP FOC PHARM' is unresolved between Focused Pulmonary Pharmaceutical Dispensing (semantic_verified) ; a provisional total of 3271559 was computed but is not contractually defensible, so no corrected total is submitted ; not flagged, but some lines could not be identified, so not every rule could be checked",3271559
INV-H2-000971,0,,3268943,3268943,0.85,high,1,1,3268943,INV-H2-000971#0,not flagged; every line identified from text and priced exactly,3268943
INV-H2-000972,0,,,3877395,0.40,low,0,0,,INV-H2-000972#0,"H2-L00972-04: 'POSTOP INF THER' is unresolved between Postoperative Pulmonary Infusion Therapy (semantic_verified) ; H2-L00972-10: 'PSYCH TRANSF SVC' is unresolved between Standard Psychiatric Transfusion Service (semantic_verified) ; H2-L00972-15: 'POSTOP ANAES ADMIN' is unresolved between Postoperative Ophthalmic Anaesthesia Administration (semantic_verified) ; a provisional total of 3877395 was computed but is not contractually defensible, so no corrected total is submitted ; not flagged, but some lines could not be identified, so not every rule could be checked",3877395
INV-H2-000973,0,,,2523532,0.40,low,0,0,,INV-H2-000973#0,"H2-L00973-05: 'EMER  TRANSP SERVICE /SA-9292' is unresolved between Emergency Haematology Transport Service (semantic_verified) ; H2-L00973-08: 'PULM INF THER /SA-9868' is unresolved between Postoperative Pulmonary Infusion Therapy (semantic_verified) ; H2-L00973-10: 'PREOP SPCM ANLY /SA-5067' is unresolved between Preoperative Cardiac Specimen Analysis (semantic_verified) ; a provisional total of 2523532 was computed but is not contractually defensible, so no corrected total is submitted ; not flagged, but some lines could not be identified, so not every rule could be checked",2523532
INV-H2-000974,0,,,3352291,0.40,low,0,0,,INV-H2-000974#0,"H2-L00974-02: 'SESS CARD DIAL' is unresolved between Focused Cardiac Dialysis Session (semantic_verified) ; a provisional total of 3352291 was computed but is not contractually defensible, so no corrected total is submitted ; not flagged, but some lines could not be identified, so not every rule could be checked",3352291
INV-H2-000975,0,,,3325550,0.40,low,0,0,,INV-H2-000975#0,"H2-L00975-03: 'CARDIAC  TRANSP SERVICE' is unresolved between Elective Cardiac Transport Service (semantic_verified) ; H2-L00975-05: 'SPCLST STERILISATION SVC' is unresolved between Specialist Psychiatric Sterilisation Service (semantic_verified) ; H2-L00975-07: 'SESS CARD DIAL' is unresolved between Focused Cardiac Dialysis Session (semantic_verified) ; a provisional total of 3325550 was computed but is not contractually defensible, so no corrected total is submitted ; not flagged, but some lines could not be identified, so not every rule could be checked",3325550
INV-H2-000976,0,,,4049089,0.40,low,0,0,,INV-H2-000976#0,"H2-L00976-02: 'SESS PREOP PHYSIO' is unresolved between Preoperative Obstetric Physiotherapy Session (semantic_verified) ; H2-L00976-05: 'ADV ENDOSCOPIC PROC /SA-6974' is unresolved between Advanced Gastrointestinal Endoscopic Procedure (semantic_verified) ; a provisional total of 4049089 was computed but is not contractually defensible, so no corrected total is submitted ; not flagged, but some lines could not be identified, so not every rule could be checked",4049089
INV-H2-000977,0,,,3996544,0.40,low,0,0,,INV-H2-000977#0,"H2-L00977-03: 'SVC EMER TRANSP' is unresolved between Emergency Haematology Transport Service (semantic_verified) ; H2-L00977-06: 'METAB LAB PANEL' is unresolved between Supervised Metabolic Laboratory Panel (semantic_verified) ; H2-L00977-14: 'POSTOP INF THER' is unresolved between Postoperative Pulmonary Infusion Therapy (semantic_verified) ; a provisional total of 3996544 was computed but is not contractually defensible, so no corrected total is submitted ; not flagged, but some lines could not be identified, so not every rule could be checked",3996544
INV-H2-000978,0,,,380876,0.40,low,0,0,,INV-H2-000978#0,"H2-L00978-06: 'FRACT BEDS RADIOTHER /SA-5851' is unresolved between Bedside Ophthalmic Radiotherapy Fraction (semantic_verified) ; a provisional total of 380876 was computed but is not contractually defensible, so no corrected total is submitted ; not flagged, but some lines could not be identified, so not every rule could be checked",380876
INV-H2-000979,0,,,825685,0.40,low,0,0,,INV-H2-000979#0,"H2-L00979-02: 'SUPERVISED BIOPSY PROC' is unresolved between Supervised Haematology Biopsy Procedure (semantic_verified) ; H2-L00979-05: 'VASC TRANSP SVC' is unresolved between Postoperative Vascular Transport Service (semantic_verified) ; H2-L00979-06: 'ADV ENDOSCOPIC PROC /SA-6974' is unresolved between Advanced Gastrointestinal Endoscopic Procedure (semantic_verified) ; a provisional total of 825685 was computed but is not contractually defensible, so no corrected total is submitted ; not flagged, but some lines could not be identified, so not every rule could be checked",825685
INV-H2-000980,0,,,2052881,0.40,low,0,0,,INV-H2-000980#0,"H2-L00980-08: 'VASC TRANSP SVC' is unresolved between Postoperative Vascular Transport Service (semantic_verified) ; a provisional total of 2052881 was computed but is not contractually defensible, so no corrected total is submitted ; not flagged, but some lines could not be identified, so not every rule could be checked",2052881
INV-H2-000981,0,,,2343368,0.40,low,0,0,,INV-H2-000981#0,"H2-L00981-08: 'PSYCH TRANSF SVC' is unresolved between Standard Psychiatric Transfusion Service (semantic_verified) ; H2-L00981-10: 'PSYCH TRANSF SVC' is unresolved between Standard Psychiatric Transfusion Service (semantic_verified) ; a provisional total of 2343368 was computed but is not contractually defensible, so no corrected total is submitted ; not flagged, but some lines could not be identified, so not every rule could be checked",2343368
INV-H2-000982,0,,,3876361,0.40,low,0,0,,INV-H2-000982#0,"H2-L00982-15: 'IMG ASST DIAG' is unresolved between Assisted Musculoskeletal Diagnostic Imaging (semantic_verified) ; H2-L00982-17: 'POSTOP ANAES ADMIN' is unresolved between Postoperative Ophthalmic Anaesthesia Administration (semantic_verified) ; a provisional total of 3876361 was computed but is not contractually defensible, so no corrected total is submitted ; not flagged, but some lines could not be identified, so not every rule could be checked",3876361
INV-H2-000983,0,,,3185533,0.40,low,0,0,,INV-H2-000983#0,"H2-L00983-09: 'SUPERVISED BIOPSY PROC' is unresolved between Supervised Haematology Biopsy Procedure (semantic_verified) ; a provisional total of 3185533 was computed but is not contractually defensible, so no corrected total is submitted ; not flagged, but some lines could not be identified, so not every rule could be checked",3185533
INV-H2-000984,0,,516810,516810,0.85,high,1,1,516810,INV-H2-000984#0,not flagged; every line identified from text and priced exactly,516810
INV-H2-000985,0,,,3565104,0.40,low,0,0,,INV-H2-000985#0,"H2-L00985-03: 'CARDIAC  TRANSP SERVICE' is unresolved between Elective Cardiac Transport Service (semantic_verified) ; H2-L00985-06: 'THER  STANDARD INF' is unresolved between Standard Paediatric Infusion Therapy (semantic_verified) ; H2-L00985-11: 'POSTOP THTR TM' is unresolved between Postoperative Paediatric Theatre Time (semantic_verified) ; H2-L00985-13: 'DISP FOC PHARM' is unresolved between Focused Pulmonary Pharmaceutical Dispensing (semantic_verified) ; a provisional total of 3565104 was computed but is not contractually defensible, so no corrected total is submitted ; not flagged, but some lines could not be identified, so not every rule could be checked",3565104
INV-H2-000986,0,,,932430,0.40,low,0,0,,INV-H2-000986#0,"H2-L00986-04: 'ELECT TRANSP SVC' is unresolved between Elective Cardiac Transport Service (semantic_verified) ; a provisional total of 932430 was computed but is not contractually defensible, so no corrected total is submitted ; not flagged, but some lines could not be identified, so not every rule could be checked",932430
INV-H2-000987,0,,1026862,1026862,0.85,high,1,1,1026862,INV-H2-000987#0,not flagged; every line identified from text and priced exactly,1026862
INV-H2-000988,0,,,3748700,0.40,low,0,0,,INV-H2-000988#0,"H2-L00988-02: 'ADV ENDOSCOPIC PROC /SA-6974' is unresolved between Advanced Gastrointestinal Endoscopic Procedure (semantic_verified) ; H2-L00988-03: 'THER  STANDARD INF' is unresolved between Standard Paediatric Infusion Therapy (semantic_verified) ; H2-L00988-07: 'INTERP  SUPERVISED IMG /SA-6042' is unresolved between Supervised Neurological Imaging Interpretation (semantic_verified) ; a provisional total of 3748700 was computed but is not contractually defensible, so no corrected total is submitted ; not flagged, but some lines could not be identified, so not every rule could be checked",3748700
INV-H2-000989,1,daily_cap_exceeded|bundle_not_applied,,2155933,0.40,low,0,0,,INV-H2-000989#0,"H2-L00989-04: the cap proves the quantity wrong but not what was delivered; only a ceiling can be priced ; H2-L00989-09: 'ADV ENDOSCOPIC PROC /SA-6974' is unresolved between Advanced Gastrointestinal Endoscopic Procedure (semantic_verified) ; a finding rests on reading free text, or the corrected total cannot be reconstructed",
INV-H2-000990,0,,,2687172,0.40,low,0,0,,INV-H2-000990#0,"H2-L00990-13: 'OCC INTENS WD BD' is unresolved between Intensive Palliative Ward Bed Occupancy (semantic_verified) ; a provisional total of 2687172 was computed but is not contractually defensible, so no corrected total is submitted ; not flagged, but some lines could not be identified, so not every rule could be checked",2687172
INV-H2-000991,0,,811530,811530,0.85,high,1,1,811530,INV-H2-000991#0,not flagged; every line identified from text and priced exactly,811530
INV-H2-000992,0,,,2344754,0.40,low,0,0,,INV-H2-000992#0,"H2-L00992-01: 'SUPERVISED BIOPSY PROC' is unresolved between Supervised Haematology Biopsy Procedure (semantic_verified) ; a provisional total of 2344754 was computed but is not contractually defensible, so no corrected total is submitted ; not flagged, but some lines could not be identified, so not every rule could be checked",2344754
INV-H2-000993,0,,,1695527,0.40,low,0,0,,INV-H2-000993#0,"H2-L00993-03: 'MSK RECOVERY RM OCC' is unresolved between Standard Musculoskeletal Recovery Room Occupancy (semantic_verified) ; H2-L00993-07: 'FRACT BEDS RADIOTHER /SA-5851' is unresolved between Bedside Ophthalmic Radiotherapy Fraction (semantic_verified) ; a provisional total of 1695527 was computed but is not contractually defensible, so no corrected total is submitted ; not flagged, but some lines could not be identified, so not every rule could be checked",1695527
INV-H2-000994,0,,,1294275,0.40,low,0,0,,INV-H2-000994#0,"H2-L00994-03: 'SESS CARD DIAL' is unresolved between Focused Cardiac Dialysis Session (semantic_verified) ; a provisional total of 1294275 was computed but is not contractually defensible, so no corrected total is submitted ; not flagged, but some lines could not be identified, so not every rule could be checked",1294275
INV-H2-000995,0,,,2573468,0.40,low,0,0,,INV-H2-000995#0,"H2-L00995-09: 'EMER  TRANSP SERVICE /SA-9292' is unresolved between Emergency Haematology Transport Service (semantic_verified) ; H2-L00995-16: 'FRACT BEDS RADIOTHER /SA-5851' is unresolved between Bedside Ophthalmic Radiotherapy Fraction (semantic_verified) ; a provisional total of 2573468 was computed but is not contractually defensible, so no corrected total is submitted ; not flagged, but some lines could not be identified, so not every rule could be checked",2573468
INV-H2-000996,0,,2108707,2108707,0.65,medium,1,1,2108707,INV-H2-000996#0,not flagged; identity rests partly on a unit-basis tie-break or a verified semantic decision,2108707
INV-H2-000997,0,,,1270700,0.40,low,0,0,,INV-H2-000997#0,"H2-L00997-01: 'BEDS PHARM DISP' is unresolved between Bedside Pulmonary Pharmaceutical Dispensing (semantic_verified) ; H2-L00997-02: bundle partner 'Bedside Pulmonary Pharmaceutical Dispensing' may have been delivered on 2025-10-08 (unresolved description that day) ; H2-L00997-05: 'POSTOP INF THER' is unresolved between Postoperative Pulmonary Infusion Therapy (semantic_verified) ; H2-L00997-07: 'VASC TRANSP SVC' is unresolved between Postoperative Vascular Transport Service (semantic_verified) ; a provisional total of 1270700 was computed but is not contractually defensible, so no corrected total is submitted ; not flagged, but some lines could not be identified, so not every rule could be checked",1270700
INV-H2-000998,0,,1965345,1965345,0.65,medium,1,1,1965345,INV-H2-000998#0,not flagged; identity rests partly on a unit-basis tie-break or a verified semantic decision,1965345
INV-H2-000999,0,,,4489680,0.40,low,0,0,,INV-H2-000999#0,"H2-L00999-02: 'ASST DIAG IMG /SA-7926' is unresolved between Assisted Musculoskeletal Diagnostic Imaging (semantic_verified) ; H2-L00999-05: 'SESS CARD DIAL' is unresolved between Focused Cardiac Dialysis Session (semantic_verified) ; H2-L00999-13: 'VASC TRANSP SVC' is unresolved between Postoperative Vascular Transport Service (semantic_verified) ; H2-L00999-15: 'POSTOP ANAES ADMIN' is unresolved between Postoperative Ophthalmic Anaesthesia Administration (semantic_verified) ; a provisional total of 4489680 was computed but is not contractually defensible, so no corrected total is submitted ; not flagged, but some lines could not be identified, so not every rule could be checked",4489680
INV-H2-001000,0,,,3411735,0.40,low,0,0,,INV-H2-001000#0,"H2-L01000-05: 'METAB LAB PANEL' is unresolved between Supervised Metabolic Laboratory Panel (semantic_verified) ; a provisional total of 3411735 was computed but is not contractually defensible, so no corrected total is submitted ; not flagged, but some lines could not be identified, so not every rule could be checked",3411735
INV-H2-001001,0,,,2346146,0.40,low,0,0,,INV-H2-001001#0,"H2-L01001-14: 'EMER THTR TM /SA-2118' is unresolved between Emergency Paediatric Theatre Time (semantic_verified) ; a provisional total of 2346146 was computed but is not contractually defensible, so no corrected total is submitted ; not flagged, but some lines could not be identified, so not every rule could be checked",2346146
INV-H2-001002,0,,,1763106,0.40,low,0,0,,INV-H2-001002#0,"H2-L01002-06: 'INPT ISOL RM OCC' is unresolved between Inpatient Paediatric Isolation Room Occupancy (semantic_verified) ; a provisional total of 1763106 was computed but is not contractually defensible, so no corrected total is submitted ; not flagged, but some lines could not be identified, so not every rule could be checked",1763106
INV-H2-001003,0,,,379589,0.40,low,0,0,,INV-H2-001003#0,"H2-L01003-01: 'PALL RECOV ROOM OCC' is unresolved between Focused Palliative Recovery Room Occupancy (semantic_verified) ; a provisional total of 379589 was computed but is not contractually defensible, so no corrected total is submitted ; not flagged, but some lines could not be identified, so not every rule could be checked",379589
INV-H2-001004,0,,3103865,3103865,0.85,high,1,1,3103865,INV-H2-001004#0,not flagged; every line identified from text and priced exactly,3103865
INV-H2-001005,0,,,4211904,0.40,low,0,0,,INV-H2-001005#0,"H2-L01005-03: 'OBSERVATION  CARD NURSING' is unresolved between Elective Cardiac Nursing Observation (semantic_verified) ; H2-L01005-08: 'SVC EMER TRANSP' is unresolved between Emergency Haematology Transport Service (semantic_verified) ; a provisional total of 4211904 was computed but is not contractually defensible, so no corrected total is submitted ; not flagged, but some lines could not be identified, so not every rule could be checked",4211904
INV-H2-001006,0,,,3328351,0.40,low,0,0,,INV-H2-001006#0,"H2-L01006-03: 'SESS CARD DIAL' is unresolved between Focused Cardiac Dialysis Session (semantic_verified) ; H2-L01006-06: 'SVC EMER TRANSP' is unresolved between Emergency Haematology Transport Service (semantic_verified) ; a provisional total of 3328351 was computed but is not contractually defensible, so no corrected total is submitted ; not flagged, but some lines could not be identified, so not every rule could be checked",3328351
INV-H2-001007,0,,,934999,0.40,low,0,0,,INV-H2-001007#0,"H2-L01007-01: 'POSTOP ANAES ADMIN' is unresolved between Postoperative Ophthalmic Anaesthesia Administration (semantic_verified) ; a provisional total of 934999 was computed but is not contractually defensible, so no corrected total is submitted ; not flagged, but some lines could not be identified, so not every rule could be checked",934999
INV-H2-001008,0,,2294556,2294556,0.85,high,1,1,2294556,INV-H2-001008#0,not flagged; every line identified from text and priced exactly,2294556
INV-H2-001009,0,,,3787504,0.40,low,0,0,,INV-H2-001009#0,"H2-L01009-02: 'BEDS PHARM DISP' is unresolved between Bedside Pulmonary Pharmaceutical Dispensing (semantic_verified) ; H2-L01009-03: bundle partner 'Bedside Pulmonary Pharmaceutical Dispensing' may have been delivered on 2025-10-11 (unresolved description that day) ; a provisional total of 3787504 was computed but is not contractually defensible, so no corrected total is submitted ; not flagged, but some lines could not be identified, so not every rule could be checked",3787504
INV-H2-001010,0,,,786344,0.40,low,0,0,,INV-H2-001010#0,"H2-L01010-01: 'VASC TRANSP SVC' is unresolved between Postoperative Vascular Transport Service (semantic_verified) ; H2-L01010-04: 'METAB LAB PANEL' is unresolved between Supervised Metabolic Laboratory Panel (semantic_verified) ; a provisional total of 786344 was computed but is not contractually defensible, so no corrected total is submitted ; not flagged, but some lines could not be identified, so not every rule could be checked",786344
INV-H2-001011,0,,,2055812,0.40,low,0,0,,INV-H2-001011#0,"H2-L01011-12: 'SVC EMER TRANSP' is unresolved between Emergency Haematology Transport Service (semantic_verified) ; a provisional total of 2055812 was computed but is not contractually defensible, so no corrected total is submitted ; not flagged, but some lines could not be identified, so not every rule could be checked",2055812
INV-H2-001012,0,,,4107401,0.40,low,0,0,,INV-H2-001012#0,"H2-L01012-06: 'DISP FOC PHARM' is unresolved between Focused Pulmonary Pharmaceutical Dispensing (semantic_verified) ; H2-L01012-09: 'PROC HEP ENDOSC' is unresolved between Supervised Hepatic Endoscopic Procedure (semantic_verified) ; a provisional total of 4107401 was computed but is not contractually defensible, so no corrected total is submitted ; not flagged, but some lines could not be identified, so not every rule could be checked",4107401
INV-H2-001013,0,,,1383635,0.40,low,0,0,,INV-H2-001013#0,"H2-L01013-03: 'EMER  TRANSP SERVICE /SA-9292' is unresolved between Emergency Haematology Transport Service (semantic_verified) ; H2-L01013-05: 'RTN PHYSIO SESS' is unresolved between Routine Geriatric Physiotherapy Session (semantic_verified) ; a provisional total of 1383635 was computed but is not contractually defensible, so no corrected total is submitted ; not flagged, but some lines could not be identified, so not every rule could be checked",1383635
INV-H2-001014,0,,2527018,2527018,0.85,high,1,1,2527018,INV-H2-001014#0,not flagged; every line identified from text and priced exactly,2527018
INV-H2-001015,0,,,4880061,0.40,low,0,0,,INV-H2-001015#0,"H2-L01015-05: 'IMG ASST DIAG' is unresolved between Assisted Musculoskeletal Diagnostic Imaging (semantic_verified) ; H2-L01015-20: 'PULM INF THER /SA-9868' is unresolved between Postoperative Pulmonary Infusion Therapy (semantic_verified) ; a provisional total of 4880061 was computed but is not contractually defensible, so no corrected total is submitted ; not flagged, but some lines could not be identified, so not every rule could be checked",4880061
INV-H2-001016,0,,,1991256,0.40,low,0,0,,INV-H2-001016#0,"H2-L01016-03: 'ENDO  CS CONF' is unresolved between Advanced Endocrine Case Conference (semantic_verified) ; H2-L01016-05: 'PALL RECOV ROOM OCC' is unresolved between Focused Palliative Recovery Room Occupancy (semantic_verified) ; H2-L01016-08: 'ADV ENDOSCOPIC PROC /SA-6974' is unresolved between Advanced Gastrointestinal Endoscopic Procedure (semantic_verified) ; a provisional total of 1991256 was computed but is not contractually defensible, so no corrected total is submitted ; not flagged, but some lines could not be identified, so not every rule could be checked",1991256
INV-H2-001017,1,bundle_not_applied|exclusion_window_violation,,3721701,0.40,low,0,0,,INV-H2-001017#0,"H2-L01017-06: 'OCC PREOP ISOL RM' is unresolved between Preoperative Neurological Isolation Room Occupancy (semantic_verified) ; a provisional total of 3409701 was computed but is not contractually defensible, so no corrected total is submitted ; a finding rests on reading free text, or the corrected total cannot be reconstructed",3409701
INV-H2-001018,0,,,3507077,0.40,low,0,0,,INV-H2-001018#0,"H2-L01018-02: 'STD - TELEM MONIT /SA-8775' is unresolved between Standard Metabolic Telemetry Monitoring (semantic_verified) ; H2-L01018-05: 'SVC EMER TRANSP' is unresolved between Emergency Haematology Transport Service (semantic_verified) ; H2-L01018-12: 'ELECT TRANSP SVC' is unresolved between Elective Cardiac Transport Service (semantic_verified) ; a provisional total of 3507077 was computed but is not contractually defensible, so no corrected total is submitted ; not flagged, but some lines could not be identified, so not every rule could be checked",3507077
INV-H2-001019,0,,,3711920,0.40,low,0,0,,INV-H2-001019#0,"H2-L01019-08: 'ASST DIAG IMG /SA-7926' is unresolved between Assisted Musculoskeletal Diagnostic Imaging (semantic_verified) ; a provisional total of 3711920 was computed but is not contractually defensible, so no corrected total is submitted ; not flagged, but some lines could not be identified, so not every rule could be checked",3711920
INV-H2-001020,0,,,4523784,0.40,low,0,0,,INV-H2-001020#0,"H2-L01020-04: 'EMER THTR TM /SA-2118' is unresolved between Emergency Paediatric Theatre Time (semantic_verified) ; H2-L01020-18: 'ASST BIOP PROC' is unresolved between Assisted Gastrointestinal Biopsy Procedure (semantic_verified) ; a provisional total of 4523784 was computed but is not contractually defensible, so no corrected total is submitted ; not flagged, but some lines could not be identified, so not every rule could be checked",4523784
INV-H2-001021,0,,,3098186,0.40,low,0,0,,INV-H2-001021#0,"H2-L01021-02: 'SPCLST STERILISATION SVC' is unresolved between Specialist Psychiatric Sterilisation Service (semantic_verified) ; H2-L01021-05: 'CARDIAC  TRANSP SERVICE' is unresolved between Elective Cardiac Transport Service (semantic_verified) ; H2-L01021-07: 'INPT ISOL RM OCC' is unresolved between Inpatient Paediatric Isolation Room Occupancy (semantic_verified) ; H2-L01021-09: 'OCC STD RECOV RM' is unresolved between Standard Musculoskeletal Recovery Room Occupancy (semantic_verified) ; H2-L01021-13: 'ENT CS CONF /SA-6459' is unresolved between Comprehensive Otolaryngologic Case Conference (semantic_verified) ; a provisional total of 3098186 was computed but is not contractually defensible, so no corrected total is submitted ; not flagged, but some lines could not be identified, so not every rule could be checked",3098186
INV-H2-001022,0,,,793850,0.40,low,0,0,,INV-H2-001022#0,"H2-L01022-01: 'SUPV  IMG INTERP' is unresolved between Supervised Neurological Imaging Interpretation (semantic_verified) ; H2-L01022-04: 'STD ISOL RM OCC' is unresolved between Standard Neurological Isolation Room Occupancy, Standard Orthopaedic Isolation Room Occupancy (unresolved) ; H2-L01022-05: bundle partner 'Standard Orthopaedic Isolation Room Occupancy' may have been delivered on 2025-10-20 (unresolved description that day) ; a provisional total of 793850 was computed but is not contractually defensible, so no corrected total is submitted ; not flagged, but some lines could not be identified, so not every rule could be checked",793850
INV-H2-001023,0,,,1275392,0.40,low,0,0,,INV-H2-001023#0,"H2-L01023-04: 'EMER  TRANSP SERVICE /SA-9292' is unresolved between Emergency Haematology Transport Service (semantic_verified) ; H2-L01023-05: 'STD RECOV RM OCC' is unresolved between Standard Musculoskeletal Recovery Room Occupancy (semantic_verified) ; H2-L01023-06: 'FRACT BEDS RADIOTHER /SA-5851' is unresolved between Bedside Ophthalmic Radiotherapy Fraction (semantic_verified) ; H2-L01023-07: 'PULM INF THER /SA-9868' is unresolved between Postoperative Pulmonary Infusion Therapy (semantic_verified) ; a provisional total of 1275392 was computed but is not contractually defensible, so no corrected total is submitted ; not flagged, but some lines could not be identified, so not every rule could be checked",1275392
INV-H2-001024,0,,,2254015,0.40,low,0,0,,INV-H2-001024#0,"H2-L01024-10: 'PAED THEATRE TM /SA-1156' is unresolved between Emergency Paediatric Theatre Time, Postoperative Paediatric Theatre Time (semantic_verified) ; a provisional total of 2254015 was computed but is not contractually defensible, so no corrected total is submitted ; not flagged, but some lines could not be identified, so not every rule could be checked",2254015
INV-H2-001025,0,,,1871857,0.40,low,0,0,,INV-H2-001025#0,"H2-L01025-01: 'INPT ISOL RM OCC' is unresolved between Inpatient Paediatric Isolation Room Occupancy (semantic_verified) ; a provisional total of 1871857 was computed but is not contractually defensible, so no corrected total is submitted ; not flagged, but some lines could not be identified, so not every rule could be checked",1871857
INV-H2-001026,0,,,702100,0.40,low,0,0,,INV-H2-001026#0,"H2-L01026-04: 'POSTOP INF THER' is unresolved between Postoperative Pulmonary Infusion Therapy (semantic_verified) ; a provisional total of 702100 was computed but is not contractually defensible, so no corrected total is submitted ; not flagged, but some lines could not be identified, so not every rule could be checked",702100
INV-H2-001027,0,,,1960235,0.40,low,0,0,,INV-H2-001027#0,"H2-L01027-02: 'POSTOP ANAES ADMIN' is unresolved between Postoperative Ophthalmic Anaesthesia Administration (semantic_verified) ; a provisional total of 1960235 was computed but is not contractually defensible, so no corrected total is submitted ; not flagged, but some lines could not be identified, so not every rule could be checked",1960235
INV-H2-001028,1,invoice_total_mismatch|wrong_unit_basis,,159581,0.40,low,0,0,,INV-H2-001028#0,"H2-L01028-02: 'ASST DIAG IMAGING' is unresolved between Assisted Musculoskeletal Diagnostic Imaging (unresolved) ; H2-L01028-05: 'ENDO  CS CONF' is unresolved between Advanced Endocrine Case Conference (semantic_verified) ; a provisional total of 134581 was computed but is not contractually defensible, so no corrected total is submitted ; a finding rests on reading free text, or the corrected total cannot be reconstructed",134581
INV-H2-001029,0,,1860990,1860990,0.65,medium,1,1,1860990,INV-H2-001029#0,not flagged; identity rests partly on a unit-basis tie-break or a verified semantic decision,1860990
INV-H2-001030,1,contract_number_mismatch|wrong_unit_basis,,3561932,0.40,low,0,0,,INV-H2-001030#0,"H2-L01030-14: 'EMER THTR TM /SA-2118' is unresolved between Emergency Paediatric Theatre Time (semantic_verified) ; H2-L01030-15: 'PREOP SPCM ANLY /SA-5067' is unresolved between Preoperative Cardiac Specimen Analysis (semantic_verified) ; a provisional total of 3561932 was computed but is not contractually defensible, so no corrected total is submitted ; a finding rests on reading free text, or the corrected total cannot be reconstructed",3561932
INV-H2-001031,0,,,4387478,0.40,low,0,0,,INV-H2-001031#0,"H2-L01031-09: 'ENDO  CS CONF' is unresolved between Advanced Endocrine Case Conference (semantic_verified) ; a provisional total of 4387478 was computed but is not contractually defensible, so no corrected total is submitted ; not flagged, but some lines could not be identified, so not every rule could be checked",4387478
INV-H2-001032,0,,,976266,0.40,low,0,0,,INV-H2-001032#0,"H2-L01032-01: 'PNL FOC LAB /SA-4377' is unresolved between Focused Ophthalmic Laboratory Panel (semantic_verified) ; a provisional total of 976266 was computed but is not contractually defensible, so no corrected total is submitted ; not flagged, but some lines could not be identified, so not every rule could be checked",976266
INV-H2-001033,0,,2351755,2351755,0.85,high,1,1,2351755,INV-H2-001033#0,not flagged; every line identified from text and priced exactly,2351755
INV-H2-001034,0,,,2664625,0.40,low,0,0,,INV-H2-001034#0,"H2-L01034-13: 'ELECT TRANSP SVC' is unresolved between Elective Cardiac Transport Service (semantic_verified) ; a provisional total of 2664625 was computed but is not contractually defensible, so no corrected total is submitted ; not flagged, but some lines could not be identified, so not every rule could be checked",2664625
INV-H2-001036,0,,3410841,3410841,0.85,high,1,1,3410841,INV-H2-001036#0,not flagged; every line identified from text and priced exactly,3410841
INV-H2-001037,0,,,3753669,0.40,low,0,0,,INV-H2-001037#0,"H2-L01037-14: 'SVC EMER TRANSP' is unresolved between Emergency Haematology Transport Service (semantic_verified) ; a provisional total of 3753669 was computed but is not contractually defensible, so no corrected total is submitted ; not flagged, but some lines could not be identified, so not every rule could be checked",3753669
INV-H2-001038,1,unit_price_mismatch|exclusion_window_violation,1435704,1530398,0.65,medium,1,1,1435704,INV-H2-001038#0,findings apply contract rules to resolved services; some depend on hospital-wide state,1435704
INV-H2-001039,0,,2261611,2261611,0.85,high,1,1,2261611,INV-H2-001039#0,not flagged; every line identified from text and priced exactly,2261611
INV-H2-001040,0,,,964376,0.40,low,0,0,,INV-H2-001040#0,"H2-L01040-02: 'INPT ISOL RM OCC' is unresolved between Inpatient Paediatric Isolation Room Occupancy (semantic_verified) ; a provisional total of 964376 was computed but is not contractually defensible, so no corrected total is submitted ; not flagged, but some lines could not be identified, so not every rule could be checked",964376
INV-H2-001041,1,unit_price_mismatch|line_total_arithmetic,,4721224,0.40,low,0,0,,INV-H2-001041#0,"H2-L01041-11: 'DISP FOC PHARM' is unresolved between Focused Pulmonary Pharmaceutical Dispensing (semantic_verified) ; a provisional total of 3017474 was computed but is not contractually defensible, so no corrected total is submitted ; a finding rests on reading free text, or the corrected total cannot be reconstructed",3017474
INV-H2-001042,0,,,1931251,0.40,low,0,0,,INV-H2-001042#0,"H2-L01042-03: 'STD  - TELEM MONIT' is unresolved between Standard Metabolic Telemetry Monitoring (semantic_verified) ; H2-L01042-05: 'INTERP  SUPERVISED IMG /SA-6042' is unresolved between Supervised Neurological Imaging Interpretation (semantic_verified) ; H2-L01042-14: 'PALL RECOV ROOM OCC' is unresolved between Focused Palliative Recovery Room Occupancy (semantic_verified) ; a provisional total of 1931251 was computed but is not contractually defensible, so no corrected total is submitted ; not flagged, but some lines could not be identified, so not every rule could be checked",1931251
INV-H2-001043,0,,,3911612,0.40,low,0,0,,INV-H2-001043#0,"H2-L01043-07: 'ASST DIAG IMG /SA-7926' is unresolved between Assisted Musculoskeletal Diagnostic Imaging (semantic_verified) ; H2-L01043-12: 'ADV ENDOSCOPIC PROC /SA-6974' is unresolved between Advanced Gastrointestinal Endoscopic Procedure (semantic_verified) ; H2-L01043-17: 'PREOP SPCM ANLY /SA-5067' is unresolved between Preoperative Cardiac Specimen Analysis (semantic_verified) ; a provisional total of 3911612 was computed but is not contractually defensible, so no corrected total is submitted ; not flagged, but some lines could not be identified, so not every rule could be checked",3911612
INV-H2-001044,1,contract_number_mismatch|wrong_unit_basis,,1319234,0.40,low,0,0,,INV-H2-001044#0,"H2-L01044-05: 'CARDIAC  TRANSP SERVICE' is unresolved between Elective Cardiac Transport Service (semantic_verified) ; a provisional total of 1319234 was computed but is not contractually defensible, so no corrected total is submitted ; a finding rests on reading free text, or the corrected total cannot be reconstructed",1319234
INV-H2-001045,0,,,3893284,0.40,low,0,0,,INV-H2-001045#0,"H2-L01045-04: 'INTERP  SUPERVISED IMG /SA-6042' is unresolved between Supervised Neurological Imaging Interpretation (semantic_verified) ; a provisional total of 3893284 was computed but is not contractually defensible, so no corrected total is submitted ; not flagged, but some lines could not be identified, so not every rule could be checked",3893284
INV-H2-001046,0,,946553,946553,0.85,high,1,1,946553,INV-H2-001046#0,not flagged; every line identified from text and priced exactly,946553
INV-H2-001047,0,,,1526244,0.40,low,0,0,,INV-H2-001047#0,"H2-L01047-03: 'ENT CS CONF /SA-5963' is unresolved between Comprehensive Otolaryngologic Case Conference (semantic_verified) ; H2-L01047-06: 'PALL RECOV ROOM OCC' is unresolved between Focused Palliative Recovery Room Occupancy (semantic_verified) ; H2-L01047-12: 'SVC EMER TRANSP' is unresolved between Emergency Haematology Transport Service (semantic_verified) ; a provisional total of 1526244 was computed but is not contractually defensible, so no corrected total is submitted ; not flagged, but some lines could not be identified, so not every rule could be checked",1526244
INV-H2-001048,0,,,3651137,0.40,low,0,0,,INV-H2-001048#0,"H2-L01048-01: 'POSTOP ANAES ADMIN' is unresolved between Postoperative Ophthalmic Anaesthesia Administration (semantic_verified) ; H2-L01048-02: 'PALL RECOV ROOM OCC' is unresolved between Focused Palliative Recovery Room Occupancy (semantic_verified) ; a provisional total of 3651137 was computed but is not contractually defensible, so no corrected total is submitted ; not flagged, but some lines could not be identified, so not every rule could be checked",3651137
INV-H2-001049,0,,842398,842398,0.85,high,1,1,842398,INV-H2-001049#0,not flagged; every line identified from text and priced exactly,842398
INV-H2-001050,0,,,2848318,0.40,low,0,0,,INV-H2-001050#0,"H2-L01050-05: 'SPCLST STERILISATION SVC' is unresolved between Specialist Psychiatric Sterilisation Service (semantic_verified) ; H2-L01050-15: 'STD - TELEM MONIT /SA-8775' is unresolved between Standard Metabolic Telemetry Monitoring (semantic_verified) ; a provisional total of 2848318 was computed but is not contractually defensible, so no corrected total is submitted ; not flagged, but some lines could not be identified, so not every rule could be checked",2848318
INV-H2-001051,0,,,3670705,0.40,low,0,0,,INV-H2-001051#0,"H2-L01051-04: bundle partner 'Bedside Pulmonary Pharmaceutical Dispensing' may have been delivered on 2025-11-09 (unresolved description that day) ; H2-L01051-05: 'BEDS PHARM DISP' is unresolved between Bedside Pulmonary Pharmaceutical Dispensing (semantic_verified) ; H2-L01051-11: 'SUPERVISED BIOPSY PROC' is unresolved between Supervised Haematology Biopsy Procedure (semantic_verified) ; a provisional total of 3670705 was computed but is not contractually defensible, so no corrected total is submitted ; not flagged, but some lines could not be identified, so not every rule could be checked",3670705
INV-H2-001052,0,,,3269428,0.40,low,0,0,,INV-H2-001052#0,"H2-L01052-07: 'ELECT TRANSP SVC' is unresolved between Elective Cardiac Transport Service (semantic_verified) ; H2-L01052-14: 'ADV ENDOSCOPIC PROC /SA-6974' is unresolved between Advanced Gastrointestinal Endoscopic Procedure (semantic_verified) ; a provisional total of 3269428 was computed but is not contractually defensible, so no corrected total is submitted ; not flagged, but some lines could not be identified, so not every rule could be checked",3269428
INV-H2-001053,0,,,4283250,0.40,low,0,0,,INV-H2-001053#0,"H2-L01053-02: 'VASC TRANSP SVC' is unresolved between Postoperative Vascular Transport Service (semantic_verified) ; a provisional total of 4283250 was computed but is not contractually defensible, so no corrected total is submitted ; not flagged, but some lines could not be identified, so not every rule could be checked",4283250
INV-H2-001054,0,,,1669538,0.40,low,0,0,,INV-H2-001054#0,"H2-L01054-01: 'ADV ENDOSCOPIC PROC /SA-6974' is unresolved between Advanced Gastrointestinal Endoscopic Procedure (semantic_verified) ; H2-L01054-04: 'METAB LAB PANEL' is unresolved between Supervised Metabolic Laboratory Panel (semantic_verified) ; H2-L01054-10: 'OBSERVATION  CARD NURSING' is unresolved between Elective Cardiac Nursing Observation (semantic_verified) ; a provisional total of 1669538 was computed but is not contractually defensible, so no corrected total is submitted ; not flagged, but some lines could not be identified, so not every rule could be checked",1669538
INV-H2-001055,0,,,2570725,0.40,low,0,0,,INV-H2-001055#0,"H2-L01055-04: 'EXT RADIOTHER FRACT' is unresolved between Extended Orthopaedic Radiotherapy Fraction (semantic_verified) ; H2-L01055-06: 'INTERM  REHAB PROG' is unresolved between Intermittent Otolaryngologic Rehabilitation Programme (semantic_verified) ; H2-L01055-13: 'OCC STD RECOV RM' is unresolved between Standard Musculoskeletal Recovery Room Occupancy (semantic_verified) ; H2-L01055-14: 'STD RECOV RM OCC' is unresolved between Standard Musculoskeletal Recovery Room Occupancy (semantic_verified) ; H2-L01055-15: 'IMG ASST DIAG' is unresolved between Assisted Musculoskeletal Diagnostic Imaging (semantic_verified) ; a provisional total of 2570725 was computed but is not contractually defensible, so no corrected total is submitted ; not flagged, but some lines could not be identified, so not every rule could be checked",2570725
INV-H2-001056,0,,,4458458,0.40,low,0,0,,INV-H2-001056#0,"H2-L01056-11: 'SPCLST STERILISATION SVC' is unresolved between Specialist Psychiatric Sterilisation Service (semantic_verified) ; a provisional total of 4458458 was computed but is not contractually defensible, so no corrected total is submitted ; not flagged, but some lines could not be identified, so not every rule could be checked",4458458
INV-H2-001057,0,,,1424605,0.40,low,0,0,,INV-H2-001057#0,"H2-L01057-02: 'EXT RADIOTHER FRACT' is unresolved between Extended Orthopaedic Radiotherapy Fraction (semantic_verified) ; a provisional total of 1424605 was computed but is not contractually defensible, so no corrected total is submitted ; not flagged, but some lines could not be identified, so not every rule could be checked",1424605
INV-H2-001058,0,,,2281516,0.40,low,0,0,,INV-H2-001058#0,"H2-L01058-11: 'VASC IMAGING INTERP' is unresolved between Preoperative Vascular Imaging Interpretation (unresolved) ; a provisional total of 2281516 was computed but is not contractually defensible, so no corrected total is submitted ; not flagged, but some lines could not be identified, so not every rule could be checked",2281516
INV-H2-001059,0,,700562,700562,0.85,high,1,1,700562,INV-H2-001059#0,not flagged; every line identified from text and priced exactly,700562
INV-H2-001060,0,,,1741993,0.40,low,0,0,,INV-H2-001060#0,"H2-L01060-02: 'INTERP  SUPERVISED IMG /SA-6042' is unresolved between Supervised Neurological Imaging Interpretation (semantic_verified) ; a provisional total of 1741993 was computed but is not contractually defensible, so no corrected total is submitted ; not flagged, but some lines could not be identified, so not every rule could be checked",1741993
INV-H2-001061,0,,1466298,1466298,0.85,high,1,1,1466298,INV-H2-001061#0,not flagged; every line identified from text and priced exactly,1466298
INV-H2-001062,0,,,3235647,0.40,low,0,0,,INV-H2-001062#0,"H2-L01062-01: 'ADV ENDOSCOPIC PROC /SA-6974' is unresolved between Advanced Gastrointestinal Endoscopic Procedure (semantic_verified) ; H2-L01062-03: 'ASST DIAG IMAGING' is unresolved between Assisted Musculoskeletal Diagnostic Imaging (unresolved) ; H2-L01062-16: 'OCC PREOP ISOL RM' is unresolved between Preoperative Neurological Isolation Room Occupancy (semantic_verified) ; a provisional total of 3235647 was computed but is not contractually defensible, so no corrected total is submitted ; not flagged, but some lines could not be identified, so not every rule could be checked",3235647
INV-H2-001063,0,,,905650,0.40,low,0,0,,INV-H2-001063#0,"H2-L01063-01: 'VASC IMAGING INTERP' is unresolved between Preoperative Vascular Imaging Interpretation (unresolved) ; H2-L01063-04: 'EMER  TRANSP SVC /SA-1419' is unresolved between Emergency Haematology Transport Service (semantic_verified) ; a provisional total of 905650 was computed but is not contractually defensible, so no corrected total is submitted ; not flagged, but some lines could not be identified, so not every rule could be checked",905650
INV-H2-001064,0,,2263091,2263091,0.65,medium,1,1,2263091,INV-H2-001064#0,not flagged; identity rests partly on a unit-basis tie-break or a verified semantic decision,2263091
INV-H2-001065,0,,,1793805,0.40,low,0,0,,INV-H2-001065#0,"H2-L01065-03: 'SPCLST STERILISATION SVC' is unresolved between Specialist Psychiatric Sterilisation Service (semantic_verified) ; a provisional total of 1793805 was computed but is not contractually defensible, so no corrected total is submitted ; not flagged, but some lines could not be identified, so not every rule could be checked",1793805
INV-H2-001066,0,,,2585711,0.40,low,0,0,,INV-H2-001066#0,"H2-L01066-10: 'CARDIAC  TRANSP SERVICE' is unresolved between Elective Cardiac Transport Service (semantic_verified) ; a provisional total of 2585711 was computed but is not contractually defensible, so no corrected total is submitted ; not flagged, but some lines could not be identified, so not every rule could be checked",2585711
INV-H2-001067,0,,1750640,1750640,0.85,high,1,1,1750640,INV-H2-001067#0,not flagged; every line identified from text and priced exactly,1750640
INV-H2-001068,0,,,2181943,0.40,low,0,0,,INV-H2-001068#0,"H2-L01068-02: 'ASST BIOP PROC' is unresolved between Assisted Gastrointestinal Biopsy Procedure (semantic_verified) ; H2-L01068-08: 'EMER  TRANSP SERVICE /SA-9292' is unresolved between Emergency Haematology Transport Service (semantic_verified) ; a provisional total of 2181943 was computed but is not contractually defensible, so no corrected total is submitted ; not flagged, but some lines could not be identified, so not every rule could be checked",2181943
INV-H2-001069,0,,905847,905847,0.85,high,1,1,905847,INV-H2-001069#0,not flagged; every line identified from text and priced exactly,905847
INV-H2-001070,0,,3531763,3531763,0.85,high,1,1,3531763,INV-H2-001070#0,not flagged; every line identified from text and priced exactly,3531763
INV-H2-001071,0,,,1853918,0.40,low,0,0,,INV-H2-001071#0,"H2-L01071-06: 'ENT CS CONF /SA-6459' is unresolved between Comprehensive Otolaryngologic Case Conference (semantic_verified) ; H2-L01071-09: 'SPCLST STERILISATION SVC' is unresolved between Specialist Psychiatric Sterilisation Service (semantic_verified) ; a provisional total of 1853918 was computed but is not contractually defensible, so no corrected total is submitted ; not flagged, but some lines could not be identified, so not every rule could be checked",1853918
INV-H2-001072,0,,,2431361,0.40,low,0,0,,INV-H2-001072#0,"H2-L01072-06: 'SVC EMER TRANSP' is unresolved between Emergency Haematology Transport Service (semantic_verified) ; H2-L01072-12: 'ENT CS CONF /SA-5963' is unresolved between Comprehensive Otolaryngologic Case Conference (semantic_verified) ; H2-L01072-17: 'PULM INF THER /SA-9868' is unresolved between Postoperative Pulmonary Infusion Therapy (semantic_verified) ; H2-L01072-18: 'ASST BIOP PROC' is unresolved between Assisted Gastrointestinal Biopsy Procedure (semantic_verified) ; H2-L01072-19: 'ASST DIAG IMG /SA-7926' is unresolved between Assisted Musculoskeletal Diagnostic Imaging (semantic_verified) ; a provisional total of 2431361 was computed but is not contractually defensible, so no corrected total is submitted ; not flagged, but some lines could not be identified, so not every rule could be checked",2431361
INV-H2-001073,1,invoice_total_mismatch|wrong_unit_basis|unit_price_mismatch,,3115140,0.40,low,0,0,,INV-H2-001073#0,"H2-L01073-09: 'PREOP SPCM ANLY /SA-5067' is unresolved between Preoperative Cardiac Specimen Analysis (semantic_verified) ; a provisional total of 3288850 was computed but is not contractually defensible, so no corrected total is submitted ; a finding rests on reading free text, or the corrected total cannot be reconstructed",3288850
INV-H2-001074,0,,2666241,2666241,0.65,medium,1,1,2666241,INV-H2-001074#0,not flagged; identity rests partly on a unit-basis tie-break or a verified semantic decision,2666241
INV-H2-001075,0,,1856660,1856660,0.85,high,1,1,1856660,INV-H2-001075#0,not flagged; every line identified from text and priced exactly,1856660
INV-H2-001076,0,,,3053262,0.40,low,0,0,,INV-H2-001076#0,"H2-L01076-03: 'STD  - TELEM MONIT' is unresolved between Standard Metabolic Telemetry Monitoring (semantic_verified) ; H2-L01076-13: 'AMB NUTRITIONAL SUPP /SA-7761' is unresolved between Ambulatory Haematology Nutritional Support (semantic_verified) ; H2-L01076-17: 'ASST DIAG IMAGING' is unresolved between Assisted Musculoskeletal Diagnostic Imaging (unresolved) ; H2-L01076-18: 'STD RECOV RM OCC' is unresolved between Standard Musculoskeletal Recovery Room Occupancy (semantic_verified) ; a provisional total of 3053262 was computed but is not contractually defensible, so no corrected total is submitted ; not flagged, but some lines could not be identified, so not every rule could be checked",3053262
INV-H2-001077,0,,,2312311,0.40,low,0,0,,INV-H2-001077#0,"H2-L01077-12: 'OCC STD RECOV RM' is unresolved between Standard Musculoskeletal Recovery Room Occupancy (semantic_verified) ; a provisional total of 2312311 was computed but is not contractually defensible, so no corrected total is submitted ; not flagged, but some lines could not be identified, so not every rule could be checked",2312311
INV-H2-001078,0,,,3309778,0.40,low,0,0,,INV-H2-001078#0,"H2-L01078-01: 'ASST DIAG IMG /SA-7926' is unresolved between Assisted Musculoskeletal Diagnostic Imaging (semantic_verified) ; H2-L01078-06: 'SPCLST STERILISATION SVC' is unresolved between Specialist Psychiatric Sterilisation Service (semantic_verified) ; H2-L01078-07: 'STD ISOL RM OCC' is unresolved between Standard Neurological Isolation Room Occupancy, Standard Orthopaedic Isolation Room Occupancy (unresolved) ; H2-L01078-08: bundle partner 'Standard Orthopaedic Isolation Room Occupancy' may have been delivered on 2025-11-22 (unresolved description that day) ; H2-L01078-14: 'OTOLARYNGOLOGIC  DISCH PLNG /SA-6235' is unresolved between Continuous Otolaryngologic Discharge Planning (semantic_verified) ; a provisional total of 3309778 was computed but is not contractually defensible, so no corrected total is submitted ; not flagged, but some lines could not be identified, so not every rule could be checked",3309778
INV-H2-001079,0,,,3178980,0.40,low,0,0,,INV-H2-001079#0,"H2-L01079-02: 'PSYCH TRANSF SVC' is unresolved between Standard Psychiatric Transfusion Service (semantic_verified) ; H2-L01079-08: 'EXTENDED - HM VST' is unresolved between Extended Vascular Home Visit (unresolved) ; a provisional total of 3178980 was computed but is not contractually defensible, so no corrected total is submitted ; not flagged, but some lines could not be identified, so not every rule could be checked",3178980
INV-H2-001080,0,,,3904131,0.40,low,0,0,,INV-H2-001080#0,"H2-L01080-06: bundle partner 'Bedside Pulmonary Pharmaceutical Dispensing' may have been delivered on 2025-11-27 (unresolved description that day) ; H2-L01080-07: 'BEDS PHARM DISP' is unresolved between Bedside Pulmonary Pharmaceutical Dispensing (semantic_verified) ; H2-L01080-14: 'RTN PHYSIO SESS' is unresolved between Routine Geriatric Physiotherapy Session (semantic_verified) ; a provisional total of 3904131 was computed but is not contractually defensible, so no corrected total is submitted ; not flagged, but some lines could not be identified, so not every rule could be checked",3904131
INV-H2-001081,0,,,649333,0.40,low,0,0,,INV-H2-001081#0,"H2-L01081-02: 'OTOLARYNGOLOGIC  DISCH PLNG /SA-6235' is unresolved between Continuous Otolaryngologic Discharge Planning (semantic_verified) ; H2-L01081-03: 'IMG ASST DIAG' is unresolved between Assisted Musculoskeletal Diagnostic Imaging (semantic_verified) ; H2-L01081-04: 'ENT CS CONF /SA-6459' is unresolved between Comprehensive Otolaryngologic Case Conference (semantic_verified) ; a provisional total of 649333 was computed but is not contractually defensible, so no corrected total is submitted ; not flagged, but some lines could not be identified, so not every rule could be checked",649333
INV-H2-001082,0,,,1454970,0.40,low,0,0,,INV-H2-001082#0,"H2-L01082-08: 'STD ISOL RM OCC' is unresolved between Standard Neurological Isolation Room Occupancy, Standard Orthopaedic Isolation Room Occupancy (unresolved) ; a provisional total of 1454970 was computed but is not contractually defensible, so no corrected total is submitted ; not flagged, but some lines could not be identified, so not every rule could be checked",1454970
INV-H2-001083,0,,,3718784,0.40,low,0,0,,INV-H2-001083#0,"H2-L01083-05: 'PAED THEATRE TM /SA-1156' is unresolved between Emergency Paediatric Theatre Time, Postoperative Paediatric Theatre Time (semantic_verified) ; H2-L01083-06: 'PSYCH TRANSF SVC' is unresolved between Standard Psychiatric Transfusion Service (semantic_verified) ; H2-L01083-09: 'THER  STANDARD INF' is unresolved between Standard Paediatric Infusion Therapy (semantic_verified) ; H2-L01083-14: 'POSTOP THTR TM' is unresolved between Postoperative Paediatric Theatre Time (semantic_verified) ; a provisional total of 3718784 was computed but is not contractually defensible, so no corrected total is submitted ; not flagged, but some lines could not be identified, so not every rule could be checked",3718784
INV-H2-001084,0,,1165486,1165486,0.85,high,1,1,1165486,INV-H2-001084#0,not flagged; every line identified from text and priced exactly,1165486
INV-H2-001085,0,,2098190,2098190,0.85,high,1,1,2098190,INV-H2-001085#0,not flagged; every line identified from text and priced exactly,2098190
INV-H2-001086,0,,,3300088,0.40,low,0,0,,INV-H2-001086#0,"H2-L01086-05: 'PAED THEATRE TM /SA-1156' is unresolved between Emergency Paediatric Theatre Time, Postoperative Paediatric Theatre Time (semantic_verified) ; a provisional total of 3300088 was computed but is not contractually defensible, so no corrected total is submitted ; not flagged, but some lines could not be identified, so not every rule could be checked",3300088
INV-H2-001087,0,,1064100,1064100,0.85,high,1,1,1064100,INV-H2-001087#0,not flagged; every line identified from text and priced exactly,1064100
INV-H2-001088,0,,,2403386,0.40,low,0,0,,INV-H2-001088#0,"H2-L01088-06: 'POSTOP INF THER' is unresolved between Postoperative Pulmonary Infusion Therapy (semantic_verified) ; a provisional total of 2403386 was computed but is not contractually defensible, so no corrected total is submitted ; not flagged, but some lines could not be identified, so not every rule could be checked",2403386
INV-H2-001089,0,,,3054038,0.40,low,0,0,,INV-H2-001089#0,"H2-L01089-03: 'ASST DIAG IMG /SA-7926' is unresolved between Assisted Musculoskeletal Diagnostic Imaging (semantic_verified) ; H2-L01089-12: 'PSYCH TRANSF SVC' is unresolved between Standard Psychiatric Transfusion Service (semantic_verified) ; a provisional total of 3054038 was computed but is not contractually defensible, so no corrected total is submitted ; not flagged, but some lines could not be identified, so not every rule could be checked",3054038
INV-H2-001090,0,,,5040901,0.40,low,0,0,,INV-H2-001090#0,"H2-L01090-08: 'OCC STD RECOV RM' is unresolved between Standard Musculoskeletal Recovery Room Occupancy (semantic_verified) ; a provisional total of 5040901 was computed but is not contractually defensible, so no corrected total is submitted ; not flagged, but some lines could not be identified, so not every rule could be checked",5040901
INV-H2-001091,0,,,2834194,0.40,low,0,0,,INV-H2-001091#0,"H2-L01091-04: 'ELECT TRANSP SVC' is unresolved between Elective Cardiac Transport Service (semantic_verified) ; a provisional total of 2834194 was computed but is not contractually defensible, so no corrected total is submitted ; not flagged, but some lines could not be identified, so not every rule could be checked",2834194
INV-H2-001092,0,,,1713805,0.40,low,0,0,,INV-H2-001092#0,"H2-L01092-03: 'EMER  TRANSP SVC /SA-1419' is unresolved between Emergency Haematology Transport Service (semantic_verified) ; a provisional total of 1713805 was computed but is not contractually defensible, so no corrected total is submitted ; not flagged, but some lines could not be identified, so not every rule could be checked",1713805
INV-H2-001093,0,,,3647438,0.40,low,0,0,,INV-H2-001093#0,"H2-L01093-02: 'ELECT TRANSP SVC' is unresolved between Elective Cardiac Transport Service (semantic_verified) ; H2-L01093-03: 'POSTOP THTR TM' is unresolved between Postoperative Paediatric Theatre Time (semantic_verified) ; H2-L01093-06: 'ENT CS CONF /SA-6459' is unresolved between Comprehensive Otolaryngologic Case Conference (semantic_verified) ; H2-L01093-15: 'EXTENDED - HM VST' is unresolved between Extended Vascular Home Visit (unresolved) ; a provisional total of 3647438 was computed but is not contractually defensible, so no corrected total is submitted ; not flagged, but some lines could not be identified, so not every rule could be checked",3647438
INV-H2-001094,0,,185216,185216,0.85,high,1,1,185216,INV-H2-001094#0,not flagged; every line identified from text and priced exactly,185216
INV-H2-001095,0,,,2758185,0.40,low,0,0,,INV-H2-001095#0,"H2-L01095-07: 'POSTOP ANAES ADMIN' is unresolved between Postoperative Ophthalmic Anaesthesia Administration (semantic_verified) ; a provisional total of 2758185 was computed but is not contractually defensible, so no corrected total is submitted ; not flagged, but some lines could not be identified, so not every rule could be checked",2758185
INV-H2-001096,0,,,2080320,0.40,low,0,0,,INV-H2-001096#0,"H2-L01096-04: 'ADV ENDOSCOPIC PROC /SA-6974' is unresolved between Advanced Gastrointestinal Endoscopic Procedure (semantic_verified) ; a provisional total of 2080320 was computed but is not contractually defensible, so no corrected total is submitted ; not flagged, but some lines could not be identified, so not every rule could be checked",2080320
INV-H2-001097,0,,825286,825286,0.85,high,1,1,825286,INV-H2-001097#0,not flagged; every line identified from text and priced exactly,825286
INV-H2-001098,0,,,415220,0.40,low,0,0,,INV-H2-001098#0,"H2-L01098-04: 'STD ISOL RM OCC' is unresolved between Standard Neurological Isolation Room Occupancy, Standard Orthopaedic Isolation Room Occupancy (unresolved) ; H2-L01098-05: 'EMER  TRANSP SERVICE /SA-9292' is unresolved between Emergency Haematology Transport Service (semantic_verified) ; a provisional total of 415220 was computed but is not contractually defensible, so no corrected total is submitted ; not flagged, but some lines could not be identified, so not every rule could be checked",415220
INV-H2-001099,0,,,740475,0.40,low,0,0,,INV-H2-001099#0,"H2-L01099-01: 'CARDIAC  TRANSP SERVICE' is unresolved between Elective Cardiac Transport Service (semantic_verified) ; H2-L01099-05: 'OCC STD RECOV RM' is unresolved between Standard Musculoskeletal Recovery Room Occupancy (semantic_verified) ; a provisional total of 740475 was computed but is not contractually defensible, so no corrected total is submitted ; not flagged, but some lines could not be identified, so not every rule could be checked",740475
INV-H2-001100,0,,,1429385,0.40,low,0,0,,INV-H2-001100#0,"H2-L01100-05: 'ELECT TRANSP SVC' is unresolved between Elective Cardiac Transport Service (semantic_verified) ; a provisional total of 1429385 was computed but is not contractually defensible, so no corrected total is submitted ; not flagged, but some lines could not be identified, so not every rule could be checked",1429385
INV-H2-001101,0,,,1998485,0.40,low,0,0,,INV-H2-001101#0,"H2-L01101-10: 'PROC HEP ENDOSC' is unresolved between Supervised Hepatic Endoscopic Procedure (semantic_verified) ; H2-L01101-12: 'VASC IMAGING INTERP' is unresolved between Preoperative Vascular Imaging Interpretation (unresolved) ; a provisional total of 1998485 was computed but is not contractually defensible, so no corrected total is submitted ; not flagged, but some lines could not be identified, so not every rule could be checked",1998485
INV-H2-001102,0,,3652067,3652067,0.65,medium,1,1,3652067,INV-H2-001102#0,not flagged; identity rests partly on a unit-basis tie-break or a verified semantic decision,3652067
INV-H2-001103,0,,,2203699,0.40,low,0,0,,INV-H2-001103#0,"H2-L01103-01: 'EMER  TRANSP SERVICE /SA-9292' is unresolved between Emergency Haematology Transport Service (semantic_verified) ; H2-L01103-13: 'SESS PREOP PHYSIO' is unresolved between Preoperative Obstetric Physiotherapy Session (semantic_verified) ; H2-L01103-14: 'ADV ENDOSCOPIC PROC /SA-6974' is unresolved between Advanced Gastrointestinal Endoscopic Procedure (semantic_verified) ; a provisional total of 2203699 was computed but is not contractually defensible, so no corrected total is submitted ; not flagged, but some lines could not be identified, so not every rule could be checked",2203699
INV-H2-001104,0,,,1764560,0.40,low,0,0,,INV-H2-001104#0,"H2-L01104-01: 'PULM INF THER /SA-9868' is unresolved between Postoperative Pulmonary Infusion Therapy (semantic_verified) ; a provisional total of 1764560 was computed but is not contractually defensible, so no corrected total is submitted ; not flagged, but some lines could not be identified, so not every rule could be checked",1764560
INV-H2-001105,0,,1959400,1959400,0.85,high,1,1,1959400,INV-H2-001105#0,not flagged; every line identified from text and priced exactly,1959400
INV-H2-001106,0,,2937640,2937640,0.65,medium,1,1,2937640,INV-H2-001106#0,not flagged; identity rests partly on a unit-basis tie-break or a verified semantic decision,2937640
INV-H2-001107,0,,,1538659,0.40,low,0,0,,INV-H2-001107#0,"H2-L01107-06: 'INPT ISOL RM OCC' is unresolved between Inpatient Paediatric Isolation Room Occupancy (semantic_verified) ; a provisional total of 1538659 was computed but is not contractually defensible, so no corrected total is submitted ; not flagged, but some lines could not be identified, so not every rule could be checked",1538659
INV-H2-001108,0,,,1799203,0.40,low,0,0,,INV-H2-001108#0,"H2-L01108-01: 'SESS PREOP PHYSIO' is unresolved between Preoperative Obstetric Physiotherapy Session (semantic_verified) ; H2-L01108-08: 'ENT CS CONF /SA-5963' is unresolved between Comprehensive Otolaryngologic Case Conference (semantic_verified) ; H2-L01108-11: 'OBSERVATION  CARD NURSING' is unresolved between Elective Cardiac Nursing Observation (semantic_verified) ; a provisional total of 1799203 was computed but is not contractually defensible, so no corrected total is submitted ; not flagged, but some lines could not be identified, so not every rule could be checked",1799203
INV-H2-001109,1,unit_price_mismatch|bundle_not_applied,,935389,0.40,low,0,0,,INV-H2-001109#0,"H2-L01109-01: 'ELECT TRANSP SVC' is unresolved between Elective Cardiac Transport Service (semantic_verified) ; a finding rests on reading free text, or the corrected total cannot be reconstructed",
INV-H2-001110,0,,,1318632,0.40,low,0,0,,INV-H2-001110#0,"H2-L01110-05: 'SESS CARD DIAL' is unresolved between Focused Cardiac Dialysis Session (semantic_verified) ; a provisional total of 1318632 was computed but is not contractually defensible, so no corrected total is submitted ; not flagged, but some lines could not be identified, so not every rule could be checked",1318632
INV-H2-001111,0,,,3347740,0.40,low,0,0,,INV-H2-001111#0,"H2-L01111-08: 'MSK RECOVERY RM OCC' is unresolved between Standard Musculoskeletal Recovery Room Occupancy (semantic_verified) ; H2-L01111-09: 'CARD  NURS OBS' is unresolved between Elective Cardiac Nursing Observation (semantic_verified) ; H2-L01111-14: 'OCC PREOP ISOL RM' is unresolved between Preoperative Neurological Isolation Room Occupancy (semantic_verified) ; a provisional total of 3347740 was computed but is not contractually defensible, so no corrected total is submitted ; not flagged, but some lines could not be identified, so not every rule could be checked",3347740
INV-H2-001112,0,,,3280806,0.40,low,0,0,,INV-H2-001112#0,"H2-L01112-10: 'ADV ENDOSCOPIC PROC /SA-6974' is unresolved between Advanced Gastrointestinal Endoscopic Procedure (semantic_verified) ; H2-L01112-14: 'ADV ENDOSCOPIC PROC /SA-6974' is unresolved between Advanced Gastrointestinal Endoscopic Procedure (semantic_verified) ; a provisional total of 3280806 was computed but is not contractually defensible, so no corrected total is submitted ; not flagged, but some lines could not be identified, so not every rule could be checked",3280806
INV-H2-001113,0,,,1474210,0.40,low,0,0,,INV-H2-001113#0,"H2-L01113-02: 'SUPERVISED BIOPSY PROC' is unresolved between Supervised Haematology Biopsy Procedure (semantic_verified) ; H2-L01113-06: 'MSK RECOVERY RM OCC' is unresolved between Standard Musculoskeletal Recovery Room Occupancy (semantic_verified) ; a provisional total of 1474210 was computed but is not contractually defensible, so no corrected total is submitted ; not flagged, but some lines could not be identified, so not every rule could be checked",1474210
INV-H2-001114,0,,,2250654,0.40,low,0,0,,INV-H2-001114#0,"H2-L01114-05: 'ENT CS CONF /SA-6459' is unresolved between Comprehensive Otolaryngologic Case Conference (semantic_verified) ; H2-L01114-09: 'POSTOP INF THER' is unresolved between Postoperative Pulmonary Infusion Therapy (semantic_verified) ; a provisional total of 2250654 was computed but is not contractually defensible, so no corrected total is submitted ; not flagged, but some lines could not be identified, so not every rule could be checked",2250654
INV-H2-001115,0,,,3882884,0.40,low,0,0,,INV-H2-001115#0,"H2-L01115-03: 'INTERM  REHAB PROG' is unresolved between Intermittent Otolaryngologic Rehabilitation Programme (semantic_verified) ; a provisional total of 3882884 was computed but is not contractually defensible, so no corrected total is submitted ; not flagged, but some lines could not be identified, so not every rule could be checked",3882884
INV-H2-001116,0,,,1204505,0.40,low,0,0,,INV-H2-001116#0,"H2-L01116-04: 'ASST DIAG IMAGING' is unresolved between Assisted Musculoskeletal Diagnostic Imaging (unresolved) ; H2-L01116-06: 'ADV ENDOSCOPIC PROC /SA-6974' is unresolved between Advanced Gastrointestinal Endoscopic Procedure (semantic_verified) ; a provisional total of 1204505 was computed but is not contractually defensible, so no corrected total is submitted ; not flagged, but some lines could not be identified, so not every rule could be checked",1204505
INV-H2-001117,0,,,3050848,0.40,low,0,0,,INV-H2-001117#0,"H2-L01117-10: 'SUPERVISED BIOPSY PROC' is unresolved between Supervised Haematology Biopsy Procedure (semantic_verified) ; H2-L01117-13: 'STD RECOV RM OCC' is unresolved between Standard Musculoskeletal Recovery Room Occupancy (semantic_verified) ; a provisional total of 3050848 was computed but is not contractually defensible, so no corrected total is submitted ; not flagged, but some lines could not be identified, so not every rule could be checked",3050848
INV-H2-001118,0,,,1394553,0.40,low,0,0,,INV-H2-001118#0,"H2-L01118-04: 'VST VASCULAR HM /SA-8814' is unresolved between Extended Vascular Home Visit (semantic_verified) ; a provisional total of 1394553 was computed but is not contractually defensible, so no corrected total is submitted ; not flagged, but some lines could not be identified, so not every rule could be checked",1394553
INV-H2-001119,0,,,897234,0.40,low,0,0,,INV-H2-001119#0,"H2-L01119-05: 'EMER  TRANSP SERVICE /SA-9292' is unresolved between Emergency Haematology Transport Service (semantic_verified) ; a provisional total of 897234 was computed but is not contractually defensible, so no corrected total is submitted ; not flagged, but some lines could not be identified, so not every rule could be checked",897234
INV-H2-001120,0,,,2324144,0.40,low,0,0,,INV-H2-001120#0,"H2-L01120-07: bundle partner 'Bedside Pulmonary Pharmaceutical Dispensing' may have been delivered on 2025-12-20 (unresolved description that day) ; H2-L01120-08: 'BEDS PHARM DISP' is unresolved between Bedside Pulmonary Pharmaceutical Dispensing (semantic_verified) ; H2-L01120-15: 'OBSERVATION  CARD NURSING' is unresolved between Elective Cardiac Nursing Observation (semantic_verified) ; a provisional total of 2324144 was computed but is not contractually defensible, so no corrected total is submitted ; not flagged, but some lines could not be identified, so not every rule could be checked",2324144
INV-H2-001121,0,,1848810,1848810,0.85,high,1,1,1848810,INV-H2-001121#0,not flagged; every line identified from text and priced exactly,1848810
INV-H2-001122,0,,1189092,1189092,0.85,high,1,1,1189092,INV-H2-001122#0,not flagged; every line identified from text and priced exactly,1189092
INV-H2-001123,0,,,1761377,0.40,low,0,0,,INV-H2-001123#0,"H2-L01123-04: 'CARDIAC  TRANSP SERVICE' is unresolved between Elective Cardiac Transport Service (semantic_verified) ; a provisional total of 1761377 was computed but is not contractually defensible, so no corrected total is submitted ; not flagged, but some lines could not be identified, so not every rule could be checked",1761377
INV-H2-001124,0,,,1047455,0.40,low,0,0,,INV-H2-001124#0,"H2-L01124-01: 'ADV ENDOSCOPIC PROC /SA-6974' is unresolved between Advanced Gastrointestinal Endoscopic Procedure (semantic_verified) ; H2-L01124-02: 'FRACT BEDS RADIOTHER /SA-5851' is unresolved between Bedside Ophthalmic Radiotherapy Fraction (semantic_verified) ; a provisional total of 1047455 was computed but is not contractually defensible, so no corrected total is submitted ; not flagged, but some lines could not be identified, so not every rule could be checked",1047455
INV-H2-001125,0,,,1529979,0.40,low,0,0,,INV-H2-001125#0,"H2-L01125-03: 'ASST DIAG IMG /SA-7926' is unresolved between Assisted Musculoskeletal Diagnostic Imaging (semantic_verified) ; H2-L01125-05: 'OBSERVATION  CARD NURSING' is unresolved between Elective Cardiac Nursing Observation (semantic_verified) ; a provisional total of 1529979 was computed but is not contractually defensible, so no corrected total is submitted ; not flagged, but some lines could not be identified, so not every rule could be checked",1529979
INV-H2-001126,0,,,3819014,0.40,low,0,0,,INV-H2-001126#0,"H2-L01126-01: 'PALL RECOV ROOM OCC' is unresolved between Focused Palliative Recovery Room Occupancy (semantic_verified) ; H2-L01126-05: 'CARDIAC  TRANSP SERVICE' is unresolved between Elective Cardiac Transport Service (semantic_verified) ; H2-L01126-08: 'EXT RADIOTHER FRACT' is unresolved between Extended Orthopaedic Radiotherapy Fraction (semantic_verified) ; H2-L01126-09: 'CARD  NURS OBS' is unresolved between Elective Cardiac Nursing Observation (semantic_verified) ; H2-L01126-11: 'POSTOP ANAES ADMIN' is unresolved between Postoperative Ophthalmic Anaesthesia Administration (semantic_verified) ; H2-L01126-15: 'POSTOP THTR TM' is unresolved between Postoperative Paediatric Theatre Time (semantic_verified) ; a provisional total of 3819014 was computed but is not contractually defensible, so no corrected total is submitted ; not flagged, but some lines could not be identified, so not every rule could be checked",3819014
INV-H2-001127,0,,,1668997,0.40,low,0,0,,INV-H2-001127#0,"H2-L01127-03: 'VASC TRANSP SVC' is unresolved between Postoperative Vascular Transport Service (semantic_verified) ; H2-L01127-09: 'EMER  TRANSP SVC /SA-1419' is unresolved between Emergency Haematology Transport Service (semantic_verified) ; H2-L01127-11: 'OCC STD RECOV RM' is unresolved between Standard Musculoskeletal Recovery Room Occupancy (semantic_verified) ; a provisional total of 1668997 was computed but is not contractually defensible, so no corrected total is submitted ; not flagged, but some lines could not be identified, so not every rule could be checked",1668997
INV-H2-001128,0,,3150596,3150596,0.65,medium,1,1,3150596,INV-H2-001128#0,not flagged; identity rests partly on a unit-basis tie-break or a verified semantic decision,3150596
INV-H2-001129,0,,,623988,0.40,low,0,0,,INV-H2-001129#0,"H2-L01129-03: 'EXT RADIOTHER FRACT' is unresolved between Extended Orthopaedic Radiotherapy Fraction (semantic_verified) ; a provisional total of 623988 was computed but is not contractually defensible, so no corrected total is submitted ; not flagged, but some lines could not be identified, so not every rule could be checked",623988
INV-H2-001130,1,unit_price_mismatch|wrong_unit_basis,,3384668,0.40,low,0,0,,INV-H2-001130#0,"H2-L01130-09: 'ADV ENDOSCOPIC PROC /SA-6974' is unresolved between Advanced Gastrointestinal Endoscopic Procedure (semantic_verified) ; a provisional total of 3356956 was computed but is not contractually defensible, so no corrected total is submitted ; a finding rests on reading free text, or the corrected total cannot be reconstructed",3356956
INV-H2-001131,0,,,1634825,0.40,low,0,0,,INV-H2-001131#0,"H2-L01131-04: 'PROC HEP ENDOSC' is unresolved between Supervised Hepatic Endoscopic Procedure (semantic_verified) ; a provisional total of 1634825 was computed but is not contractually defensible, so no corrected total is submitted ; not flagged, but some lines could not be identified, so not every rule could be checked",1634825
INV-H2-001132,0,,,3223295,0.40,low,0,0,,INV-H2-001132#0,"H2-L01132-02: 'POSTOP ANAES ADMIN' is unresolved between Postoperative Ophthalmic Anaesthesia Administration (semantic_verified) ; H2-L01132-15: 'DISP FOC PHARM' is unresolved between Focused Pulmonary Pharmaceutical Dispensing (semantic_verified) ; H2-L01132-19: 'SPCLST STERILISATION SVC' is unresolved between Specialist Psychiatric Sterilisation Service (semantic_verified) ; a provisional total of 3223295 was computed but is not contractually defensible, so no corrected total is submitted ; not flagged, but some lines could not be identified, so not every rule could be checked",3223295
