invoice_id,flagged,error_category,expected_total_cents,billed_total_cents,confidence,confidence_band,pricing_complete,correction_reconstructable,maximum_contractually_payable_total_cents,physical_occurrence_ids,uncertainty_reasons,provisional_expected_total_cents,lines,lines_identity_resolved,lines_semantic_ambiguous_but_financially_resolved,lines_financially_ambiguous,lines_unknown_service,blank_reasons
INV-H3-000001,0,,3642525,3642525,0.65,medium,1,1,3642525,INV-H3-000001#0,"not flagged; every amount is proven, but some identity rests on review, a tie-break, the contextual ENT reading, or financial equivalence across candidates",,10,10,0,0,0,
INV-H3-000002,0,,2908235,2908235,0.85,high,1,1,2908235,INV-H3-000002#0,not flagged; every line identified from text and priced exactly,,13,13,0,0,0,
INV-H3-000003,0,,4009560,4009560,0.65,medium,1,1,4009560,INV-H3-000003#0,"not flagged; every amount is proven, but some identity rests on review, a tie-break, the contextual ENT reading, or financial equivalence across candidates",,14,14,0,0,0,
INV-H3-000004,0,,4056505,4056505,0.65,medium,1,1,4056505,INV-H3-000004#0,"not flagged; every amount is proven, but some identity rests on review, a tie-break, the contextual ENT reading, or financial equivalence across candidates",,17,17,0,0,0,
INV-H3-000005,0,,5863300,5863300,0.65,medium,1,1,5863300,INV-H3-000005#0,"not flagged; every amount is proven, but some identity rests on review, a tie-break, the contextual ENT reading, or financial equivalence across candidates",,15,15,0,0,0,
INV-H3-000006,1,invoice_total_mismatch,5833766,5808766,0.85,high,1,1,5833766,INV-H3-000006#0,"every finding follows from the invoice's own fields, independent of service identity",,20,20,0,0,0,
INV-H3-000007,0,,3985625,3985625,0.85,high,1,1,3985625,INV-H3-000007#0,not flagged; every line identified from text and priced exactly,,14,14,0,0,0,
INV-H3-000008,0,,1529125,1529125,0.65,medium,1,1,1529125,INV-H3-000008#0,"not flagged; every amount is proven, but some identity rests on review, a tie-break, the contextual ENT reading, or financial equivalence across candidates",,11,11,0,0,0,
INV-H3-000009,0,,1121650,1121650,0.85,high,1,1,1121650,INV-H3-000009#0,not flagged; every line identified from text and priced exactly,,5,5,0,0,0,
INV-H3-000010,0,,3488955,3488955,0.65,medium,1,1,3488955,INV-H3-000010#0,"not flagged; every amount is proven, but some identity rests on review, a tie-break, the contextual ENT reading, or financial equivalence across candidates",,10,10,0,0,0,
INV-H3-000011,0,,2481031,2481031,0.65,medium,1,1,2481031,INV-H3-000011#0,"not flagged; every amount is proven, but some identity rests on review, a tie-break, the contextual ENT reading, or financial equivalence across candidates",,11,11,0,0,0,
INV-H3-000012,0,,,2163625,0.40,low,0,0,,INV-H3-000012#0,"H3-L00012-10: 'adv - telemetry monit /RM-3459' is unresolved (jev_ambiguous_contracted) between Advanced Gastrointestinal Telemetry Monitoring, Advanced Paediatric Telemetry Monitoring ; blank: a line's candidate services lead to different corrected amounts ; not flagged, but some line's corrected amount could not be proven, so not every rule could be checked",,11,10,0,1,0,a line's candidate services lead to different corrected amounts
INV-H3-000013,0,,1213100,1213100,0.65,medium,1,1,1213100,INV-H3-000013#0,"not flagged; every amount is proven, but some identity rests on review, a tie-break, the contextual ENT reading, or financial equivalence across candidates",,7,7,0,0,0,
INV-H3-000014,0,,3412575,3412575,0.65,medium,1,1,3412575,INV-H3-000014#0,"not flagged; every amount is proven, but some identity rests on review, a tie-break, the contextual ENT reading, or financial equivalence across candidates",,10,10,0,0,0,
INV-H3-000015,0,,1980335,1980335,0.65,medium,1,1,1980335,INV-H3-000015#0,"not flagged; every amount is proven, but some identity rests on review, a tie-break, the contextual ENT reading, or financial equivalence across candidates",,9,9,0,0,0,
INV-H3-000016,0,,4289481,4289481,0.65,medium,1,1,4289481,INV-H3-000016#0,"not flagged; every amount is proven, but some identity rests on review, a tie-break, the contextual ENT reading, or financial equivalence across candidates",,16,16,0,0,0,
INV-H3-000017,1,malformed_service_date,4700676,4700676,0.85,high,1,1,4700676,INV-H3-000017#0,"every finding follows from the invoice's own fields, independent of service identity",,17,17,0,0,0,
INV-H3-000018,0,,4492825,4492825,0.65,medium,1,1,4492825,INV-H3-000018#0,"not flagged; every amount is proven, but some identity rests on review, a tie-break, the contextual ENT reading, or financial equivalence across candidates",,19,19,0,0,0,
INV-H3-000019,0,,3964925,3964925,0.65,medium,1,1,3964925,INV-H3-000019#0,"not flagged; every amount is proven, but some identity rests on review, a tie-break, the contextual ENT reading, or financial equivalence across candidates",,18,18,0,0,0,
INV-H3-000020,0,,2359575,2359575,0.65,medium,1,1,2359575,INV-H3-000020#0,"not flagged; every amount is proven, but some identity rests on review, a tie-break, the contextual ENT reading, or financial equivalence across candidates",,8,8,0,0,0,
INV-H3-000021,1,contract_number_mismatch|duplicate_invoice_id|amended_rate_applied_before_effective_date,2723755,2736005,0.85,high,1,1,2723755,INV-H3-000021#0|INV-H3-000021#1,"invoice number reused: this row represents occurrence INV-H3-000021#1; earlier occurrence(s) INV-H3-000021#0 (0 finding(s)) are audited separately in findings.csv ; findings apply contract rules to services identified from text, priced exactly",,13,13,0,0,0,
INV-H3-000022,0,,1865125,1865125,0.85,high,1,1,1865125,INV-H3-000022#0,not flagged; every line identified from text and priced exactly,,10,10,0,0,0,
INV-H3-000023,0,,4068300,4068300,0.65,medium,1,1,4068300,INV-H3-000023#0,"not flagged; every amount is proven, but some identity rests on review, a tie-break, the contextual ENT reading, or financial equivalence across candidates",,13,13,0,0,0,
INV-H3-000024,0,,2590825,2590825,0.85,high,1,1,2590825,INV-H3-000024#0,not flagged; every line identified from text and priced exactly,,10,10,0,0,0,
INV-H3-000025,0,,3343645,3343645,0.85,high,1,1,3343645,INV-H3-000025#0,not flagged; every line identified from text and priced exactly,,11,11,0,0,0,
INV-H3-000026,0,,3983224,3983224,0.65,medium,1,1,3983224,INV-H3-000026#0,"not flagged; every amount is proven, but some identity rests on review, a tie-break, the contextual ENT reading, or financial equivalence across candidates",,19,19,0,0,0,
INV-H3-000027,0,,1902412,1902412,0.65,medium,1,1,1902412,INV-H3-000027#0,"not flagged; every amount is proven, but some identity rests on review, a tie-break, the contextual ENT reading, or financial equivalence across candidates",,18,18,0,0,0,
INV-H3-000028,0,,1207741,1207741,0.65,medium,1,1,1207741,INV-H3-000028#0,"not flagged; every amount is proven, but some identity rests on review, a tie-break, the contextual ENT reading, or financial equivalence across candidates",,9,9,0,0,0,
INV-H3-000029,1,wrong_unit_basis|premium_incorrectly_applied|volume_discount_incorrectly_applied,794425,801990,0.65,medium,1,1,794425,INV-H3-000029#0,"findings depend on hospital-wide state, a recorded policy, a reviewed or tie-broken identity, or a candidate set priced by financial equivalence",,5,5,0,0,0,
INV-H3-000030,0,,2292535,2292535,0.65,medium,1,1,2292535,INV-H3-000030#0,"not flagged; every amount is proven, but some identity rests on review, a tie-break, the contextual ENT reading, or financial equivalence across candidates",,16,16,0,0,0,
INV-H3-000031,0,,2697916,2697916,0.65,medium,1,1,2697916,INV-H3-000031#0,"not flagged; every amount is proven, but some identity rests on review, a tie-break, the contextual ENT reading, or financial equivalence across candidates",,11,11,0,0,0,
INV-H3-000032,0,,3046405,3046405,0.65,medium,1,1,3046405,INV-H3-000032#0,"not flagged; every amount is proven, but some identity rests on review, a tie-break, the contextual ENT reading, or financial equivalence across candidates",,11,11,0,0,0,
INV-H3-000033,0,,2979500,2979500,0.65,medium,1,1,2979500,INV-H3-000033#0,"not flagged; every amount is proven, but some identity rests on review, a tie-break, the contextual ENT reading, or financial equivalence across candidates",,15,15,0,0,0,
INV-H3-000034,0,,2352800,2352800,0.65,medium,1,1,2352800,INV-H3-000034#0,"not flagged; every amount is proven, but some identity rests on review, a tie-break, the contextual ENT reading, or financial equivalence across candidates",,9,9,0,0,0,
INV-H3-000035,0,,3007590,3007590,0.65,medium,1,1,3007590,INV-H3-000035#0,"not flagged; every amount is proven, but some identity rests on review, a tie-break, the contextual ENT reading, or financial equivalence across candidates",,11,11,0,0,0,
INV-H3-000036,0,,,3181885,0.40,low,0,0,,INV-H3-000036#0,"H3-L00036-06: 'dispensing inpt pharm /RM-6838' is unresolved (missing_discriminator) between Inpatient Gastrointestinal Pharmaceutical Dispensing or an uncontracted service ; blank: a line's description omits a word, so an uncontracted service cannot be ruled out ; not flagged, but some line's corrected amount could not be proven, so not every rule could be checked",,13,12,0,1,0,"a line's description omits a word, so an uncontracted service cannot be ruled out"
INV-H3-000037,0,,1593850,1593850,0.85,high,1,1,1593850,INV-H3-000037#0,not flagged; every line identified from text and priced exactly,,7,7,0,0,0,
INV-H3-000038,1,invoice_total_mismatch,3575097,3550097,0.85,high,1,1,3575097,INV-H3-000038#0,"every finding follows from the invoice's own fields, independent of service identity",,20,20,0,0,0,
INV-H3-000039,0,,1622500,1622500,0.65,medium,1,1,1622500,INV-H3-000039#0,"not flagged; every amount is proven, but some identity rests on review, a tie-break, the contextual ENT reading, or financial equivalence across candidates",,9,9,0,0,0,
INV-H3-000040,0,,1165154,1165154,0.65,medium,1,1,1165154,INV-H3-000040#0,"not flagged; every amount is proven, but some identity rests on review, a tie-break, the contextual ENT reading, or financial equivalence across candidates",,5,5,0,0,0,
INV-H3-000041,0,,2802550,2802550,0.65,medium,1,1,2802550,INV-H3-000041#0,"not flagged; every amount is proven, but some identity rests on review, a tie-break, the contextual ENT reading, or financial equivalence across candidates",,9,9,0,0,0,
INV-H3-000042,0,,2193035,2193035,0.65,medium,1,1,2193035,INV-H3-000042#0,"not flagged; every amount is proven, but some identity rests on review, a tie-break, the contextual ENT reading, or financial equivalence across candidates",,13,13,0,0,0,
INV-H3-000043,0,,720875,720875,0.85,high,1,1,720875,INV-H3-000043#0,not flagged; every line identified from text and priced exactly,,5,5,0,0,0,
INV-H3-000044,0,,5049850,5049850,0.65,medium,1,1,5049850,INV-H3-000044#0,"not flagged; every amount is proven, but some identity rests on review, a tie-break, the contextual ENT reading, or financial equivalence across candidates",,19,19,0,0,0,
INV-H3-000045,0,,2978630,2978630,0.65,medium,1,1,2978630,INV-H3-000045#0,"not flagged; every amount is proven, but some identity rests on review, a tie-break, the contextual ENT reading, or financial equivalence across candidates",,12,12,0,0,0,
INV-H3-000046,0,,1238675,1238675,0.85,high,1,1,1238675,INV-H3-000046#0,not flagged; every line identified from text and priced exactly,,7,7,0,0,0,
INV-H3-000047,0,,2054775,2054775,0.65,medium,1,1,2054775,INV-H3-000047#0,"not flagged; every amount is proven, but some identity rests on review, a tie-break, the contextual ENT reading, or financial equivalence across candidates",,15,15,0,0,0,
INV-H3-000048,0,,2452592,2452592,0.85,high,1,1,2452592,INV-H3-000048#0,not flagged; every line identified from text and priced exactly,,10,10,0,0,0,
INV-H3-000049,0,,771475,771475,0.65,medium,1,1,771475,INV-H3-000049#0,"not flagged; every amount is proven, but some identity rests on review, a tie-break, the contextual ENT reading, or financial equivalence across candidates",,9,9,0,0,0,
INV-H3-000050,0,,3788788,3788788,0.65,medium,1,1,3788788,INV-H3-000050#0,"not flagged; every amount is proven, but some identity rests on review, a tie-break, the contextual ENT reading, or financial equivalence across candidates",,12,12,0,0,0,
INV-H3-000051,0,,4306608,4306608,0.65,medium,1,1,4306608,INV-H3-000051#0,"not flagged; every amount is proven, but some identity rests on review, a tie-break, the contextual ENT reading, or financial equivalence across candidates",,17,17,0,0,0,
INV-H3-000052,1,exclusion_window_violation,4369985,4375660,0.40,low,1,1,4369985,INV-H3-000052#0,"the only finding is an exclusion violation that exists only under the adopted two-sided, day-N-inclusive reading of Section 9 (the trigger is not strictly within N days before)",,14,14,0,0,0,
INV-H3-000053,0,,2824325,2824325,0.65,medium,1,1,2824325,INV-H3-000053#0,"not flagged; every amount is proven, but some identity rests on review, a tie-break, the contextual ENT reading, or financial equivalence across candidates",,13,13,0,0,0,
INV-H3-000054,0,,2050950,2050950,0.85,high,1,1,2050950,INV-H3-000054#0,not flagged; every line identified from text and priced exactly,,8,8,0,0,0,
INV-H3-000055,0,,1356475,1356475,0.85,high,1,1,1356475,INV-H3-000055#0,not flagged; every line identified from text and priced exactly,,6,6,0,0,0,
INV-H3-000056,0,,2316310,2316310,0.85,high,1,1,2316310,INV-H3-000056#0,not flagged; every line identified from text and priced exactly,,15,15,0,0,0,
INV-H3-000057,0,,2522185,2522185,0.65,medium,1,1,2522185,INV-H3-000057#0,"not flagged; every amount is proven, but some identity rests on review, a tie-break, the contextual ENT reading, or financial equivalence across candidates",,12,12,0,0,0,
INV-H3-000058,0,,3176856,3176856,0.65,medium,1,1,3176856,INV-H3-000058#0,"not flagged; every amount is proven, but some identity rests on review, a tie-break, the contextual ENT reading, or financial equivalence across candidates",,13,13,0,0,0,
INV-H3-000059,0,,4533925,4533925,0.65,medium,1,1,4533925,INV-H3-000059#0,"not flagged; every amount is proven, but some identity rests on review, a tie-break, the contextual ENT reading, or financial equivalence across candidates",,14,14,0,0,0,
INV-H3-000060,0,,2186260,2186260,0.65,medium,1,1,2186260,INV-H3-000060#0,"not flagged; every amount is proven, but some identity rests on review, a tie-break, the contextual ENT reading, or financial equivalence across candidates",,10,10,0,0,0,
INV-H3-000061,0,,6342830,6342830,0.65,medium,1,1,6342830,INV-H3-000061#0,"not flagged; every amount is proven, but some identity rests on review, a tie-break, the contextual ENT reading, or financial equivalence across candidates",,20,20,0,0,0,
INV-H3-000062,0,,2046525,2046525,0.65,medium,1,1,2046525,INV-H3-000062#0,"not flagged; every amount is proven, but some identity rests on review, a tie-break, the contextual ENT reading, or financial equivalence across candidates",,13,13,0,0,0,
INV-H3-000063,0,,1608750,1608750,0.85,high,1,1,1608750,INV-H3-000063#0,not flagged; every line identified from text and priced exactly,,5,5,0,0,0,
INV-H3-000064,1,malformed_service_date|volume_discount_incorrectly_applied,1534875,1413981,0.65,medium,1,1,1534875,INV-H3-000064#0,"findings depend on hospital-wide state, a recorded policy, a reviewed or tie-broken identity, or a candidate set priced by financial equivalence",,7,7,0,0,0,
INV-H3-000065,0,,4144800,4144800,0.65,medium,1,1,4144800,INV-H3-000065#0,"not flagged; every amount is proven, but some identity rests on review, a tie-break, the contextual ENT reading, or financial equivalence across candidates",,20,20,0,0,0,
INV-H3-000066,1,premium_omitted|volume_discount_incorrectly_applied,1574935,1563198,0.65,medium,1,1,1574935,INV-H3-000066#0,"findings depend on hospital-wide state, a recorded policy, a reviewed or tie-broken identity, or a candidate set priced by financial equivalence",,14,14,0,0,0,
INV-H3-000067,1,daily_cap_exceeded|volume_discount_incorrectly_applied,,2127583,0.40,low,1,0,2118775,INV-H3-000067#0,"H3-L00067-02: the cap proves the quantity wrong but not what it should be; only the capped amount is a ceiling (policy) ; blank: a daily cap is breached: the billed quantity is wrong but the right one is unknowable ; a finding rests on reading free text, or the corrected total cannot be proven",,8,7,0,1,0,a daily cap is breached: the billed quantity is wrong but the right one is unknowable
INV-H3-000068,0,,3582177,3582177,0.65,medium,1,1,3582177,INV-H3-000068#0,"not flagged; every amount is proven, but some identity rests on review, a tie-break, the contextual ENT reading, or financial equivalence across candidates",,18,18,0,0,0,
INV-H3-000069,0,,1948889,1948889,0.65,medium,1,1,1948889,INV-H3-000069#0,"not flagged; every amount is proven, but some identity rests on review, a tie-break, the contextual ENT reading, or financial equivalence across candidates",,12,12,0,0,0,
INV-H3-000070,0,,5801500,5801500,0.65,medium,1,1,5801500,INV-H3-000070#0,"not flagged; every amount is proven, but some identity rests on review, a tie-break, the contextual ENT reading, or financial equivalence across candidates",,18,18,0,0,0,
INV-H3-000072,0,,2149805,2149805,0.85,high,1,1,2149805,INV-H3-000072#0,not flagged; every line identified from text and priced exactly,,7,7,0,0,0,
INV-H3-000073,0,,5710575,5710575,0.85,high,1,1,5710575,INV-H3-000073#0,not flagged; every line identified from text and priced exactly,,13,13,0,0,0,
INV-H3-000074,0,,2059630,2059630,0.65,medium,1,1,2059630,INV-H3-000074#0,"not flagged; every amount is proven, but some identity rests on review, a tie-break, the contextual ENT reading, or financial equivalence across candidates",,11,11,0,0,0,
INV-H3-000075,0,,1177124,1177124,0.65,medium,1,1,1177124,INV-H3-000075#0,"not flagged; every amount is proven, but some identity rests on review, a tie-break, the contextual ENT reading, or financial equivalence across candidates",,6,6,0,0,0,
INV-H3-000076,0,,2139789,2139789,0.65,medium,1,1,2139789,INV-H3-000076#0,"not flagged; every amount is proven, but some identity rests on review, a tie-break, the contextual ENT reading, or financial equivalence across candidates",,13,13,0,0,0,
INV-H3-000077,0,,2827872,2827872,0.65,medium,1,1,2827872,INV-H3-000077#0,"not flagged; every amount is proven, but some identity rests on review, a tie-break, the contextual ENT reading, or financial equivalence across candidates",,17,17,0,0,0,
INV-H3-000078,0,,,4439952,0.40,low,0,0,,INV-H3-000078#0,"H3-L00078-02: 'inpt thtr tm' is unresolved (jev_ambiguous_contracted) between Inpatient Metabolic Theatre Time, Inpatient Musculoskeletal Theatre Time ; H3-L00078-02 as Inpatient Metabolic Theatre Time: the cap proves the quantity wrong but not what it should be; only the capped amount is a ceiling (policy) ; H3-L00078-04: 'occupancy continuous isol room /RM-3671' is unresolved (jev_ambiguous_contracted) between Continuous Immunologic Isolation Room Occupancy, Continuous Renal Isolation Room Occupancy ; blank: a line's candidate services lead to different corrected amounts ; not flagged, but some line's corrected amount could not be proven, so not every rule could be checked",,16,14,0,2,0,a line's candidate services lead to different corrected amounts
INV-H3-000079,0,,2659250,2659250,0.65,medium,1,1,2659250,INV-H3-000079#0,"not flagged; every amount is proven, but some identity rests on review, a tie-break, the contextual ENT reading, or financial equivalence across candidates",,16,16,0,0,0,
INV-H3-000080,0,,3198350,3198350,0.65,medium,1,1,3198350,INV-H3-000080#0,"not flagged; every amount is proven, but some identity rests on review, a tie-break, the contextual ENT reading, or financial equivalence across candidates",,17,17,0,0,0,
INV-H3-000081,0,,2271606,2271606,0.85,high,1,1,2271606,INV-H3-000081#0,not flagged; every line identified from text and priced exactly,,8,8,0,0,0,
INV-H3-000082,0,,5772667,5772667,0.85,high,1,1,5772667,INV-H3-000082#0,not flagged; every line identified from text and priced exactly,,20,20,0,0,0,
INV-H3-000083,0,,3575616,3575616,0.65,medium,1,1,3575616,INV-H3-000083#0,"not flagged; every amount is proven, but some identity rests on review, a tie-break, the contextual ENT reading, or financial equivalence across candidates",,17,17,0,0,0,
INV-H3-000084,0,,,4270818,0.40,low,0,0,,INV-H3-000084#0,"H3-L00084-09: 'inpt thtr tm' is unresolved (jev_ambiguous_contracted) between Inpatient Metabolic Theatre Time, Inpatient Musculoskeletal Theatre Time ; blank: a line's candidate services lead to different corrected amounts ; not flagged, but some line's corrected amount could not be proven, so not every rule could be checked",,14,13,0,1,0,a line's candidate services lead to different corrected amounts
INV-H3-000085,1,duplicate_invoice_id|invoice_total_mismatch|volume_discount_incorrectly_applied,1373975,1367319,0.65,medium,1,1,1373975,INV-H3-000085#0|INV-H3-000085#1,"invoice number reused: this row represents occurrence INV-H3-000085#1; earlier occurrence(s) INV-H3-000085#0 (0 finding(s)) are audited separately in findings.csv ; findings depend on hospital-wide state, a recorded policy, a reviewed or tie-broken identity, or a candidate set priced by financial equivalence",,12,12,0,0,0,
INV-H3-000086,0,,1361098,1361098,0.65,medium,1,1,1361098,INV-H3-000086#0,"not flagged; every amount is proven, but some identity rests on review, a tie-break, the contextual ENT reading, or financial equivalence across candidates",,7,7,0,0,0,
INV-H3-000087,0,,3266259,3266259,0.65,medium,1,1,3266259,INV-H3-000087#0,"not flagged; every amount is proven, but some identity rests on review, a tie-break, the contextual ENT reading, or financial equivalence across candidates",,16,16,0,0,0,
INV-H3-000088,0,,4111813,4111813,0.65,medium,1,1,4111813,INV-H3-000088#0,"not flagged; every amount is proven, but some identity rests on review, a tie-break, the contextual ENT reading, or financial equivalence across candidates",,19,19,0,0,0,
INV-H3-000089,0,,4265609,4265609,0.65,medium,1,1,4265609,INV-H3-000089#0,"not flagged; every amount is proven, but some identity rests on review, a tie-break, the contextual ENT reading, or financial equivalence across candidates",,18,18,0,0,0,
INV-H3-000090,0,,1808731,1808731,0.65,medium,1,1,1808731,INV-H3-000090#0,"not flagged; every amount is proven, but some identity rests on review, a tie-break, the contextual ENT reading, or financial equivalence across candidates",,7,7,0,0,0,
INV-H3-000091,0,,3303970,3303970,0.65,medium,1,1,3303970,INV-H3-000091#0,"not flagged; every amount is proven, but some identity rests on review, a tie-break, the contextual ENT reading, or financial equivalence across candidates",,16,16,0,0,0,
INV-H3-000092,0,,925781,925781,0.65,medium,1,1,925781,INV-H3-000092#0,"not flagged; every amount is proven, but some identity rests on review, a tie-break, the contextual ENT reading, or financial equivalence across candidates",,5,5,0,0,0,
INV-H3-000093,1,daily_cap_exceeded|unknown_service|line_total_arithmetic,,6133006,0.40,low,0,0,,INV-H3-000093#0,"H3-L00093-05: the cap proves the quantity wrong but not what it should be; only the capped amount is a ceiling (policy) ; H3-L00093-09: service not contracted, so no contract price exists ; blank: a line names a service this agreement does not contract (no contract price) ; blank: a daily cap is breached: the billed quantity is wrong but the right one is unknowable ; a finding rests on reading free text, or the corrected total cannot be proven",,17,15,0,1,1,a line names a service this agreement does not contract (no contract price) | a daily cap is breached: the billed quantity is wrong but the right one is unknowable
INV-H3-000094,0,,2092468,2092468,0.65,medium,1,1,2092468,INV-H3-000094#0,"not flagged; every amount is proven, but some identity rests on review, a tie-break, the contextual ENT reading, or financial equivalence across candidates",,13,13,0,0,0,
INV-H3-000095,0,,2789037,2789037,0.65,medium,1,1,2789037,INV-H3-000095#0,"not flagged; every amount is proven, but some identity rests on review, a tie-break, the contextual ENT reading, or financial equivalence across candidates",,16,16,0,0,0,
INV-H3-000096,0,,4412053,4412053,0.85,high,1,1,4412053,INV-H3-000096#0,not flagged; every line identified from text and priced exactly,,14,14,0,0,0,
INV-H3-000097,0,,1000564,1000564,0.65,medium,1,1,1000564,INV-H3-000097#0,"not flagged; every amount is proven, but some identity rests on review, a tie-break, the contextual ENT reading, or financial equivalence across candidates",,5,5,0,0,0,
INV-H3-000098,0,,2735414,2735414,0.65,medium,1,1,2735414,INV-H3-000098#0,"not flagged; every amount is proven, but some identity rests on review, a tie-break, the contextual ENT reading, or financial equivalence across candidates",,13,13,0,0,0,
INV-H3-000099,0,,2625691,2625691,0.85,high,1,1,2625691,INV-H3-000099#0,not flagged; every line identified from text and priced exactly,,7,7,0,0,0,
INV-H3-000100,0,,2109675,2109675,0.65,medium,1,1,2109675,INV-H3-000100#0,"not flagged; every amount is proven, but some identity rests on review, a tie-break, the contextual ENT reading, or financial equivalence across candidates",,6,6,0,0,0,
INV-H3-000102,0,,5255671,5255671,0.65,medium,1,1,5255671,INV-H3-000102#0,"not flagged; every amount is proven, but some identity rests on review, a tie-break, the contextual ENT reading, or financial equivalence across candidates",,17,17,0,0,0,
INV-H3-000103,0,,2296594,2296594,0.65,medium,1,1,2296594,INV-H3-000103#0,"not flagged; every amount is proven, but some identity rests on review, a tie-break, the contextual ENT reading, or financial equivalence across candidates",,12,12,0,0,0,
INV-H3-000104,0,,,4911160,0.40,low,0,0,,INV-H3-000104#0,"H3-L00104-10: 'adv - telemetry monit /RM-3459' is unresolved (jev_ambiguous_contracted) between Advanced Gastrointestinal Telemetry Monitoring, Advanced Paediatric Telemetry Monitoring ; blank: a line's candidate services lead to different corrected amounts ; not flagged, but some line's corrected amount could not be proven, so not every rule could be checked",,19,18,0,1,0,a line's candidate services lead to different corrected amounts
INV-H3-000105,0,,1192953,1192953,0.65,medium,1,1,1192953,INV-H3-000105#0,"not flagged; every amount is proven, but some identity rests on review, a tie-break, the contextual ENT reading, or financial equivalence across candidates",,7,7,0,0,0,
INV-H3-000106,0,,2634361,2634361,0.65,medium,1,1,2634361,INV-H3-000106#0,"not flagged; every amount is proven, but some identity rests on review, a tie-break, the contextual ENT reading, or financial equivalence across candidates",,14,14,0,0,0,
INV-H3-000107,0,,2584378,2584378,0.65,medium,1,1,2584378,INV-H3-000107#0,"not flagged; every amount is proven, but some identity rests on review, a tie-break, the contextual ENT reading, or financial equivalence across candidates",,10,10,0,0,0,
INV-H3-000108,0,,4367322,4367322,0.65,medium,1,1,4367322,INV-H3-000108#0,"not flagged; every amount is proven, but some identity rests on review, a tie-break, the contextual ENT reading, or financial equivalence across candidates",,18,18,0,0,0,
INV-H3-000109,0,,5408087,5408087,0.65,medium,1,1,5408087,INV-H3-000109#0,"not flagged; every amount is proven, but some identity rests on review, a tie-break, the contextual ENT reading, or financial equivalence across candidates",,16,16,0,0,0,
INV-H3-000110,0,,1684768,1684768,0.85,high,1,1,1684768,INV-H3-000110#0,not flagged; every line identified from text and priced exactly,,7,7,0,0,0,
INV-H3-000111,0,,2383875,2383875,0.85,high,1,1,2383875,INV-H3-000111#0,not flagged; every line identified from text and priced exactly,,14,14,0,0,0,
INV-H3-000112,0,,1742398,1742398,0.85,high,1,1,1742398,INV-H3-000112#0,not flagged; every line identified from text and priced exactly,,8,8,0,0,0,
INV-H3-000113,0,,5731381,5731381,0.85,high,1,1,5731381,INV-H3-000113#0,not flagged; every line identified from text and priced exactly,,15,15,0,0,0,
INV-H3-000114,0,,,1192814,0.40,low,0,0,,INV-H3-000114#0,"H3-L00114-05: 'dispensing inpt pharm /RM-6838' is unresolved (missing_discriminator) between Inpatient Gastrointestinal Pharmaceutical Dispensing or an uncontracted service ; blank: a line's description omits a word, so an uncontracted service cannot be ruled out ; not flagged, but some line's corrected amount could not be proven, so not every rule could be checked",,7,6,0,1,0,"a line's description omits a word, so an uncontracted service cannot be ruled out"
INV-H3-000115,0,,2667417,2667417,0.65,medium,1,1,2667417,INV-H3-000115#0,"not flagged; every amount is proven, but some identity rests on review, a tie-break, the contextual ENT reading, or financial equivalence across candidates",,13,13,0,0,0,
INV-H3-000116,0,,4073539,4073539,0.65,medium,1,1,4073539,INV-H3-000116#0,"not flagged; every amount is proven, but some identity rests on review, a tie-break, the contextual ENT reading, or financial equivalence across candidates",,18,18,0,0,0,
INV-H3-000117,0,,1089825,1089825,0.85,high,1,1,1089825,INV-H3-000117#0,not flagged; every line identified from text and priced exactly,,5,5,0,0,0,
INV-H3-000118,0,,1748994,1748994,0.85,high,1,1,1748994,INV-H3-000118#0,not flagged; every line identified from text and priced exactly,,11,11,0,0,0,
INV-H3-000119,0,,3946345,3946345,0.65,medium,1,1,3946345,INV-H3-000119#0,"not flagged; every amount is proven, but some identity rests on review, a tie-break, the contextual ENT reading, or financial equivalence across candidates",,15,15,0,0,0,
INV-H3-000120,0,,2310243,2310243,0.85,high,1,1,2310243,INV-H3-000120#0,not flagged; every line identified from text and priced exactly,,9,9,0,0,0,
INV-H3-000121,0,,3402473,3402473,0.85,high,1,1,3402473,INV-H3-000121#0,not flagged; every line identified from text and priced exactly,,15,15,0,0,0,
INV-H3-000122,0,,5179244,5179244,0.65,medium,1,1,5179244,INV-H3-000122#0,"not flagged; every amount is proven, but some identity rests on review, a tie-break, the contextual ENT reading, or financial equivalence across candidates",,19,19,0,0,0,
INV-H3-000123,0,,2039450,2039450,0.85,high,1,1,2039450,INV-H3-000123#0,not flagged; every line identified from text and priced exactly,,11,11,0,0,0,
INV-H3-000124,0,,4141162,4141162,0.65,medium,1,1,4141162,INV-H3-000124#0,"not flagged; every amount is proven, but some identity rests on review, a tie-break, the contextual ENT reading, or financial equivalence across candidates",,20,20,0,0,0,
INV-H3-000125,0,,2340795,2340795,0.65,medium,1,1,2340795,INV-H3-000125#0,"not flagged; every amount is proven, but some identity rests on review, a tie-break, the contextual ENT reading, or financial equivalence across candidates",,12,12,0,0,0,
INV-H3-000126,1,unknown_service,,5640439,0.40,low,0,0,,INV-H3-000126#0,"H3-L00126-07: service not contracted, so no contract price exists ; blank: a line names a service this agreement does not contract (no contract price) ; a finding rests on reading free text, or the corrected total cannot be proven",5640439,17,16,0,0,1,a line names a service this agreement does not contract (no contract price)
INV-H3-000127,0,,,5644242,0.40,low,0,0,,INV-H3-000127#0,"H3-L00127-09: 'occupancy continuous isol room /RM-3671' is unresolved (jev_ambiguous_contracted) between Continuous Immunologic Isolation Room Occupancy, Continuous Renal Isolation Room Occupancy ; blank: a line's candidate services lead to different corrected amounts ; not flagged, but some line's corrected amount could not be proven, so not every rule could be checked",,18,17,0,1,0,a line's candidate services lead to different corrected amounts
INV-H3-000128,1,contract_number_mismatch,881729,881729,0.85,high,1,1,881729,INV-H3-000128#0,"every finding follows from the invoice's own fields, independent of service identity",,7,7,0,0,0,
INV-H3-000129,0,,4240496,4240496,0.65,medium,1,1,4240496,INV-H3-000129#0,"not flagged; every amount is proven, but some identity rests on review, a tie-break, the contextual ENT reading, or financial equivalence across candidates",,18,18,0,0,0,
INV-H3-000130,0,,1372600,1372600,0.65,medium,1,1,1372600,INV-H3-000130#0,"not flagged; every amount is proven, but some identity rests on review, a tie-break, the contextual ENT reading, or financial equivalence across candidates",,5,5,0,0,0,
INV-H3-000131,0,,2896247,2896247,0.85,high,1,1,2896247,INV-H3-000131#0,not flagged; every line identified from text and priced exactly,,13,13,0,0,0,
INV-H3-000132,0,,2052490,2052490,0.85,high,1,1,2052490,INV-H3-000132#0,not flagged; every line identified from text and priced exactly,,7,7,0,0,0,
INV-H3-000133,0,,1012000,1012000,0.85,high,1,1,1012000,INV-H3-000133#0,not flagged; every line identified from text and priced exactly,,5,5,0,0,0,
INV-H3-000134,0,,2953243,2953243,0.65,medium,1,1,2953243,INV-H3-000134#0,"not flagged; every amount is proven, but some identity rests on review, a tie-break, the contextual ENT reading, or financial equivalence across candidates",,11,11,0,0,0,
INV-H3-000135,0,,1778600,1778600,0.65,medium,1,1,1778600,INV-H3-000135#0,"not flagged; every amount is proven, but some identity rests on review, a tie-break, the contextual ENT reading, or financial equivalence across candidates",,8,8,0,0,0,
INV-H3-000136,0,,4579968,4579968,0.65,medium,1,1,4579968,INV-H3-000136#0,"not flagged; every amount is proven, but some identity rests on review, a tie-break, the contextual ENT reading, or financial equivalence across candidates",,17,17,0,0,0,
INV-H3-000137,0,,4394713,4394713,0.65,medium,1,1,4394713,INV-H3-000137#0,"not flagged; every amount is proven, but some identity rests on review, a tie-break, the contextual ENT reading, or financial equivalence across candidates",,20,20,0,0,0,
INV-H3-000138,0,,4478817,4478817,0.65,medium,1,1,4478817,INV-H3-000138#0,"not flagged; every amount is proven, but some identity rests on review, a tie-break, the contextual ENT reading, or financial equivalence across candidates",,19,19,0,0,0,
INV-H3-000139,0,,2278850,2278850,0.65,medium,1,1,2278850,INV-H3-000139#0,"not flagged; every amount is proven, but some identity rests on review, a tie-break, the contextual ENT reading, or financial equivalence across candidates",,11,11,0,0,0,
INV-H3-000140,1,invoice_total_mismatch|volume_discount_omitted|service_date_out_of_window,1699894,1739448,0.65,medium,1,1,1699894,INV-H3-000140#0,"findings depend on hospital-wide state, a recorded policy, a reviewed or tie-broken identity, or a candidate set priced by financial equivalence",,7,7,0,0,0,
INV-H3-000141,0,,3488845,3488845,0.65,medium,1,1,3488845,INV-H3-000141#0,"not flagged; every amount is proven, but some identity rests on review, a tie-break, the contextual ENT reading, or financial equivalence across candidates",,16,16,0,0,0,
INV-H3-000142,0,,3506118,3506118,0.65,medium,1,1,3506118,INV-H3-000142#0,"not flagged; every amount is proven, but some identity rests on review, a tie-break, the contextual ENT reading, or financial equivalence across candidates",,18,18,0,0,0,
INV-H3-000143,0,,5464650,5464650,0.65,medium,1,1,5464650,INV-H3-000143#0,"not flagged; every amount is proven, but some identity rests on review, a tie-break, the contextual ENT reading, or financial equivalence across candidates",,20,20,0,0,0,
INV-H3-000144,0,,,3387332,0.40,low,0,0,,INV-H3-000144#0,"H3-L00144-02: 'dispensing inpt pharm /RM-6838' is unresolved (missing_discriminator) between Inpatient Gastrointestinal Pharmaceutical Dispensing or an uncontracted service ; H3-L00144-06: 'occupancy continuous isol room /RM-3671' is unresolved (jev_ambiguous_contracted) between Continuous Immunologic Isolation Room Occupancy, Continuous Renal Isolation Room Occupancy ; blank: a line's description omits a word, so an uncontracted service cannot be ruled out ; blank: a line's candidate services lead to different corrected amounts ; not flagged, but some line's corrected amount could not be proven, so not every rule could be checked",,13,11,0,2,0,"a line's description omits a word, so an uncontracted service cannot be ruled out | a line's candidate services lead to different corrected amounts"
INV-H3-000145,0,,678827,678827,0.85,high,1,1,678827,INV-H3-000145#0,not flagged; every line identified from text and priced exactly,,5,5,0,0,0,
INV-H3-000146,0,,1562883,1562883,0.65,medium,1,1,1562883,INV-H3-000146#0,"not flagged; every amount is proven, but some identity rests on review, a tie-break, the contextual ENT reading, or financial equivalence across candidates",,7,7,0,0,0,
INV-H3-000147,0,,5040665,5040665,0.65,medium,1,1,5040665,INV-H3-000147#0,"not flagged; every amount is proven, but some identity rests on review, a tie-break, the contextual ENT reading, or financial equivalence across candidates",,16,16,0,0,0,
INV-H3-000148,1,contract_number_mismatch|duplicate_invoice_id,1367695,1367695,0.85,high,1,1,1367695,INV-H3-000148#0|INV-H3-000148#1,"invoice number reused: this row represents occurrence INV-H3-000148#1; earlier occurrence(s) INV-H3-000148#0 (0 finding(s)) are audited separately in findings.csv ; every finding follows from the invoice's own fields, independent of service identity",,10,10,0,0,0,
INV-H3-000149,0,,2077987,2077987,0.65,medium,1,1,2077987,INV-H3-000149#0,"not flagged; every amount is proven, but some identity rests on review, a tie-break, the contextual ENT reading, or financial equivalence across candidates",,10,10,0,0,0,
INV-H3-000150,0,,2849287,2849287,0.65,medium,1,1,2849287,INV-H3-000150#0,"not flagged; every amount is proven, but some identity rests on review, a tie-break, the contextual ENT reading, or financial equivalence across candidates",,9,9,0,0,0,
INV-H3-000151,0,,3755802,3755802,0.65,medium,1,1,3755802,INV-H3-000151#0,"not flagged; every amount is proven, but some identity rests on review, a tie-break, the contextual ENT reading, or financial equivalence across candidates",,14,14,0,0,0,
INV-H3-000152,0,,2359561,2359561,0.85,high,1,1,2359561,INV-H3-000152#0,not flagged; every line identified from text and priced exactly,,8,8,0,0,0,
INV-H3-000153,0,,267839,267839,0.85,high,1,1,267839,INV-H3-000153#0,not flagged; every line identified from text and priced exactly,,5,5,0,0,0,
INV-H3-000154,0,,1491125,1491125,0.65,medium,1,1,1491125,INV-H3-000154#0,"not flagged; every amount is proven, but some identity rests on review, a tie-break, the contextual ENT reading, or financial equivalence across candidates",,12,12,0,0,0,
INV-H3-000155,0,,3687556,3687556,0.65,medium,1,1,3687556,INV-H3-000155#0,"not flagged; every amount is proven, but some identity rests on review, a tie-break, the contextual ENT reading, or financial equivalence across candidates",,20,20,0,0,0,
INV-H3-000156,0,,4073409,4073409,0.65,medium,1,1,4073409,INV-H3-000156#0,"not flagged; every amount is proven, but some identity rests on review, a tie-break, the contextual ENT reading, or financial equivalence across candidates",,20,20,0,0,0,
INV-H3-000157,0,,6489494,6489494,0.65,medium,1,1,6489494,INV-H3-000157#0,"not flagged; every amount is proven, but some identity rests on review, a tie-break, the contextual ENT reading, or financial equivalence across candidates",,19,19,0,0,0,
INV-H3-000158,0,,4430967,4430967,0.65,medium,1,1,4430967,INV-H3-000158#0,"not flagged; every amount is proven, but some identity rests on review, a tie-break, the contextual ENT reading, or financial equivalence across candidates",,19,19,0,0,0,
INV-H3-000159,0,,5737941,5737941,0.65,medium,1,1,5737941,INV-H3-000159#0,"not flagged; every amount is proven, but some identity rests on review, a tie-break, the contextual ENT reading, or financial equivalence across candidates",,19,19,0,0,0,
INV-H3-000160,0,,,3567475,0.40,low,0,0,,INV-H3-000160#0,"H3-L00160-06: 'dispensing inpt pharm /RM-6838' is unresolved (missing_discriminator) between Inpatient Gastrointestinal Pharmaceutical Dispensing or an uncontracted service ; blank: a line's description omits a word, so an uncontracted service cannot be ruled out ; not flagged, but some line's corrected amount could not be proven, so not every rule could be checked",,19,18,0,1,0,"a line's description omits a word, so an uncontracted service cannot be ruled out"
INV-H3-000161,0,,2090866,2090866,0.85,high,1,1,2090866,INV-H3-000161#0,not flagged; every line identified from text and priced exactly,,9,9,0,0,0,
INV-H3-000162,0,,715835,715835,0.65,medium,1,1,715835,INV-H3-000162#0,"not flagged; every amount is proven, but some identity rests on review, a tie-break, the contextual ENT reading, or financial equivalence across candidates",,5,5,0,0,0,
INV-H3-000163,0,,1920810,1920810,0.65,medium,1,1,1920810,INV-H3-000163#0,"not flagged; every amount is proven, but some identity rests on review, a tie-break, the contextual ENT reading, or financial equivalence across candidates",,10,10,0,0,0,
INV-H3-000164,0,,3537602,3537602,0.65,medium,1,1,3537602,INV-H3-000164#0,"not flagged; every amount is proven, but some identity rests on review, a tie-break, the contextual ENT reading, or financial equivalence across candidates",,15,15,0,0,0,
INV-H3-000165,0,,2458930,2458930,0.65,medium,1,1,2458930,INV-H3-000165#0,"not flagged; every amount is proven, but some identity rests on review, a tie-break, the contextual ENT reading, or financial equivalence across candidates",,11,11,0,0,0,
INV-H3-000166,0,,667075,667075,0.85,high,1,1,667075,INV-H3-000166#0,not flagged; every line identified from text and priced exactly,,6,6,0,0,0,
INV-H3-000167,0,,3634942,3634942,0.65,medium,1,1,3634942,INV-H3-000167#0,"not flagged; every amount is proven, but some identity rests on review, a tie-break, the contextual ENT reading, or financial equivalence across candidates",,17,17,0,0,0,
INV-H3-000168,0,,3306363,3306363,0.65,medium,1,1,3306363,INV-H3-000168#0,"not flagged; every amount is proven, but some identity rests on review, a tie-break, the contextual ENT reading, or financial equivalence across candidates",,8,8,0,0,0,
INV-H3-000169,0,,1786082,1786082,0.65,medium,1,1,1786082,INV-H3-000169#0,"not flagged; every amount is proven, but some identity rests on review, a tie-break, the contextual ENT reading, or financial equivalence across candidates",,11,11,0,0,0,
INV-H3-000170,0,,2347891,2347891,0.65,medium,1,1,2347891,INV-H3-000170#0,"not flagged; every amount is proven, but some identity rests on review, a tie-break, the contextual ENT reading, or financial equivalence across candidates",,13,13,0,0,0,
INV-H3-000171,0,,3861805,3861805,0.65,medium,1,1,3861805,INV-H3-000171#0,"not flagged; every amount is proven, but some identity rests on review, a tie-break, the contextual ENT reading, or financial equivalence across candidates",,17,17,0,0,0,
INV-H3-000172,0,,,3824234,0.40,low,0,0,,INV-H3-000172#0,"H3-L00172-04: 'occupancy continuous isol room /RM-3671' is unresolved (jev_ambiguous_contracted) between Continuous Immunologic Isolation Room Occupancy, Continuous Renal Isolation Room Occupancy ; blank: a line's candidate services lead to different corrected amounts ; not flagged, but some line's corrected amount could not be proven, so not every rule could be checked",,18,17,0,1,0,a line's candidate services lead to different corrected amounts
INV-H3-000173,0,,2611235,2611235,0.65,medium,1,1,2611235,INV-H3-000173#0,"not flagged; every amount is proven, but some identity rests on review, a tie-break, the contextual ENT reading, or financial equivalence across candidates",,16,16,0,0,0,
INV-H3-000174,0,,1545170,1545170,0.85,high,1,1,1545170,INV-H3-000174#0,not flagged; every line identified from text and priced exactly,,7,7,0,0,0,
INV-H3-000175,0,,2449375,2449375,0.65,medium,1,1,2449375,INV-H3-000175#0,"not flagged; every amount is proven, but some identity rests on review, a tie-break, the contextual ENT reading, or financial equivalence across candidates",,10,10,0,0,0,
INV-H3-000176,0,,1326312,1326312,0.65,medium,1,1,1326312,INV-H3-000176#0,"not flagged; every amount is proven, but some identity rests on review, a tie-break, the contextual ENT reading, or financial equivalence across candidates",,5,5,0,0,0,
INV-H3-000177,0,,1316762,1316762,0.65,medium,1,1,1316762,INV-H3-000177#0,"not flagged; every amount is proven, but some identity rests on review, a tie-break, the contextual ENT reading, or financial equivalence across candidates",,12,12,0,0,0,
INV-H3-000178,0,,1664920,1664920,0.85,high,1,1,1664920,INV-H3-000178#0,not flagged; every line identified from text and priced exactly,,11,11,0,0,0,
INV-H3-000179,0,,1627201,1627201,0.65,medium,1,1,1627201,INV-H3-000179#0,"not flagged; every amount is proven, but some identity rests on review, a tie-break, the contextual ENT reading, or financial equivalence across candidates",,9,9,0,0,0,
INV-H3-000180,0,,2072229,2072229,0.85,high,1,1,2072229,INV-H3-000180#0,not flagged; every line identified from text and priced exactly,,17,17,0,0,0,
INV-H3-000181,0,,,4635942,0.40,low,0,0,,INV-H3-000181#0,"H3-L00181-11: 'adv - telemetry monit /RM-3459' is unresolved (jev_ambiguous_contracted) between Advanced Gastrointestinal Telemetry Monitoring, Advanced Paediatric Telemetry Monitoring ; blank: a line's candidate services lead to different corrected amounts ; not flagged, but some line's corrected amount could not be proven, so not every rule could be checked",,19,18,0,1,0,a line's candidate services lead to different corrected amounts
INV-H3-000182,0,,2506010,2506010,0.65,medium,1,1,2506010,INV-H3-000182#0,"not flagged; every amount is proven, but some identity rests on review, a tie-break, the contextual ENT reading, or financial equivalence across candidates",,18,18,0,0,0,
INV-H3-000183,1,unknown_service,,1069831,0.40,low,0,0,,INV-H3-000183#0,"H3-L00183-03: service not contracted, so no contract price exists ; blank: a line names a service this agreement does not contract (no contract price) ; a finding rests on reading free text, or the corrected total cannot be proven",1069831,6,5,0,0,1,a line names a service this agreement does not contract (no contract price)
INV-H3-000184,0,,2893431,2893431,0.65,medium,1,1,2893431,INV-H3-000184#0,"not flagged; every amount is proven, but some identity rests on review, a tie-break, the contextual ENT reading, or financial equivalence across candidates",,13,13,0,0,0,
INV-H3-000185,0,,4468402,4468402,0.65,medium,1,1,4468402,INV-H3-000185#0,"not flagged; every amount is proven, but some identity rests on review, a tie-break, the contextual ENT reading, or financial equivalence across candidates",,20,20,0,0,0,
INV-H3-000186,0,,1192225,1192225,0.65,medium,1,1,1192225,INV-H3-000186#0,"not flagged; every amount is proven, but some identity rests on review, a tie-break, the contextual ENT reading, or financial equivalence across candidates",,7,7,0,0,0,
INV-H3-000187,0,,4406200,4406200,0.65,medium,1,1,4406200,INV-H3-000187#0,"not flagged; every amount is proven, but some identity rests on review, a tie-break, the contextual ENT reading, or financial equivalence across candidates",,19,19,0,0,0,
INV-H3-000188,0,,2658062,2658062,0.65,medium,1,1,2658062,INV-H3-000188#0,"not flagged; every amount is proven, but some identity rests on review, a tie-break, the contextual ENT reading, or financial equivalence across candidates",,12,12,0,0,0,
INV-H3-000189,0,,1668701,1668701,0.85,high,1,1,1668701,INV-H3-000189#0,not flagged; every line identified from text and priced exactly,,6,6,0,0,0,
INV-H3-000190,0,,1781390,1781390,0.85,high,1,1,1781390,INV-H3-000190#0,not flagged; every line identified from text and priced exactly,,6,6,0,0,0,
INV-H3-000191,0,,1130450,1130450,0.65,medium,1,1,1130450,INV-H3-000191#0,"not flagged; every amount is proven, but some identity rests on review, a tie-break, the contextual ENT reading, or financial equivalence across candidates",,6,6,0,0,0,
INV-H3-000192,0,,895350,895350,0.65,medium,1,1,895350,INV-H3-000192#0,"not flagged; every amount is proven, but some identity rests on review, a tie-break, the contextual ENT reading, or financial equivalence across candidates",,5,5,0,0,0,
INV-H3-000193,0,,860651,860651,0.85,high,1,1,860651,INV-H3-000193#0,not flagged; every line identified from text and priced exactly,,5,5,0,0,0,
INV-H3-000194,0,,,2276804,0.40,low,0,0,,INV-H3-000194#0,"H3-L00194-08: 'inpt thtr tm' is unresolved (jev_ambiguous_contracted) between Inpatient Metabolic Theatre Time, Inpatient Musculoskeletal Theatre Time ; blank: a line's candidate services lead to different corrected amounts ; not flagged, but some line's corrected amount could not be proven, so not every rule could be checked",,11,10,0,1,0,a line's candidate services lead to different corrected amounts
INV-H3-000195,0,,5677016,5677016,0.65,medium,1,1,5677016,INV-H3-000195#0,"not flagged; every amount is proven, but some identity rests on review, a tie-break, the contextual ENT reading, or financial equivalence across candidates",,19,19,0,0,0,
INV-H3-000196,0,,3350736,3350736,0.65,medium,1,1,3350736,INV-H3-000196#0,"not flagged; every amount is proven, but some identity rests on review, a tie-break, the contextual ENT reading, or financial equivalence across candidates",,18,18,0,0,0,
INV-H3-000197,0,,3991765,3991765,0.65,medium,1,1,3991765,INV-H3-000197#0,"not flagged; every amount is proven, but some identity rests on review, a tie-break, the contextual ENT reading, or financial equivalence across candidates",,16,16,0,0,0,
INV-H3-000198,0,,4266496,4266496,0.65,medium,1,1,4266496,INV-H3-000198#0,"not flagged; every amount is proven, but some identity rests on review, a tie-break, the contextual ENT reading, or financial equivalence across candidates",,15,15,0,0,0,
INV-H3-000199,0,,3188609,3188609,0.85,high,1,1,3188609,INV-H3-000199#0,not flagged; every line identified from text and priced exactly,,19,19,0,0,0,
INV-H3-000200,0,,3939560,3939560,0.65,medium,1,1,3939560,INV-H3-000200#0,"not flagged; every amount is proven, but some identity rests on review, a tie-break, the contextual ENT reading, or financial equivalence across candidates",,20,20,0,0,0,
INV-H3-000201,0,,3392518,3392518,0.85,high,1,1,3392518,INV-H3-000201#0,not flagged; every line identified from text and priced exactly,,12,12,0,0,0,
INV-H3-000202,0,,4554734,4554734,0.65,medium,1,1,4554734,INV-H3-000202#0,"not flagged; every amount is proven, but some identity rests on review, a tie-break, the contextual ENT reading, or financial equivalence across candidates",,19,19,0,0,0,
INV-H3-000203,0,,4626878,4626878,0.85,high,1,1,4626878,INV-H3-000203#0,not flagged; every line identified from text and priced exactly,,10,10,0,0,0,
INV-H3-000204,0,,4962801,4962801,0.65,medium,1,1,4962801,INV-H3-000204#0,"not flagged; every amount is proven, but some identity rests on review, a tie-break, the contextual ENT reading, or financial equivalence across candidates",,19,19,0,0,0,
INV-H3-000205,0,,4071739,4071739,0.65,medium,1,1,4071739,INV-H3-000205#0,"not flagged; every amount is proven, but some identity rests on review, a tie-break, the contextual ENT reading, or financial equivalence across candidates",,16,16,0,0,0,
INV-H3-000206,0,,967030,967030,0.65,medium,1,1,967030,INV-H3-000206#0,"not flagged; every amount is proven, but some identity rests on review, a tie-break, the contextual ENT reading, or financial equivalence across candidates",,7,7,0,0,0,
INV-H3-000207,0,,3464947,3464947,0.65,medium,1,1,3464947,INV-H3-000207#0,"not flagged; every amount is proven, but some identity rests on review, a tie-break, the contextual ENT reading, or financial equivalence across candidates",,18,18,0,0,0,
INV-H3-000208,0,,2132220,2132220,0.65,medium,1,1,2132220,INV-H3-000208#0,"not flagged; every amount is proven, but some identity rests on review, a tie-break, the contextual ENT reading, or financial equivalence across candidates",,13,13,0,0,0,
INV-H3-000209,0,,2664782,2664782,0.65,medium,1,1,2664782,INV-H3-000209#0,"not flagged; every amount is proven, but some identity rests on review, a tie-break, the contextual ENT reading, or financial equivalence across candidates",,18,18,0,0,0,
INV-H3-000210,0,,,6902928,0.40,low,0,0,,INV-H3-000210#0,"H3-L00210-10: 'dispensing inpt pharm /RM-6838' is unresolved (missing_discriminator) between Inpatient Gastrointestinal Pharmaceutical Dispensing or an uncontracted service ; blank: a line's description omits a word, so an uncontracted service cannot be ruled out ; not flagged, but some line's corrected amount could not be proven, so not every rule could be checked",,19,18,0,1,0,"a line's description omits a word, so an uncontracted service cannot be ruled out"
INV-H3-000211,0,,1435800,1435800,0.65,medium,1,1,1435800,INV-H3-000211#0,"not flagged; every amount is proven, but some identity rests on review, a tie-break, the contextual ENT reading, or financial equivalence across candidates",,8,8,0,0,0,
INV-H3-000212,0,,3418255,3418255,0.65,medium,1,1,3418255,INV-H3-000212#0,"not flagged; every amount is proven, but some identity rests on review, a tie-break, the contextual ENT reading, or financial equivalence across candidates",,18,18,0,0,0,
INV-H3-000213,0,,1888375,1888375,0.65,medium,1,1,1888375,INV-H3-000213#0,"not flagged; every amount is proven, but some identity rests on review, a tie-break, the contextual ENT reading, or financial equivalence across candidates",,9,9,0,0,0,
INV-H3-000214,0,,1904090,1904090,0.65,medium,1,1,1904090,INV-H3-000214#0,"not flagged; every amount is proven, but some identity rests on review, a tie-break, the contextual ENT reading, or financial equivalence across candidates",,7,7,0,0,0,
INV-H3-000215,0,,2252954,2252954,0.65,medium,1,1,2252954,INV-H3-000215#0,"not flagged; every amount is proven, but some identity rests on review, a tie-break, the contextual ENT reading, or financial equivalence across candidates",,12,12,0,0,0,
INV-H3-000216,0,,517255,517255,0.85,high,1,1,517255,INV-H3-000216#0,not flagged; every line identified from text and priced exactly,,6,6,0,0,0,
INV-H3-000217,0,,2821690,2821690,0.65,medium,1,1,2821690,INV-H3-000217#0,"not flagged; every amount is proven, but some identity rests on review, a tie-break, the contextual ENT reading, or financial equivalence across candidates",,20,20,0,0,0,
INV-H3-000218,0,,4377877,4377877,0.65,medium,1,1,4377877,INV-H3-000218#0,"not flagged; every amount is proven, but some identity rests on review, a tie-break, the contextual ENT reading, or financial equivalence across candidates",,20,20,0,0,0,
INV-H3-000219,0,,4121103,4121103,0.65,medium,1,1,4121103,INV-H3-000219#0,"not flagged; every amount is proven, but some identity rests on review, a tie-break, the contextual ENT reading, or financial equivalence across candidates",,18,18,0,0,0,
INV-H3-000220,0,,,1382975,0.40,low,0,0,,INV-H3-000220#0,"H3-L00220-02: 'occupancy continuous isol room /RM-3671' is unresolved (jev_ambiguous_contracted) between Continuous Immunologic Isolation Room Occupancy, Continuous Renal Isolation Room Occupancy ; blank: a line's candidate services lead to different corrected amounts ; not flagged, but some line's corrected amount could not be proven, so not every rule could be checked",,9,8,0,1,0,a line's candidate services lead to different corrected amounts
INV-H3-000221,1,volume_discount_omitted|service_date_after_invoice_date,2780850,2882235,0.65,medium,1,1,2780850,INV-H3-000221#0,"findings depend on hospital-wide state, a recorded policy, a reviewed or tie-broken identity, or a candidate set priced by financial equivalence",,11,11,0,0,0,
INV-H3-000222,0,,1062375,1062375,0.85,high,1,1,1062375,INV-H3-000222#0,not flagged; every line identified from text and priced exactly,,5,5,0,0,0,
INV-H3-000223,0,,2978097,2978097,0.65,medium,1,1,2978097,INV-H3-000223#0,"not flagged; every amount is proven, but some identity rests on review, a tie-break, the contextual ENT reading, or financial equivalence across candidates",,9,9,0,0,0,
INV-H3-000224,0,,1243799,1243799,0.65,medium,1,1,1243799,INV-H3-000224#0,"not flagged; every amount is proven, but some identity rests on review, a tie-break, the contextual ENT reading, or financial equivalence across candidates",,10,10,0,0,0,
INV-H3-000225,0,,990660,990660,0.85,high,1,1,990660,INV-H3-000225#0,not flagged; every line identified from text and priced exactly,,7,7,0,0,0,
INV-H3-000226,1,premium_omitted|amended_rate_applied_before_effective_date,2742187,2782237,0.65,medium,1,1,2742187,INV-H3-000226#0,"findings depend on hospital-wide state, a recorded policy, a reviewed or tie-broken identity, or a candidate set priced by financial equivalence",,20,20,0,0,0,
INV-H3-000227,0,,4352271,4352271,0.65,medium,1,1,4352271,INV-H3-000227#0,"not flagged; every amount is proven, but some identity rests on review, a tie-break, the contextual ENT reading, or financial equivalence across candidates",,16,16,0,0,0,
INV-H3-000228,0,,3318527,3318527,0.65,medium,1,1,3318527,INV-H3-000228#0,"not flagged; every amount is proven, but some identity rests on review, a tie-break, the contextual ENT reading, or financial equivalence across candidates",,16,16,0,0,0,
INV-H3-000229,0,,4267784,4267784,0.65,medium,1,1,4267784,INV-H3-000229#0,"not flagged; every amount is proven, but some identity rests on review, a tie-break, the contextual ENT reading, or financial equivalence across candidates",,20,20,0,0,0,
INV-H3-000230,0,,,4647480,0.40,low,0,0,4686730,INV-H3-000230#0,"H3-L00230-15: 'inpt thtr tm' is unresolved (jev_ambiguous_contracted) between Inpatient Metabolic Theatre Time, Inpatient Musculoskeletal Theatre Time ; H3-L00230-15 as Inpatient Metabolic Theatre Time: the cap proves the quantity wrong but not what it should be; only the capped amount is a ceiling (policy) ; blank: a line's candidate services lead to different corrected amounts ; not flagged, but some line's corrected amount could not be proven, so not every rule could be checked",,16,15,0,1,0,a line's candidate services lead to different corrected amounts
INV-H3-000231,0,,4454522,4454522,0.65,medium,1,1,4454522,INV-H3-000231#0,"not flagged; every amount is proven, but some identity rests on review, a tie-break, the contextual ENT reading, or financial equivalence across candidates",,17,17,0,0,0,
INV-H3-000232,0,,2474922,2474922,0.65,medium,1,1,2474922,INV-H3-000232#0,"not flagged; every amount is proven, but some identity rests on review, a tie-break, the contextual ENT reading, or financial equivalence across candidates",,15,15,0,0,0,
INV-H3-000233,0,,2454675,2454675,0.85,high,1,1,2454675,INV-H3-000233#0,not flagged; every line identified from text and priced exactly,,8,8,0,0,0,
INV-H3-000234,0,,1394090,1394090,0.85,high,1,1,1394090,INV-H3-000234#0,not flagged; every line identified from text and priced exactly,,8,8,0,0,0,
INV-H3-000235,0,,1007120,1007120,0.65,medium,1,1,1007120,INV-H3-000235#0,"not flagged; every amount is proven, but some identity rests on review, a tie-break, the contextual ENT reading, or financial equivalence across candidates",,6,6,0,0,0,
INV-H3-000236,1,daily_cap_exceeded,,3145160,0.40,low,1,0,2423035,INV-H3-000236#0,"H3-L00236-08: the cap proves the quantity wrong but not what it should be; only the capped amount is a ceiling (policy) ; blank: a daily cap is breached: the billed quantity is wrong but the right one is unknowable ; a finding rests on reading free text, or the corrected total cannot be proven",,8,7,0,1,0,a daily cap is breached: the billed quantity is wrong but the right one is unknowable
INV-H3-000237,0,,2095800,2095800,0.85,high,1,1,2095800,INV-H3-000237#0,not flagged; every line identified from text and priced exactly,,8,8,0,0,0,
INV-H3-000238,0,,2090769,2090769,0.85,high,1,1,2090769,INV-H3-000238#0,not flagged; every line identified from text and priced exactly,,8,8,0,0,0,
INV-H3-000239,0,,2210402,2210402,0.65,medium,1,1,2210402,INV-H3-000239#0,"not flagged; every amount is proven, but some identity rests on review, a tie-break, the contextual ENT reading, or financial equivalence across candidates",,16,16,0,0,0,
INV-H3-000240,0,,3109331,3109331,0.65,medium,1,1,3109331,INV-H3-000240#0,"not flagged; every amount is proven, but some identity rests on review, a tie-break, the contextual ENT reading, or financial equivalence across candidates",,13,13,0,0,0,
INV-H3-000241,0,,2422456,2422456,0.65,medium,1,1,2422456,INV-H3-000241#0,"not flagged; every amount is proven, but some identity rests on review, a tie-break, the contextual ENT reading, or financial equivalence across candidates",,8,8,0,0,0,
INV-H3-000242,0,,1954782,1954782,0.65,medium,1,1,1954782,INV-H3-000242#0,"not flagged; every amount is proven, but some identity rests on review, a tie-break, the contextual ENT reading, or financial equivalence across candidates",,9,9,0,0,0,
INV-H3-000243,0,,2866363,2866363,0.65,medium,1,1,2866363,INV-H3-000243#0,"not flagged; every amount is proven, but some identity rests on review, a tie-break, the contextual ENT reading, or financial equivalence across candidates",,20,20,0,0,0,
INV-H3-000244,0,,1227080,1227080,0.65,medium,1,1,1227080,INV-H3-000244#0,"not flagged; every amount is proven, but some identity rests on review, a tie-break, the contextual ENT reading, or financial equivalence across candidates",,10,10,0,0,0,
INV-H3-000245,0,,967183,967183,0.65,medium,1,1,967183,INV-H3-000245#0,"not flagged; every amount is proven, but some identity rests on review, a tie-break, the contextual ENT reading, or financial equivalence across candidates",,5,5,0,0,0,
INV-H3-000246,0,,2031615,2031615,0.85,high,1,1,2031615,INV-H3-000246#0,not flagged; every line identified from text and priced exactly,,12,12,0,0,0,
INV-H3-000247,0,,2467420,2467420,0.65,medium,1,1,2467420,INV-H3-000247#0,"not flagged; every amount is proven, but some identity rests on review, a tie-break, the contextual ENT reading, or financial equivalence across candidates",,11,11,0,0,0,
INV-H3-000248,0,,3758220,3758220,0.65,medium,1,1,3758220,INV-H3-000248#0,"not flagged; every amount is proven, but some identity rests on review, a tie-break, the contextual ENT reading, or financial equivalence across candidates",,14,14,0,0,0,
INV-H3-000249,0,,3239761,3239761,0.65,medium,1,1,3239761,INV-H3-000249#0,"not flagged; every amount is proven, but some identity rests on review, a tie-break, the contextual ENT reading, or financial equivalence across candidates",,14,14,0,0,0,
INV-H3-000250,0,,2330052,2330052,0.65,medium,1,1,2330052,INV-H3-000250#0,"not flagged; every amount is proven, but some identity rests on review, a tie-break, the contextual ENT reading, or financial equivalence across candidates",,11,11,0,0,0,
INV-H3-000251,0,,1281594,1281594,0.65,medium,1,1,1281594,INV-H3-000251#0,"not flagged; every amount is proven, but some identity rests on review, a tie-break, the contextual ENT reading, or financial equivalence across candidates",,8,8,0,0,0,
INV-H3-000252,0,,2668032,2668032,0.65,medium,1,1,2668032,INV-H3-000252#0,"not flagged; every amount is proven, but some identity rests on review, a tie-break, the contextual ENT reading, or financial equivalence across candidates",,15,15,0,0,0,
INV-H3-000253,0,,3078925,3078925,0.65,medium,1,1,3078925,INV-H3-000253#0,"not flagged; every amount is proven, but some identity rests on review, a tie-break, the contextual ENT reading, or financial equivalence across candidates",,7,7,0,0,0,
INV-H3-000254,0,,4473568,4473568,0.65,medium,1,1,4473568,INV-H3-000254#0,"not flagged; every amount is proven, but some identity rests on review, a tie-break, the contextual ENT reading, or financial equivalence across candidates",,13,13,0,0,0,
INV-H3-000255,0,,1758575,1758575,0.85,high,1,1,1758575,INV-H3-000255#0,not flagged; every line identified from text and priced exactly,,9,9,0,0,0,
INV-H3-000256,0,,3038692,3038692,0.65,medium,1,1,3038692,INV-H3-000256#0,"not flagged; every amount is proven, but some identity rests on review, a tie-break, the contextual ENT reading, or financial equivalence across candidates",,16,16,0,0,0,
INV-H3-000257,0,,2063175,2063175,0.65,medium,1,1,2063175,INV-H3-000257#0,"not flagged; every amount is proven, but some identity rests on review, a tie-break, the contextual ENT reading, or financial equivalence across candidates",,8,8,0,0,0,
INV-H3-000258,0,,775102,775102,0.65,medium,1,1,775102,INV-H3-000258#0,"not flagged; every amount is proven, but some identity rests on review, a tie-break, the contextual ENT reading, or financial equivalence across candidates",,6,6,0,0,0,
INV-H3-000259,0,,2849928,2849928,0.85,high,1,1,2849928,INV-H3-000259#0,not flagged; every line identified from text and priced exactly,,11,11,0,0,0,
INV-H3-000260,0,,1972756,1972756,0.85,high,1,1,1972756,INV-H3-000260#0,not flagged; every line identified from text and priced exactly,,6,6,0,0,0,
INV-H3-000261,0,,2140758,2140758,0.85,high,1,1,2140758,INV-H3-000261#0,not flagged; every line identified from text and priced exactly,,5,5,0,0,0,
INV-H3-000262,1,unit_price_mismatch,4772051,4801913,0.65,medium,1,1,4772051,INV-H3-000262#0,"findings depend on hospital-wide state, a recorded policy, a reviewed or tie-broken identity, or a candidate set priced by financial equivalence",,15,15,0,0,0,
INV-H3-000263,0,,1293748,1293748,0.65,medium,1,1,1293748,INV-H3-000263#0,"not flagged; every amount is proven, but some identity rests on review, a tie-break, the contextual ENT reading, or financial equivalence across candidates",,8,8,0,0,0,
INV-H3-000264,0,,3302277,3302277,0.85,high,1,1,3302277,INV-H3-000264#0,not flagged; every line identified from text and priced exactly,,14,14,0,0,0,
INV-H3-000265,0,,3208663,3208663,0.65,medium,1,1,3208663,INV-H3-000265#0,"not flagged; every amount is proven, but some identity rests on review, a tie-break, the contextual ENT reading, or financial equivalence across candidates",,20,20,0,0,0,
INV-H3-000266,0,,5056653,5056653,0.65,medium,1,1,5056653,INV-H3-000266#0,"not flagged; every amount is proven, but some identity rests on review, a tie-break, the contextual ENT reading, or financial equivalence across candidates",,20,20,0,0,0,
INV-H3-000267,0,,1268756,1268756,0.65,medium,1,1,1268756,INV-H3-000267#0,"not flagged; every amount is proven, but some identity rests on review, a tie-break, the contextual ENT reading, or financial equivalence across candidates",,5,5,0,0,0,
INV-H3-000268,0,,1055840,1055840,0.85,high,1,1,1055840,INV-H3-000268#0,not flagged; every line identified from text and priced exactly,,6,6,0,0,0,
INV-H3-000269,0,,1423991,1423991,0.65,medium,1,1,1423991,INV-H3-000269#0,"not flagged; every amount is proven, but some identity rests on review, a tie-break, the contextual ENT reading, or financial equivalence across candidates",,10,10,0,0,0,
INV-H3-000270,0,,1420122,1420122,0.85,high,1,1,1420122,INV-H3-000270#0,not flagged; every line identified from text and priced exactly,,8,8,0,0,0,
INV-H3-000271,0,,3940067,3940067,0.85,high,1,1,3940067,INV-H3-000271#0,not flagged; every line identified from text and priced exactly,,20,20,0,0,0,
INV-H3-000272,0,,972608,972608,0.85,high,1,1,972608,INV-H3-000272#0,not flagged; every line identified from text and priced exactly,,5,5,0,0,0,
INV-H3-000273,0,,4077755,4077755,0.65,medium,1,1,4077755,INV-H3-000273#0,"not flagged; every amount is proven, but some identity rests on review, a tie-break, the contextual ENT reading, or financial equivalence across candidates",,15,15,0,0,0,
INV-H3-000274,0,,2246868,2246868,0.65,medium,1,1,2246868,INV-H3-000274#0,"not flagged; every amount is proven, but some identity rests on review, a tie-break, the contextual ENT reading, or financial equivalence across candidates",,7,7,0,0,0,
INV-H3-000275,0,,2336290,2336290,0.65,medium,1,1,2336290,INV-H3-000275#0,"not flagged; every amount is proven, but some identity rests on review, a tie-break, the contextual ENT reading, or financial equivalence across candidates",,11,11,0,0,0,
INV-H3-000276,0,,2575410,2575410,0.65,medium,1,1,2575410,INV-H3-000276#0,"not flagged; every amount is proven, but some identity rests on review, a tie-break, the contextual ENT reading, or financial equivalence across candidates",,12,12,0,0,0,
INV-H3-000277,1,service_date_after_invoice_date|wrong_unit_basis|cross_invoice_duplicate,2641847,2833247,0.65,medium,1,1,2641847,INV-H3-000277#0,"findings depend on hospital-wide state, a recorded policy, a reviewed or tie-broken identity, or a candidate set priced by financial equivalence",,14,14,0,0,0,
INV-H3-000278,0,,4185298,4185298,0.85,high,1,1,4185298,INV-H3-000278#0,not flagged; every line identified from text and priced exactly,,19,19,0,0,0,
INV-H3-000279,0,,2675759,2675759,0.85,high,1,1,2675759,INV-H3-000279#0,not flagged; every line identified from text and priced exactly,,12,12,0,0,0,
INV-H3-000280,0,,1482837,1482837,0.65,medium,1,1,1482837,INV-H3-000280#0,"not flagged; every amount is proven, but some identity rests on review, a tie-break, the contextual ENT reading, or financial equivalence across candidates",,7,7,0,0,0,
INV-H3-000281,0,,2087514,2087514,0.65,medium,1,1,2087514,INV-H3-000281#0,"not flagged; every amount is proven, but some identity rests on review, a tie-break, the contextual ENT reading, or financial equivalence across candidates",,11,11,0,0,0,
INV-H3-000282,0,,1465854,1465854,0.65,medium,1,1,1465854,INV-H3-000282#0,"not flagged; every amount is proven, but some identity rests on review, a tie-break, the contextual ENT reading, or financial equivalence across candidates",,5,5,0,0,0,
INV-H3-000283,1,bundle_not_applied|unit_price_mismatch,3697860,4428835,0.65,medium,1,1,3697860,INV-H3-000283#0,"findings depend on hospital-wide state, a recorded policy, a reviewed or tie-broken identity, or a candidate set priced by financial equivalence",,20,20,0,0,0,
INV-H3-000284,1,unknown_service|wrong_unit_basis|line_total_arithmetic,,4960090,0.40,low,0,0,,INV-H3-000284#0,"H3-L00284-01: service not contracted, so no contract price exists ; blank: a line names a service this agreement does not contract (no contract price) ; a finding rests on reading free text, or the corrected total cannot be proven",4985090,14,13,0,0,1,a line names a service this agreement does not contract (no contract price)
INV-H3-000285,0,,3738460,3738460,0.65,medium,1,1,3738460,INV-H3-000285#0,"not flagged; every amount is proven, but some identity rests on review, a tie-break, the contextual ENT reading, or financial equivalence across candidates",,15,15,0,0,0,
INV-H3-000286,0,,2583800,2583800,0.85,high,1,1,2583800,INV-H3-000286#0,not flagged; every line identified from text and priced exactly,,8,8,0,0,0,
INV-H3-000287,0,,2856585,2856585,0.65,medium,1,1,2856585,INV-H3-000287#0,"not flagged; every amount is proven, but some identity rests on review, a tie-break, the contextual ENT reading, or financial equivalence across candidates",,18,18,0,0,0,
INV-H3-000288,0,,1668069,1668069,0.65,medium,1,1,1668069,INV-H3-000288#0,"not flagged; every amount is proven, but some identity rests on review, a tie-break, the contextual ENT reading, or financial equivalence across candidates",,12,12,0,0,0,
INV-H3-000289,0,,2079560,2079560,0.65,medium,1,1,2079560,INV-H3-000289#0,"not flagged; every amount is proven, but some identity rests on review, a tie-break, the contextual ENT reading, or financial equivalence across candidates",,11,11,0,0,0,
INV-H3-000290,0,,1305288,1305288,0.65,medium,1,1,1305288,INV-H3-000290#0,"not flagged; every amount is proven, but some identity rests on review, a tie-break, the contextual ENT reading, or financial equivalence across candidates",,5,5,0,0,0,
INV-H3-000291,0,,3600303,3600303,0.65,medium,1,1,3600303,INV-H3-000291#0,"not flagged; every amount is proven, but some identity rests on review, a tie-break, the contextual ENT reading, or financial equivalence across candidates",,18,18,0,0,0,
INV-H3-000292,0,,3120806,3120806,0.65,medium,1,1,3120806,INV-H3-000292#0,"not flagged; every amount is proven, but some identity rests on review, a tie-break, the contextual ENT reading, or financial equivalence across candidates",,15,15,0,0,0,
INV-H3-000293,0,,5029915,5029915,0.65,medium,1,1,5029915,INV-H3-000293#0,"not flagged; every amount is proven, but some identity rests on review, a tie-break, the contextual ENT reading, or financial equivalence across candidates",,18,18,0,0,0,
INV-H3-000294,0,,1846274,1846274,0.85,high,1,1,1846274,INV-H3-000294#0,not flagged; every line identified from text and priced exactly,,10,10,0,0,0,
INV-H3-000295,0,,3321134,3321134,0.65,medium,1,1,3321134,INV-H3-000295#0,"not flagged; every amount is proven, but some identity rests on review, a tie-break, the contextual ENT reading, or financial equivalence across candidates",,14,14,0,0,0,
INV-H3-000296,0,,875377,875377,0.85,high,1,1,875377,INV-H3-000296#0,not flagged; every line identified from text and priced exactly,,6,6,0,0,0,
INV-H3-000297,0,,4008253,4008253,0.65,medium,1,1,4008253,INV-H3-000297#0,"not flagged; every amount is proven, but some identity rests on review, a tie-break, the contextual ENT reading, or financial equivalence across candidates",,20,20,0,0,0,
INV-H3-000298,0,,1280597,1280597,0.85,high,1,1,1280597,INV-H3-000298#0,not flagged; every line identified from text and priced exactly,,6,6,0,0,0,
INV-H3-000299,0,,4663843,4663843,0.65,medium,1,1,4663843,INV-H3-000299#0,"not flagged; every amount is proven, but some identity rests on review, a tie-break, the contextual ENT reading, or financial equivalence across candidates",,19,19,0,0,0,
INV-H3-000300,0,,2366504,2366504,0.65,medium,1,1,2366504,INV-H3-000300#0,"not flagged; every amount is proven, but some identity rests on review, a tie-break, the contextual ENT reading, or financial equivalence across candidates",,17,17,0,0,0,
INV-H3-000301,0,,584765,584765,0.85,high,1,1,584765,INV-H3-000301#0,not flagged; every line identified from text and priced exactly,,6,6,0,0,0,
INV-H3-000302,0,,2851784,2851784,0.65,medium,1,1,2851784,INV-H3-000302#0,"not flagged; every amount is proven, but some identity rests on review, a tie-break, the contextual ENT reading, or financial equivalence across candidates",,14,14,0,0,0,
INV-H3-000303,0,,2398761,2398761,0.65,medium,1,1,2398761,INV-H3-000303#0,"not flagged; every amount is proven, but some identity rests on review, a tie-break, the contextual ENT reading, or financial equivalence across candidates",,12,12,0,0,0,
INV-H3-000304,0,,,2254728,0.40,low,0,0,,INV-H3-000304#0,"H3-L00304-02: 'adv - telemetry monit /RM-3459' is unresolved (jev_ambiguous_contracted) between Advanced Gastrointestinal Telemetry Monitoring, Advanced Paediatric Telemetry Monitoring ; blank: a line's candidate services lead to different corrected amounts ; not flagged, but some line's corrected amount could not be proven, so not every rule could be checked",,15,14,0,1,0,a line's candidate services lead to different corrected amounts
INV-H3-000305,0,,,5369852,0.40,low,0,0,,INV-H3-000305#0,"H3-L00305-06: 'occupancy continuous isol room /RM-3671' is unresolved (jev_ambiguous_contracted) between Continuous Immunologic Isolation Room Occupancy, Continuous Renal Isolation Room Occupancy ; blank: a line's candidate services lead to different corrected amounts ; not flagged, but some line's corrected amount could not be proven, so not every rule could be checked",,19,18,0,1,0,a line's candidate services lead to different corrected amounts
INV-H3-000306,0,,2291309,2291309,0.65,medium,1,1,2291309,INV-H3-000306#0,"not flagged; every amount is proven, but some identity rests on review, a tie-break, the contextual ENT reading, or financial equivalence across candidates",,8,8,0,0,0,
INV-H3-000307,0,,2979876,2979876,0.85,high,1,1,2979876,INV-H3-000307#0,not flagged; every line identified from text and priced exactly,,11,11,0,0,0,
INV-H3-000308,0,,,5674337,0.40,low,0,0,,INV-H3-000308#0,"H3-L00308-14: 'occupancy continuous isol room /RM-3671' is unresolved (jev_ambiguous_contracted) between Continuous Immunologic Isolation Room Occupancy, Continuous Renal Isolation Room Occupancy ; blank: a line's candidate services lead to different corrected amounts ; not flagged, but some line's corrected amount could not be proven, so not every rule could be checked",,20,19,0,1,0,a line's candidate services lead to different corrected amounts
INV-H3-000309,0,,1255941,1255941,0.65,medium,1,1,1255941,INV-H3-000309#0,"not flagged; every amount is proven, but some identity rests on review, a tie-break, the contextual ENT reading, or financial equivalence across candidates",,6,6,0,0,0,
INV-H3-000310,0,,3579397,3579397,0.65,medium,1,1,3579397,INV-H3-000310#0,"not flagged; every amount is proven, but some identity rests on review, a tie-break, the contextual ENT reading, or financial equivalence across candidates",,14,14,0,0,0,
INV-H3-000311,0,,2669817,2669817,0.65,medium,1,1,2669817,INV-H3-000311#0,"not flagged; every amount is proven, but some identity rests on review, a tie-break, the contextual ENT reading, or financial equivalence across candidates",,15,15,0,0,0,
INV-H3-000312,0,,2120285,2120285,0.65,medium,1,1,2120285,INV-H3-000312#0,"not flagged; every amount is proven, but some identity rests on review, a tie-break, the contextual ENT reading, or financial equivalence across candidates",,12,12,0,0,0,
INV-H3-000313,0,,1656090,1656090,0.65,medium,1,1,1656090,INV-H3-000313#0,"not flagged; every amount is proven, but some identity rests on review, a tie-break, the contextual ENT reading, or financial equivalence across candidates",,11,11,0,0,0,
INV-H3-000314,0,,2584085,2584085,0.65,medium,1,1,2584085,INV-H3-000314#0,"not flagged; every amount is proven, but some identity rests on review, a tie-break, the contextual ENT reading, or financial equivalence across candidates",,15,15,0,0,0,
INV-H3-000315,0,,2808637,2808637,0.65,medium,1,1,2808637,INV-H3-000315#0,"not flagged; every amount is proven, but some identity rests on review, a tie-break, the contextual ENT reading, or financial equivalence across candidates",,13,13,0,0,0,
INV-H3-000316,0,,2965511,2965511,0.65,medium,1,1,2965511,INV-H3-000316#0,"not flagged; every amount is proven, but some identity rests on review, a tie-break, the contextual ENT reading, or financial equivalence across candidates",,15,15,0,0,0,
INV-H3-000317,0,,1409111,1409111,0.85,high,1,1,1409111,INV-H3-000317#0,not flagged; every line identified from text and priced exactly,,9,9,0,0,0,
INV-H3-000318,0,,2002531,2002531,0.65,medium,1,1,2002531,INV-H3-000318#0,"not flagged; every amount is proven, but some identity rests on review, a tie-break, the contextual ENT reading, or financial equivalence across candidates",,8,8,0,0,0,
INV-H3-000319,0,,1994444,1994444,0.65,medium,1,1,1994444,INV-H3-000319#0,"not flagged; every amount is proven, but some identity rests on review, a tie-break, the contextual ENT reading, or financial equivalence across candidates",,13,13,0,0,0,
INV-H3-000320,0,,3519298,3519298,0.85,high,1,1,3519298,INV-H3-000320#0,not flagged; every line identified from text and priced exactly,,16,16,0,0,0,
INV-H3-000321,0,,809375,809375,0.85,high,1,1,809375,INV-H3-000321#0,not flagged; every line identified from text and priced exactly,,5,5,0,0,0,
INV-H3-000322,0,,4460091,4460091,0.65,medium,1,1,4460091,INV-H3-000322#0,"not flagged; every amount is proven, but some identity rests on review, a tie-break, the contextual ENT reading, or financial equivalence across candidates",,20,20,0,0,0,
INV-H3-000323,0,,4914608,4914608,0.65,medium,1,1,4914608,INV-H3-000323#0,"not flagged; every amount is proven, but some identity rests on review, a tie-break, the contextual ENT reading, or financial equivalence across candidates",,18,18,0,0,0,
INV-H3-000324,1,contract_number_mismatch|duplicate_invoice_id|bundle_not_applied,1177521,1266846,0.65,medium,1,1,1177521,INV-H3-000324#0|INV-H3-000324#1,"invoice number reused: this row represents occurrence INV-H3-000324#1; earlier occurrence(s) INV-H3-000324#0 (0 finding(s)) are audited separately in findings.csv ; findings depend on hospital-wide state, a recorded policy, a reviewed or tie-broken identity, or a candidate set priced by financial equivalence",,5,5,0,0,0,
INV-H3-000325,0,,4438825,4438825,0.65,medium,1,1,4438825,INV-H3-000325#0,"not flagged; every amount is proven, but some identity rests on review, a tie-break, the contextual ENT reading, or financial equivalence across candidates",,20,20,0,0,0,
INV-H3-000326,0,,1176004,1176004,0.85,high,1,1,1176004,INV-H3-000326#0,not flagged; every line identified from text and priced exactly,,7,7,0,0,0,
INV-H3-000327,0,,2881395,2881395,0.65,medium,1,1,2881395,INV-H3-000327#0,"not flagged; every amount is proven, but some identity rests on review, a tie-break, the contextual ENT reading, or financial equivalence across candidates",,12,12,0,0,0,
INV-H3-000328,0,,3115283,3115283,0.65,medium,1,1,3115283,INV-H3-000328#0,"not flagged; every amount is proven, but some identity rests on review, a tie-break, the contextual ENT reading, or financial equivalence across candidates",,14,14,0,0,0,
INV-H3-000329,0,,5813300,5813300,0.65,medium,1,1,5813300,INV-H3-000329#0,"not flagged; every amount is proven, but some identity rests on review, a tie-break, the contextual ENT reading, or financial equivalence across candidates",,17,17,0,0,0,
INV-H3-000330,0,,3100873,3100873,0.65,medium,1,1,3100873,INV-H3-000330#0,"not flagged; every amount is proven, but some identity rests on review, a tie-break, the contextual ENT reading, or financial equivalence across candidates",,15,15,0,0,0,
INV-H3-000331,0,,2407428,2407428,0.85,high,1,1,2407428,INV-H3-000331#0,not flagged; every line identified from text and priced exactly,,9,9,0,0,0,
INV-H3-000332,1,malformed_service_date|unit_price_mismatch,4883960,4925293,0.85,high,1,1,4883960,INV-H3-000332#0,"findings apply contract rules to services identified from text, priced exactly",,19,19,0,0,0,
INV-H3-000333,0,,1677524,1677524,0.85,high,1,1,1677524,INV-H3-000333#0,not flagged; every line identified from text and priced exactly,,12,12,0,0,0,
INV-H3-000334,1,duplicate_invoice_id|premium_omitted|malformed_service_date,3417233,3368965,0.65,medium,1,1,3417233,INV-H3-000334#0|INV-H3-000334#1,"invoice number reused: this row represents occurrence INV-H3-000334#1; earlier occurrence(s) INV-H3-000334#0 (0 finding(s)) are audited separately in findings.csv ; findings depend on hospital-wide state, a recorded policy, a reviewed or tie-broken identity, or a candidate set priced by financial equivalence",,16,16,0,0,0,
INV-H3-000335,0,,3284145,3284145,0.65,medium,1,1,3284145,INV-H3-000335#0,"not flagged; every amount is proven, but some identity rests on review, a tie-break, the contextual ENT reading, or financial equivalence across candidates",,18,18,0,0,0,
INV-H3-000336,0,,4078379,4078379,0.65,medium,1,1,4078379,INV-H3-000336#0,"not flagged; every amount is proven, but some identity rests on review, a tie-break, the contextual ENT reading, or financial equivalence across candidates",,19,19,0,0,0,
INV-H3-000337,0,,1678515,1678515,0.65,medium,1,1,1678515,INV-H3-000337#0,"not flagged; every amount is proven, but some identity rests on review, a tie-break, the contextual ENT reading, or financial equivalence across candidates",,8,8,0,0,0,
INV-H3-000338,0,,3561443,3561443,0.65,medium,1,1,3561443,INV-H3-000338#0,"not flagged; every amount is proven, but some identity rests on review, a tie-break, the contextual ENT reading, or financial equivalence across candidates",,8,8,0,0,0,
INV-H3-000339,0,,914300,914300,0.65,medium,1,1,914300,INV-H3-000339#0,"not flagged; every amount is proven, but some identity rests on review, a tie-break, the contextual ENT reading, or financial equivalence across candidates",,5,5,0,0,0,
INV-H3-000340,1,contract_number_mismatch,3870957,3870957,0.85,high,1,1,3870957,INV-H3-000340#0,"every finding follows from the invoice's own fields, independent of service identity",,16,16,0,0,0,
INV-H3-000341,0,,1351390,1351390,0.65,medium,1,1,1351390,INV-H3-000341#0,"not flagged; every amount is proven, but some identity rests on review, a tie-break, the contextual ENT reading, or financial equivalence across candidates",,7,7,0,0,0,
INV-H3-000342,0,,3544012,3544012,0.65,medium,1,1,3544012,INV-H3-000342#0,"not flagged; every amount is proven, but some identity rests on review, a tie-break, the contextual ENT reading, or financial equivalence across candidates",,15,15,0,0,0,
INV-H3-000343,0,,5494992,5494992,0.65,medium,1,1,5494992,INV-H3-000343#0,"not flagged; every amount is proven, but some identity rests on review, a tie-break, the contextual ENT reading, or financial equivalence across candidates",,20,20,0,0,0,
INV-H3-000344,1,amended_rate_applied_before_effective_date,3052251,3057951,0.85,high,1,1,3052251,INV-H3-000344#0,"findings apply contract rules to services identified from text, priced exactly",,14,14,0,0,0,
INV-H3-000346,0,,2421974,2421974,0.65,medium,1,1,2421974,INV-H3-000346#0,"not flagged; every amount is proven, but some identity rests on review, a tie-break, the contextual ENT reading, or financial equivalence across candidates",,13,13,0,0,0,
INV-H3-000347,1,wrong_unit_basis|premium_incorrectly_applied|daily_cap_exceeded,,1822098,0.40,low,1,0,1769483,INV-H3-000347#0,"H3-L00347-06: the cap proves the quantity wrong but not what it should be; only the capped amount is a ceiling (policy) ; blank: a daily cap is breached: the billed quantity is wrong but the right one is unknowable ; a finding rests on reading free text, or the corrected total cannot be proven",,11,10,0,1,0,a daily cap is breached: the billed quantity is wrong but the right one is unknowable
INV-H3-000348,0,,1258643,1258643,0.65,medium,1,1,1258643,INV-H3-000348#0,"not flagged; every amount is proven, but some identity rests on review, a tie-break, the contextual ENT reading, or financial equivalence across candidates",,5,5,0,0,0,
INV-H3-000349,0,,3318030,3318030,0.65,medium,1,1,3318030,INV-H3-000349#0,"not flagged; every amount is proven, but some identity rests on review, a tie-break, the contextual ENT reading, or financial equivalence across candidates",,20,20,0,0,0,
INV-H3-000350,0,,3643337,3643337,0.65,medium,1,1,3643337,INV-H3-000350#0,"not flagged; every amount is proven, but some identity rests on review, a tie-break, the contextual ENT reading, or financial equivalence across candidates",,18,18,0,0,0,
INV-H3-000351,1,malformed_service_date,940257,940257,0.85,high,1,1,940257,INV-H3-000351#0,"every finding follows from the invoice's own fields, independent of service identity",,5,5,0,0,0,
INV-H3-000352,1,duplicate_invoice_id,1962471,1962471,0.85,high,1,1,1962471,INV-H3-000352#0|INV-H3-000352#1,"invoice number reused: this row represents occurrence INV-H3-000352#1; earlier occurrence(s) INV-H3-000352#0 (0 finding(s)) are audited separately in findings.csv ; every finding follows from the invoice's own fields, independent of service identity",,9,9,0,0,0,
INV-H3-000353,0,,3005067,3005067,0.65,medium,1,1,3005067,INV-H3-000353#0,"not flagged; every amount is proven, but some identity rests on review, a tie-break, the contextual ENT reading, or financial equivalence across candidates",,14,14,0,0,0,
INV-H3-000354,0,,1327549,1327549,0.65,medium,1,1,1327549,INV-H3-000354#0,"not flagged; every amount is proven, but some identity rests on review, a tie-break, the contextual ENT reading, or financial equivalence across candidates",,6,6,0,0,0,
INV-H3-000355,0,,2542679,2542679,0.65,medium,1,1,2542679,INV-H3-000355#0,"not flagged; every amount is proven, but some identity rests on review, a tie-break, the contextual ENT reading, or financial equivalence across candidates",,11,11,0,0,0,
INV-H3-000356,0,,893175,893175,0.65,medium,1,1,893175,INV-H3-000356#0,"not flagged; every amount is proven, but some identity rests on review, a tie-break, the contextual ENT reading, or financial equivalence across candidates",,8,8,0,0,0,
INV-H3-000357,0,,724170,724170,0.65,medium,1,1,724170,INV-H3-000357#0,"not flagged; every amount is proven, but some identity rests on review, a tie-break, the contextual ENT reading, or financial equivalence across candidates",,6,6,0,0,0,
INV-H3-000358,0,,2515793,2515793,0.85,high,1,1,2515793,INV-H3-000358#0,not flagged; every line identified from text and priced exactly,,8,8,0,0,0,
INV-H3-000359,0,,1321233,1321233,0.65,medium,1,1,1321233,INV-H3-000359#0,"not flagged; every amount is proven, but some identity rests on review, a tie-break, the contextual ENT reading, or financial equivalence across candidates",,7,7,0,0,0,
INV-H3-000360,0,,1872785,1872785,0.85,high,1,1,1872785,INV-H3-000360#0,not flagged; every line identified from text and priced exactly,,9,9,0,0,0,
INV-H3-000361,0,,680391,680391,0.85,high,1,1,680391,INV-H3-000361#0,not flagged; every line identified from text and priced exactly,,5,5,0,0,0,
INV-H3-000362,0,,2478315,2478315,0.65,medium,1,1,2478315,INV-H3-000362#0,"not flagged; every amount is proven, but some identity rests on review, a tie-break, the contextual ENT reading, or financial equivalence across candidates",,11,11,0,0,0,
INV-H3-000363,0,,2021865,2021865,0.85,high,1,1,2021865,INV-H3-000363#0,not flagged; every line identified from text and priced exactly,,8,8,0,0,0,
INV-H3-000364,0,,717492,717492,0.65,medium,1,1,717492,INV-H3-000364#0,"not flagged; every amount is proven, but some identity rests on review, a tie-break, the contextual ENT reading, or financial equivalence across candidates",,7,7,0,0,0,
INV-H3-000365,0,,2076880,2076880,0.65,medium,1,1,2076880,INV-H3-000365#0,"not flagged; every amount is proven, but some identity rests on review, a tie-break, the contextual ENT reading, or financial equivalence across candidates",,9,9,0,0,0,
INV-H3-000366,0,,1721197,1721197,0.85,high,1,1,1721197,INV-H3-000366#0,not flagged; every line identified from text and priced exactly,,7,7,0,0,0,
INV-H3-000367,1,wrong_unit_basis,1226552,1226552,0.65,medium,1,1,1226552,INV-H3-000367#0,"findings depend on hospital-wide state, a recorded policy, a reviewed or tie-broken identity, or a candidate set priced by financial equivalence",,8,8,0,0,0,
INV-H3-000368,0,,2454243,2454243,0.65,medium,1,1,2454243,INV-H3-000368#0,"not flagged; every amount is proven, but some identity rests on review, a tie-break, the contextual ENT reading, or financial equivalence across candidates",,13,13,0,0,0,
INV-H3-000369,0,,987804,987804,0.85,high,1,1,987804,INV-H3-000369#0,not flagged; every line identified from text and priced exactly,,5,5,0,0,0,
INV-H3-000370,0,,1644625,1644625,0.65,medium,1,1,1644625,INV-H3-000370#0,"not flagged; every amount is proven, but some identity rests on review, a tie-break, the contextual ENT reading, or financial equivalence across candidates",,7,7,0,0,0,
INV-H3-000371,1,wrong_unit_basis|service_date_out_of_window|line_total_arithmetic,657680,757680,0.65,medium,1,1,657680,INV-H3-000371#0,"findings depend on hospital-wide state, a recorded policy, a reviewed or tie-broken identity, or a candidate set priced by financial equivalence",,5,5,0,0,0,
INV-H3-000372,0,,3705794,3705794,0.65,medium,1,1,3705794,INV-H3-000372#0,"not flagged; every amount is proven, but some identity rests on review, a tie-break, the contextual ENT reading, or financial equivalence across candidates",,19,19,0,0,0,
INV-H3-000373,0,,2974080,2974080,0.65,medium,1,1,2974080,INV-H3-000373#0,"not flagged; every amount is proven, but some identity rests on review, a tie-break, the contextual ENT reading, or financial equivalence across candidates",,12,12,0,0,0,
INV-H3-000374,0,,2207638,2207638,0.65,medium,1,1,2207638,INV-H3-000374#0,"not flagged; every amount is proven, but some identity rests on review, a tie-break, the contextual ENT reading, or financial equivalence across candidates",,8,8,0,0,0,
INV-H3-000375,1,unit_price_mismatch|line_total_arithmetic,3684997,3934697,0.65,medium,1,1,3684997,INV-H3-000375#0,"findings depend on hospital-wide state, a recorded policy, a reviewed or tie-broken identity, or a candidate set priced by financial equivalence",,20,20,0,0,0,
INV-H3-000376,0,,2699524,2699524,0.65,medium,1,1,2699524,INV-H3-000376#0,"not flagged; every amount is proven, but some identity rests on review, a tie-break, the contextual ENT reading, or financial equivalence across candidates",,18,18,0,0,0,
INV-H3-000377,0,,1450513,1450513,0.65,medium,1,1,1450513,INV-H3-000377#0,"not flagged; every amount is proven, but some identity rests on review, a tie-break, the contextual ENT reading, or financial equivalence across candidates",,7,7,0,0,0,
INV-H3-000378,0,,695900,695900,0.65,medium,1,1,695900,INV-H3-000378#0,"not flagged; every amount is proven, but some identity rests on review, a tie-break, the contextual ENT reading, or financial equivalence across candidates",,6,6,0,0,0,
INV-H3-000379,0,,3426839,3426839,0.65,medium,1,1,3426839,INV-H3-000379#0,"not flagged; every amount is proven, but some identity rests on review, a tie-break, the contextual ENT reading, or financial equivalence across candidates",,16,16,0,0,0,
INV-H3-000380,0,,2527400,2527400,0.65,medium,1,1,2527400,INV-H3-000380#0,"not flagged; every amount is proven, but some identity rests on review, a tie-break, the contextual ENT reading, or financial equivalence across candidates",,11,11,0,0,0,
INV-H3-000381,1,duplicate_invoice_id|bundle_not_applied,1794275,1876500,0.65,medium,1,1,1794275,INV-H3-000381#0|INV-H3-000381#1,"invoice number reused: this row represents occurrence INV-H3-000381#1; earlier occurrence(s) INV-H3-000381#0 (0 finding(s)) are audited separately in findings.csv ; findings depend on hospital-wide state, a recorded policy, a reviewed or tie-broken identity, or a candidate set priced by financial equivalence",,13,13,0,0,0,
INV-H3-000382,0,,2422535,2422535,0.85,high,1,1,2422535,INV-H3-000382#0,not flagged; every line identified from text and priced exactly,,7,7,0,0,0,
INV-H3-000383,0,,1443865,1443865,0.85,high,1,1,1443865,INV-H3-000383#0,not flagged; every line identified from text and priced exactly,,8,8,0,0,0,
INV-H3-000384,0,,1841225,1841225,0.65,medium,1,1,1841225,INV-H3-000384#0,"not flagged; every amount is proven, but some identity rests on review, a tie-break, the contextual ENT reading, or financial equivalence across candidates",,6,6,0,0,0,
INV-H3-000385,0,,1162656,1162656,0.85,high,1,1,1162656,INV-H3-000385#0,not flagged; every line identified from text and priced exactly,,9,9,0,0,0,
INV-H3-000386,0,,3538584,3538584,0.65,medium,1,1,3538584,INV-H3-000386#0,"not flagged; every amount is proven, but some identity rests on review, a tie-break, the contextual ENT reading, or financial equivalence across candidates",,17,17,0,0,0,
INV-H3-000387,0,,1167943,1167943,0.85,high,1,1,1167943,INV-H3-000387#0,not flagged; every line identified from text and priced exactly,,6,6,0,0,0,
INV-H3-000388,0,,1485550,1485550,0.85,high,1,1,1485550,INV-H3-000388#0,not flagged; every line identified from text and priced exactly,,9,9,0,0,0,
INV-H3-000389,0,,2820751,2820751,0.65,medium,1,1,2820751,INV-H3-000389#0,"not flagged; every amount is proven, but some identity rests on review, a tie-break, the contextual ENT reading, or financial equivalence across candidates",,17,17,0,0,0,
INV-H3-000390,0,,3011640,3011640,0.65,medium,1,1,3011640,INV-H3-000390#0,"not flagged; every amount is proven, but some identity rests on review, a tie-break, the contextual ENT reading, or financial equivalence across candidates",,14,14,0,0,0,
INV-H3-000391,0,,2317653,2317653,0.65,medium,1,1,2317653,INV-H3-000391#0,"not flagged; every amount is proven, but some identity rests on review, a tie-break, the contextual ENT reading, or financial equivalence across candidates",,16,16,0,0,0,
INV-H3-000392,0,,,6412428,0.40,low,0,0,,INV-H3-000392#0,"H3-L00392-15: 'inpt thtr tm' is unresolved (jev_ambiguous_contracted) between Inpatient Metabolic Theatre Time, Inpatient Musculoskeletal Theatre Time ; blank: a line's candidate services lead to different corrected amounts ; not flagged, but some line's corrected amount could not be proven, so not every rule could be checked",,17,16,0,1,0,a line's candidate services lead to different corrected amounts
INV-H3-000393,0,,1479500,1479500,0.85,high,1,1,1479500,INV-H3-000393#0,not flagged; every line identified from text and priced exactly,,6,6,0,0,0,
INV-H3-000394,0,,1354133,1354133,0.65,medium,1,1,1354133,INV-H3-000394#0,"not flagged; every amount is proven, but some identity rests on review, a tie-break, the contextual ENT reading, or financial equivalence across candidates",,9,9,0,0,0,
INV-H3-000395,0,,4059927,4059927,0.85,high,1,1,4059927,INV-H3-000395#0,not flagged; every line identified from text and priced exactly,,19,19,0,0,0,
INV-H3-000396,0,,4882503,4882503,0.85,high,1,1,4882503,INV-H3-000396#0,not flagged; every line identified from text and priced exactly,,16,16,0,0,0,
INV-H3-000397,0,,1053916,1053916,0.65,medium,1,1,1053916,INV-H3-000397#0,"not flagged; every amount is proven, but some identity rests on review, a tie-break, the contextual ENT reading, or financial equivalence across candidates",,5,5,0,0,0,
INV-H3-000398,0,,4307147,4307147,0.65,medium,1,1,4307147,INV-H3-000398#0,"not flagged; every amount is proven, but some identity rests on review, a tie-break, the contextual ENT reading, or financial equivalence across candidates",,16,16,0,0,0,
INV-H3-000399,0,,2061652,2061652,0.65,medium,1,1,2061652,INV-H3-000399#0,"not flagged; every amount is proven, but some identity rests on review, a tie-break, the contextual ENT reading, or financial equivalence across candidates",,12,12,0,0,0,
INV-H3-000400,0,,2273634,2273634,0.65,medium,1,1,2273634,INV-H3-000400#0,"not flagged; every amount is proven, but some identity rests on review, a tie-break, the contextual ENT reading, or financial equivalence across candidates",,11,11,0,0,0,
INV-H3-000401,0,,2289619,2289619,0.65,medium,1,1,2289619,INV-H3-000401#0,"not flagged; every amount is proven, but some identity rests on review, a tie-break, the contextual ENT reading, or financial equivalence across candidates",,13,13,0,0,0,
INV-H3-000402,0,,1030376,1030376,0.85,high,1,1,1030376,INV-H3-000402#0,not flagged; every line identified from text and priced exactly,,9,9,0,0,0,
INV-H3-000403,0,,1723380,1723380,0.65,medium,1,1,1723380,INV-H3-000403#0,"not flagged; every amount is proven, but some identity rests on review, a tie-break, the contextual ENT reading, or financial equivalence across candidates",,7,7,0,0,0,
INV-H3-000404,0,,2432324,2432324,0.65,medium,1,1,2432324,INV-H3-000404#0,"not flagged; every amount is proven, but some identity rests on review, a tie-break, the contextual ENT reading, or financial equivalence across candidates",,9,9,0,0,0,
INV-H3-000405,0,,2754465,2754465,0.65,medium,1,1,2754465,INV-H3-000405#0,"not flagged; every amount is proven, but some identity rests on review, a tie-break, the contextual ENT reading, or financial equivalence across candidates",,14,14,0,0,0,
INV-H3-000406,0,,1330794,1330794,0.65,medium,1,1,1330794,INV-H3-000406#0,"not flagged; every amount is proven, but some identity rests on review, a tie-break, the contextual ENT reading, or financial equivalence across candidates",,6,6,0,0,0,
INV-H3-000407,0,,1651890,1651890,0.65,medium,1,1,1651890,INV-H3-000407#0,"not flagged; every amount is proven, but some identity rests on review, a tie-break, the contextual ENT reading, or financial equivalence across candidates",,10,10,0,0,0,
INV-H3-000408,0,,3571126,3571126,0.65,medium,1,1,3571126,INV-H3-000408#0,"not flagged; every amount is proven, but some identity rests on review, a tie-break, the contextual ENT reading, or financial equivalence across candidates",,17,17,0,0,0,
INV-H3-000409,0,,847213,847213,0.85,high,1,1,847213,INV-H3-000409#0,not flagged; every line identified from text and priced exactly,,5,5,0,0,0,
INV-H3-000410,0,,2640415,2640415,0.85,high,1,1,2640415,INV-H3-000410#0,not flagged; every line identified from text and priced exactly,,9,9,0,0,0,
INV-H3-000411,0,,2285301,2285301,0.85,high,1,1,2285301,INV-H3-000411#0,not flagged; every line identified from text and priced exactly,,11,11,0,0,0,
INV-H3-000412,0,,3431121,3431121,0.65,medium,1,1,3431121,INV-H3-000412#0,"not flagged; every amount is proven, but some identity rests on review, a tie-break, the contextual ENT reading, or financial equivalence across candidates",,14,14,0,0,0,
INV-H3-000413,0,,1623251,1623251,0.65,medium,1,1,1623251,INV-H3-000413#0,"not flagged; every amount is proven, but some identity rests on review, a tie-break, the contextual ENT reading, or financial equivalence across candidates",,10,10,0,0,0,
INV-H3-000414,0,,2582215,2582215,0.65,medium,1,1,2582215,INV-H3-000414#0,"not flagged; every amount is proven, but some identity rests on review, a tie-break, the contextual ENT reading, or financial equivalence across candidates",,17,17,0,0,0,
INV-H3-000415,0,,2317974,2317974,0.85,high,1,1,2317974,INV-H3-000415#0,not flagged; every line identified from text and priced exactly,,9,9,0,0,0,
INV-H3-000416,0,,3501130,3501130,0.65,medium,1,1,3501130,INV-H3-000416#0,"not flagged; every amount is proven, but some identity rests on review, a tie-break, the contextual ENT reading, or financial equivalence across candidates",,13,13,0,0,0,
INV-H3-000417,0,,,3108901,0.40,low,0,0,,INV-H3-000417#0,"H3-L00417-02: 'adv - telemetry monit /RM-3459' is unresolved (jev_ambiguous_contracted) between Advanced Gastrointestinal Telemetry Monitoring, Advanced Paediatric Telemetry Monitoring ; blank: a line's candidate services lead to different corrected amounts ; not flagged, but some line's corrected amount could not be proven, so not every rule could be checked",,14,13,0,1,0,a line's candidate services lead to different corrected amounts
INV-H3-000418,0,,2477993,2477993,0.65,medium,1,1,2477993,INV-H3-000418#0,"not flagged; every amount is proven, but some identity rests on review, a tie-break, the contextual ENT reading, or financial equivalence across candidates",,9,9,0,0,0,
INV-H3-000419,0,,4102600,4102600,0.65,medium,1,1,4102600,INV-H3-000419#0,"not flagged; every amount is proven, but some identity rests on review, a tie-break, the contextual ENT reading, or financial equivalence across candidates",,12,12,0,0,0,
INV-H3-000420,0,,3515258,3515258,0.65,medium,1,1,3515258,INV-H3-000420#0,"not flagged; every amount is proven, but some identity rests on review, a tie-break, the contextual ENT reading, or financial equivalence across candidates",,20,20,0,0,0,
INV-H3-000421,0,,4445080,4445080,0.65,medium,1,1,4445080,INV-H3-000421#0,"not flagged; every amount is proven, but some identity rests on review, a tie-break, the contextual ENT reading, or financial equivalence across candidates",,15,15,0,0,0,
INV-H3-000422,0,,2027914,2027914,0.65,medium,1,1,2027914,INV-H3-000422#0,"not flagged; every amount is proven, but some identity rests on review, a tie-break, the contextual ENT reading, or financial equivalence across candidates",,6,6,0,0,0,
INV-H3-000423,0,,5380751,5380751,0.65,medium,1,1,5380751,INV-H3-000423#0,"not flagged; every amount is proven, but some identity rests on review, a tie-break, the contextual ENT reading, or financial equivalence across candidates",,19,19,0,0,0,
INV-H3-000424,0,,1658950,1658950,0.65,medium,1,1,1658950,INV-H3-000424#0,"not flagged; every amount is proven, but some identity rests on review, a tie-break, the contextual ENT reading, or financial equivalence across candidates",,10,10,0,0,0,
INV-H3-000425,1,wrong_unit_basis,2704525,2704525,0.65,medium,1,1,2704525,INV-H3-000425#0,"findings depend on hospital-wide state, a recorded policy, a reviewed or tie-broken identity, or a candidate set priced by financial equivalence",,13,13,0,0,0,
INV-H3-000426,0,,3195393,3195393,0.65,medium,1,1,3195393,INV-H3-000426#0,"not flagged; every amount is proven, but some identity rests on review, a tie-break, the contextual ENT reading, or financial equivalence across candidates",,12,12,0,0,0,
INV-H3-000427,1,premium_omitted|daily_cap_exceeded,,3691222,0.40,low,1,0,3452004,INV-H3-000427#0,"H3-L00427-04: the cap proves the quantity wrong but not what it should be; only the capped amount is a ceiling (policy) ; blank: a daily cap is breached: the billed quantity is wrong but the right one is unknowable ; a finding rests on reading free text, or the corrected total cannot be proven",,15,14,0,1,0,a daily cap is breached: the billed quantity is wrong but the right one is unknowable
INV-H3-000428,0,,,4079374,0.40,low,0,0,,INV-H3-000428#0,"H3-L00428-19: 'dispensing inpt pharm /RM-6838' is unresolved (missing_discriminator) between Inpatient Gastrointestinal Pharmaceutical Dispensing or an uncontracted service ; blank: a line's description omits a word, so an uncontracted service cannot be ruled out ; not flagged, but some line's corrected amount could not be proven, so not every rule could be checked",,20,19,0,1,0,"a line's description omits a word, so an uncontracted service cannot be ruled out"
INV-H3-000429,0,,1635812,1635812,0.65,medium,1,1,1635812,INV-H3-000429#0,"not flagged; every amount is proven, but some identity rests on review, a tie-break, the contextual ENT reading, or financial equivalence across candidates",,14,14,0,0,0,
INV-H3-000430,0,,5691368,5691368,0.65,medium,1,1,5691368,INV-H3-000430#0,"not flagged; every amount is proven, but some identity rests on review, a tie-break, the contextual ENT reading, or financial equivalence across candidates",,19,19,0,0,0,
INV-H3-000431,0,,2216726,2216726,0.85,high,1,1,2216726,INV-H3-000431#0,not flagged; every line identified from text and priced exactly,,6,6,0,0,0,
INV-H3-000432,0,,3930653,3930653,0.65,medium,1,1,3930653,INV-H3-000432#0,"not flagged; every amount is proven, but some identity rests on review, a tie-break, the contextual ENT reading, or financial equivalence across candidates",,19,19,0,0,0,
INV-H3-000433,0,,,3852667,0.40,low,0,0,,INV-H3-000433#0,"H3-L00433-09: 'adv - telemetry monit /RM-3459' is unresolved (jev_ambiguous_contracted) between Advanced Gastrointestinal Telemetry Monitoring, Advanced Paediatric Telemetry Monitoring ; blank: a line's candidate services lead to different corrected amounts ; not flagged, but some line's corrected amount could not be proven, so not every rule could be checked",,16,15,0,1,0,a line's candidate services lead to different corrected amounts
INV-H3-000434,0,,2688649,2688649,0.65,medium,1,1,2688649,INV-H3-000434#0,"not flagged; every amount is proven, but some identity rests on review, a tie-break, the contextual ENT reading, or financial equivalence across candidates",,10,10,0,0,0,
INV-H3-000435,0,,4711705,4711705,0.65,medium,1,1,4711705,INV-H3-000435#0,"not flagged; every amount is proven, but some identity rests on review, a tie-break, the contextual ENT reading, or financial equivalence across candidates",,16,16,0,0,0,
INV-H3-000436,0,,2701125,2701125,0.65,medium,1,1,2701125,INV-H3-000436#0,"not flagged; every amount is proven, but some identity rests on review, a tie-break, the contextual ENT reading, or financial equivalence across candidates",,16,16,0,0,0,
INV-H3-000437,0,,2947453,2947453,0.65,medium,1,1,2947453,INV-H3-000437#0,"not flagged; every amount is proven, but some identity rests on review, a tie-break, the contextual ENT reading, or financial equivalence across candidates",,11,11,0,0,0,
INV-H3-000438,0,,1846603,1846603,0.65,medium,1,1,1846603,INV-H3-000438#0,"not flagged; every amount is proven, but some identity rests on review, a tie-break, the contextual ENT reading, or financial equivalence across candidates",,15,15,0,0,0,
INV-H3-000439,0,,3044934,3044934,0.65,medium,1,1,3044934,INV-H3-000439#0,"not flagged; every amount is proven, but some identity rests on review, a tie-break, the contextual ENT reading, or financial equivalence across candidates",,11,11,0,0,0,
INV-H3-000440,0,,1837069,1837069,0.65,medium,1,1,1837069,INV-H3-000440#0,"not flagged; every amount is proven, but some identity rests on review, a tie-break, the contextual ENT reading, or financial equivalence across candidates",,9,9,0,0,0,
INV-H3-000441,0,,1325956,1325956,0.65,medium,1,1,1325956,INV-H3-000441#0,"not flagged; every amount is proven, but some identity rests on review, a tie-break, the contextual ENT reading, or financial equivalence across candidates",,6,6,0,0,0,
INV-H3-000442,0,,3988025,3988025,0.85,high,1,1,3988025,INV-H3-000442#0,not flagged; every line identified from text and priced exactly,,15,15,0,0,0,
INV-H3-000443,0,,4655612,4655612,0.65,medium,1,1,4655612,INV-H3-000443#0,"not flagged; every amount is proven, but some identity rests on review, a tie-break, the contextual ENT reading, or financial equivalence across candidates",,19,19,0,0,0,
INV-H3-000445,0,,1187550,1187550,0.85,high,1,1,1187550,INV-H3-000445#0,not flagged; every line identified from text and priced exactly,,7,7,0,0,0,
INV-H3-000446,0,,3993475,3993475,0.85,high,1,1,3993475,INV-H3-000446#0,not flagged; every line identified from text and priced exactly,,13,13,0,0,0,
INV-H3-000447,0,,972204,972204,0.65,medium,1,1,972204,INV-H3-000447#0,"not flagged; every amount is proven, but some identity rests on review, a tie-break, the contextual ENT reading, or financial equivalence across candidates",,8,8,0,0,0,
INV-H3-000448,0,,4355694,4355694,0.65,medium,1,1,4355694,INV-H3-000448#0,"not flagged; every amount is proven, but some identity rests on review, a tie-break, the contextual ENT reading, or financial equivalence across candidates",,18,18,0,0,0,
INV-H3-000449,0,,,1622474,0.40,low,0,0,,INV-H3-000449#0,"H3-L00449-04: 'occupancy continuous isol room /RM-3671' is unresolved (jev_ambiguous_contracted) between Continuous Immunologic Isolation Room Occupancy, Continuous Renal Isolation Room Occupancy ; blank: a line's candidate services lead to different corrected amounts ; not flagged, but some line's corrected amount could not be proven, so not every rule could be checked",,6,5,0,1,0,a line's candidate services lead to different corrected amounts
INV-H3-000450,1,premium_omitted,4030026,4008686,0.65,medium,1,1,4030026,INV-H3-000450#0,"findings depend on hospital-wide state, a recorded policy, a reviewed or tie-broken identity, or a candidate set priced by financial equivalence",,18,18,0,0,0,
INV-H3-000452,0,,3479088,3479088,0.65,medium,1,1,3479088,INV-H3-000452#0,"not flagged; every amount is proven, but some identity rests on review, a tie-break, the contextual ENT reading, or financial equivalence across candidates",,17,17,0,0,0,
INV-H3-000453,0,,4896846,4896846,0.65,medium,1,1,4896846,INV-H3-000453#0,"not flagged; every amount is proven, but some identity rests on review, a tie-break, the contextual ENT reading, or financial equivalence across candidates",,16,16,0,0,0,
INV-H3-000454,0,,1592850,1592850,0.65,medium,1,1,1592850,INV-H3-000454#0,"not flagged; every amount is proven, but some identity rests on review, a tie-break, the contextual ENT reading, or financial equivalence across candidates",,6,6,0,0,0,
INV-H3-000455,0,,,4208045,0.40,low,0,0,,INV-H3-000455#0,"H3-L00455-03: 'dispensing inpt pharm /RM-6838' is unresolved (missing_discriminator) between Inpatient Gastrointestinal Pharmaceutical Dispensing or an uncontracted service ; blank: a line's description omits a word, so an uncontracted service cannot be ruled out ; not flagged, but some line's corrected amount could not be proven, so not every rule could be checked",,17,16,0,1,0,"a line's description omits a word, so an uncontracted service cannot be ruled out"
INV-H3-000456,0,,3707091,3707091,0.65,medium,1,1,3707091,INV-H3-000456#0,"not flagged; every amount is proven, but some identity rests on review, a tie-break, the contextual ENT reading, or financial equivalence across candidates",,18,18,0,0,0,
INV-H3-000457,0,,4279312,4279312,0.65,medium,1,1,4279312,INV-H3-000457#0,"not flagged; every amount is proven, but some identity rests on review, a tie-break, the contextual ENT reading, or financial equivalence across candidates",,19,19,0,0,0,
INV-H3-000458,0,,2222984,2222984,0.85,high,1,1,2222984,INV-H3-000458#0,not flagged; every line identified from text and priced exactly,,11,11,0,0,0,
INV-H3-000459,0,,1317500,1317500,0.85,high,1,1,1317500,INV-H3-000459#0,not flagged; every line identified from text and priced exactly,,6,6,0,0,0,
INV-H3-000460,0,,3160198,3160198,0.65,medium,1,1,3160198,INV-H3-000460#0,"not flagged; every amount is proven, but some identity rests on review, a tie-break, the contextual ENT reading, or financial equivalence across candidates",,19,19,0,0,0,
INV-H3-000461,0,,5519752,5519752,0.65,medium,1,1,5519752,INV-H3-000461#0,"not flagged; every amount is proven, but some identity rests on review, a tie-break, the contextual ENT reading, or financial equivalence across candidates",,19,19,0,0,0,
INV-H3-000462,0,,1439683,1439683,0.65,medium,1,1,1439683,INV-H3-000462#0,"not flagged; every amount is proven, but some identity rests on review, a tie-break, the contextual ENT reading, or financial equivalence across candidates",,12,12,0,0,0,
INV-H3-000463,0,,3219053,3219053,0.85,high,1,1,3219053,INV-H3-000463#0,not flagged; every line identified from text and priced exactly,,14,14,0,0,0,
INV-H3-000464,0,,3751201,3751201,0.65,medium,1,1,3751201,INV-H3-000464#0,"not flagged; every amount is proven, but some identity rests on review, a tie-break, the contextual ENT reading, or financial equivalence across candidates",,17,17,0,0,0,
INV-H3-000465,0,,,4251715,0.40,low,0,0,,INV-H3-000465#0,"H3-L00465-08: 'occupancy continuous isol room /RM-3671' is unresolved (jev_ambiguous_contracted) between Continuous Immunologic Isolation Room Occupancy, Continuous Renal Isolation Room Occupancy ; blank: a line's candidate services lead to different corrected amounts ; not flagged, but some line's corrected amount could not be proven, so not every rule could be checked",,12,11,0,1,0,a line's candidate services lead to different corrected amounts
INV-H3-000466,0,,2459354,2459354,0.65,medium,1,1,2459354,INV-H3-000466#0,"not flagged; every amount is proven, but some identity rests on review, a tie-break, the contextual ENT reading, or financial equivalence across candidates",,10,10,0,0,0,
INV-H3-000467,0,,1703992,1703992,0.85,high,1,1,1703992,INV-H3-000467#0,not flagged; every line identified from text and priced exactly,,13,13,0,0,0,
INV-H3-000468,0,,5886647,5886647,0.65,medium,1,1,5886647,INV-H3-000468#0,"not flagged; every amount is proven, but some identity rests on review, a tie-break, the contextual ENT reading, or financial equivalence across candidates",,19,19,0,0,0,
INV-H3-000469,0,,1587110,1587110,0.65,medium,1,1,1587110,INV-H3-000469#0,"not flagged; every amount is proven, but some identity rests on review, a tie-break, the contextual ENT reading, or financial equivalence across candidates",,11,11,0,0,0,
INV-H3-000470,0,,1300815,1300815,0.85,high,1,1,1300815,INV-H3-000470#0,not flagged; every line identified from text and priced exactly,,5,5,0,0,0,
INV-H3-000471,0,,4089865,4089865,0.65,medium,1,1,4089865,INV-H3-000471#0,"not flagged; every amount is proven, but some identity rests on review, a tie-break, the contextual ENT reading, or financial equivalence across candidates",,16,16,0,0,0,
INV-H3-000472,0,,5596705,5596705,0.65,medium,1,1,5596705,INV-H3-000472#0,"not flagged; every amount is proven, but some identity rests on review, a tie-break, the contextual ENT reading, or financial equivalence across candidates",,16,16,0,0,0,
INV-H3-000473,0,,3656652,3656652,0.65,medium,1,1,3656652,INV-H3-000473#0,"not flagged; every amount is proven, but some identity rests on review, a tie-break, the contextual ENT reading, or financial equivalence across candidates",,16,16,0,0,0,
INV-H3-000474,0,,2078701,2078701,0.65,medium,1,1,2078701,INV-H3-000474#0,"not flagged; every amount is proven, but some identity rests on review, a tie-break, the contextual ENT reading, or financial equivalence across candidates",,7,7,0,0,0,
INV-H3-000475,0,,2980293,2980293,0.85,high,1,1,2980293,INV-H3-000475#0,not flagged; every line identified from text and priced exactly,,11,11,0,0,0,
INV-H3-000476,0,,3087010,3087010,0.65,medium,1,1,3087010,INV-H3-000476#0,"not flagged; every amount is proven, but some identity rests on review, a tie-break, the contextual ENT reading, or financial equivalence across candidates",,16,16,0,0,0,
INV-H3-000477,0,,2486155,2486155,0.65,medium,1,1,2486155,INV-H3-000477#0,"not flagged; every amount is proven, but some identity rests on review, a tie-break, the contextual ENT reading, or financial equivalence across candidates",,11,11,0,0,0,
INV-H3-000478,0,,1588911,1588911,0.85,high,1,1,1588911,INV-H3-000478#0,not flagged; every line identified from text and priced exactly,,8,8,0,0,0,
INV-H3-000479,0,,2825081,2825081,0.65,medium,1,1,2825081,INV-H3-000479#0,"not flagged; every amount is proven, but some identity rests on review, a tie-break, the contextual ENT reading, or financial equivalence across candidates",,12,12,0,0,0,
INV-H3-000480,0,,1405764,1405764,0.65,medium,1,1,1405764,INV-H3-000480#0,"not flagged; every amount is proven, but some identity rests on review, a tie-break, the contextual ENT reading, or financial equivalence across candidates",,8,8,0,0,0,
INV-H3-000481,0,,3132194,3132194,0.65,medium,1,1,3132194,INV-H3-000481#0,"not flagged; every amount is proven, but some identity rests on review, a tie-break, the contextual ENT reading, or financial equivalence across candidates",,15,15,0,0,0,
INV-H3-000482,0,,5256564,5256564,0.65,medium,1,1,5256564,INV-H3-000482#0,"not flagged; every amount is proven, but some identity rests on review, a tie-break, the contextual ENT reading, or financial equivalence across candidates",,18,18,0,0,0,
INV-H3-000483,0,,3628363,3628363,0.85,high,1,1,3628363,INV-H3-000483#0,not flagged; every line identified from text and priced exactly,,9,9,0,0,0,
INV-H3-000484,0,,2857716,2857716,0.85,high,1,1,2857716,INV-H3-000484#0,not flagged; every line identified from text and priced exactly,,15,15,0,0,0,
INV-H3-000485,0,,3810575,3810575,0.65,medium,1,1,3810575,INV-H3-000485#0,"not flagged; every amount is proven, but some identity rests on review, a tie-break, the contextual ENT reading, or financial equivalence across candidates",,13,13,0,0,0,
INV-H3-000486,0,,3549214,3549214,0.65,medium,1,1,3549214,INV-H3-000486#0,"not flagged; every amount is proven, but some identity rests on review, a tie-break, the contextual ENT reading, or financial equivalence across candidates",,12,12,0,0,0,
INV-H3-000487,0,,1542510,1542510,0.85,high,1,1,1542510,INV-H3-000487#0,not flagged; every line identified from text and priced exactly,,8,8,0,0,0,
INV-H3-000488,0,,1587190,1587190,0.65,medium,1,1,1587190,INV-H3-000488#0,"not flagged; every amount is proven, but some identity rests on review, a tie-break, the contextual ENT reading, or financial equivalence across candidates",,10,10,0,0,0,
INV-H3-000489,0,,4410294,4410294,0.65,medium,1,1,4410294,INV-H3-000489#0,"not flagged; every amount is proven, but some identity rests on review, a tie-break, the contextual ENT reading, or financial equivalence across candidates",,20,20,0,0,0,
INV-H3-000490,0,,4635311,4635311,0.65,medium,1,1,4635311,INV-H3-000490#0,"not flagged; every amount is proven, but some identity rests on review, a tie-break, the contextual ENT reading, or financial equivalence across candidates",,19,19,0,0,0,
INV-H3-000491,0,,3031146,3031146,0.65,medium,1,1,3031146,INV-H3-000491#0,"not flagged; every amount is proven, but some identity rests on review, a tie-break, the contextual ENT reading, or financial equivalence across candidates",,13,13,0,0,0,
INV-H3-000492,0,,3939718,3939718,0.65,medium,1,1,3939718,INV-H3-000492#0,"not flagged; every amount is proven, but some identity rests on review, a tie-break, the contextual ENT reading, or financial equivalence across candidates",,16,16,0,0,0,
INV-H3-000493,0,,2162917,2162917,0.85,high,1,1,2162917,INV-H3-000493#0,not flagged; every line identified from text and priced exactly,,12,12,0,0,0,
INV-H3-000494,0,,4625479,4625479,0.65,medium,1,1,4625479,INV-H3-000494#0,"not flagged; every amount is proven, but some identity rests on review, a tie-break, the contextual ENT reading, or financial equivalence across candidates",,18,18,0,0,0,
INV-H3-000495,0,,4155233,4155233,0.65,medium,1,1,4155233,INV-H3-000495#0,"not flagged; every amount is proven, but some identity rests on review, a tie-break, the contextual ENT reading, or financial equivalence across candidates",,18,18,0,0,0,
INV-H3-000496,0,,1460292,1460292,0.65,medium,1,1,1460292,INV-H3-000496#0,"not flagged; every amount is proven, but some identity rests on review, a tie-break, the contextual ENT reading, or financial equivalence across candidates",,10,10,0,0,0,
INV-H3-000497,0,,3787432,3787432,0.85,high,1,1,3787432,INV-H3-000497#0,not flagged; every line identified from text and priced exactly,,14,14,0,0,0,
INV-H3-000498,0,,,746800,0.40,low,0,0,,INV-H3-000498#0,"H3-L00498-04: 'adv - telemetry monit /RM-3459' is unresolved (jev_ambiguous_contracted) between Advanced Gastrointestinal Telemetry Monitoring, Advanced Paediatric Telemetry Monitoring ; blank: a line's candidate services lead to different corrected amounts ; not flagged, but some line's corrected amount could not be proven, so not every rule could be checked",,6,5,0,1,0,a line's candidate services lead to different corrected amounts
INV-H3-000499,0,,,2510715,0.40,low,0,0,,INV-H3-000499#0,"H3-L00499-08: 'adv - telemetry monit /RM-3459' is unresolved (jev_ambiguous_contracted) between Advanced Gastrointestinal Telemetry Monitoring, Advanced Paediatric Telemetry Monitoring ; blank: a line's candidate services lead to different corrected amounts ; not flagged, but some line's corrected amount could not be proven, so not every rule could be checked",,8,7,0,1,0,a line's candidate services lead to different corrected amounts
INV-H3-000500,0,,1543999,1543999,0.85,high,1,1,1543999,INV-H3-000500#0,not flagged; every line identified from text and priced exactly,,6,6,0,0,0,
INV-H3-000501,0,,,4838595,0.40,low,0,0,,INV-H3-000501#0,"H3-L00501-02: 'adv - telemetry monit /RM-3459' is unresolved (jev_ambiguous_contracted) between Advanced Gastrointestinal Telemetry Monitoring, Advanced Paediatric Telemetry Monitoring ; blank: a line's candidate services lead to different corrected amounts ; not flagged, but some line's corrected amount could not be proven, so not every rule could be checked",,18,17,0,1,0,a line's candidate services lead to different corrected amounts
INV-H3-000502,0,,2890857,2890857,0.65,medium,1,1,2890857,INV-H3-000502#0,"not flagged; every amount is proven, but some identity rests on review, a tie-break, the contextual ENT reading, or financial equivalence across candidates",,10,10,0,0,0,
INV-H3-000503,0,,1983675,1983675,0.85,high,1,1,1983675,INV-H3-000503#0,not flagged; every line identified from text and priced exactly,,7,7,0,0,0,
INV-H3-000504,0,,1571425,1571425,0.65,medium,1,1,1571425,INV-H3-000504#0,"not flagged; every amount is proven, but some identity rests on review, a tie-break, the contextual ENT reading, or financial equivalence across candidates",,7,7,0,0,0,
INV-H3-000505,0,,2146935,2146935,0.85,high,1,1,2146935,INV-H3-000505#0,not flagged; every line identified from text and priced exactly,,7,7,0,0,0,
INV-H3-000506,0,,4826401,4826401,0.65,medium,1,1,4826401,INV-H3-000506#0,"not flagged; every amount is proven, but some identity rests on review, a tie-break, the contextual ENT reading, or financial equivalence across candidates",,19,19,0,0,0,
INV-H3-000507,0,,2111931,2111931,0.65,medium,1,1,2111931,INV-H3-000507#0,"not flagged; every amount is proven, but some identity rests on review, a tie-break, the contextual ENT reading, or financial equivalence across candidates",,11,11,0,0,0,
INV-H3-000508,0,,5882488,5882488,0.65,medium,1,1,5882488,INV-H3-000508#0,"not flagged; every amount is proven, but some identity rests on review, a tie-break, the contextual ENT reading, or financial equivalence across candidates",,20,20,0,0,0,
INV-H3-000509,0,,1606500,1606500,0.85,high,1,1,1606500,INV-H3-000509#0,not flagged; every line identified from text and priced exactly,,12,12,0,0,0,
INV-H3-000510,0,,3190771,3190771,0.65,medium,1,1,3190771,INV-H3-000510#0,"not flagged; every amount is proven, but some identity rests on review, a tie-break, the contextual ENT reading, or financial equivalence across candidates",,20,20,0,0,0,
INV-H3-000511,1,service_date_after_invoice_date,3275914,3275914,0.85,high,1,1,3275914,INV-H3-000511#0,"every finding follows from the invoice's own fields, independent of service identity",,17,17,0,0,0,
INV-H3-000512,0,,3022326,3022326,0.65,medium,1,1,3022326,INV-H3-000512#0,"not flagged; every amount is proven, but some identity rests on review, a tie-break, the contextual ENT reading, or financial equivalence across candidates",,14,14,0,0,0,
INV-H3-000513,0,,1009369,1009369,0.85,high,1,1,1009369,INV-H3-000513#0,not flagged; every line identified from text and priced exactly,,6,6,0,0,0,
INV-H3-000514,0,,1052504,1052504,0.65,medium,1,1,1052504,INV-H3-000514#0,"not flagged; every amount is proven, but some identity rests on review, a tie-break, the contextual ENT reading, or financial equivalence across candidates",,6,6,0,0,0,
INV-H3-000515,0,,3852464,3852464,0.65,medium,1,1,3852464,INV-H3-000515#0,"not flagged; every amount is proven, but some identity rests on review, a tie-break, the contextual ENT reading, or financial equivalence across candidates",,10,10,0,0,0,
INV-H3-000516,1,premium_incorrectly_applied|unit_price_mismatch,,2630209,0.40,low,0,0,,INV-H3-000516#0,"H3-L00516-07: 'dispensing inpt pharm /RM-6838' is unresolved (missing_discriminator) between Inpatient Gastrointestinal Pharmaceutical Dispensing or an uncontracted service ; blank: a line's description omits a word, so an uncontracted service cannot be ruled out ; a finding rests on reading free text, or the corrected total cannot be proven",,14,13,0,1,0,"a line's description omits a word, so an uncontracted service cannot be ruled out"
INV-H3-000517,0,,3916004,3916004,0.65,medium,1,1,3916004,INV-H3-000517#0,"not flagged; every amount is proven, but some identity rests on review, a tie-break, the contextual ENT reading, or financial equivalence across candidates",,18,18,0,0,0,
INV-H3-000518,0,,962297,962297,0.65,medium,1,1,962297,INV-H3-000518#0,"not flagged; every amount is proven, but some identity rests on review, a tie-break, the contextual ENT reading, or financial equivalence across candidates",,6,6,0,0,0,
INV-H3-000519,1,wrong_unit_basis|unknown_service|service_date_after_invoice_date,,5156320,0.40,low,0,0,,INV-H3-000519#0,"H3-L00519-11: service not contracted, so no contract price exists ; blank: a line names a service this agreement does not contract (no contract price) ; a finding rests on reading free text, or the corrected total cannot be proven",5156320,14,13,0,0,1,a line names a service this agreement does not contract (no contract price)
INV-H3-000520,0,,934154,934154,0.65,medium,1,1,934154,INV-H3-000520#0,"not flagged; every amount is proven, but some identity rests on review, a tie-break, the contextual ENT reading, or financial equivalence across candidates",,6,6,0,0,0,
INV-H3-000521,0,,4582974,4582974,0.65,medium,1,1,4582974,INV-H3-000521#0,"not flagged; every amount is proven, but some identity rests on review, a tie-break, the contextual ENT reading, or financial equivalence across candidates",,19,19,0,0,0,
INV-H3-000522,0,,1646077,1646077,0.85,high,1,1,1646077,INV-H3-000522#0,not flagged; every line identified from text and priced exactly,,15,15,0,0,0,
INV-H3-000523,0,,5465371,5465371,0.65,medium,1,1,5465371,INV-H3-000523#0,"not flagged; every amount is proven, but some identity rests on review, a tie-break, the contextual ENT reading, or financial equivalence across candidates",,16,16,0,0,0,
INV-H3-000524,0,,3069495,3069495,0.85,high,1,1,3069495,INV-H3-000524#0,not flagged; every line identified from text and priced exactly,,14,14,0,0,0,
INV-H3-000525,0,,2813784,2813784,0.65,medium,1,1,2813784,INV-H3-000525#0,"not flagged; every amount is proven, but some identity rests on review, a tie-break, the contextual ENT reading, or financial equivalence across candidates",,11,11,0,0,0,
INV-H3-000526,0,,,2351240,0.40,low,0,0,,INV-H3-000526#0,"H3-L00526-08: 'dispensing inpt pharm /RM-6838' is unresolved (missing_discriminator) between Inpatient Gastrointestinal Pharmaceutical Dispensing or an uncontracted service ; blank: a line's description omits a word, so an uncontracted service cannot be ruled out ; not flagged, but some line's corrected amount could not be proven, so not every rule could be checked",,10,9,0,1,0,"a line's description omits a word, so an uncontracted service cannot be ruled out"
INV-H3-000527,0,,4451577,4451577,0.65,medium,1,1,4451577,INV-H3-000527#0,"not flagged; every amount is proven, but some identity rests on review, a tie-break, the contextual ENT reading, or financial equivalence across candidates",,20,20,0,0,0,
INV-H3-000528,1,premium_omitted|wrong_unit_basis,5392755,5335500,0.65,medium,1,1,5392755,INV-H3-000528#0,"findings depend on hospital-wide state, a recorded policy, a reviewed or tie-broken identity, or a candidate set priced by financial equivalence",,20,20,0,0,0,
INV-H3-000529,0,,5138061,5138061,0.65,medium,1,1,5138061,INV-H3-000529#0,"not flagged; every amount is proven, but some identity rests on review, a tie-break, the contextual ENT reading, or financial equivalence across candidates",,20,20,0,0,0,
INV-H3-000530,0,,,4685283,0.40,low,0,0,,INV-H3-000530#0,"H3-L00530-15: 'adv - telemetry monit /RM-3459' is unresolved (jev_ambiguous_contracted) between Advanced Gastrointestinal Telemetry Monitoring, Advanced Paediatric Telemetry Monitoring ; blank: a line's candidate services lead to different corrected amounts ; not flagged, but some line's corrected amount could not be proven, so not every rule could be checked",,17,16,0,1,0,a line's candidate services lead to different corrected amounts
INV-H3-000531,0,,1349824,1349824,0.85,high,1,1,1349824,INV-H3-000531#0,not flagged; every line identified from text and priced exactly,,8,8,0,0,0,
INV-H3-000532,0,,2162095,2162095,0.85,high,1,1,2162095,INV-H3-000532#0,not flagged; every line identified from text and priced exactly,,10,10,0,0,0,
INV-H3-000533,0,,3120689,3120689,0.85,high,1,1,3120689,INV-H3-000533#0,not flagged; every line identified from text and priced exactly,,13,13,0,0,0,
INV-H3-000534,0,,2294208,2294208,0.85,high,1,1,2294208,INV-H3-000534#0,not flagged; every line identified from text and priced exactly,,12,12,0,0,0,
INV-H3-000535,0,,1661983,1661983,0.85,high,1,1,1661983,INV-H3-000535#0,not flagged; every line identified from text and priced exactly,,9,9,0,0,0,
INV-H3-000536,0,,5678787,5678787,0.65,medium,1,1,5678787,INV-H3-000536#0,"not flagged; every amount is proven, but some identity rests on review, a tie-break, the contextual ENT reading, or financial equivalence across candidates",,20,20,0,0,0,
INV-H3-000537,0,,5535363,5535363,0.65,medium,1,1,5535363,INV-H3-000537#0,"not flagged; every amount is proven, but some identity rests on review, a tie-break, the contextual ENT reading, or financial equivalence across candidates",,18,18,0,0,0,
INV-H3-000538,0,,3761135,3761135,0.65,medium,1,1,3761135,INV-H3-000538#0,"not flagged; every amount is proven, but some identity rests on review, a tie-break, the contextual ENT reading, or financial equivalence across candidates",,20,20,0,0,0,
INV-H3-000539,0,,1898399,1898399,0.65,medium,1,1,1898399,INV-H3-000539#0,"not flagged; every amount is proven, but some identity rests on review, a tie-break, the contextual ENT reading, or financial equivalence across candidates",,8,8,0,0,0,
INV-H3-000540,0,,,5031053,0.40,low,0,0,,INV-H3-000540#0,"H3-L00540-12: 'dispensing inpt pharm /RM-6838' is unresolved (missing_discriminator) between Inpatient Gastrointestinal Pharmaceutical Dispensing or an uncontracted service ; blank: a line's description omits a word, so an uncontracted service cannot be ruled out ; not flagged, but some line's corrected amount could not be proven, so not every rule could be checked",,19,18,0,1,0,"a line's description omits a word, so an uncontracted service cannot be ruled out"
INV-H3-000541,0,,5042950,5042950,0.65,medium,1,1,5042950,INV-H3-000541#0,"not flagged; every amount is proven, but some identity rests on review, a tie-break, the contextual ENT reading, or financial equivalence across candidates",,19,19,0,0,0,
INV-H3-000542,0,,1483885,1483885,0.65,medium,1,1,1483885,INV-H3-000542#0,"not flagged; every amount is proven, but some identity rests on review, a tie-break, the contextual ENT reading, or financial equivalence across candidates",,9,9,0,0,0,
INV-H3-000543,0,,4273409,4273409,0.65,medium,1,1,4273409,INV-H3-000543#0,"not flagged; every amount is proven, but some identity rests on review, a tie-break, the contextual ENT reading, or financial equivalence across candidates",,19,19,0,0,0,
INV-H3-000544,0,,1496585,1496585,0.65,medium,1,1,1496585,INV-H3-000544#0,"not flagged; every amount is proven, but some identity rests on review, a tie-break, the contextual ENT reading, or financial equivalence across candidates",,9,9,0,0,0,
INV-H3-000545,0,,1992091,1992091,0.65,medium,1,1,1992091,INV-H3-000545#0,"not flagged; every amount is proven, but some identity rests on review, a tie-break, the contextual ENT reading, or financial equivalence across candidates",,12,12,0,0,0,
INV-H3-000546,0,,4199469,4199469,0.65,medium,1,1,4199469,INV-H3-000546#0,"not flagged; every amount is proven, but some identity rests on review, a tie-break, the contextual ENT reading, or financial equivalence across candidates",,17,17,0,0,0,
INV-H3-000547,0,,1793479,1793479,0.65,medium,1,1,1793479,INV-H3-000547#0,"not flagged; every amount is proven, but some identity rests on review, a tie-break, the contextual ENT reading, or financial equivalence across candidates",,11,11,0,0,0,
INV-H3-000548,0,,3780600,3780600,0.65,medium,1,1,3780600,INV-H3-000548#0,"not flagged; every amount is proven, but some identity rests on review, a tie-break, the contextual ENT reading, or financial equivalence across candidates",,16,16,0,0,0,
INV-H3-000549,0,,632222,632222,0.85,high,1,1,632222,INV-H3-000549#0,not flagged; every line identified from text and priced exactly,,6,6,0,0,0,
INV-H3-000550,0,,2112615,2112615,0.85,high,1,1,2112615,INV-H3-000550#0,not flagged; every line identified from text and priced exactly,,7,7,0,0,0,
INV-H3-000551,0,,2365136,2365136,0.65,medium,1,1,2365136,INV-H3-000551#0,"not flagged; every amount is proven, but some identity rests on review, a tie-break, the contextual ENT reading, or financial equivalence across candidates",,10,10,0,0,0,
INV-H3-000552,0,,2129160,2129160,0.85,high,1,1,2129160,INV-H3-000552#0,not flagged; every line identified from text and priced exactly,,8,8,0,0,0,
INV-H3-000553,0,,2829251,2829251,0.85,high,1,1,2829251,INV-H3-000553#0,not flagged; every line identified from text and priced exactly,,9,9,0,0,0,
INV-H3-000554,0,,896743,896743,0.85,high,1,1,896743,INV-H3-000554#0,not flagged; every line identified from text and priced exactly,,6,6,0,0,0,
INV-H3-000555,0,,,4569560,0.40,low,0,0,4673560,INV-H3-000555#0,"H3-L00555-03: 'inpt thtr tm' is unresolved (jev_ambiguous_contracted) between Inpatient Metabolic Theatre Time, Inpatient Musculoskeletal Theatre Time ; H3-L00555-03 as Inpatient Metabolic Theatre Time: the cap proves the quantity wrong but not what it should be; only the capped amount is a ceiling (policy) ; blank: a line's candidate services lead to different corrected amounts ; not flagged, but some line's corrected amount could not be proven, so not every rule could be checked",,15,14,0,1,0,a line's candidate services lead to different corrected amounts
INV-H3-000556,0,,3215828,3215828,0.65,medium,1,1,3215828,INV-H3-000556#0,"not flagged; every amount is proven, but some identity rests on review, a tie-break, the contextual ENT reading, or financial equivalence across candidates",,14,14,0,0,0,
INV-H3-000557,0,,946635,946635,0.85,high,1,1,946635,INV-H3-000557#0,not flagged; every line identified from text and priced exactly,,5,5,0,0,0,
INV-H3-000558,0,,2223251,2223251,0.65,medium,1,1,2223251,INV-H3-000558#0,"not flagged; every amount is proven, but some identity rests on review, a tie-break, the contextual ENT reading, or financial equivalence across candidates",,13,13,0,0,0,
INV-H3-000559,0,,1222949,1222949,0.65,medium,1,1,1222949,INV-H3-000559#0,"not flagged; every amount is proven, but some identity rests on review, a tie-break, the contextual ENT reading, or financial equivalence across candidates",,6,6,0,0,0,
INV-H3-000560,0,,1914351,1914351,0.65,medium,1,1,1914351,INV-H3-000560#0,"not flagged; every amount is proven, but some identity rests on review, a tie-break, the contextual ENT reading, or financial equivalence across candidates",,14,14,0,0,0,
INV-H3-000561,0,,5976733,5976733,0.65,medium,1,1,5976733,INV-H3-000561#0,"not flagged; every amount is proven, but some identity rests on review, a tie-break, the contextual ENT reading, or financial equivalence across candidates",,19,19,0,0,0,
INV-H3-000562,0,,1326928,1326928,0.85,high,1,1,1326928,INV-H3-000562#0,not flagged; every line identified from text and priced exactly,,8,8,0,0,0,
INV-H3-000563,0,,1630315,1630315,0.85,high,1,1,1630315,INV-H3-000563#0,not flagged; every line identified from text and priced exactly,,10,10,0,0,0,
INV-H3-000564,0,,2089596,2089596,0.65,medium,1,1,2089596,INV-H3-000564#0,"not flagged; every amount is proven, but some identity rests on review, a tie-break, the contextual ENT reading, or financial equivalence across candidates",,8,8,0,0,0,
INV-H3-000565,1,unknown_service|unit_price_mismatch|daily_cap_exceeded,,1543378,0.40,low,0,0,,INV-H3-000565#0,"H3-L00565-01: service not contracted, so no contract price exists ; H3-L00565-06: the cap proves the quantity wrong but not what it should be; only the capped amount is a ceiling (policy) ; blank: a line names a service this agreement does not contract (no contract price) ; blank: a daily cap is breached: the billed quantity is wrong but the right one is unknowable ; a finding rests on reading free text, or the corrected total cannot be proven",,7,5,0,1,1,a line names a service this agreement does not contract (no contract price) | a daily cap is breached: the billed quantity is wrong but the right one is unknowable
INV-H3-000566,0,,2355847,2355847,0.65,medium,1,1,2355847,INV-H3-000566#0,"not flagged; every amount is proven, but some identity rests on review, a tie-break, the contextual ENT reading, or financial equivalence across candidates",,14,14,0,0,0,
INV-H3-000567,0,,4725194,4725194,0.85,high,1,1,4725194,INV-H3-000567#0,not flagged; every line identified from text and priced exactly,,14,14,0,0,0,
INV-H3-000568,0,,3255149,3255149,0.65,medium,1,1,3255149,INV-H3-000568#0,"not flagged; every amount is proven, but some identity rests on review, a tie-break, the contextual ENT reading, or financial equivalence across candidates",,18,18,0,0,0,
INV-H3-000569,0,,3211128,3211128,0.65,medium,1,1,3211128,INV-H3-000569#0,"not flagged; every amount is proven, but some identity rests on review, a tie-break, the contextual ENT reading, or financial equivalence across candidates",,14,14,0,0,0,
INV-H3-000570,0,,3537739,3537739,0.65,medium,1,1,3537739,INV-H3-000570#0,"not flagged; every amount is proven, but some identity rests on review, a tie-break, the contextual ENT reading, or financial equivalence across candidates",,14,14,0,0,0,
INV-H3-000571,0,,1000673,1000673,0.65,medium,1,1,1000673,INV-H3-000571#0,"not flagged; every amount is proven, but some identity rests on review, a tie-break, the contextual ENT reading, or financial equivalence across candidates",,6,6,0,0,0,
INV-H3-000572,0,,4585023,4585023,0.65,medium,1,1,4585023,INV-H3-000572#0,"not flagged; every amount is proven, but some identity rests on review, a tie-break, the contextual ENT reading, or financial equivalence across candidates",,20,20,0,0,0,
INV-H3-000573,0,,1617505,1617505,0.85,high,1,1,1617505,INV-H3-000573#0,not flagged; every line identified from text and priced exactly,,9,9,0,0,0,
INV-H3-000574,0,,3886102,3886102,0.85,high,1,1,3886102,INV-H3-000574#0,not flagged; every line identified from text and priced exactly,,19,19,0,0,0,
INV-H3-000575,0,,2133408,2133408,0.65,medium,1,1,2133408,INV-H3-000575#0,"not flagged; every amount is proven, but some identity rests on review, a tie-break, the contextual ENT reading, or financial equivalence across candidates",,11,11,0,0,0,
INV-H3-000576,0,,4165113,4165113,0.65,medium,1,1,4165113,INV-H3-000576#0,"not flagged; every amount is proven, but some identity rests on review, a tie-break, the contextual ENT reading, or financial equivalence across candidates",,14,14,0,0,0,
INV-H3-000577,0,,2116580,2116580,0.85,high,1,1,2116580,INV-H3-000577#0,not flagged; every line identified from text and priced exactly,,5,5,0,0,0,
INV-H3-000578,0,,2599242,2599242,0.65,medium,1,1,2599242,INV-H3-000578#0,"not flagged; every amount is proven, but some identity rests on review, a tie-break, the contextual ENT reading, or financial equivalence across candidates",,16,16,0,0,0,
INV-H3-000579,0,,1735230,1735230,0.65,medium,1,1,1735230,INV-H3-000579#0,"not flagged; every amount is proven, but some identity rests on review, a tie-break, the contextual ENT reading, or financial equivalence across candidates",,8,8,0,0,0,
INV-H3-000580,0,,3746399,3746399,0.65,medium,1,1,3746399,INV-H3-000580#0,"not flagged; every amount is proven, but some identity rests on review, a tie-break, the contextual ENT reading, or financial equivalence across candidates",,17,17,0,0,0,
INV-H3-000581,0,,1626740,1626740,0.65,medium,1,1,1626740,INV-H3-000581#0,"not flagged; every amount is proven, but some identity rests on review, a tie-break, the contextual ENT reading, or financial equivalence across candidates",,11,11,0,0,0,
INV-H3-000582,0,,2791270,2791270,0.65,medium,1,1,2791270,INV-H3-000582#0,"not flagged; every amount is proven, but some identity rests on review, a tie-break, the contextual ENT reading, or financial equivalence across candidates",,15,15,0,0,0,
INV-H3-000583,0,,,2040792,0.40,low,0,0,,INV-H3-000583#0,"H3-L00583-08: 'dispensing inpt pharm /RM-6838' is unresolved (missing_discriminator) between Inpatient Gastrointestinal Pharmaceutical Dispensing or an uncontracted service ; blank: a line's description omits a word, so an uncontracted service cannot be ruled out ; not flagged, but some line's corrected amount could not be proven, so not every rule could be checked",,11,10,0,1,0,"a line's description omits a word, so an uncontracted service cannot be ruled out"
INV-H3-000584,0,,2568524,2568524,0.65,medium,1,1,2568524,INV-H3-000584#0,"not flagged; every amount is proven, but some identity rests on review, a tie-break, the contextual ENT reading, or financial equivalence across candidates",,14,14,0,0,0,
INV-H3-000585,0,,4437313,4437313,0.65,medium,1,1,4437313,INV-H3-000585#0,"not flagged; every amount is proven, but some identity rests on review, a tie-break, the contextual ENT reading, or financial equivalence across candidates",,18,18,0,0,0,
INV-H3-000586,0,,1714262,1714262,0.65,medium,1,1,1714262,INV-H3-000586#0,"not flagged; every amount is proven, but some identity rests on review, a tie-break, the contextual ENT reading, or financial equivalence across candidates",,5,5,0,0,0,
INV-H3-000587,0,,2548460,2548460,0.65,medium,1,1,2548460,INV-H3-000587#0,"not flagged; every amount is proven, but some identity rests on review, a tie-break, the contextual ENT reading, or financial equivalence across candidates",,15,15,0,0,0,
INV-H3-000588,0,,4209747,4209747,0.65,medium,1,1,4209747,INV-H3-000588#0,"not flagged; every amount is proven, but some identity rests on review, a tie-break, the contextual ENT reading, or financial equivalence across candidates",,16,16,0,0,0,
INV-H3-000589,0,,1413600,1413600,0.85,high,1,1,1413600,INV-H3-000589#0,not flagged; every line identified from text and priced exactly,,6,6,0,0,0,
INV-H3-000590,0,,1062716,1062716,0.85,high,1,1,1062716,INV-H3-000590#0,not flagged; every line identified from text and priced exactly,,6,6,0,0,0,
INV-H3-000591,0,,2326614,2326614,0.85,high,1,1,2326614,INV-H3-000591#0,not flagged; every line identified from text and priced exactly,,13,13,0,0,0,
INV-H3-000592,0,,2351950,2351950,0.85,high,1,1,2351950,INV-H3-000592#0,not flagged; every line identified from text and priced exactly,,9,9,0,0,0,
INV-H3-000593,0,,2946528,2946528,0.85,high,1,1,2946528,INV-H3-000593#0,not flagged; every line identified from text and priced exactly,,15,15,0,0,0,
INV-H3-000594,0,,2622423,2622423,0.65,medium,1,1,2622423,INV-H3-000594#0,"not flagged; every amount is proven, but some identity rests on review, a tie-break, the contextual ENT reading, or financial equivalence across candidates",,17,17,0,0,0,
INV-H3-000595,0,,,3212435,0.40,low,0,0,,INV-H3-000595#0,"H3-L00595-10: 'occupancy continuous isol room /RM-3671' is unresolved (jev_ambiguous_contracted) between Continuous Immunologic Isolation Room Occupancy, Continuous Renal Isolation Room Occupancy ; blank: a line's candidate services lead to different corrected amounts ; not flagged, but some line's corrected amount could not be proven, so not every rule could be checked",,12,11,0,1,0,a line's candidate services lead to different corrected amounts
INV-H3-000596,1,invoice_total_mismatch|unit_price_mismatch,1221425,1353425,0.85,high,1,1,1221425,INV-H3-000596#0,"findings apply contract rules to services identified from text, priced exactly",,6,6,0,0,0,
INV-H3-000597,0,,2763642,2763642,0.85,high,1,1,2763642,INV-H3-000597#0,not flagged; every line identified from text and priced exactly,,20,20,0,0,0,
INV-H3-000598,0,,4266606,4266606,0.65,medium,1,1,4266606,INV-H3-000598#0,"not flagged; every amount is proven, but some identity rests on review, a tie-break, the contextual ENT reading, or financial equivalence across candidates",,17,17,0,0,0,
INV-H3-000599,0,,3952368,3952368,0.85,high,1,1,3952368,INV-H3-000599#0,not flagged; every line identified from text and priced exactly,,14,14,0,0,0,
INV-H3-000600,1,premium_incorrectly_applied|exclusion_window_violation,1088438,1181936,0.65,medium,1,1,1088438,INV-H3-000600#0,"findings depend on hospital-wide state, a recorded policy, a reviewed or tie-broken identity, or a candidate set priced by financial equivalence",,6,6,0,0,0,
INV-H3-000601,0,,1758720,1758720,0.65,medium,1,1,1758720,INV-H3-000601#0,"not flagged; every amount is proven, but some identity rests on review, a tie-break, the contextual ENT reading, or financial equivalence across candidates",,10,10,0,0,0,
INV-H3-000602,0,,2903585,2903585,0.65,medium,1,1,2903585,INV-H3-000602#0,"not flagged; every amount is proven, but some identity rests on review, a tie-break, the contextual ENT reading, or financial equivalence across candidates",,18,18,0,0,0,
INV-H3-000603,0,,,4087951,0.40,low,0,0,,INV-H3-000603#0,"H3-L00603-12: 'occupancy continuous isol room /RM-3671' is unresolved (jev_ambiguous_contracted) between Continuous Immunologic Isolation Room Occupancy, Continuous Renal Isolation Room Occupancy ; blank: a line's candidate services lead to different corrected amounts ; not flagged, but some line's corrected amount could not be proven, so not every rule could be checked",,20,19,0,1,0,a line's candidate services lead to different corrected amounts
INV-H3-000604,0,,1460397,1460397,0.85,high,1,1,1460397,INV-H3-000604#0,not flagged; every line identified from text and priced exactly,,9,9,0,0,0,
INV-H3-000605,0,,5188179,5188179,0.65,medium,1,1,5188179,INV-H3-000605#0,"not flagged; every amount is proven, but some identity rests on review, a tie-break, the contextual ENT reading, or financial equivalence across candidates",,18,18,0,0,0,
INV-H3-000606,0,,1715630,1715630,0.65,medium,1,1,1715630,INV-H3-000606#0,"not flagged; every amount is proven, but some identity rests on review, a tie-break, the contextual ENT reading, or financial equivalence across candidates",,5,5,0,0,0,
INV-H3-000607,0,,,1683196,0.40,low,0,0,,INV-H3-000607#0,"H3-L00607-01: 'adv - telemetry monit /RM-3459' is unresolved (jev_ambiguous_contracted) between Advanced Gastrointestinal Telemetry Monitoring, Advanced Paediatric Telemetry Monitoring ; blank: a line's candidate services lead to different corrected amounts ; not flagged, but some line's corrected amount could not be proven, so not every rule could be checked",,12,11,0,1,0,a line's candidate services lead to different corrected amounts
INV-H3-000608,0,,4687781,4687781,0.65,medium,1,1,4687781,INV-H3-000608#0,"not flagged; every amount is proven, but some identity rests on review, a tie-break, the contextual ENT reading, or financial equivalence across candidates",,17,17,0,0,0,
INV-H3-000609,0,,3958061,3958061,0.85,high,1,1,3958061,INV-H3-000609#0,not flagged; every line identified from text and priced exactly,,15,15,0,0,0,
INV-H3-000610,0,,1280605,1280605,0.65,medium,1,1,1280605,INV-H3-000610#0,"not flagged; every amount is proven, but some identity rests on review, a tie-break, the contextual ENT reading, or financial equivalence across candidates",,11,11,0,0,0,
INV-H3-000611,0,,,2620672,0.40,low,0,0,,INV-H3-000611#0,"H3-L00611-07: 'dispensing inpt pharm /RM-6838' is unresolved (missing_discriminator) between Inpatient Gastrointestinal Pharmaceutical Dispensing or an uncontracted service ; blank: a line's description omits a word, so an uncontracted service cannot be ruled out ; not flagged, but some line's corrected amount could not be proven, so not every rule could be checked",,11,10,0,1,0,"a line's description omits a word, so an uncontracted service cannot be ruled out"
INV-H3-000612,0,,2605415,2605415,0.65,medium,1,1,2605415,INV-H3-000612#0,"not flagged; every amount is proven, but some identity rests on review, a tie-break, the contextual ENT reading, or financial equivalence across candidates",,12,12,0,0,0,
INV-H3-000613,0,,3899556,3899556,0.85,high,1,1,3899556,INV-H3-000613#0,not flagged; every line identified from text and priced exactly,,16,16,0,0,0,
INV-H3-000614,0,,3531410,3531410,0.65,medium,1,1,3531410,INV-H3-000614#0,"not flagged; every amount is proven, but some identity rests on review, a tie-break, the contextual ENT reading, or financial equivalence across candidates",,17,17,0,0,0,
INV-H3-000615,0,,3651949,3651949,0.65,medium,1,1,3651949,INV-H3-000615#0,"not flagged; every amount is proven, but some identity rests on review, a tie-break, the contextual ENT reading, or financial equivalence across candidates",,19,19,0,0,0,
INV-H3-000616,0,,2455618,2455618,0.65,medium,1,1,2455618,INV-H3-000616#0,"not flagged; every amount is proven, but some identity rests on review, a tie-break, the contextual ENT reading, or financial equivalence across candidates",,14,14,0,0,0,
INV-H3-000617,0,,1986075,1986075,0.65,medium,1,1,1986075,INV-H3-000617#0,"not flagged; every amount is proven, but some identity rests on review, a tie-break, the contextual ENT reading, or financial equivalence across candidates",,11,11,0,0,0,
INV-H3-000618,0,,2526045,2526045,0.65,medium,1,1,2526045,INV-H3-000618#0,"not flagged; every amount is proven, but some identity rests on review, a tie-break, the contextual ENT reading, or financial equivalence across candidates",,8,8,0,0,0,
INV-H3-000619,1,daily_cap_exceeded|unknown_service|cross_invoice_duplicate,,3116724,0.40,low,0,0,,INV-H3-000619#0,"H3-L00619-01: the cap proves the quantity wrong but not what it should be; only the capped amount is a ceiling (policy) ; H3-L00619-02: service not contracted, so no contract price exists ; blank: a line names a service this agreement does not contract (no contract price) ; blank: a daily cap is breached: the billed quantity is wrong but the right one is unknowable ; a finding rests on reading free text, or the corrected total cannot be proven",,15,13,0,1,1,a line names a service this agreement does not contract (no contract price) | a daily cap is breached: the billed quantity is wrong but the right one is unknowable
INV-H3-000620,0,,1673940,1673940,0.65,medium,1,1,1673940,INV-H3-000620#0,"not flagged; every amount is proven, but some identity rests on review, a tie-break, the contextual ENT reading, or financial equivalence across candidates",,7,7,0,0,0,
INV-H3-000621,0,,2670404,2670404,0.65,medium,1,1,2670404,INV-H3-000621#0,"not flagged; every amount is proven, but some identity rests on review, a tie-break, the contextual ENT reading, or financial equivalence across candidates",,17,17,0,0,0,
INV-H3-000622,0,,668775,668775,0.65,medium,1,1,668775,INV-H3-000622#0,"not flagged; every amount is proven, but some identity rests on review, a tie-break, the contextual ENT reading, or financial equivalence across candidates",,5,5,0,0,0,
INV-H3-000623,0,,1904016,1904016,0.65,medium,1,1,1904016,INV-H3-000623#0,"not flagged; every amount is proven, but some identity rests on review, a tie-break, the contextual ENT reading, or financial equivalence across candidates",,15,15,0,0,0,
INV-H3-000624,0,,3025727,3025727,0.65,medium,1,1,3025727,INV-H3-000624#0,"not flagged; every amount is proven, but some identity rests on review, a tie-break, the contextual ENT reading, or financial equivalence across candidates",,11,11,0,0,0,
INV-H3-000625,0,,3580886,3580886,0.65,medium,1,1,3580886,INV-H3-000625#0,"not flagged; every amount is proven, but some identity rests on review, a tie-break, the contextual ENT reading, or financial equivalence across candidates",,13,13,0,0,0,
INV-H3-000626,0,,722107,722107,0.85,high,1,1,722107,INV-H3-000626#0,not flagged; every line identified from text and priced exactly,,5,5,0,0,0,
INV-H3-000627,0,,4290205,4290205,0.85,high,1,1,4290205,INV-H3-000627#0,not flagged; every line identified from text and priced exactly,,16,16,0,0,0,
INV-H3-000628,0,,4567552,4567552,0.65,medium,1,1,4567552,INV-H3-000628#0,"not flagged; every amount is proven, but some identity rests on review, a tie-break, the contextual ENT reading, or financial equivalence across candidates",,18,18,0,0,0,
INV-H3-000629,0,,2215821,2215821,0.65,medium,1,1,2215821,INV-H3-000629#0,"not flagged; every amount is proven, but some identity rests on review, a tie-break, the contextual ENT reading, or financial equivalence across candidates",,13,13,0,0,0,
INV-H3-000630,0,,2472360,2472360,0.65,medium,1,1,2472360,INV-H3-000630#0,"not flagged; every amount is proven, but some identity rests on review, a tie-break, the contextual ENT reading, or financial equivalence across candidates",,14,14,0,0,0,
INV-H3-000631,0,,2339462,2339462,0.85,high,1,1,2339462,INV-H3-000631#0,not flagged; every line identified from text and priced exactly,,11,11,0,0,0,
INV-H3-000632,0,,2624830,2624830,0.65,medium,1,1,2624830,INV-H3-000632#0,"not flagged; every amount is proven, but some identity rests on review, a tie-break, the contextual ENT reading, or financial equivalence across candidates",,8,8,0,0,0,
INV-H3-000633,0,,1510337,1510337,0.65,medium,1,1,1510337,INV-H3-000633#0,"not flagged; every amount is proven, but some identity rests on review, a tie-break, the contextual ENT reading, or financial equivalence across candidates",,8,8,0,0,0,
INV-H3-000634,0,,2123742,2123742,0.65,medium,1,1,2123742,INV-H3-000634#0,"not flagged; every amount is proven, but some identity rests on review, a tie-break, the contextual ENT reading, or financial equivalence across candidates",,9,9,0,0,0,
INV-H3-000635,0,,,936631,0.40,low,0,0,,INV-H3-000635#0,"H3-L00635-02: 'adv - telemetry monit /RM-3459' is unresolved (jev_ambiguous_contracted) between Advanced Gastrointestinal Telemetry Monitoring, Advanced Paediatric Telemetry Monitoring ; blank: a line's candidate services lead to different corrected amounts ; not flagged, but some line's corrected amount could not be proven, so not every rule could be checked",,8,7,0,1,0,a line's candidate services lead to different corrected amounts
INV-H3-000636,0,,1955525,1955525,0.65,medium,1,1,1955525,INV-H3-000636#0,"not flagged; every amount is proven, but some identity rests on review, a tie-break, the contextual ENT reading, or financial equivalence across candidates",,5,5,0,0,0,
INV-H3-000637,0,,3055685,3055685,0.65,medium,1,1,3055685,INV-H3-000637#0,"not flagged; every amount is proven, but some identity rests on review, a tie-break, the contextual ENT reading, or financial equivalence across candidates",,16,16,0,0,0,
INV-H3-000638,0,,2890956,2890956,0.85,high,1,1,2890956,INV-H3-000638#0,not flagged; every line identified from text and priced exactly,,10,10,0,0,0,
INV-H3-000639,0,,,2652090,0.40,low,0,0,,INV-H3-000639#0,"H3-L00639-13: 'dispensing inpt pharm /RM-6838' is unresolved (missing_discriminator) between Inpatient Gastrointestinal Pharmaceutical Dispensing or an uncontracted service ; blank: a line's description omits a word, so an uncontracted service cannot be ruled out ; not flagged, but some line's corrected amount could not be proven, so not every rule could be checked",,17,16,0,1,0,"a line's description omits a word, so an uncontracted service cannot be ruled out"
INV-H3-000640,0,,1302601,1302601,0.65,medium,1,1,1302601,INV-H3-000640#0,"not flagged; every amount is proven, but some identity rests on review, a tie-break, the contextual ENT reading, or financial equivalence across candidates",,8,8,0,0,0,
INV-H3-000641,0,,1674515,1674515,0.85,high,1,1,1674515,INV-H3-000641#0,not flagged; every line identified from text and priced exactly,,9,9,0,0,0,
INV-H3-000642,0,,995375,995375,0.65,medium,1,1,995375,INV-H3-000642#0,"not flagged; every amount is proven, but some identity rests on review, a tie-break, the contextual ENT reading, or financial equivalence across candidates",,5,5,0,0,0,
INV-H3-000643,0,,3534723,3534723,0.65,medium,1,1,3534723,INV-H3-000643#0,"not flagged; every amount is proven, but some identity rests on review, a tie-break, the contextual ENT reading, or financial equivalence across candidates",,18,18,0,0,0,
INV-H3-000644,0,,3316764,3316764,0.65,medium,1,1,3316764,INV-H3-000644#0,"not flagged; every amount is proven, but some identity rests on review, a tie-break, the contextual ENT reading, or financial equivalence across candidates",,17,17,0,0,0,
INV-H3-000645,0,,4570371,4570371,0.65,medium,1,1,4570371,INV-H3-000645#0,"not flagged; every amount is proven, but some identity rests on review, a tie-break, the contextual ENT reading, or financial equivalence across candidates",,19,19,0,0,0,
INV-H3-000646,0,,1914630,1914630,0.65,medium,1,1,1914630,INV-H3-000646#0,"not flagged; every amount is proven, but some identity rests on review, a tie-break, the contextual ENT reading, or financial equivalence across candidates",,7,7,0,0,0,
INV-H3-000647,0,,3947500,3947500,0.65,medium,1,1,3947500,INV-H3-000647#0,"not flagged; every amount is proven, but some identity rests on review, a tie-break, the contextual ENT reading, or financial equivalence across candidates",,17,17,0,0,0,
INV-H3-000648,0,,5192171,5192171,0.65,medium,1,1,5192171,INV-H3-000648#0,"not flagged; every amount is proven, but some identity rests on review, a tie-break, the contextual ENT reading, or financial equivalence across candidates",,20,20,0,0,0,
INV-H3-000649,0,,3415809,3415809,0.85,high,1,1,3415809,INV-H3-000649#0,not flagged; every line identified from text and priced exactly,,16,16,0,0,0,
INV-H3-000650,0,,2499927,2499927,0.65,medium,1,1,2499927,INV-H3-000650#0,"not flagged; every amount is proven, but some identity rests on review, a tie-break, the contextual ENT reading, or financial equivalence across candidates",,15,15,0,0,0,
INV-H3-000651,0,,1936547,1936547,0.85,high,1,1,1936547,INV-H3-000651#0,not flagged; every line identified from text and priced exactly,,12,12,0,0,0,
INV-H3-000652,0,,1065969,1065969,0.65,medium,1,1,1065969,INV-H3-000652#0,"not flagged; every amount is proven, but some identity rests on review, a tie-break, the contextual ENT reading, or financial equivalence across candidates",,11,11,0,0,0,
INV-H3-000654,0,,5481069,5481069,0.65,medium,1,1,5481069,INV-H3-000654#0,"not flagged; every amount is proven, but some identity rests on review, a tie-break, the contextual ENT reading, or financial equivalence across candidates",,18,18,0,0,0,
INV-H3-000655,0,,3114597,3114597,0.65,medium,1,1,3114597,INV-H3-000655#0,"not flagged; every amount is proven, but some identity rests on review, a tie-break, the contextual ENT reading, or financial equivalence across candidates",,16,16,0,0,0,
INV-H3-000656,0,,1487115,1487115,0.85,high,1,1,1487115,INV-H3-000656#0,not flagged; every line identified from text and priced exactly,,7,7,0,0,0,
INV-H3-000657,0,,672625,672625,0.85,high,1,1,672625,INV-H3-000657#0,not flagged; every line identified from text and priced exactly,,5,5,0,0,0,
INV-H3-000658,0,,1482129,1482129,0.85,high,1,1,1482129,INV-H3-000658#0,not flagged; every line identified from text and priced exactly,,9,9,0,0,0,
INV-H3-000659,1,line_total_arithmetic,3719703,3694703,0.85,high,1,1,3719703,INV-H3-000659#0,"every finding follows from the invoice's own fields, independent of service identity",,20,20,0,0,0,
INV-H3-000660,0,,4491167,4491167,0.65,medium,1,1,4491167,INV-H3-000660#0,"not flagged; every amount is proven, but some identity rests on review, a tie-break, the contextual ENT reading, or financial equivalence across candidates",,16,16,0,0,0,
INV-H3-000661,0,,880809,880809,0.85,high,1,1,880809,INV-H3-000661#0,not flagged; every line identified from text and priced exactly,,6,6,0,0,0,
INV-H3-000662,0,,3525056,3525056,0.85,high,1,1,3525056,INV-H3-000662#0,not flagged; every line identified from text and priced exactly,,16,16,0,0,0,
INV-H3-000663,0,,,4226294,0.40,low,0,0,,INV-H3-000663#0,"H3-L00663-18: 'adv - telemetry monit /RM-3459' is unresolved (jev_ambiguous_contracted) between Advanced Gastrointestinal Telemetry Monitoring, Advanced Paediatric Telemetry Monitoring ; blank: a line's candidate services lead to different corrected amounts ; not flagged, but some line's corrected amount could not be proven, so not every rule could be checked",,18,17,0,1,0,a line's candidate services lead to different corrected amounts
INV-H3-000664,0,,566596,566596,0.85,high,1,1,566596,INV-H3-000664#0,not flagged; every line identified from text and priced exactly,,5,5,0,0,0,
INV-H3-000665,0,,3494543,3494543,0.65,medium,1,1,3494543,INV-H3-000665#0,"not flagged; every amount is proven, but some identity rests on review, a tie-break, the contextual ENT reading, or financial equivalence across candidates",,17,17,0,0,0,
INV-H3-000666,0,,1446606,1446606,0.65,medium,1,1,1446606,INV-H3-000666#0,"not flagged; every amount is proven, but some identity rests on review, a tie-break, the contextual ENT reading, or financial equivalence across candidates",,8,8,0,0,0,
INV-H3-000667,0,,3092945,3092945,0.65,medium,1,1,3092945,INV-H3-000667#0,"not flagged; every amount is proven, but some identity rests on review, a tie-break, the contextual ENT reading, or financial equivalence across candidates",,15,15,0,0,0,
INV-H3-000668,0,,3587878,3587878,0.65,medium,1,1,3587878,INV-H3-000668#0,"not flagged; every amount is proven, but some identity rests on review, a tie-break, the contextual ENT reading, or financial equivalence across candidates",,14,14,0,0,0,
INV-H3-000669,0,,514363,514363,0.85,high,1,1,514363,INV-H3-000669#0,not flagged; every line identified from text and priced exactly,,5,5,0,0,0,
INV-H3-000670,0,,5265208,5265208,0.65,medium,1,1,5265208,INV-H3-000670#0,"not flagged; every amount is proven, but some identity rests on review, a tie-break, the contextual ENT reading, or financial equivalence across candidates",,15,15,0,0,0,
INV-H3-000671,0,,2958561,2958561,0.65,medium,1,1,2958561,INV-H3-000671#0,"not flagged; every amount is proven, but some identity rests on review, a tie-break, the contextual ENT reading, or financial equivalence across candidates",,18,18,0,0,0,
INV-H3-000672,0,,995793,995793,0.85,high,1,1,995793,INV-H3-000672#0,not flagged; every line identified from text and priced exactly,,5,5,0,0,0,
INV-H3-000673,0,,4225099,4225099,0.65,medium,1,1,4225099,INV-H3-000673#0,"not flagged; every amount is proven, but some identity rests on review, a tie-break, the contextual ENT reading, or financial equivalence across candidates",,17,17,0,0,0,
INV-H3-000674,0,,3398905,3398905,0.65,medium,1,1,3398905,INV-H3-000674#0,"not flagged; every amount is proven, but some identity rests on review, a tie-break, the contextual ENT reading, or financial equivalence across candidates",,11,11,0,0,0,
INV-H3-000675,0,,3301921,3301921,0.65,medium,1,1,3301921,INV-H3-000675#0,"not flagged; every amount is proven, but some identity rests on review, a tie-break, the contextual ENT reading, or financial equivalence across candidates",,10,10,0,0,0,
INV-H3-000676,1,bundle_not_applied,3815132,3978332,0.65,medium,1,1,3815132,INV-H3-000676#0,"findings depend on hospital-wide state, a recorded policy, a reviewed or tie-broken identity, or a candidate set priced by financial equivalence",,14,14,0,0,0,
INV-H3-000677,0,,1947461,1947461,0.65,medium,1,1,1947461,INV-H3-000677#0,"not flagged; every amount is proven, but some identity rests on review, a tie-break, the contextual ENT reading, or financial equivalence across candidates",,11,11,0,0,0,
INV-H3-000678,0,,3242274,3242274,0.65,medium,1,1,3242274,INV-H3-000678#0,"not flagged; every amount is proven, but some identity rests on review, a tie-break, the contextual ENT reading, or financial equivalence across candidates",,16,16,0,0,0,
INV-H3-000679,0,,3365938,3365938,0.65,medium,1,1,3365938,INV-H3-000679#0,"not flagged; every amount is proven, but some identity rests on review, a tie-break, the contextual ENT reading, or financial equivalence across candidates",,16,16,0,0,0,
INV-H3-000680,0,,,2573845,0.40,low,0,0,,INV-H3-000680#0,"H3-L00680-03: 'occupancy continuous isol room /RM-3671' is unresolved (jev_ambiguous_contracted) between Continuous Immunologic Isolation Room Occupancy, Continuous Renal Isolation Room Occupancy ; blank: a line's candidate services lead to different corrected amounts ; not flagged, but some line's corrected amount could not be proven, so not every rule could be checked",,9,8,0,1,0,a line's candidate services lead to different corrected amounts
INV-H3-000681,1,service_date_out_of_window|wrong_unit_basis|line_total_arithmetic,2157554,2132554,0.85,high,1,1,2157554,INV-H3-000681#0,"findings apply contract rules to services identified from text, priced exactly",,11,11,0,0,0,
INV-H3-000682,0,,1879175,1879175,0.65,medium,1,1,1879175,INV-H3-000682#0,"not flagged; every amount is proven, but some identity rests on review, a tie-break, the contextual ENT reading, or financial equivalence across candidates",,12,12,0,0,0,
INV-H3-000683,0,,4193370,4193370,0.65,medium,1,1,4193370,INV-H3-000683#0,"not flagged; every amount is proven, but some identity rests on review, a tie-break, the contextual ENT reading, or financial equivalence across candidates",,15,15,0,0,0,
INV-H3-000684,0,,3962076,3962076,0.65,medium,1,1,3962076,INV-H3-000684#0,"not flagged; every amount is proven, but some identity rests on review, a tie-break, the contextual ENT reading, or financial equivalence across candidates",,11,11,0,0,0,
INV-H3-000685,0,,2811475,2811475,0.65,medium,1,1,2811475,INV-H3-000685#0,"not flagged; every amount is proven, but some identity rests on review, a tie-break, the contextual ENT reading, or financial equivalence across candidates",,12,12,0,0,0,
INV-H3-000686,0,,1507477,1507477,0.85,high,1,1,1507477,INV-H3-000686#0,not flagged; every line identified from text and priced exactly,,8,8,0,0,0,
INV-H3-000687,1,unknown_service|unit_price_mismatch,,4845729,0.40,low,0,0,,INV-H3-000687#0,"H3-L00687-08: service not contracted, so no contract price exists ; H3-L00687-11: service not contracted, so no contract price exists ; blank: a line names a service this agreement does not contract (no contract price) ; a finding rests on reading free text, or the corrected total cannot be proven",4513011,14,12,0,0,2,a line names a service this agreement does not contract (no contract price)
INV-H3-000688,0,,1626005,1626005,0.65,medium,1,1,1626005,INV-H3-000688#0,"not flagged; every amount is proven, but some identity rests on review, a tie-break, the contextual ENT reading, or financial equivalence across candidates",,10,10,0,0,0,
INV-H3-000689,0,,,4240534,0.40,low,0,0,,INV-H3-000689#0,"H3-L00689-16: 'inpt thtr tm' is unresolved (jev_ambiguous_contracted) between Inpatient Metabolic Theatre Time, Inpatient Musculoskeletal Theatre Time ; blank: a line's candidate services lead to different corrected amounts ; not flagged, but some line's corrected amount could not be proven, so not every rule could be checked",,19,18,0,1,0,a line's candidate services lead to different corrected amounts
INV-H3-000690,0,,4065707,4065707,0.85,high,1,1,4065707,INV-H3-000690#0,not flagged; every line identified from text and priced exactly,,14,14,0,0,0,
INV-H3-000691,0,,4897794,4897794,0.65,medium,1,1,4897794,INV-H3-000691#0,"not flagged; every amount is proven, but some identity rests on review, a tie-break, the contextual ENT reading, or financial equivalence across candidates",,18,18,0,0,0,
INV-H3-000692,0,,,2539843,0.40,low,0,0,,INV-H3-000692#0,"H3-L00692-15: 'dispensing inpt pharm /RM-6838' is unresolved (missing_discriminator) between Inpatient Gastrointestinal Pharmaceutical Dispensing or an uncontracted service ; blank: a line's description omits a word, so an uncontracted service cannot be ruled out ; not flagged, but some line's corrected amount could not be proven, so not every rule could be checked",,15,14,0,1,0,"a line's description omits a word, so an uncontracted service cannot be ruled out"
INV-H3-000693,0,,2568521,2568521,0.85,high,1,1,2568521,INV-H3-000693#0,not flagged; every line identified from text and priced exactly,,8,8,0,0,0,
INV-H3-000694,0,,3730941,3730941,0.65,medium,1,1,3730941,INV-H3-000694#0,"not flagged; every amount is proven, but some identity rests on review, a tie-break, the contextual ENT reading, or financial equivalence across candidates",,18,18,0,0,0,
INV-H3-000695,0,,4156121,4156121,0.65,medium,1,1,4156121,INV-H3-000695#0,"not flagged; every amount is proven, but some identity rests on review, a tie-break, the contextual ENT reading, or financial equivalence across candidates",,17,17,0,0,0,
INV-H3-000696,0,,3157541,3157541,0.85,high,1,1,3157541,INV-H3-000696#0,not flagged; every line identified from text and priced exactly,,19,19,0,0,0,
INV-H3-000697,0,,4006602,4006602,0.65,medium,1,1,4006602,INV-H3-000697#0,"not flagged; every amount is proven, but some identity rests on review, a tie-break, the contextual ENT reading, or financial equivalence across candidates",,19,19,0,0,0,
INV-H3-000698,0,,3137774,3137774,0.65,medium,1,1,3137774,INV-H3-000698#0,"not flagged; every amount is proven, but some identity rests on review, a tie-break, the contextual ENT reading, or financial equivalence across candidates",,11,11,0,0,0,
INV-H3-000699,0,,1467283,1467283,0.65,medium,1,1,1467283,INV-H3-000699#0,"not flagged; every amount is proven, but some identity rests on review, a tie-break, the contextual ENT reading, or financial equivalence across candidates",,7,7,0,0,0,
INV-H3-000700,0,,4189369,4189369,0.65,medium,1,1,4189369,INV-H3-000700#0,"not flagged; every amount is proven, but some identity rests on review, a tie-break, the contextual ENT reading, or financial equivalence across candidates",,19,19,0,0,0,
INV-H3-000701,0,,1027208,1027208,0.65,medium,1,1,1027208,INV-H3-000701#0,"not flagged; every amount is proven, but some identity rests on review, a tie-break, the contextual ENT reading, or financial equivalence across candidates",,5,5,0,0,0,
INV-H3-000702,0,,3242872,3242872,0.65,medium,1,1,3242872,INV-H3-000702#0,"not flagged; every amount is proven, but some identity rests on review, a tie-break, the contextual ENT reading, or financial equivalence across candidates",,17,17,0,0,0,
INV-H3-000703,0,,3295775,3295775,0.85,high,1,1,3295775,INV-H3-000703#0,not flagged; every line identified from text and priced exactly,,13,13,0,0,0,
INV-H3-000705,0,,831530,831530,0.65,medium,1,1,831530,INV-H3-000705#0,"not flagged; every amount is proven, but some identity rests on review, a tie-break, the contextual ENT reading, or financial equivalence across candidates",,6,6,0,0,0,
INV-H3-000706,1,wrong_unit_basis|unit_price_mismatch,5093986,5393761,0.65,medium,1,1,5093986,INV-H3-000706#0,"findings depend on hospital-wide state, a recorded policy, a reviewed or tie-broken identity, or a candidate set priced by financial equivalence",,19,19,0,0,0,
INV-H3-000707,0,,1488925,1488925,0.85,high,1,1,1488925,INV-H3-000707#0,not flagged; every line identified from text and priced exactly,,6,6,0,0,0,
INV-H3-000708,0,,2003036,2003036,0.65,medium,1,1,2003036,INV-H3-000708#0,"not flagged; every amount is proven, but some identity rests on review, a tie-break, the contextual ENT reading, or financial equivalence across candidates",,6,6,0,0,0,
INV-H3-000709,0,,4056260,4056260,0.85,high,1,1,4056260,INV-H3-000709#0,not flagged; every line identified from text and priced exactly,,12,12,0,0,0,
INV-H3-000710,0,,2337448,2337448,0.85,high,1,1,2337448,INV-H3-000710#0,not flagged; every line identified from text and priced exactly,,6,6,0,0,0,
INV-H3-000711,0,,,2972890,0.40,low,0,0,,INV-H3-000711#0,"H3-L00711-12: 'occupancy continuous isol room /RM-3671' is unresolved (jev_ambiguous_contracted) between Continuous Immunologic Isolation Room Occupancy, Continuous Renal Isolation Room Occupancy ; blank: a line's candidate services lead to different corrected amounts ; not flagged, but some line's corrected amount could not be proven, so not every rule could be checked",,16,15,0,1,0,a line's candidate services lead to different corrected amounts
INV-H3-000712,0,,,5427346,0.40,low,0,0,,INV-H3-000712#0,"H3-L00712-02: 'dispensing inpt pharm /RM-6838' is unresolved (missing_discriminator) between Inpatient Gastrointestinal Pharmaceutical Dispensing or an uncontracted service ; blank: a line's description omits a word, so an uncontracted service cannot be ruled out ; not flagged, but some line's corrected amount could not be proven, so not every rule could be checked",,20,19,0,1,0,"a line's description omits a word, so an uncontracted service cannot be ruled out"
INV-H3-000713,0,,516575,516575,0.85,high,1,1,516575,INV-H3-000713#0,not flagged; every line identified from text and priced exactly,,6,6,0,0,0,
INV-H3-000714,0,,2417803,2417803,0.85,high,1,1,2417803,INV-H3-000714#0,not flagged; every line identified from text and priced exactly,,9,9,0,0,0,
INV-H3-000715,0,,2589505,2589505,0.65,medium,1,1,2589505,INV-H3-000715#0,"not flagged; every amount is proven, but some identity rests on review, a tie-break, the contextual ENT reading, or financial equivalence across candidates",,8,8,0,0,0,
INV-H3-000716,1,unit_price_mismatch,1446155,1461455,0.85,high,1,1,1446155,INV-H3-000716#0,"findings apply contract rules to services identified from text, priced exactly",,7,7,0,0,0,
INV-H3-000717,1,premium_incorrectly_applied,4131789,4154396,0.65,medium,1,1,4131789,INV-H3-000717#0,"findings depend on hospital-wide state, a recorded policy, a reviewed or tie-broken identity, or a candidate set priced by financial equivalence",,16,16,0,0,0,
INV-H3-000718,0,,3895001,3895001,0.85,high,1,1,3895001,INV-H3-000718#0,not flagged; every line identified from text and priced exactly,,13,13,0,0,0,
INV-H3-000719,0,,1412244,1412244,0.85,high,1,1,1412244,INV-H3-000719#0,not flagged; every line identified from text and priced exactly,,6,6,0,0,0,
INV-H3-000720,0,,2304088,2304088,0.65,medium,1,1,2304088,INV-H3-000720#0,"not flagged; every amount is proven, but some identity rests on review, a tie-break, the contextual ENT reading, or financial equivalence across candidates",,12,12,0,0,0,
INV-H3-000721,0,,4519168,4519168,0.65,medium,1,1,4519168,INV-H3-000721#0,"not flagged; every amount is proven, but some identity rests on review, a tie-break, the contextual ENT reading, or financial equivalence across candidates",,18,18,0,0,0,
INV-H3-000722,0,,2691831,2691831,0.65,medium,1,1,2691831,INV-H3-000722#0,"not flagged; every amount is proven, but some identity rests on review, a tie-break, the contextual ENT reading, or financial equivalence across candidates",,15,15,0,0,0,
INV-H3-000723,0,,3834659,3834659,0.65,medium,1,1,3834659,INV-H3-000723#0,"not flagged; every amount is proven, but some identity rests on review, a tie-break, the contextual ENT reading, or financial equivalence across candidates",,14,14,0,0,0,
INV-H3-000724,0,,2629947,2629947,0.65,medium,1,1,2629947,INV-H3-000724#0,"not flagged; every amount is proven, but some identity rests on review, a tie-break, the contextual ENT reading, or financial equivalence across candidates",,13,13,0,0,0,
INV-H3-000725,0,,2153261,2153261,0.85,high,1,1,2153261,INV-H3-000725#0,not flagged; every line identified from text and priced exactly,,10,10,0,0,0,
INV-H3-000726,0,,2659547,2659547,0.65,medium,1,1,2659547,INV-H3-000726#0,"not flagged; every amount is proven, but some identity rests on review, a tie-break, the contextual ENT reading, or financial equivalence across candidates",,12,12,0,0,0,
INV-H3-000727,0,,2743756,2743756,0.85,high,1,1,2743756,INV-H3-000727#0,not flagged; every line identified from text and priced exactly,,10,10,0,0,0,
INV-H3-000728,0,,3578751,3578751,0.65,medium,1,1,3578751,INV-H3-000728#0,"not flagged; every amount is proven, but some identity rests on review, a tie-break, the contextual ENT reading, or financial equivalence across candidates",,17,17,0,0,0,
INV-H3-000729,0,,3475503,3475503,0.65,medium,1,1,3475503,INV-H3-000729#0,"not flagged; every amount is proven, but some identity rests on review, a tie-break, the contextual ENT reading, or financial equivalence across candidates",,16,16,0,0,0,
INV-H3-000730,0,,4427478,4427478,0.65,medium,1,1,4427478,INV-H3-000730#0,"not flagged; every amount is proven, but some identity rests on review, a tie-break, the contextual ENT reading, or financial equivalence across candidates",,14,14,0,0,0,
INV-H3-000731,0,,1111588,1111588,0.85,high,1,1,1111588,INV-H3-000731#0,not flagged; every line identified from text and priced exactly,,9,9,0,0,0,
INV-H3-000732,0,,,2789905,0.40,low,0,0,,INV-H3-000732#0,"H3-L00732-07: 'adv - telemetry monit /RM-3459' is unresolved (jev_ambiguous_contracted) between Advanced Gastrointestinal Telemetry Monitoring, Advanced Paediatric Telemetry Monitoring ; blank: a line's candidate services lead to different corrected amounts ; not flagged, but some line's corrected amount could not be proven, so not every rule could be checked",,10,9,0,1,0,a line's candidate services lead to different corrected amounts
INV-H3-000733,0,,3593776,3593776,0.65,medium,1,1,3593776,INV-H3-000733#0,"not flagged; every amount is proven, but some identity rests on review, a tie-break, the contextual ENT reading, or financial equivalence across candidates",,12,12,0,0,0,
INV-H3-000734,0,,537271,537271,0.85,high,1,1,537271,INV-H3-000734#0,not flagged; every line identified from text and priced exactly,,6,6,0,0,0,
INV-H3-000735,0,,3087663,3087663,0.65,medium,1,1,3087663,INV-H3-000735#0,"not flagged; every amount is proven, but some identity rests on review, a tie-break, the contextual ENT reading, or financial equivalence across candidates",,11,11,0,0,0,
INV-H3-000736,0,,3137830,3137830,0.65,medium,1,1,3137830,INV-H3-000736#0,"not flagged; every amount is proven, but some identity rests on review, a tie-break, the contextual ENT reading, or financial equivalence across candidates",,17,17,0,0,0,
INV-H3-000737,0,,3064153,3064153,0.65,medium,1,1,3064153,INV-H3-000737#0,"not flagged; every amount is proven, but some identity rests on review, a tie-break, the contextual ENT reading, or financial equivalence across candidates",,16,16,0,0,0,
INV-H3-000738,0,,2919602,2919602,0.65,medium,1,1,2919602,INV-H3-000738#0,"not flagged; every amount is proven, but some identity rests on review, a tie-break, the contextual ENT reading, or financial equivalence across candidates",,16,16,0,0,0,
INV-H3-000739,0,,4242242,4242242,0.65,medium,1,1,4242242,INV-H3-000739#0,"not flagged; every amount is proven, but some identity rests on review, a tie-break, the contextual ENT reading, or financial equivalence across candidates",,19,19,0,0,0,
INV-H3-000740,0,,602853,602853,0.85,high,1,1,602853,INV-H3-000740#0,not flagged; every line identified from text and priced exactly,,5,5,0,0,0,
INV-H3-000741,0,,2915819,2915819,0.65,medium,1,1,2915819,INV-H3-000741#0,"not flagged; every amount is proven, but some identity rests on review, a tie-break, the contextual ENT reading, or financial equivalence across candidates",,10,10,0,0,0,
INV-H3-000742,0,,3466104,3466104,0.85,high,1,1,3466104,INV-H3-000742#0,not flagged; every line identified from text and priced exactly,,14,14,0,0,0,
INV-H3-000743,0,,3790418,3790418,0.85,high,1,1,3790418,INV-H3-000743#0,not flagged; every line identified from text and priced exactly,,15,15,0,0,0,
INV-H3-000744,0,,4264192,4264192,0.85,high,1,1,4264192,INV-H3-000744#0,not flagged; every line identified from text and priced exactly,,15,15,0,0,0,
INV-H3-000745,0,,706010,706010,0.85,high,1,1,706010,INV-H3-000745#0,not flagged; every line identified from text and priced exactly,,5,5,0,0,0,
INV-H3-000746,0,,381317,381317,0.65,medium,1,1,381317,INV-H3-000746#0,"not flagged; every amount is proven, but some identity rests on review, a tie-break, the contextual ENT reading, or financial equivalence across candidates",,6,6,0,0,0,
INV-H3-000747,0,,1574386,1574386,0.65,medium,1,1,1574386,INV-H3-000747#0,"not flagged; every amount is proven, but some identity rests on review, a tie-break, the contextual ENT reading, or financial equivalence across candidates",,9,9,0,0,0,
INV-H3-000748,0,,1554665,1554665,0.85,high,1,1,1554665,INV-H3-000748#0,not flagged; every line identified from text and priced exactly,,6,6,0,0,0,
INV-H3-000749,1,volume_discount_omitted|service_date_out_of_window|unit_price_mismatch,2628281,3780850,0.65,medium,1,1,2628281,INV-H3-000749#0,"findings depend on hospital-wide state, a recorded policy, a reviewed or tie-broken identity, or a candidate set priced by financial equivalence",,8,8,0,0,0,
INV-H3-000750,0,,4599898,4599898,0.65,medium,1,1,4599898,INV-H3-000750#0,"not flagged; every amount is proven, but some identity rests on review, a tie-break, the contextual ENT reading, or financial equivalence across candidates",,18,18,0,0,0,
INV-H3-000751,0,,,5760591,0.40,low,0,0,,INV-H3-000751#0,"H3-L00751-15: 'dispensing inpt pharm /RM-6838' is unresolved (missing_discriminator) between Inpatient Gastrointestinal Pharmaceutical Dispensing or an uncontracted service ; blank: a line's description omits a word, so an uncontracted service cannot be ruled out ; not flagged, but some line's corrected amount could not be proven, so not every rule could be checked",,19,18,0,1,0,"a line's description omits a word, so an uncontracted service cannot be ruled out"
INV-H3-000752,0,,,2701313,0.40,low,0,0,,INV-H3-000752#0,"H3-L00752-06: 'inpt thtr tm' is unresolved (jev_ambiguous_contracted) between Inpatient Metabolic Theatre Time, Inpatient Musculoskeletal Theatre Time ; blank: a line's candidate services lead to different corrected amounts ; not flagged, but some line's corrected amount could not be proven, so not every rule could be checked",,12,11,0,1,0,a line's candidate services lead to different corrected amounts
INV-H3-000753,0,,3093941,3093941,0.65,medium,1,1,3093941,INV-H3-000753#0,"not flagged; every amount is proven, but some identity rests on review, a tie-break, the contextual ENT reading, or financial equivalence across candidates",,12,12,0,0,0,
INV-H3-000754,0,,1819057,1819057,0.85,high,1,1,1819057,INV-H3-000754#0,not flagged; every line identified from text and priced exactly,,6,6,0,0,0,
INV-H3-000755,0,,3156586,3156586,0.65,medium,1,1,3156586,INV-H3-000755#0,"not flagged; every amount is proven, but some identity rests on review, a tie-break, the contextual ENT reading, or financial equivalence across candidates",,12,12,0,0,0,
INV-H3-000756,0,,2393158,2393158,0.85,high,1,1,2393158,INV-H3-000756#0,not flagged; every line identified from text and priced exactly,,8,8,0,0,0,
INV-H3-000757,0,,,1771249,0.40,low,0,0,,INV-H3-000757#0,"H3-L00757-09: 'dispensing inpt pharm /RM-6838' is unresolved (missing_discriminator) between Inpatient Gastrointestinal Pharmaceutical Dispensing or an uncontracted service ; blank: a line's description omits a word, so an uncontracted service cannot be ruled out ; not flagged, but some line's corrected amount could not be proven, so not every rule could be checked",,12,11,0,1,0,"a line's description omits a word, so an uncontracted service cannot be ruled out"
INV-H3-000758,0,,5260560,5260560,0.65,medium,1,1,5260560,INV-H3-000758#0,"not flagged; every amount is proven, but some identity rests on review, a tie-break, the contextual ENT reading, or financial equivalence across candidates",,19,19,0,0,0,
INV-H3-000759,0,,2342309,2342309,0.65,medium,1,1,2342309,INV-H3-000759#0,"not flagged; every amount is proven, but some identity rests on review, a tie-break, the contextual ENT reading, or financial equivalence across candidates",,11,11,0,0,0,
INV-H3-000760,0,,724790,724790,0.85,high,1,1,724790,INV-H3-000760#0,not flagged; every line identified from text and priced exactly,,5,5,0,0,0,
INV-H3-000761,0,,4257105,4257105,0.65,medium,1,1,4257105,INV-H3-000761#0,"not flagged; every amount is proven, but some identity rests on review, a tie-break, the contextual ENT reading, or financial equivalence across candidates",,16,16,0,0,0,
INV-H3-000762,0,,3759713,3759713,0.65,medium,1,1,3759713,INV-H3-000762#0,"not flagged; every amount is proven, but some identity rests on review, a tie-break, the contextual ENT reading, or financial equivalence across candidates",,14,14,0,0,0,
INV-H3-000763,0,,930293,930293,0.85,high,1,1,930293,INV-H3-000763#0,not flagged; every line identified from text and priced exactly,,6,6,0,0,0,
INV-H3-000764,0,,3031701,3031701,0.65,medium,1,1,3031701,INV-H3-000764#0,"not flagged; every amount is proven, but some identity rests on review, a tie-break, the contextual ENT reading, or financial equivalence across candidates",,14,14,0,0,0,
INV-H3-000765,0,,1784079,1784079,0.85,high,1,1,1784079,INV-H3-000765#0,not flagged; every line identified from text and priced exactly,,7,7,0,0,0,
INV-H3-000766,0,,2357378,2357378,0.65,medium,1,1,2357378,INV-H3-000766#0,"not flagged; every amount is proven, but some identity rests on review, a tie-break, the contextual ENT reading, or financial equivalence across candidates",,17,17,0,0,0,
INV-H3-000767,0,,1823255,1823255,0.65,medium,1,1,1823255,INV-H3-000767#0,"not flagged; every amount is proven, but some identity rests on review, a tie-break, the contextual ENT reading, or financial equivalence across candidates",,9,9,0,0,0,
INV-H3-000768,0,,2840599,2840599,0.65,medium,1,1,2840599,INV-H3-000768#0,"not flagged; every amount is proven, but some identity rests on review, a tie-break, the contextual ENT reading, or financial equivalence across candidates",,15,15,0,0,0,
INV-H3-000769,0,,881425,881425,0.65,medium,1,1,881425,INV-H3-000769#0,"not flagged; every amount is proven, but some identity rests on review, a tie-break, the contextual ENT reading, or financial equivalence across candidates",,5,5,0,0,0,
INV-H3-000770,0,,618253,618253,0.85,high,1,1,618253,INV-H3-000770#0,not flagged; every line identified from text and priced exactly,,5,5,0,0,0,
INV-H3-000771,0,,3494704,3494704,0.85,high,1,1,3494704,INV-H3-000771#0,not flagged; every line identified from text and priced exactly,,13,13,0,0,0,
INV-H3-000772,0,,3024830,3024830,0.85,high,1,1,3024830,INV-H3-000772#0,not flagged; every line identified from text and priced exactly,,14,14,0,0,0,
INV-H3-000773,0,,4715934,4715934,0.65,medium,1,1,4715934,INV-H3-000773#0,"not flagged; every amount is proven, but some identity rests on review, a tie-break, the contextual ENT reading, or financial equivalence across candidates",,14,14,0,0,0,
INV-H3-000774,0,,1183376,1183376,0.85,high,1,1,1183376,INV-H3-000774#0,not flagged; every line identified from text and priced exactly,,7,7,0,0,0,
INV-H3-000775,0,,3676865,3676865,0.85,high,1,1,3676865,INV-H3-000775#0,not flagged; every line identified from text and priced exactly,,19,19,0,0,0,
INV-H3-000776,0,,2524245,2524245,0.65,medium,1,1,2524245,INV-H3-000776#0,"not flagged; every amount is proven, but some identity rests on review, a tie-break, the contextual ENT reading, or financial equivalence across candidates",,9,9,0,0,0,
INV-H3-000777,0,,6149897,6149897,0.65,medium,1,1,6149897,INV-H3-000777#0,"not flagged; every amount is proven, but some identity rests on review, a tie-break, the contextual ENT reading, or financial equivalence across candidates",,19,19,0,0,0,
INV-H3-000778,0,,2455565,2455565,0.65,medium,1,1,2455565,INV-H3-000778#0,"not flagged; every amount is proven, but some identity rests on review, a tie-break, the contextual ENT reading, or financial equivalence across candidates",,16,16,0,0,0,
INV-H3-000779,0,,1751701,1751701,0.65,medium,1,1,1751701,INV-H3-000779#0,"not flagged; every amount is proven, but some identity rests on review, a tie-break, the contextual ENT reading, or financial equivalence across candidates",,11,11,0,0,0,
INV-H3-000780,0,,2384030,2384030,0.85,high,1,1,2384030,INV-H3-000780#0,not flagged; every line identified from text and priced exactly,,10,10,0,0,0,
INV-H3-000781,1,contract_number_mismatch|unknown_service|wrong_unit_basis,,2969025,0.40,low,0,0,,INV-H3-000781#0,"H3-L00781-02: 'occupancy continuous isol room /RM-3671' is unresolved (jev_ambiguous_contracted) between Continuous Immunologic Isolation Room Occupancy, Continuous Renal Isolation Room Occupancy ; H3-L00781-06: service not contracted, so no contract price exists ; blank: a line names a service this agreement does not contract (no contract price) ; blank: a line's candidate services lead to different corrected amounts ; a finding rests on reading free text, or the corrected total cannot be proven",,11,9,0,1,1,a line names a service this agreement does not contract (no contract price) | a line's candidate services lead to different corrected amounts
INV-H3-000782,1,service_date_after_invoice_date,4628823,4628823,0.85,high,1,1,4628823,INV-H3-000782#0,"every finding follows from the invoice's own fields, independent of service identity",,19,19,0,0,0,
INV-H3-000783,0,,2018521,2018521,0.85,high,1,1,2018521,INV-H3-000783#0,not flagged; every line identified from text and priced exactly,,9,9,0,0,0,
INV-H3-000784,0,,3651635,3651635,0.65,medium,1,1,3651635,INV-H3-000784#0,"not flagged; every amount is proven, but some identity rests on review, a tie-break, the contextual ENT reading, or financial equivalence across candidates",,14,14,0,0,0,
INV-H3-000785,1,unknown_service,,2366751,0.40,low,0,0,,INV-H3-000785#0,"H3-L00785-07: service not contracted, so no contract price exists ; blank: a line names a service this agreement does not contract (no contract price) ; a finding rests on reading free text, or the corrected total cannot be proven",2366751,11,10,0,0,1,a line names a service this agreement does not contract (no contract price)
INV-H3-000786,0,,,2554654,0.40,low,0,0,,INV-H3-000786#0,"H3-L00786-04: 'dispensing inpt pharm /RM-6838' is unresolved (missing_discriminator) between Inpatient Gastrointestinal Pharmaceutical Dispensing or an uncontracted service ; blank: a line's description omits a word, so an uncontracted service cannot be ruled out ; not flagged, but some line's corrected amount could not be proven, so not every rule could be checked",,9,8,0,1,0,"a line's description omits a word, so an uncontracted service cannot be ruled out"
INV-H3-000787,1,service_date_after_invoice_date,4234549,4234549,0.85,high,1,1,4234549,INV-H3-000787#0,"every finding follows from the invoice's own fields, independent of service identity",,20,20,0,0,0,
INV-H3-000788,1,bundle_not_applied,3319912,3407112,0.65,medium,1,1,3319912,INV-H3-000788#0,"findings depend on hospital-wide state, a recorded policy, a reviewed or tie-broken identity, or a candidate set priced by financial equivalence",,16,16,0,0,0,
INV-H3-000789,1,line_total_arithmetic|unit_price_mismatch|exclusion_window_violation,1519625,1888897,0.65,medium,1,1,1519625,INV-H3-000789#0,"findings depend on hospital-wide state, a recorded policy, a reviewed or tie-broken identity, or a candidate set priced by financial equivalence",,11,11,0,0,0,
INV-H3-000790,0,,2284197,2284197,0.65,medium,1,1,2284197,INV-H3-000790#0,"not flagged; every amount is proven, but some identity rests on review, a tie-break, the contextual ENT reading, or financial equivalence across candidates",,10,10,0,0,0,
INV-H3-000791,0,,,3873519,0.40,low,0,0,,INV-H3-000791#0,"H3-L00791-18: 'adv - telemetry monit /RM-3459' is unresolved (jev_ambiguous_contracted) between Advanced Gastrointestinal Telemetry Monitoring, Advanced Paediatric Telemetry Monitoring ; blank: a line's candidate services lead to different corrected amounts ; not flagged, but some line's corrected amount could not be proven, so not every rule could be checked",,19,18,0,1,0,a line's candidate services lead to different corrected amounts
INV-H3-000792,0,,873775,873775,0.65,medium,1,1,873775,INV-H3-000792#0,"not flagged; every amount is proven, but some identity rests on review, a tie-break, the contextual ENT reading, or financial equivalence across candidates",,9,9,0,0,0,
INV-H3-000793,0,,2536612,2536612,0.85,high,1,1,2536612,INV-H3-000793#0,not flagged; every line identified from text and priced exactly,,10,10,0,0,0,
INV-H3-000794,1,invoice_total_mismatch|bundle_not_applied|unknown_service,,1424664,0.40,low,0,0,,INV-H3-000794#0,"H3-L00794-03: service not contracted, so no contract price exists ; blank: a line names a service this agreement does not contract (no contract price) ; a finding rests on reading free text, or the corrected total cannot be proven",1351814,5,4,0,0,1,a line names a service this agreement does not contract (no contract price)
INV-H3-000795,0,,2317885,2317885,0.85,high,1,1,2317885,INV-H3-000795#0,not flagged; every line identified from text and priced exactly,,8,8,0,0,0,
INV-H3-000796,0,,2636844,2636844,0.65,medium,1,1,2636844,INV-H3-000796#0,"not flagged; every amount is proven, but some identity rests on review, a tie-break, the contextual ENT reading, or financial equivalence across candidates",,11,11,0,0,0,
INV-H3-000797,0,,967300,967300,0.65,medium,1,1,967300,INV-H3-000797#0,"not flagged; every amount is proven, but some identity rests on review, a tie-break, the contextual ENT reading, or financial equivalence across candidates",,5,5,0,0,0,
INV-H3-000798,0,,2932721,2932721,0.85,high,1,1,2932721,INV-H3-000798#0,not flagged; every line identified from text and priced exactly,,9,9,0,0,0,
INV-H3-000799,0,,6406346,6406346,0.65,medium,1,1,6406346,INV-H3-000799#0,"not flagged; every amount is proven, but some identity rests on review, a tie-break, the contextual ENT reading, or financial equivalence across candidates",,18,18,0,0,0,
INV-H3-000800,0,,5046666,5046666,0.65,medium,1,1,5046666,INV-H3-000800#0,"not flagged; every amount is proven, but some identity rests on review, a tie-break, the contextual ENT reading, or financial equivalence across candidates",,18,18,0,0,0,
INV-H3-000801,0,,3379755,3379755,0.65,medium,1,1,3379755,INV-H3-000801#0,"not flagged; every amount is proven, but some identity rests on review, a tie-break, the contextual ENT reading, or financial equivalence across candidates",,19,19,0,0,0,
INV-H3-000802,0,,760223,760223,0.65,medium,1,1,760223,INV-H3-000802#0,"not flagged; every amount is proven, but some identity rests on review, a tie-break, the contextual ENT reading, or financial equivalence across candidates",,5,5,0,0,0,
INV-H3-000803,0,,3222887,3222887,0.65,medium,1,1,3222887,INV-H3-000803#0,"not flagged; every amount is proven, but some identity rests on review, a tie-break, the contextual ENT reading, or financial equivalence across candidates",,14,14,0,0,0,
INV-H3-000804,0,,,2767967,0.40,low,0,0,,INV-H3-000804#0,"H3-L00804-10: 'occupancy continuous isol room /RM-3671' is unresolved (jev_ambiguous_contracted) between Continuous Immunologic Isolation Room Occupancy, Continuous Renal Isolation Room Occupancy ; blank: a line's candidate services lead to different corrected amounts ; not flagged, but some line's corrected amount could not be proven, so not every rule could be checked",,14,13,0,1,0,a line's candidate services lead to different corrected amounts
INV-H3-000805,0,,,3710659,0.40,low,0,0,,INV-H3-000805#0,"H3-L00805-06: 'dispensing inpt pharm /RM-6838' is unresolved (missing_discriminator) between Inpatient Gastrointestinal Pharmaceutical Dispensing or an uncontracted service ; H3-L00805-09: 'occupancy continuous isol room /RM-3671' is unresolved (jev_ambiguous_contracted) between Continuous Immunologic Isolation Room Occupancy, Continuous Renal Isolation Room Occupancy ; blank: a line's description omits a word, so an uncontracted service cannot be ruled out ; blank: a line's candidate services lead to different corrected amounts ; not flagged, but some line's corrected amount could not be proven, so not every rule could be checked",,17,15,0,2,0,"a line's description omits a word, so an uncontracted service cannot be ruled out | a line's candidate services lead to different corrected amounts"
INV-H3-000806,0,,3278600,3278600,0.65,medium,1,1,3278600,INV-H3-000806#0,"not flagged; every amount is proven, but some identity rests on review, a tie-break, the contextual ENT reading, or financial equivalence across candidates",,12,12,0,0,0,
INV-H3-000807,0,,1858924,1858924,0.65,medium,1,1,1858924,INV-H3-000807#0,"not flagged; every amount is proven, but some identity rests on review, a tie-break, the contextual ENT reading, or financial equivalence across candidates",,6,6,0,0,0,
INV-H3-000808,0,,1261397,1261397,0.65,medium,1,1,1261397,INV-H3-000808#0,"not flagged; every amount is proven, but some identity rests on review, a tie-break, the contextual ENT reading, or financial equivalence across candidates",,7,7,0,0,0,
INV-H3-000809,0,,3215321,3215321,0.65,medium,1,1,3215321,INV-H3-000809#0,"not flagged; every amount is proven, but some identity rests on review, a tie-break, the contextual ENT reading, or financial equivalence across candidates",,10,10,0,0,0,
INV-H3-000810,0,,630689,630689,0.85,high,1,1,630689,INV-H3-000810#0,not flagged; every line identified from text and priced exactly,,5,5,0,0,0,
INV-H3-000811,0,,,1836130,0.40,low,0,0,,INV-H3-000811#0,"H3-L00811-02: 'dispensing inpt pharm /RM-6838' is unresolved (missing_discriminator) between Inpatient Gastrointestinal Pharmaceutical Dispensing or an uncontracted service ; blank: a line's description omits a word, so an uncontracted service cannot be ruled out ; not flagged, but some line's corrected amount could not be proven, so not every rule could be checked",,6,5,0,1,0,"a line's description omits a word, so an uncontracted service cannot be ruled out"
INV-H3-000812,0,,1244190,1244190,0.65,medium,1,1,1244190,INV-H3-000812#0,"not flagged; every amount is proven, but some identity rests on review, a tie-break, the contextual ENT reading, or financial equivalence across candidates",,6,6,0,0,0,
INV-H3-000813,0,,3923990,3923990,0.65,medium,1,1,3923990,INV-H3-000813#0,"not flagged; every amount is proven, but some identity rests on review, a tie-break, the contextual ENT reading, or financial equivalence across candidates",,17,17,0,0,0,
INV-H3-000814,0,,3200185,3200185,0.85,high,1,1,3200185,INV-H3-000814#0,not flagged; every line identified from text and priced exactly,,10,10,0,0,0,
INV-H3-000815,0,,3254914,3254914,0.65,medium,1,1,3254914,INV-H3-000815#0,"not flagged; every amount is proven, but some identity rests on review, a tie-break, the contextual ENT reading, or financial equivalence across candidates",,16,16,0,0,0,
INV-H3-000816,1,invoice_total_mismatch,,2623469,0.85,high,0,0,,INV-H3-000816#0,"H3-L00816-04: 'inpt thtr tm' is unresolved (jev_ambiguous_contracted) between Inpatient Metabolic Theatre Time, Inpatient Musculoskeletal Theatre Time ; blank: a line's candidate services lead to different corrected amounts ; every finding follows from the invoice's own fields, independent of service identity",,13,12,0,1,0,a line's candidate services lead to different corrected amounts
INV-H3-000817,1,premium_omitted,3404015,3315287,0.65,medium,1,1,3404015,INV-H3-000817#0,"findings depend on hospital-wide state, a recorded policy, a reviewed or tie-broken identity, or a candidate set priced by financial equivalence",,14,14,0,0,0,
INV-H3-000818,0,,5275580,5275580,0.65,medium,1,1,5275580,INV-H3-000818#0,"not flagged; every amount is proven, but some identity rests on review, a tie-break, the contextual ENT reading, or financial equivalence across candidates",,16,16,0,0,0,
INV-H3-000819,0,,2291285,2291285,0.85,high,1,1,2291285,INV-H3-000819#0,not flagged; every line identified from text and priced exactly,,9,9,0,0,0,
INV-H3-000820,0,,1426437,1426437,0.65,medium,1,1,1426437,INV-H3-000820#0,"not flagged; every amount is proven, but some identity rests on review, a tie-break, the contextual ENT reading, or financial equivalence across candidates",,8,8,0,0,0,
INV-H3-000821,0,,2767982,2767982,0.65,medium,1,1,2767982,INV-H3-000821#0,"not flagged; every amount is proven, but some identity rests on review, a tie-break, the contextual ENT reading, or financial equivalence across candidates",,8,8,0,0,0,
INV-H3-000822,0,,1850345,1850345,0.65,medium,1,1,1850345,INV-H3-000822#0,"not flagged; every amount is proven, but some identity rests on review, a tie-break, the contextual ENT reading, or financial equivalence across candidates",,13,13,0,0,0,
INV-H3-000823,0,,1198551,1198551,0.65,medium,1,1,1198551,INV-H3-000823#0,"not flagged; every amount is proven, but some identity rests on review, a tie-break, the contextual ENT reading, or financial equivalence across candidates",,5,5,0,0,0,
INV-H3-000824,0,,4118783,4118783,0.65,medium,1,1,4118783,INV-H3-000824#0,"not flagged; every amount is proven, but some identity rests on review, a tie-break, the contextual ENT reading, or financial equivalence across candidates",,15,15,0,0,0,
INV-H3-000825,0,,1304445,1304445,0.65,medium,1,1,1304445,INV-H3-000825#0,"not flagged; every amount is proven, but some identity rests on review, a tie-break, the contextual ENT reading, or financial equivalence across candidates",,9,9,0,0,0,
INV-H3-000826,0,,3377308,3377308,0.65,medium,1,1,3377308,INV-H3-000826#0,"not flagged; every amount is proven, but some identity rests on review, a tie-break, the contextual ENT reading, or financial equivalence across candidates",,15,15,0,0,0,
INV-H3-000827,0,,3548057,3548057,0.65,medium,1,1,3548057,INV-H3-000827#0,"not flagged; every amount is proven, but some identity rests on review, a tie-break, the contextual ENT reading, or financial equivalence across candidates",,14,14,0,0,0,
INV-H3-000828,0,,970340,970340,0.65,medium,1,1,970340,INV-H3-000828#0,"not flagged; every amount is proven, but some identity rests on review, a tie-break, the contextual ENT reading, or financial equivalence across candidates",,5,5,0,0,0,
INV-H3-000829,0,,1971132,1971132,0.85,high,1,1,1971132,INV-H3-000829#0,not flagged; every line identified from text and priced exactly,,6,6,0,0,0,
INV-H3-000830,0,,5252450,5252450,0.65,medium,1,1,5252450,INV-H3-000830#0,"not flagged; every amount is proven, but some identity rests on review, a tie-break, the contextual ENT reading, or financial equivalence across candidates",,19,19,0,0,0,
INV-H3-000831,0,,1894994,1894994,0.85,high,1,1,1894994,INV-H3-000831#0,not flagged; every line identified from text and priced exactly,,13,13,0,0,0,
INV-H3-000832,0,,2325283,2325283,0.65,medium,1,1,2325283,INV-H3-000832#0,"not flagged; every amount is proven, but some identity rests on review, a tie-break, the contextual ENT reading, or financial equivalence across candidates",,10,10,0,0,0,
INV-H3-000833,0,,,5333990,0.40,low,0,0,,INV-H3-000833#0,"H3-L00833-16: 'occupancy continuous isol room /RM-3671' is unresolved (jev_ambiguous_contracted) between Continuous Immunologic Isolation Room Occupancy, Continuous Renal Isolation Room Occupancy ; blank: a line's candidate services lead to different corrected amounts ; not flagged, but some line's corrected amount could not be proven, so not every rule could be checked",,18,17,0,1,0,a line's candidate services lead to different corrected amounts
INV-H3-000834,1,unit_price_mismatch|service_date_out_of_window,3340474,3370659,0.65,medium,1,1,3340474,INV-H3-000834#0,"findings depend on hospital-wide state, a recorded policy, a reviewed or tie-broken identity, or a candidate set priced by financial equivalence",,14,14,0,0,0,
INV-H3-000835,0,,3258589,3258589,0.65,medium,1,1,3258589,INV-H3-000835#0,"not flagged; every amount is proven, but some identity rests on review, a tie-break, the contextual ENT reading, or financial equivalence across candidates",,20,20,0,0,0,
INV-H3-000836,0,,1929960,1929960,0.85,high,1,1,1929960,INV-H3-000836#0,not flagged; every line identified from text and priced exactly,,9,9,0,0,0,
INV-H3-000837,1,malformed_service_date|wrong_unit_basis,932171,932171,0.65,medium,1,1,932171,INV-H3-000837#0,"findings depend on hospital-wide state, a recorded policy, a reviewed or tie-broken identity, or a candidate set priced by financial equivalence",,8,8,0,0,0,
INV-H3-000838,0,,1182311,1182311,0.65,medium,1,1,1182311,INV-H3-000838#0,"not flagged; every amount is proven, but some identity rests on review, a tie-break, the contextual ENT reading, or financial equivalence across candidates",,6,6,0,0,0,
INV-H3-000839,0,,3975071,3975071,0.65,medium,1,1,3975071,INV-H3-000839#0,"not flagged; every amount is proven, but some identity rests on review, a tie-break, the contextual ENT reading, or financial equivalence across candidates",,15,15,0,0,0,
INV-H3-000840,0,,,2198182,0.40,low,0,0,,INV-H3-000840#0,"H3-L00840-05: 'occupancy continuous isol room /RM-3671' is unresolved (jev_ambiguous_contracted) between Continuous Immunologic Isolation Room Occupancy, Continuous Renal Isolation Room Occupancy ; blank: a line's candidate services lead to different corrected amounts ; not flagged, but some line's corrected amount could not be proven, so not every rule could be checked",,13,12,0,1,0,a line's candidate services lead to different corrected amounts
INV-H3-000841,0,,2222152,2222152,0.85,high,1,1,2222152,INV-H3-000841#0,not flagged; every line identified from text and priced exactly,,12,12,0,0,0,
INV-H3-000842,1,service_date_out_of_window|volume_discount_omitted|cross_invoice_duplicate,1872411,2783025,0.65,medium,1,1,1872411,INV-H3-000842#0,"findings depend on hospital-wide state, a recorded policy, a reviewed or tie-broken identity, or a candidate set priced by financial equivalence",,12,12,0,0,0,
INV-H3-000843,0,,1235319,1235319,0.65,medium,1,1,1235319,INV-H3-000843#0,"not flagged; every amount is proven, but some identity rests on review, a tie-break, the contextual ENT reading, or financial equivalence across candidates",,8,8,0,0,0,
INV-H3-000844,0,,3364487,3364487,0.65,medium,1,1,3364487,INV-H3-000844#0,"not flagged; every amount is proven, but some identity rests on review, a tie-break, the contextual ENT reading, or financial equivalence across candidates",,12,12,0,0,0,
INV-H3-000845,0,,2708497,2708497,0.65,medium,1,1,2708497,INV-H3-000845#0,"not flagged; every amount is proven, but some identity rests on review, a tie-break, the contextual ENT reading, or financial equivalence across candidates",,12,12,0,0,0,
INV-H3-000846,0,,4669641,4669641,0.65,medium,1,1,4669641,INV-H3-000846#0,"not flagged; every amount is proven, but some identity rests on review, a tie-break, the contextual ENT reading, or financial equivalence across candidates",,15,15,0,0,0,
INV-H3-000847,0,,,2082753,0.40,low,0,0,,INV-H3-000847#0,"H3-L00847-08: 'adv - telemetry monit /RM-3459' is unresolved (jev_ambiguous_contracted) between Advanced Gastrointestinal Telemetry Monitoring, Advanced Paediatric Telemetry Monitoring ; blank: a line's candidate services lead to different corrected amounts ; not flagged, but some line's corrected amount could not be proven, so not every rule could be checked",,9,8,0,1,0,a line's candidate services lead to different corrected amounts
INV-H3-000848,0,,4710941,4710941,0.85,high,1,1,4710941,INV-H3-000848#0,not flagged; every line identified from text and priced exactly,,18,18,0,0,0,
INV-H3-000849,0,,2600044,2600044,0.85,high,1,1,2600044,INV-H3-000849#0,not flagged; every line identified from text and priced exactly,,15,15,0,0,0,
INV-H3-000850,0,,5026295,5026295,0.65,medium,1,1,5026295,INV-H3-000850#0,"not flagged; every amount is proven, but some identity rests on review, a tie-break, the contextual ENT reading, or financial equivalence across candidates",,19,19,0,0,0,
INV-H3-000851,0,,3261972,3261972,0.65,medium,1,1,3261972,INV-H3-000851#0,"not flagged; every amount is proven, but some identity rests on review, a tie-break, the contextual ENT reading, or financial equivalence across candidates",,20,20,0,0,0,
INV-H3-000852,0,,2188525,2188525,0.65,medium,1,1,2188525,INV-H3-000852#0,"not flagged; every amount is proven, but some identity rests on review, a tie-break, the contextual ENT reading, or financial equivalence across candidates",,10,10,0,0,0,
INV-H3-000853,0,,750465,750465,0.65,medium,1,1,750465,INV-H3-000853#0,"not flagged; every amount is proven, but some identity rests on review, a tie-break, the contextual ENT reading, or financial equivalence across candidates",,6,6,0,0,0,
INV-H3-000854,0,,1300618,1300618,0.85,high,1,1,1300618,INV-H3-000854#0,not flagged; every line identified from text and priced exactly,,8,8,0,0,0,
INV-H3-000855,0,,598343,598343,0.65,medium,1,1,598343,INV-H3-000855#0,"not flagged; every amount is proven, but some identity rests on review, a tie-break, the contextual ENT reading, or financial equivalence across candidates",,6,6,0,0,0,
INV-H3-000856,0,,4388325,4388325,0.65,medium,1,1,4388325,INV-H3-000856#0,"not flagged; every amount is proven, but some identity rests on review, a tie-break, the contextual ENT reading, or financial equivalence across candidates",,18,18,0,0,0,
INV-H3-000857,0,,,4031755,0.40,low,0,0,4154255,INV-H3-000857#0,"H3-L00857-01: 'inpt thtr tm' is unresolved (jev_ambiguous_contracted) between Inpatient Metabolic Theatre Time, Inpatient Musculoskeletal Theatre Time ; H3-L00857-01 as Inpatient Metabolic Theatre Time: the cap proves the quantity wrong but not what it should be; only the capped amount is a ceiling (policy) ; blank: a line's candidate services lead to different corrected amounts ; not flagged, but some line's corrected amount could not be proven, so not every rule could be checked",,11,10,0,1,0,a line's candidate services lead to different corrected amounts
INV-H3-000858,0,,4117434,4117434,0.65,medium,1,1,4117434,INV-H3-000858#0,"not flagged; every amount is proven, but some identity rests on review, a tie-break, the contextual ENT reading, or financial equivalence across candidates",,20,20,0,0,0,
INV-H3-000859,0,,929398,929398,0.85,high,1,1,929398,INV-H3-000859#0,not flagged; every line identified from text and priced exactly,,5,5,0,0,0,
INV-H3-000860,0,,1550156,1550156,0.65,medium,1,1,1550156,INV-H3-000860#0,"not flagged; every amount is proven, but some identity rests on review, a tie-break, the contextual ENT reading, or financial equivalence across candidates",,9,9,0,0,0,
INV-H3-000861,0,,2950086,2950086,0.65,medium,1,1,2950086,INV-H3-000861#0,"not flagged; every amount is proven, but some identity rests on review, a tie-break, the contextual ENT reading, or financial equivalence across candidates",,16,16,0,0,0,
INV-H3-000862,0,,4316227,4316227,0.65,medium,1,1,4316227,INV-H3-000862#0,"not flagged; every amount is proven, but some identity rests on review, a tie-break, the contextual ENT reading, or financial equivalence across candidates",,15,15,0,0,0,
INV-H3-000863,0,,657175,657175,0.65,medium,1,1,657175,INV-H3-000863#0,"not flagged; every amount is proven, but some identity rests on review, a tie-break, the contextual ENT reading, or financial equivalence across candidates",,7,7,0,0,0,
INV-H3-000864,0,,,4957347,0.40,low,0,0,,INV-H3-000864#0,"H3-L00864-07: 'adv - telemetry monit /RM-3459' is unresolved (jev_ambiguous_contracted) between Advanced Gastrointestinal Telemetry Monitoring, Advanced Paediatric Telemetry Monitoring ; blank: a line's candidate services lead to different corrected amounts ; not flagged, but some line's corrected amount could not be proven, so not every rule could be checked",,19,18,0,1,0,a line's candidate services lead to different corrected amounts
INV-H3-000865,0,,2180620,2180620,0.85,high,1,1,2180620,INV-H3-000865#0,not flagged; every line identified from text and priced exactly,,7,7,0,0,0,
INV-H3-000866,0,,2501760,2501760,0.65,medium,1,1,2501760,INV-H3-000866#0,"not flagged; every amount is proven, but some identity rests on review, a tie-break, the contextual ENT reading, or financial equivalence across candidates",,13,13,0,0,0,
INV-H3-000867,0,,3723227,3723227,0.65,medium,1,1,3723227,INV-H3-000867#0,"not flagged; every amount is proven, but some identity rests on review, a tie-break, the contextual ENT reading, or financial equivalence across candidates",,19,19,0,0,0,
INV-H3-000868,0,,3319399,3319399,0.65,medium,1,1,3319399,INV-H3-000868#0,"not flagged; every amount is proven, but some identity rests on review, a tie-break, the contextual ENT reading, or financial equivalence across candidates",,16,16,0,0,0,
INV-H3-000869,0,,1768443,1768443,0.65,medium,1,1,1768443,INV-H3-000869#0,"not flagged; every amount is proven, but some identity rests on review, a tie-break, the contextual ENT reading, or financial equivalence across candidates",,6,6,0,0,0,
INV-H3-000870,0,,,2075936,0.40,low,0,0,2189186,INV-H3-000870#0,"H3-L00870-09: 'inpt thtr tm' is unresolved (jev_ambiguous_contracted) between Inpatient Metabolic Theatre Time, Inpatient Musculoskeletal Theatre Time ; H3-L00870-09 as Inpatient Metabolic Theatre Time: the cap proves the quantity wrong but not what it should be; only the capped amount is a ceiling (policy) ; blank: a line's candidate services lead to different corrected amounts ; not flagged, but some line's corrected amount could not be proven, so not every rule could be checked",,15,14,0,1,0,a line's candidate services lead to different corrected amounts
INV-H3-000871,0,,3470455,3470455,0.65,medium,1,1,3470455,INV-H3-000871#0,"not flagged; every amount is proven, but some identity rests on review, a tie-break, the contextual ENT reading, or financial equivalence across candidates",,9,9,0,0,0,
INV-H3-000872,0,,5207506,5207506,0.65,medium,1,1,5207506,INV-H3-000872#0,"not flagged; every amount is proven, but some identity rests on review, a tie-break, the contextual ENT reading, or financial equivalence across candidates",,19,19,0,0,0,
INV-H3-000873,0,,4007328,4007328,0.65,medium,1,1,4007328,INV-H3-000873#0,"not flagged; every amount is proven, but some identity rests on review, a tie-break, the contextual ENT reading, or financial equivalence across candidates",,20,20,0,0,0,
INV-H3-000874,0,,3229314,3229314,0.65,medium,1,1,3229314,INV-H3-000874#0,"not flagged; every amount is proven, but some identity rests on review, a tie-break, the contextual ENT reading, or financial equivalence across candidates",,15,15,0,0,0,
INV-H3-000875,0,,3748325,3748325,0.65,medium,1,1,3748325,INV-H3-000875#0,"not flagged; every amount is proven, but some identity rests on review, a tie-break, the contextual ENT reading, or financial equivalence across candidates",,10,10,0,0,0,
INV-H3-000876,0,,3476986,3476986,0.65,medium,1,1,3476986,INV-H3-000876#0,"not flagged; every amount is proven, but some identity rests on review, a tie-break, the contextual ENT reading, or financial equivalence across candidates",,19,19,0,0,0,
INV-H3-000877,0,,3062855,3062855,0.65,medium,1,1,3062855,INV-H3-000877#0,"not flagged; every amount is proven, but some identity rests on review, a tie-break, the contextual ENT reading, or financial equivalence across candidates",,17,17,0,0,0,
INV-H3-000878,0,,3762504,3762504,0.65,medium,1,1,3762504,INV-H3-000878#0,"not flagged; every amount is proven, but some identity rests on review, a tie-break, the contextual ENT reading, or financial equivalence across candidates",,18,18,0,0,0,
INV-H3-000879,1,service_date_out_of_window,3718750,3718750,0.85,high,1,1,3718750,INV-H3-000879#0,"every finding follows from the invoice's own fields, independent of service identity",,18,18,0,0,0,
INV-H3-000880,0,,2894238,2894238,0.65,medium,1,1,2894238,INV-H3-000880#0,"not flagged; every amount is proven, but some identity rests on review, a tie-break, the contextual ENT reading, or financial equivalence across candidates",,17,17,0,0,0,
INV-H3-000881,0,,1632800,1632800,0.65,medium,1,1,1632800,INV-H3-000881#0,"not flagged; every amount is proven, but some identity rests on review, a tie-break, the contextual ENT reading, or financial equivalence across candidates",,13,13,0,0,0,
INV-H3-000882,0,,1770462,1770462,0.85,high,1,1,1770462,INV-H3-000882#0,not flagged; every line identified from text and priced exactly,,7,7,0,0,0,
INV-H3-000883,0,,1765247,1765247,0.65,medium,1,1,1765247,INV-H3-000883#0,"not flagged; every amount is proven, but some identity rests on review, a tie-break, the contextual ENT reading, or financial equivalence across candidates",,13,13,0,0,0,
INV-H3-000884,0,,3148530,3148530,0.65,medium,1,1,3148530,INV-H3-000884#0,"not flagged; every amount is proven, but some identity rests on review, a tie-break, the contextual ENT reading, or financial equivalence across candidates",,17,17,0,0,0,
INV-H3-000885,0,,2107517,2107517,0.65,medium,1,1,2107517,INV-H3-000885#0,"not flagged; every amount is proven, but some identity rests on review, a tie-break, the contextual ENT reading, or financial equivalence across candidates",,10,10,0,0,0,
INV-H3-000886,0,,4669482,4669482,0.65,medium,1,1,4669482,INV-H3-000886#0,"not flagged; every amount is proven, but some identity rests on review, a tie-break, the contextual ENT reading, or financial equivalence across candidates",,19,19,0,0,0,
INV-H3-000887,0,,3561548,3561548,0.65,medium,1,1,3561548,INV-H3-000887#0,"not flagged; every amount is proven, but some identity rests on review, a tie-break, the contextual ENT reading, or financial equivalence across candidates",,14,14,0,0,0,
INV-H3-000888,0,,813251,813251,0.65,medium,1,1,813251,INV-H3-000888#0,"not flagged; every amount is proven, but some identity rests on review, a tie-break, the contextual ENT reading, or financial equivalence across candidates",,6,6,0,0,0,
INV-H3-000889,0,,1053370,1053370,0.85,high,1,1,1053370,INV-H3-000889#0,not flagged; every line identified from text and priced exactly,,8,8,0,0,0,
INV-H3-000890,0,,585236,585236,0.65,medium,1,1,585236,INV-H3-000890#0,"not flagged; every amount is proven, but some identity rests on review, a tie-break, the contextual ENT reading, or financial equivalence across candidates",,5,5,0,0,0,
INV-H3-000891,0,,3024155,3024155,0.65,medium,1,1,3024155,INV-H3-000891#0,"not flagged; every amount is proven, but some identity rests on review, a tie-break, the contextual ENT reading, or financial equivalence across candidates",,13,13,0,0,0,
INV-H3-000892,0,,1009674,1009674,0.65,medium,1,1,1009674,INV-H3-000892#0,"not flagged; every amount is proven, but some identity rests on review, a tie-break, the contextual ENT reading, or financial equivalence across candidates",,6,6,0,0,0,
INV-H3-000893,0,,3387265,3387265,0.85,high,1,1,3387265,INV-H3-000893#0,not flagged; every line identified from text and priced exactly,,7,7,0,0,0,
INV-H3-000894,0,,2610416,2610416,0.65,medium,1,1,2610416,INV-H3-000894#0,"not flagged; every amount is proven, but some identity rests on review, a tie-break, the contextual ENT reading, or financial equivalence across candidates",,18,18,0,0,0,
INV-H3-000895,0,,1329656,1329656,0.65,medium,1,1,1329656,INV-H3-000895#0,"not flagged; every amount is proven, but some identity rests on review, a tie-break, the contextual ENT reading, or financial equivalence across candidates",,10,10,0,0,0,
INV-H3-000896,0,,2155380,2155380,0.65,medium,1,1,2155380,INV-H3-000896#0,"not flagged; every amount is proven, but some identity rests on review, a tie-break, the contextual ENT reading, or financial equivalence across candidates",,7,7,0,0,0,
INV-H3-000897,0,,2833994,2833994,0.65,medium,1,1,2833994,INV-H3-000897#0,"not flagged; every amount is proven, but some identity rests on review, a tie-break, the contextual ENT reading, or financial equivalence across candidates",,9,9,0,0,0,
INV-H3-000898,0,,3808756,3808756,0.65,medium,1,1,3808756,INV-H3-000898#0,"not flagged; every amount is proven, but some identity rests on review, a tie-break, the contextual ENT reading, or financial equivalence across candidates",,17,17,0,0,0,
INV-H3-000899,0,,1543629,1543629,0.85,high,1,1,1543629,INV-H3-000899#0,not flagged; every line identified from text and priced exactly,,7,7,0,0,0,
INV-H3-000900,0,,2769562,2769562,0.65,medium,1,1,2769562,INV-H3-000900#0,"not flagged; every amount is proven, but some identity rests on review, a tie-break, the contextual ENT reading, or financial equivalence across candidates",,18,18,0,0,0,
INV-H3-000901,0,,2043225,2043225,0.65,medium,1,1,2043225,INV-H3-000901#0,"not flagged; every amount is proven, but some identity rests on review, a tie-break, the contextual ENT reading, or financial equivalence across candidates",,10,10,0,0,0,
INV-H3-000902,0,,1562901,1562901,0.85,high,1,1,1562901,INV-H3-000902#0,not flagged; every line identified from text and priced exactly,,6,6,0,0,0,
INV-H3-000903,0,,2067395,2067395,0.65,medium,1,1,2067395,INV-H3-000903#0,"not flagged; every amount is proven, but some identity rests on review, a tie-break, the contextual ENT reading, or financial equivalence across candidates",,11,11,0,0,0,
INV-H3-000904,0,,2428975,2428975,0.65,medium,1,1,2428975,INV-H3-000904#0,"not flagged; every amount is proven, but some identity rests on review, a tie-break, the contextual ENT reading, or financial equivalence across candidates",,6,6,0,0,0,
INV-H3-000905,0,,3125341,3125341,0.65,medium,1,1,3125341,INV-H3-000905#0,"not flagged; every amount is proven, but some identity rests on review, a tie-break, the contextual ENT reading, or financial equivalence across candidates",,14,14,0,0,0,
INV-H3-000906,0,,4013496,4013496,0.65,medium,1,1,4013496,INV-H3-000906#0,"not flagged; every amount is proven, but some identity rests on review, a tie-break, the contextual ENT reading, or financial equivalence across candidates",,18,18,0,0,0,
INV-H3-000907,0,,951492,951492,0.85,high,1,1,951492,INV-H3-000907#0,not flagged; every line identified from text and priced exactly,,8,8,0,0,0,
INV-H3-000908,0,,3555714,3555714,0.65,medium,1,1,3555714,INV-H3-000908#0,"not flagged; every amount is proven, but some identity rests on review, a tie-break, the contextual ENT reading, or financial equivalence across candidates",,19,19,0,0,0,
INV-H3-000909,0,,922816,922816,0.85,high,1,1,922816,INV-H3-000909#0,not flagged; every line identified from text and priced exactly,,5,5,0,0,0,
INV-H3-000910,0,,2491406,2491406,0.65,medium,1,1,2491406,INV-H3-000910#0,"not flagged; every amount is proven, but some identity rests on review, a tie-break, the contextual ENT reading, or financial equivalence across candidates",,14,14,0,0,0,
INV-H3-000911,0,,3501125,3501125,0.65,medium,1,1,3501125,INV-H3-000911#0,"not flagged; every amount is proven, but some identity rests on review, a tie-break, the contextual ENT reading, or financial equivalence across candidates",,19,19,0,0,0,
INV-H3-000912,0,,2291674,2291674,0.85,high,1,1,2291674,INV-H3-000912#0,not flagged; every line identified from text and priced exactly,,11,11,0,0,0,
INV-H3-000913,0,,2594630,2594630,0.65,medium,1,1,2594630,INV-H3-000913#0,"not flagged; every amount is proven, but some identity rests on review, a tie-break, the contextual ENT reading, or financial equivalence across candidates",,12,12,0,0,0,
INV-H3-000914,0,,,2567199,0.40,low,0,0,,INV-H3-000914#0,"H3-L00914-11: 'adv - telemetry monit /RM-3459' is unresolved (jev_ambiguous_contracted) between Advanced Gastrointestinal Telemetry Monitoring, Advanced Paediatric Telemetry Monitoring ; blank: a line's candidate services lead to different corrected amounts ; not flagged, but some line's corrected amount could not be proven, so not every rule could be checked",,12,11,0,1,0,a line's candidate services lead to different corrected amounts
INV-H3-000915,0,,2276481,2276481,0.65,medium,1,1,2276481,INV-H3-000915#0,"not flagged; every amount is proven, but some identity rests on review, a tie-break, the contextual ENT reading, or financial equivalence across candidates",,14,14,0,0,0,
INV-H3-000916,0,,2426045,2426045,0.65,medium,1,1,2426045,INV-H3-000916#0,"not flagged; every amount is proven, but some identity rests on review, a tie-break, the contextual ENT reading, or financial equivalence across candidates",,13,13,0,0,0,
INV-H3-000917,0,,,3381300,0.40,low,0,0,,INV-H3-000917#0,"H3-L00917-10: 'inpt thtr tm' is unresolved (jev_ambiguous_contracted) between Inpatient Metabolic Theatre Time, Inpatient Musculoskeletal Theatre Time ; H3-L00917-12: 'occupancy continuous isol room /RM-3671' is unresolved (jev_ambiguous_contracted) between Continuous Immunologic Isolation Room Occupancy, Continuous Renal Isolation Room Occupancy ; blank: a line's candidate services lead to different corrected amounts ; not flagged, but some line's corrected amount could not be proven, so not every rule could be checked",,13,11,0,2,0,a line's candidate services lead to different corrected amounts
INV-H3-000918,0,,,4167031,0.40,low,0,0,,INV-H3-000918#0,"H3-L00918-07: 'occupancy continuous isol room /RM-3671' is unresolved (jev_ambiguous_contracted) between Continuous Immunologic Isolation Room Occupancy, Continuous Renal Isolation Room Occupancy ; blank: a line's candidate services lead to different corrected amounts ; not flagged, but some line's corrected amount could not be proven, so not every rule could be checked",,20,19,0,1,0,a line's candidate services lead to different corrected amounts
INV-H3-000919,0,,3767997,3767997,0.65,medium,1,1,3767997,INV-H3-000919#0,"not flagged; every amount is proven, but some identity rests on review, a tie-break, the contextual ENT reading, or financial equivalence across candidates",,17,17,0,0,0,
INV-H3-000920,0,,3225018,3225018,0.65,medium,1,1,3225018,INV-H3-000920#0,"not flagged; every amount is proven, but some identity rests on review, a tie-break, the contextual ENT reading, or financial equivalence across candidates",,15,15,0,0,0,
INV-H3-000921,0,,2818319,2818319,0.65,medium,1,1,2818319,INV-H3-000921#0,"not flagged; every amount is proven, but some identity rests on review, a tie-break, the contextual ENT reading, or financial equivalence across candidates",,14,14,0,0,0,
INV-H3-000922,0,,4305802,4305802,0.65,medium,1,1,4305802,INV-H3-000922#0,"not flagged; every amount is proven, but some identity rests on review, a tie-break, the contextual ENT reading, or financial equivalence across candidates",,18,18,0,0,0,
INV-H3-000923,0,,2013042,2013042,0.65,medium,1,1,2013042,INV-H3-000923#0,"not flagged; every amount is proven, but some identity rests on review, a tie-break, the contextual ENT reading, or financial equivalence across candidates",,9,9,0,0,0,
INV-H3-000924,0,,3415747,3415747,0.65,medium,1,1,3415747,INV-H3-000924#0,"not flagged; every amount is proven, but some identity rests on review, a tie-break, the contextual ENT reading, or financial equivalence across candidates",,18,18,0,0,0,
INV-H3-000925,1,wrong_unit_basis|amended_rate_not_applied|bundle_not_applied,4324229,4378954,0.65,medium,1,1,4324229,INV-H3-000925#0,"findings depend on hospital-wide state, a recorded policy, a reviewed or tie-broken identity, or a candidate set priced by financial equivalence",,18,18,0,0,0,
INV-H3-000926,0,,,4230770,0.40,low,0,0,,INV-H3-000926#0,"H3-L00926-15: 'inpt thtr tm' is unresolved (jev_ambiguous_contracted) between Inpatient Metabolic Theatre Time, Inpatient Musculoskeletal Theatre Time ; blank: a line's candidate services lead to different corrected amounts ; not flagged, but some line's corrected amount could not be proven, so not every rule could be checked",,16,15,0,1,0,a line's candidate services lead to different corrected amounts
INV-H3-000927,0,,5884230,5884230,0.65,medium,1,1,5884230,INV-H3-000927#0,"not flagged; every amount is proven, but some identity rests on review, a tie-break, the contextual ENT reading, or financial equivalence across candidates",,19,19,0,0,0,
INV-H3-000928,0,,4661382,4661382,0.65,medium,1,1,4661382,INV-H3-000928#0,"not flagged; every amount is proven, but some identity rests on review, a tie-break, the contextual ENT reading, or financial equivalence across candidates",,17,17,0,0,0,
INV-H3-000929,0,,1543690,1543690,0.85,high,1,1,1543690,INV-H3-000929#0,not flagged; every line identified from text and priced exactly,,7,7,0,0,0,
INV-H3-000930,0,,2183668,2183668,0.85,high,1,1,2183668,INV-H3-000930#0,not flagged; every line identified from text and priced exactly,,11,11,0,0,0,
INV-H3-000931,0,,876385,876385,0.65,medium,1,1,876385,INV-H3-000931#0,"not flagged; every amount is proven, but some identity rests on review, a tie-break, the contextual ENT reading, or financial equivalence across candidates",,6,6,0,0,0,
INV-H3-000932,0,,2288377,2288377,0.65,medium,1,1,2288377,INV-H3-000932#0,"not flagged; every amount is proven, but some identity rests on review, a tie-break, the contextual ENT reading, or financial equivalence across candidates",,11,11,0,0,0,
INV-H3-000933,0,,1504813,1504813,0.65,medium,1,1,1504813,INV-H3-000933#0,"not flagged; every amount is proven, but some identity rests on review, a tie-break, the contextual ENT reading, or financial equivalence across candidates",,9,9,0,0,0,
INV-H3-000934,1,service_date_after_invoice_date|unknown_service,,887050,0.40,low,0,0,,INV-H3-000934#0,"H3-L00934-03: service not contracted, so no contract price exists ; blank: a line names a service this agreement does not contract (no contract price) ; a finding rests on reading free text, or the corrected total cannot be proven",887050,7,6,0,0,1,a line names a service this agreement does not contract (no contract price)
INV-H3-000935,1,malformed_service_date|unknown_service|cross_invoice_duplicate,,4316041,0.40,low,0,0,,INV-H3-000935#0,"H3-L00935-04: service not contracted, so no contract price exists ; blank: a line names a service this agreement does not contract (no contract price) ; a finding rests on reading free text, or the corrected total cannot be proven",4087841,20,19,0,0,1,a line names a service this agreement does not contract (no contract price)
INV-H3-000936,0,,,3110365,0.40,low,0,0,,INV-H3-000936#0,"H3-L00936-05: 'occupancy continuous isol room /RM-3671' is unresolved (jev_ambiguous_contracted) between Continuous Immunologic Isolation Room Occupancy, Continuous Renal Isolation Room Occupancy ; blank: a line's candidate services lead to different corrected amounts ; not flagged, but some line's corrected amount could not be proven, so not every rule could be checked",,15,14,0,1,0,a line's candidate services lead to different corrected amounts
INV-H3-000937,0,,2073634,2073634,0.65,medium,1,1,2073634,INV-H3-000937#0,"not flagged; every amount is proven, but some identity rests on review, a tie-break, the contextual ENT reading, or financial equivalence across candidates",,9,9,0,0,0,
INV-H3-000938,0,,3317874,3317874,0.65,medium,1,1,3317874,INV-H3-000938#0,"not flagged; every amount is proven, but some identity rests on review, a tie-break, the contextual ENT reading, or financial equivalence across candidates",,11,11,0,0,0,
INV-H3-000939,0,,1461575,1461575,0.85,high,1,1,1461575,INV-H3-000939#0,not flagged; every line identified from text and priced exactly,,8,8,0,0,0,
