invoice_id,flagged,error_category,expected_total_cents,billed_total_cents,confidence,confidence_band,pricing_complete,correction_reconstructable,maximum_contractually_payable_total_cents,physical_occurrence_ids,uncertainty_reasons
INV-H1-000001,0,,2475525,2475525,0.70,medium,1,1,2475525,INV-H1-000001#0,"line H1-L00001-03: description 'Visit Amb Hm' is consistent with 2 contracted services (Ambulatory Cardiac Home Visit, Ambulatory Infectious Home Visit); identity not resolved ; a description on this invoice is consistent with more than one contracted service ; the weakest service match on this invoice scores 0.83, so it rests on expanded abbreviations rather than whole words"
INV-H1-000002,1,service_date_after_invoice_date,2588836,2588836,0.92,high,1,1,2588836,INV-H1-000002#0,"every finding follows from the invoice's own fields, independently of service matching or pricing"
INV-H1-000003,0,,5777580,5777580,0.70,medium,1,1,5777580,INV-H1-000003#0,"a service was identified by its billed unit basis after the text left a tie ; the weakest service match on this invoice scores 0.77, so it rests on expanded abbreviations rather than whole words"
INV-H1-000004,1,volume_discount_incorrectly_applied|unit_price_mismatch,924200,1260398,0.70,medium,1,1,924200,INV-H1-000004#0,"the weakest service match on this invoice scores 0.83, so it rests on expanded abbreviations rather than whole words ; a finding depends on hospital-wide state (daily aggregates, cumulative utilisation or billing history)"
INV-H1-000005,0,,573375,573375,0.70,medium,1,1,573375,INV-H1-000005#0,"the weakest service match on this invoice scores 0.83, so it rests on expanded abbreviations rather than whole words"
INV-H1-000006,0,,1746150,1746150,0.70,medium,1,1,1746150,INV-H1-000006#0,"a service was identified by its billed unit basis after the text left a tie ; the weakest service match on this invoice scores 0.83, so it rests on expanded abbreviations rather than whole words"
INV-H1-000007,0,,2958400,2958400,0.70,medium,1,1,2958400,INV-H1-000007#0,"the weakest service match on this invoice scores 0.79, so it rests on expanded abbreviations rather than whole words"
INV-H1-000008,0,,798790,798790,0.70,medium,1,1,798790,INV-H1-000008#0,"a service was identified by its billed unit basis after the text left a tie ; the weakest service match on this invoice scores 0.88, so it rests on expanded abbreviations rather than whole words"
INV-H1-000009,0,,2637550,2637550,0.92,high,1,1,2637550,INV-H1-000009#0,every line matched a contracted service on whole words and priced exactly against the contract
INV-H1-000010,0,,2276950,2276950,0.70,medium,1,1,2276950,INV-H1-000010#0,"the weakest service match on this invoice scores 0.85, so it rests on expanded abbreviations rather than whole words"
INV-H1-000011,0,,2533435,2533435,0.70,medium,1,1,2533435,INV-H1-000011#0,"the weakest service match on this invoice scores 0.83, so it rests on expanded abbreviations rather than whole words"
INV-H1-000012,0,,901100,901100,0.70,medium,1,1,901100,INV-H1-000012#0,"a service was identified by its billed unit basis after the text left a tie ; the weakest service match on this invoice scores 0.84, so it rests on expanded abbreviations rather than whole words"
INV-H1-000013,0,,5857340,5857340,0.70,medium,1,1,5857340,INV-H1-000013#0,"line H1-L00013-05: description 'Procedure Immun Endosc' is consistent with 2 contracted services (Ambulatory Immunologic Endoscopic Procedure, Preoperative Immunologic Endoscopic Procedure); identity not resolved ; a description on this invoice is consistent with more than one contracted service ; the weakest service match on this invoice scores 0.84, so it rests on expanded abbreviations rather than whole words"
INV-H1-000014,0,,1635750,1635750,0.92,high,1,1,1635750,INV-H1-000014#0,every line matched a contracted service on whole words and priced exactly against the contract
INV-H1-000015,1,daily_cap_exceeded,,1284475,0.40,low,0,0,1210600,INV-H1-000015#0,"line H1-L00015-11: 9 units billed against a cap of 4, so the quantity on the invoice is not the quantity delivered and the corrected total cannot be recovered from the invoice; the capped price is an upper bound only ; the corrected total could not be reconstructed"
INV-H1-000016,0,,1468550,1468550,0.70,medium,1,1,1468550,INV-H1-000016#0,"the weakest service match on this invoice scores 0.84, so it rests on expanded abbreviations rather than whole words"
INV-H1-000017,0,,2482025,2482025,0.92,high,1,1,2482025,INV-H1-000017#0,every line matched a contracted service on whole words and priced exactly against the contract
INV-H1-000018,0,,3884375,3884375,0.92,high,1,1,3884375,INV-H1-000018#0,every line matched a contracted service on whole words and priced exactly against the contract
INV-H1-000019,0,,4591275,4591275,0.70,medium,1,1,4591275,INV-H1-000019#0,"the weakest service match on this invoice scores 0.85, so it rests on expanded abbreviations rather than whole words"
INV-H1-000020,0,,3303760,3303760,0.70,medium,1,1,3303760,INV-H1-000020#0,"the weakest service match on this invoice scores 0.84, so it rests on expanded abbreviations rather than whole words"
INV-H1-000021,0,,3327025,3327025,0.70,medium,1,1,3327025,INV-H1-000021#0,"a service was identified by its billed unit basis after the text left a tie ; the weakest service match on this invoice scores 0.80, so it rests on expanded abbreviations rather than whole words"
INV-H1-000022,0,,1347525,1347525,0.92,high,1,1,1347525,INV-H1-000022#0,every line matched a contracted service on whole words and priced exactly against the contract
INV-H1-000023,0,,2197875,2197875,0.70,medium,1,1,2197875,INV-H1-000023#0,"the weakest service match on this invoice scores 0.85, so it rests on expanded abbreviations rather than whole words"
INV-H1-000024,0,,1939625,1939625,0.70,medium,1,1,1939625,INV-H1-000024#0,"the weakest service match on this invoice scores 0.84, so it rests on expanded abbreviations rather than whole words"
INV-H1-000025,0,,2658350,2658350,0.70,medium,1,1,2658350,INV-H1-000025#0,"a service was identified by its billed unit basis after the text left a tie ; the weakest service match on this invoice scores 0.83, so it rests on expanded abbreviations rather than whole words"
INV-H1-000026,0,,1030950,1030950,0.92,high,1,1,1030950,INV-H1-000026#0,every line matched a contracted service on whole words and priced exactly against the contract
INV-H1-000027,0,,1326550,1326550,0.70,medium,1,1,1326550,INV-H1-000027#0,"the weakest service match on this invoice scores 0.84, so it rests on expanded abbreviations rather than whole words"
INV-H1-000028,0,,3658525,3658525,0.70,medium,1,1,3658525,INV-H1-000028#0,"the weakest service match on this invoice scores 0.85, so it rests on expanded abbreviations rather than whole words"
INV-H1-000029,0,,2568375,2568375,0.70,medium,1,1,2568375,INV-H1-000029#0,"the weakest service match on this invoice scores 0.90, so it rests on expanded abbreviations rather than whole words"
INV-H1-000030,0,,651525,651525,0.92,high,1,1,651525,INV-H1-000030#0,every line matched a contracted service on whole words and priced exactly against the contract
INV-H1-000031,0,,4818309,4818309,0.70,medium,1,1,4818309,INV-H1-000031#0,"line H1-L00031-18: description 'Procedure Immun Endosc' is consistent with 2 contracted services (Ambulatory Immunologic Endoscopic Procedure, Preoperative Immunologic Endoscopic Procedure); identity not resolved ; a description on this invoice is consistent with more than one contracted service ; the weakest service match on this invoice scores 0.84, so it rests on expanded abbreviations rather than whole words"
INV-H1-000032,0,,5775993,5775993,0.70,medium,1,1,5775993,INV-H1-000032#0,"a service was identified by its billed unit basis after the text left a tie ; the weakest service match on this invoice scores 0.82, so it rests on expanded abbreviations rather than whole words"
INV-H1-000033,0,,4719600,4719600,0.70,medium,1,1,4719600,INV-H1-000033#0,"a service was identified by its billed unit basis after the text left a tie ; the weakest service match on this invoice scores 0.82, so it rests on expanded abbreviations rather than whole words"
INV-H1-000034,0,,3784280,3784280,0.70,medium,1,1,3784280,INV-H1-000034#0,"the weakest service match on this invoice scores 0.88, so it rests on expanded abbreviations rather than whole words"
INV-H1-000035,0,,2663790,2663790,0.70,medium,1,1,2663790,INV-H1-000035#0,"a service was identified by its billed unit basis after the text left a tie ; the weakest service match on this invoice scores 0.84, so it rests on expanded abbreviations rather than whole words"
INV-H1-000036,1,malformed_service_date|unknown_service,2836375,2836375,0.40,low,1,0,2836375,INV-H1-000036#0,"line H1-L00036-02: description matches no contracted service, so its correct price is unknown ; an invoice line names no contracted service ; a malformed service date removes a line from the cumulative sequence"
INV-H1-000037,0,,2519775,2519775,0.70,medium,1,1,2519775,INV-H1-000037#0,"the weakest service match on this invoice scores 0.85, so it rests on expanded abbreviations rather than whole words"
INV-H1-000038,0,,5555200,5555200,0.70,medium,1,1,5555200,INV-H1-000038#0,"the weakest service match on this invoice scores 0.85, so it rests on expanded abbreviations rather than whole words"
INV-H1-000039,0,,1526450,1526450,0.70,medium,1,1,1526450,INV-H1-000039#0,"line H1-L00039-11: description 'Procedure Immun Endosc' is consistent with 2 contracted services (Ambulatory Immunologic Endoscopic Procedure, Preoperative Immunologic Endoscopic Procedure); identity not resolved ; a description on this invoice is consistent with more than one contracted service ; the weakest service match on this invoice scores 0.84, so it rests on expanded abbreviations rather than whole words"
INV-H1-000040,0,,2436525,2436525,0.70,medium,1,1,2436525,INV-H1-000040#0,"the weakest service match on this invoice scores 0.85, so it rests on expanded abbreviations rather than whole words"
INV-H1-000041,0,,1860775,1860775,0.70,medium,1,1,1860775,INV-H1-000041#0,"the weakest service match on this invoice scores 0.83, so it rests on expanded abbreviations rather than whole words"
INV-H1-000042,0,,5287775,5287775,0.70,medium,1,1,5287775,INV-H1-000042#0,"the weakest service match on this invoice scores 0.84, so it rests on expanded abbreviations rather than whole words"
INV-H1-000043,0,,3035675,3035675,0.70,medium,1,1,3035675,INV-H1-000043#0,"the weakest service match on this invoice scores 0.88, so it rests on expanded abbreviations rather than whole words"
INV-H1-000044,0,,2903025,2903025,0.92,high,1,1,2903025,INV-H1-000044#0,every line matched a contracted service on whole words and priced exactly against the contract
INV-H1-000045,0,,3413000,3413000,0.70,medium,1,1,3413000,INV-H1-000045#0,"the weakest service match on this invoice scores 0.83, so it rests on expanded abbreviations rather than whole words"
INV-H1-000046,0,,2468085,2468085,0.70,medium,1,1,2468085,INV-H1-000046#0,"the weakest service match on this invoice scores 0.84, so it rests on expanded abbreviations rather than whole words"
INV-H1-000047,0,,716400,716400,0.70,medium,1,1,716400,INV-H1-000047#0,"the weakest service match on this invoice scores 0.83, so it rests on expanded abbreviations rather than whole words"
INV-H1-000048,0,,1133650,1133650,0.70,medium,1,1,1133650,INV-H1-000048#0,"line H1-L00048-04: description 'Continuous Wnd Care' is consistent with 2 contracted services (Continuous Musculoskeletal Wound Care, Continuous Pulmonary Wound Care); identity not resolved ; a description on this invoice is consistent with more than one contracted service"
INV-H1-000049,1,daily_cap_exceeded|premium_incorrectly_applied,,2866210,0.40,low,0,0,2732035,INV-H1-000049#0,"line H1-L00049-03: description 'Visit Amb Hm' is consistent with 2 contracted services (Ambulatory Cardiac Home Visit, Ambulatory Infectious Home Visit); identity not resolved ; line H1-L00049-04: 15 units billed against a cap of 12, so the quantity on the invoice is not the quantity delivered and the corrected total cannot be recovered from the invoice; the capped price is an upper bound only ; line H1-L00049-12: description 'Visit Amb Hm' is consistent with 2 contracted services (Ambulatory Cardiac Home Visit, Ambulatory Infectious Home Visit); identity not resolved ; the corrected total could not be reconstructed"
INV-H1-000050,0,,3415025,3415025,0.70,medium,1,1,3415025,INV-H1-000050#0,"the weakest service match on this invoice scores 0.79, so it rests on expanded abbreviations rather than whole words"
INV-H1-000051,0,,1504500,1504500,0.92,high,1,1,1504500,INV-H1-000051#0,every line matched a contracted service on whole words and priced exactly against the contract
INV-H1-000052,0,,5011000,5011000,0.70,medium,1,1,5011000,INV-H1-000052#0,"the weakest service match on this invoice scores 0.85, so it rests on expanded abbreviations rather than whole words"
INV-H1-000053,0,,4593070,4593070,0.70,medium,1,1,4593070,INV-H1-000053#0,"a service was identified by its billed unit basis after the text left a tie ; the weakest service match on this invoice scores 0.85, so it rests on expanded abbreviations rather than whole words"
INV-H1-000054,0,,735320,735320,0.70,medium,1,1,735320,INV-H1-000054#0,"the weakest service match on this invoice scores 0.85, so it rests on expanded abbreviations rather than whole words"
INV-H1-000055,0,,2246625,2246625,0.70,medium,1,1,2246625,INV-H1-000055#0,"the weakest service match on this invoice scores 0.79, so it rests on expanded abbreviations rather than whole words"
INV-H1-000056,0,,4406950,4406950,0.92,high,1,1,4406950,INV-H1-000056#0,every line matched a contracted service on whole words and priced exactly against the contract
INV-H1-000057,0,,5416708,5416708,0.70,medium,1,1,5416708,INV-H1-000057#0,"the weakest service match on this invoice scores 0.85, so it rests on expanded abbreviations rather than whole words"
INV-H1-000058,0,,6086853,6086853,0.70,medium,1,1,6086853,INV-H1-000058#0,"the weakest service match on this invoice scores 0.84, so it rests on expanded abbreviations rather than whole words"
INV-H1-000059,0,,2717295,2717295,0.70,medium,1,1,2717295,INV-H1-000059#0,"the weakest service match on this invoice scores 0.88, so it rests on expanded abbreviations rather than whole words"
INV-H1-000060,0,,4774375,4774375,0.70,medium,1,1,4774375,INV-H1-000060#0,"the weakest service match on this invoice scores 0.90, so it rests on expanded abbreviations rather than whole words"
INV-H1-000061,0,,3528885,3528885,0.70,medium,1,1,3528885,INV-H1-000061#0,"a service was identified by its billed unit basis after the text left a tie ; the weakest service match on this invoice scores 0.82, so it rests on expanded abbreviations rather than whole words"
INV-H1-000062,0,,2191605,2191605,0.70,medium,1,1,2191605,INV-H1-000062#0,"the weakest service match on this invoice scores 0.85, so it rests on expanded abbreviations rather than whole words"
INV-H1-000063,0,,4216210,4216210,0.70,medium,1,1,4216210,INV-H1-000063#0,"the weakest service match on this invoice scores 0.77, so it rests on expanded abbreviations rather than whole words"
INV-H1-000064,0,,2719375,2719375,0.70,medium,1,1,2719375,INV-H1-000064#0,"the weakest service match on this invoice scores 0.85, so it rests on expanded abbreviations rather than whole words"
INV-H1-000065,0,,4163140,4163140,0.70,medium,1,1,4163140,INV-H1-000065#0,"the weakest service match on this invoice scores 0.77, so it rests on expanded abbreviations rather than whole words"
INV-H1-000066,0,,2090085,2090085,0.92,high,1,1,2090085,INV-H1-000066#0,every line matched a contracted service on whole words and priced exactly against the contract
INV-H1-000067,0,,3920858,3920858,0.70,medium,1,1,3920858,INV-H1-000067#0,"the weakest service match on this invoice scores 0.80, so it rests on expanded abbreviations rather than whole words"
INV-H1-000068,1,duplicate_invoice_id,2182165,2182165,0.70,medium,1,1,2182165,INV-H1-000068#0|INV-H1-000068#1,"line H1-L00155-02: description 'Visit Amb Hm' is consistent with 2 contracted services (Ambulatory Cardiac Home Visit, Ambulatory Infectious Home Visit); identity not resolved ; a description on this invoice is consistent with more than one contracted service ; a service was identified by its billed unit basis after the text left a tie ; the weakest service match on this invoice scores 0.83, so it rests on expanded abbreviations rather than whole words"
INV-H1-000069,1,malformed_service_date|line_total_arithmetic|invoice_total_mismatch,1703845,1712345,0.40,low,1,0,1703845,INV-H1-000069#0,a malformed service date removes a line from the cumulative sequence
INV-H1-000070,0,,3435390,3435390,0.70,medium,1,1,3435390,INV-H1-000070#0,"the weakest service match on this invoice scores 0.84, so it rests on expanded abbreviations rather than whole words"
INV-H1-000071,0,,4095286,4095286,0.70,medium,1,1,4095286,INV-H1-000071#0,"line H1-L00071-13: description 'Cr Cont Wnd' is consistent with 2 contracted services (Continuous Musculoskeletal Wound Care, Continuous Pulmonary Wound Care); identity not resolved ; a description on this invoice is consistent with more than one contracted service ; the weakest service match on this invoice scores 0.83, so it rests on expanded abbreviations rather than whole words"
INV-H1-000072,1,service_date_after_invoice_date|unit_price_mismatch,978225,1094973,0.70,medium,1,1,978225,INV-H1-000072#0,"the weakest service match on this invoice scores 0.85, so it rests on expanded abbreviations rather than whole words"
INV-H1-000073,0,,998330,998330,0.92,high,1,1,998330,INV-H1-000073#0,every line matched a contracted service on whole words and priced exactly against the contract
INV-H1-000074,0,,2893525,2893525,0.70,medium,1,1,2893525,INV-H1-000074#0,"a service was identified by its billed unit basis after the text left a tie ; the weakest service match on this invoice scores 0.85, so it rests on expanded abbreviations rather than whole words"
INV-H1-000075,0,,6543958,6543958,0.70,medium,1,1,6543958,INV-H1-000075#0,"a service was identified by its billed unit basis after the text left a tie ; the weakest service match on this invoice scores 0.83, so it rests on expanded abbreviations rather than whole words"
INV-H1-000076,0,,5202589,5202589,0.70,medium,1,1,5202589,INV-H1-000076#0,"the weakest service match on this invoice scores 0.83, so it rests on expanded abbreviations rather than whole words"
INV-H1-000077,0,,2125563,2125563,0.70,medium,1,1,2125563,INV-H1-000077#0,"a service was identified by its billed unit basis after the text left a tie ; the weakest service match on this invoice scores 0.83, so it rests on expanded abbreviations rather than whole words"
INV-H1-000078,0,,4555925,4555925,0.70,medium,1,1,4555925,INV-H1-000078#0,"a service was identified by its billed unit basis after the text left a tie ; the weakest service match on this invoice scores 0.82, so it rests on expanded abbreviations rather than whole words"
INV-H1-000079,0,,917295,917295,0.92,high,1,1,917295,INV-H1-000079#0,every line matched a contracted service on whole words and priced exactly against the contract
INV-H1-000080,0,,1774490,1774490,0.70,medium,1,1,1774490,INV-H1-000080#0,"the weakest service match on this invoice scores 0.83, so it rests on expanded abbreviations rather than whole words"
INV-H1-000081,0,,2222295,2222295,0.70,medium,1,1,2222295,INV-H1-000081#0,"a service was identified by its billed unit basis after the text left a tie ; the weakest service match on this invoice scores 0.85, so it rests on expanded abbreviations rather than whole words"
INV-H1-000082,0,,3250327,3250327,0.70,medium,1,1,3250327,INV-H1-000082#0,"the weakest service match on this invoice scores 0.85, so it rests on expanded abbreviations rather than whole words"
INV-H1-000083,0,,1732620,1732620,0.70,medium,1,1,1732620,INV-H1-000083#0,a service was identified by its billed unit basis after the text left a tie
INV-H1-000084,0,,1691000,1691000,0.92,high,1,1,1691000,INV-H1-000084#0,every line matched a contracted service on whole words and priced exactly against the contract
INV-H1-000085,0,,2377573,2377573,0.92,high,1,1,2377573,INV-H1-000085#0,every line matched a contracted service on whole words and priced exactly against the contract
INV-H1-000086,0,,2623517,2623517,0.70,medium,1,1,2623517,INV-H1-000086#0,"the weakest service match on this invoice scores 0.85, so it rests on expanded abbreviations rather than whole words"
INV-H1-000087,0,,3649802,3649802,0.70,medium,1,1,3649802,INV-H1-000087#0,"the weakest service match on this invoice scores 0.85, so it rests on expanded abbreviations rather than whole words"
INV-H1-000088,0,,2198135,2198135,0.70,medium,1,1,2198135,INV-H1-000088#0,"a service was identified by its billed unit basis after the text left a tie ; the weakest service match on this invoice scores 0.83, so it rests on expanded abbreviations rather than whole words"
INV-H1-000089,0,,5768078,5768078,0.70,medium,1,1,5768078,INV-H1-000089#0,"the weakest service match on this invoice scores 0.81, so it rests on expanded abbreviations rather than whole words"
INV-H1-000090,0,,5789172,5789172,0.70,medium,1,1,5789172,INV-H1-000090#0,"the weakest service match on this invoice scores 0.82, so it rests on expanded abbreviations rather than whole words"
INV-H1-000091,0,,4143318,4143318,0.92,high,1,1,4143318,INV-H1-000091#0,every line matched a contracted service on whole words and priced exactly against the contract
INV-H1-000092,0,,4326055,4326055,0.70,medium,1,1,4326055,INV-H1-000092#0,"the weakest service match on this invoice scores 0.79, so it rests on expanded abbreviations rather than whole words"
INV-H1-000093,0,,1480030,1480030,0.70,medium,1,1,1480030,INV-H1-000093#0,"the weakest service match on this invoice scores 0.85, so it rests on expanded abbreviations rather than whole words"
INV-H1-000094,0,,6420201,6420201,0.70,medium,1,1,6420201,INV-H1-000094#0,"the weakest service match on this invoice scores 0.85, so it rests on expanded abbreviations rather than whole words"
INV-H1-000095,0,,3862246,3862246,0.70,medium,1,1,3862246,INV-H1-000095#0,"the weakest service match on this invoice scores 0.85, so it rests on expanded abbreviations rather than whole words"
INV-H1-000096,0,,3535769,3535769,0.70,medium,1,1,3535769,INV-H1-000096#0,"the weakest service match on this invoice scores 0.83, so it rests on expanded abbreviations rather than whole words"
INV-H1-000097,0,,1908619,1908619,0.92,high,1,1,1908619,INV-H1-000097#0,every line matched a contracted service on whole words and priced exactly against the contract
INV-H1-000098,0,,1485218,1485218,0.92,high,1,1,1485218,INV-H1-000098#0,every line matched a contracted service on whole words and priced exactly against the contract
INV-H1-000099,0,,2059682,2059682,0.70,medium,1,1,2059682,INV-H1-000099#0,"the weakest service match on this invoice scores 0.83, so it rests on expanded abbreviations rather than whole words"
INV-H1-000100,0,,2752722,2752722,0.92,high,1,1,2752722,INV-H1-000100#0,every line matched a contracted service on whole words and priced exactly against the contract
INV-H1-000101,0,,1653025,1653025,0.92,high,1,1,1653025,INV-H1-000101#0,every line matched a contracted service on whole words and priced exactly against the contract
INV-H1-000102,1,volume_discount_incorrectly_applied|unit_price_mismatch,2663314,2736250,0.70,medium,1,1,2663314,INV-H1-000102#0,"a service was identified by its billed unit basis after the text left a tie ; the weakest service match on this invoice scores 0.80, so it rests on expanded abbreviations rather than whole words ; a finding depends on hospital-wide state (daily aggregates, cumulative utilisation or billing history)"
INV-H1-000103,0,,1299446,1299446,0.70,medium,1,1,1299446,INV-H1-000103#0,"the weakest service match on this invoice scores 0.85, so it rests on expanded abbreviations rather than whole words"
INV-H1-000104,0,,4209755,4209755,0.70,medium,1,1,4209755,INV-H1-000104#0,"the weakest service match on this invoice scores 0.83, so it rests on expanded abbreviations rather than whole words"
INV-H1-000105,0,,803700,803700,0.70,medium,1,1,803700,INV-H1-000105#0,"a service was identified by its billed unit basis after the text left a tie ; the weakest service match on this invoice scores 0.85, so it rests on expanded abbreviations rather than whole words"
INV-H1-000106,0,,4038195,4038195,0.70,medium,1,1,4038195,INV-H1-000106#0,"line H1-L00106-06: description 'Continuous Wnd Care' is consistent with 2 contracted services (Continuous Musculoskeletal Wound Care, Continuous Pulmonary Wound Care); identity not resolved ; a description on this invoice is consistent with more than one contracted service"
INV-H1-000107,0,,2969100,2969100,0.70,medium,1,1,2969100,INV-H1-000107#0,"a service was identified by its billed unit basis after the text left a tie ; the weakest service match on this invoice scores 0.82, so it rests on expanded abbreviations rather than whole words"
INV-H1-000108,0,,1088200,1088200,0.70,medium,1,1,1088200,INV-H1-000108#0,"a service was identified by its billed unit basis after the text left a tie ; the weakest service match on this invoice scores 0.85, so it rests on expanded abbreviations rather than whole words"
INV-H1-000109,0,,4890475,4890475,0.70,medium,1,1,4890475,INV-H1-000109#0,"the weakest service match on this invoice scores 0.77, so it rests on expanded abbreviations rather than whole words"
INV-H1-000110,0,,4316920,4316920,0.70,medium,1,1,4316920,INV-H1-000110#0,"line H1-L00110-12: description 'Visit Amb Hm' is consistent with 2 contracted services (Ambulatory Cardiac Home Visit, Ambulatory Infectious Home Visit); identity not resolved ; a description on this invoice is consistent with more than one contracted service ; the weakest service match on this invoice scores 0.83, so it rests on expanded abbreviations rather than whole words"
INV-H1-000111,0,,3071279,3071279,0.70,medium,1,1,3071279,INV-H1-000111#0,"a service was identified by its billed unit basis after the text left a tie ; the weakest service match on this invoice scores 0.90, so it rests on expanded abbreviations rather than whole words"
INV-H1-000112,0,,1462370,1462370,0.70,medium,1,1,1462370,INV-H1-000112#0,"the weakest service match on this invoice scores 0.83, so it rests on expanded abbreviations rather than whole words"
INV-H1-000113,0,,2172980,2172980,0.92,high,1,1,2172980,INV-H1-000113#0,every line matched a contracted service on whole words and priced exactly against the contract
INV-H1-000114,0,,1878330,1878330,0.92,high,1,1,1878330,INV-H1-000114#0,every line matched a contracted service on whole words and priced exactly against the contract
INV-H1-000115,0,,3220280,3220280,0.70,medium,1,1,3220280,INV-H1-000115#0,"the weakest service match on this invoice scores 0.84, so it rests on expanded abbreviations rather than whole words"
INV-H1-000116,0,,2979088,2979088,0.70,medium,1,1,2979088,INV-H1-000116#0,"a service was identified by its billed unit basis after the text left a tie ; the weakest service match on this invoice scores 0.85, so it rests on expanded abbreviations rather than whole words"
INV-H1-000117,0,,1754196,1754196,0.92,high,1,1,1754196,INV-H1-000117#0,every line matched a contracted service on whole words and priced exactly against the contract
INV-H1-000118,0,,2313500,2313500,0.92,high,1,1,2313500,INV-H1-000118#0,every line matched a contracted service on whole words and priced exactly against the contract
INV-H1-000119,0,,4726611,4726611,0.70,medium,1,1,4726611,INV-H1-000119#0,"a service was identified by its billed unit basis after the text left a tie ; the weakest service match on this invoice scores 0.83, so it rests on expanded abbreviations rather than whole words"
INV-H1-000120,0,,1120950,1120950,0.70,medium,1,1,1120950,INV-H1-000120#0,"the weakest service match on this invoice scores 0.83, so it rests on expanded abbreviations rather than whole words"
INV-H1-000121,0,,3190886,3190886,0.70,medium,1,1,3190886,INV-H1-000121#0,"the weakest service match on this invoice scores 0.85, so it rests on expanded abbreviations rather than whole words"
INV-H1-000122,0,,1717175,1717175,0.70,medium,1,1,1717175,INV-H1-000122#0,"the weakest service match on this invoice scores 0.84, so it rests on expanded abbreviations rather than whole words"
INV-H1-000123,0,,6219545,6219545,0.70,medium,1,1,6219545,INV-H1-000123#0,"line H1-L00123-02: description 'Continuous Wnd Care' is consistent with 2 contracted services (Continuous Musculoskeletal Wound Care, Continuous Pulmonary Wound Care); identity not resolved ; a description on this invoice is consistent with more than one contracted service ; the weakest service match on this invoice scores 0.85, so it rests on expanded abbreviations rather than whole words"
INV-H1-000124,0,,3563879,3563879,0.70,medium,1,1,3563879,INV-H1-000124#0,"the weakest service match on this invoice scores 0.85, so it rests on expanded abbreviations rather than whole words"
INV-H1-000125,0,,3707573,3707573,0.70,medium,1,1,3707573,INV-H1-000125#0,"the weakest service match on this invoice scores 0.83, so it rests on expanded abbreviations rather than whole words"
INV-H1-000126,0,,2743654,2743654,0.70,medium,1,1,2743654,INV-H1-000126#0,"the weakest service match on this invoice scores 0.83, so it rests on expanded abbreviations rather than whole words"
INV-H1-000127,0,,3450277,3450277,0.92,high,1,1,3450277,INV-H1-000127#0,every line matched a contracted service on whole words and priced exactly against the contract
INV-H1-000128,0,,3552483,3552483,0.70,medium,1,1,3552483,INV-H1-000128#0,"the weakest service match on this invoice scores 0.86, so it rests on expanded abbreviations rather than whole words"
INV-H1-000129,0,,1630054,1630054,0.70,medium,1,1,1630054,INV-H1-000129#0,"the weakest service match on this invoice scores 0.85, so it rests on expanded abbreviations rather than whole words"
INV-H1-000130,0,,5103553,5103553,0.70,medium,1,1,5103553,INV-H1-000130#0,"the weakest service match on this invoice scores 0.90, so it rests on expanded abbreviations rather than whole words"
INV-H1-000131,0,,952625,952625,0.70,medium,1,1,952625,INV-H1-000131#0,"line H1-L00131-03: description 'Procedure Immun Endosc' is consistent with 2 contracted services (Ambulatory Immunologic Endoscopic Procedure, Preoperative Immunologic Endoscopic Procedure); identity not resolved ; a description on this invoice is consistent with more than one contracted service"
INV-H1-000132,1,bundle_not_applied|unknown_service,2454583,2536783,0.40,low,1,0,2454583,INV-H1-000132#0,"line H1-L00132-08: description matches no contracted service, so its correct price is unknown ; an invoice line names no contracted service"
INV-H1-000133,0,,1524655,1524655,0.92,high,1,1,1524655,INV-H1-000133#0,every line matched a contracted service on whole words and priced exactly against the contract
INV-H1-000134,0,,4346902,4346902,0.70,medium,1,1,4346902,INV-H1-000134#0,"the weakest service match on this invoice scores 0.90, so it rests on expanded abbreviations rather than whole words"
INV-H1-000135,0,,2124065,2124065,0.70,medium,1,1,2124065,INV-H1-000135#0,"a service was identified by its billed unit basis after the text left a tie ; the weakest service match on this invoice scores 0.82, so it rests on expanded abbreviations rather than whole words"
INV-H1-000136,0,,2295200,2295200,0.70,medium,1,1,2295200,INV-H1-000136#0,"the weakest service match on this invoice scores 0.79, so it rests on expanded abbreviations rather than whole words"
INV-H1-000137,0,,5091453,5091453,0.70,medium,1,1,5091453,INV-H1-000137#0,"the weakest service match on this invoice scores 0.83, so it rests on expanded abbreviations rather than whole words"
INV-H1-000138,0,,3902623,3902623,0.70,medium,1,1,3902623,INV-H1-000138#0,"the weakest service match on this invoice scores 0.83, so it rests on expanded abbreviations rather than whole words"
INV-H1-000139,0,,2570288,2570288,0.70,medium,1,1,2570288,INV-H1-000139#0,"the weakest service match on this invoice scores 0.85, so it rests on expanded abbreviations rather than whole words"
INV-H1-000140,0,,1375954,1375954,0.70,medium,1,1,1375954,INV-H1-000140#0,"the weakest service match on this invoice scores 0.85, so it rests on expanded abbreviations rather than whole words"
INV-H1-000141,0,,2651411,2651411,0.70,medium,1,1,2651411,INV-H1-000141#0,"the weakest service match on this invoice scores 0.85, so it rests on expanded abbreviations rather than whole words"
INV-H1-000142,0,,2105775,2105775,0.92,high,1,1,2105775,INV-H1-000142#0,every line matched a contracted service on whole words and priced exactly against the contract
INV-H1-000143,0,,3916797,3916797,0.70,medium,1,1,3916797,INV-H1-000143#0,"the weakest service match on this invoice scores 0.85, so it rests on expanded abbreviations rather than whole words"
INV-H1-000144,0,,5591925,5591925,0.70,medium,1,1,5591925,INV-H1-000144#0,"a service was identified by its billed unit basis after the text left a tie ; the weakest service match on this invoice scores 0.77, so it rests on expanded abbreviations rather than whole words"
INV-H1-000145,0,,3707925,3707925,0.70,medium,1,1,3707925,INV-H1-000145#0,"the weakest service match on this invoice scores 0.85, so it rests on expanded abbreviations rather than whole words"
INV-H1-000146,0,,2709500,2709500,0.70,medium,1,1,2709500,INV-H1-000146#0,"the weakest service match on this invoice scores 0.82, so it rests on expanded abbreviations rather than whole words"
INV-H1-000147,0,,2235997,2235997,0.70,medium,1,1,2235997,INV-H1-000147#0,a service was identified by its billed unit basis after the text left a tie
INV-H1-000148,1,service_date_out_of_window,1322429,1322429,0.92,high,1,1,1322429,INV-H1-000148#0,"every finding follows from the invoice's own fields, independently of service matching or pricing"
INV-H1-000149,0,,1367397,1367397,0.70,medium,1,1,1367397,INV-H1-000149#0,"the weakest service match on this invoice scores 0.85, so it rests on expanded abbreviations rather than whole words"
INV-H1-000150,0,,4188767,4188767,0.70,medium,1,1,4188767,INV-H1-000150#0,"the weakest service match on this invoice scores 0.85, so it rests on expanded abbreviations rather than whole words"
INV-H1-000151,1,unit_price_mismatch,2141048,2953392,0.92,high,1,1,2141048,INV-H1-000151#0,"line H1-L00151-02: cumulative utilisation of 'Preoperative Immunologic Endoscopic Procedure' before this line is only known to lie in [76, 82], which straddles a discount threshold ; every line matched a contracted service on whole words and priced exactly against the contract"
INV-H1-000152,1,duplicate_invoice_id|contract_number_mismatch,1322245,1322245,0.92,high,1,1,1322245,INV-H1-000152#0|INV-H1-000152#1,"every finding follows from the invoice's own fields, independently of service matching or pricing"
INV-H1-000153,0,,4539542,4539542,0.92,high,1,1,4539542,INV-H1-000153#0,"line H1-L00153-07: cumulative utilisation of 'Preoperative Immunologic Endoscopic Procedure' before this line is only known to lie in [77, 83], which straddles a discount threshold ; every line matched a contracted service on whole words and priced exactly against the contract"
INV-H1-000154,0,,2210575,2210575,0.70,medium,1,1,2210575,INV-H1-000154#0,"the weakest service match on this invoice scores 0.85, so it rests on expanded abbreviations rather than whole words"
INV-H1-000156,0,,3777759,3777759,0.70,medium,1,1,3777759,INV-H1-000156#0,"the weakest service match on this invoice scores 0.85, so it rests on expanded abbreviations rather than whole words"
INV-H1-000157,0,,2645175,2645175,0.92,high,1,1,2645175,INV-H1-000157#0,every line matched a contracted service on whole words and priced exactly against the contract
INV-H1-000158,0,,3821275,3821275,0.70,medium,1,1,3821275,INV-H1-000158#0,"a service was identified by its billed unit basis after the text left a tie ; the weakest service match on this invoice scores 0.83, so it rests on expanded abbreviations rather than whole words"
INV-H1-000159,0,,2987202,2987202,0.70,medium,1,1,2987202,INV-H1-000159#0,"a service was identified by its billed unit basis after the text left a tie ; the weakest service match on this invoice scores 0.83, so it rests on expanded abbreviations rather than whole words"
INV-H1-000160,0,,3094372,3094372,0.70,medium,1,1,3094372,INV-H1-000160#0,"the weakest service match on this invoice scores 0.83, so it rests on expanded abbreviations rather than whole words"
INV-H1-000161,0,,4172207,4172207,0.70,medium,1,1,4172207,INV-H1-000161#0,"line H1-L00161-06: description 'Procedure Immun Endosc' is consistent with 2 contracted services (Ambulatory Immunologic Endoscopic Procedure, Preoperative Immunologic Endoscopic Procedure); identity not resolved ; a description on this invoice is consistent with more than one contracted service ; the weakest service match on this invoice scores 0.84, so it rests on expanded abbreviations rather than whole words"
INV-H1-000162,0,,3728407,3728407,0.70,medium,1,1,3728407,INV-H1-000162#0,"the weakest service match on this invoice scores 0.85, so it rests on expanded abbreviations rather than whole words"
INV-H1-000163,0,,1275816,1275816,0.92,high,1,1,1275816,INV-H1-000163#0,"line H1-L00163-01: cumulative utilisation of 'Preoperative Immunologic Endoscopic Procedure' before this line is only known to lie in [78, 86], which straddles a discount threshold ; every line matched a contracted service on whole words and priced exactly against the contract"
INV-H1-000164,0,,4678900,4678900,0.92,high,1,1,4678900,INV-H1-000164#0,every line matched a contracted service on whole words and priced exactly against the contract
INV-H1-000165,0,,2989711,2989711,0.70,medium,1,1,2989711,INV-H1-000165#0,"the weakest service match on this invoice scores 0.85, so it rests on expanded abbreviations rather than whole words"
INV-H1-000166,0,,2630702,2630702,0.70,medium,1,1,2630702,INV-H1-000166#0,"the weakest service match on this invoice scores 0.84, so it rests on expanded abbreviations rather than whole words"
INV-H1-000167,0,,4403102,4403102,0.70,medium,1,1,4403102,INV-H1-000167#0,"line H1-L00167-01: description 'Visit Amb Hm' is consistent with 2 contracted services (Ambulatory Cardiac Home Visit, Ambulatory Infectious Home Visit); identity not resolved ; a description on this invoice is consistent with more than one contracted service ; the weakest service match on this invoice scores 0.83, so it rests on expanded abbreviations rather than whole words"
INV-H1-000168,0,,1048375,1048375,0.70,medium,1,1,1048375,INV-H1-000168#0,"the weakest service match on this invoice scores 0.89, so it rests on expanded abbreviations rather than whole words"
INV-H1-000169,0,,3072015,3072015,0.70,medium,1,1,3072015,INV-H1-000169#0,"a service was identified by its billed unit basis after the text left a tie ; the weakest service match on this invoice scores 0.85, so it rests on expanded abbreviations rather than whole words"
INV-H1-000170,0,,3948137,3948137,0.70,medium,1,1,3948137,INV-H1-000170#0,"the weakest service match on this invoice scores 0.83, so it rests on expanded abbreviations rather than whole words"
INV-H1-000171,0,,1489231,1489231,0.70,medium,1,1,1489231,INV-H1-000171#0,"the weakest service match on this invoice scores 0.83, so it rests on expanded abbreviations rather than whole words"
INV-H1-000172,0,,4389721,4389721,0.70,medium,1,1,4389721,INV-H1-000172#0,"line H1-L00172-09: description 'Visit Amb Hm' is consistent with 2 contracted services (Ambulatory Cardiac Home Visit, Ambulatory Infectious Home Visit); identity not resolved ; a description on this invoice is consistent with more than one contracted service ; the weakest service match on this invoice scores 0.88, so it rests on expanded abbreviations rather than whole words"
INV-H1-000173,0,,2077822,2077822,0.70,medium,1,1,2077822,INV-H1-000173#0,"the weakest service match on this invoice scores 0.85, so it rests on expanded abbreviations rather than whole words"
INV-H1-000174,0,,2182558,2182558,0.92,high,1,1,2182558,INV-H1-000174#0,every line matched a contracted service on whole words and priced exactly against the contract
INV-H1-000175,0,,3583250,3583250,0.70,medium,1,1,3583250,INV-H1-000175#0,"the weakest service match on this invoice scores 0.85, so it rests on expanded abbreviations rather than whole words"
INV-H1-000176,0,,878150,878150,0.70,medium,1,1,878150,INV-H1-000176#0,"a service was identified by its billed unit basis after the text left a tie ; the weakest service match on this invoice scores 0.82, so it rests on expanded abbreviations rather than whole words"
INV-H1-000177,0,,3040275,3040275,0.70,medium,1,1,3040275,INV-H1-000177#0,"a service was identified by its billed unit basis after the text left a tie ; the weakest service match on this invoice scores 0.85, so it rests on expanded abbreviations rather than whole words"
INV-H1-000178,0,,1634893,1634893,0.70,medium,1,1,1634893,INV-H1-000178#0,"line H1-L00178-05: description 'Visit Amb Hm' is consistent with 2 contracted services (Ambulatory Cardiac Home Visit, Ambulatory Infectious Home Visit); identity not resolved ; a description on this invoice is consistent with more than one contracted service"
INV-H1-000179,1,service_date_out_of_window|unknown_service,2029698,2029698,0.40,low,1,0,2029698,INV-H1-000179#0,"line H1-L00179-04: description matches no contracted service, so its correct price is unknown ; an invoice line names no contracted service"
INV-H1-000180,0,,2668790,2668790,0.70,medium,1,1,2668790,INV-H1-000180#0,"line H1-L00180-08: description 'Procedure Immun Endosc' is consistent with 2 contracted services (Ambulatory Immunologic Endoscopic Procedure, Preoperative Immunologic Endoscopic Procedure); identity not resolved ; a description on this invoice is consistent with more than one contracted service ; the weakest service match on this invoice scores 0.81, so it rests on expanded abbreviations rather than whole words"
INV-H1-000181,0,,3427391,3427391,0.70,medium,1,1,3427391,INV-H1-000181#0,"line H1-L00181-03: description 'Procedure Immun Endosc' is consistent with 2 contracted services (Ambulatory Immunologic Endoscopic Procedure, Preoperative Immunologic Endoscopic Procedure); identity not resolved ; a description on this invoice is consistent with more than one contracted service ; a service was identified by its billed unit basis after the text left a tie ; the weakest service match on this invoice scores 0.84, so it rests on expanded abbreviations rather than whole words"
INV-H1-000182,0,,3604488,3604488,0.70,medium,1,1,3604488,INV-H1-000182#0,"line H1-L00182-05: description 'Continuous Wnd Care' is consistent with 2 contracted services (Continuous Musculoskeletal Wound Care, Continuous Pulmonary Wound Care); identity not resolved ; a description on this invoice is consistent with more than one contracted service ; the weakest service match on this invoice scores 0.85, so it rests on expanded abbreviations rather than whole words"
INV-H1-000183,0,,2300536,2300536,0.92,high,1,1,2300536,INV-H1-000183#0,every line matched a contracted service on whole words and priced exactly against the contract
INV-H1-000184,0,,1557865,1557865,0.92,high,1,1,1557865,INV-H1-000184#0,"line H1-L00184-04: cumulative utilisation of 'Preoperative Immunologic Endoscopic Procedure' before this line is only known to lie in [80, 92], which straddles a discount threshold ; every line matched a contracted service on whole words and priced exactly against the contract"
INV-H1-000185,0,,1699725,1699725,0.92,high,1,1,1699725,INV-H1-000185#0,every line matched a contracted service on whole words and priced exactly against the contract
INV-H1-000186,1,line_total_arithmetic|volume_discount_incorrectly_applied,1959233,1980198,0.70,medium,1,1,1959233,INV-H1-000186#0,"the weakest service match on this invoice scores 0.86, so it rests on expanded abbreviations rather than whole words ; a finding depends on hospital-wide state (daily aggregates, cumulative utilisation or billing history)"
INV-H1-000187,0,,4412373,4412373,0.70,medium,1,1,4412373,INV-H1-000187#0,"a service was identified by its billed unit basis after the text left a tie ; the weakest service match on this invoice scores 0.83, so it rests on expanded abbreviations rather than whole words"
INV-H1-000188,0,,4634848,4634848,0.70,medium,1,1,4634848,INV-H1-000188#0,"a service was identified by its billed unit basis after the text left a tie ; the weakest service match on this invoice scores 0.77, so it rests on expanded abbreviations rather than whole words"
INV-H1-000190,0,,1525575,1525575,0.70,medium,1,1,1525575,INV-H1-000190#0,"the weakest service match on this invoice scores 0.85, so it rests on expanded abbreviations rather than whole words"
INV-H1-000191,0,,1850955,1850955,0.92,high,1,1,1850955,INV-H1-000191#0,every line matched a contracted service on whole words and priced exactly against the contract
INV-H1-000192,0,,2836106,2836106,0.70,medium,1,1,2836106,INV-H1-000192#0,"the weakest service match on this invoice scores 0.82, so it rests on expanded abbreviations rather than whole words"
INV-H1-000193,0,,1199225,1199225,0.92,high,1,1,1199225,INV-H1-000193#0,every line matched a contracted service on whole words and priced exactly against the contract
INV-H1-000194,0,,3257237,3257237,0.70,medium,1,1,3257237,INV-H1-000194#0,"the weakest service match on this invoice scores 0.90, so it rests on expanded abbreviations rather than whole words"
INV-H1-000195,0,,1936050,1936050,0.92,high,1,1,1936050,INV-H1-000195#0,every line matched a contracted service on whole words and priced exactly against the contract
INV-H1-000196,0,,4653710,4653710,0.70,medium,1,1,4653710,INV-H1-000196#0,"a service was identified by its billed unit basis after the text left a tie ; the weakest service match on this invoice scores 0.79, so it rests on expanded abbreviations rather than whole words"
INV-H1-000197,0,,4641876,4641876,0.70,medium,1,1,4641876,INV-H1-000197#0,"the weakest service match on this invoice scores 0.85, so it rests on expanded abbreviations rather than whole words"
INV-H1-000198,0,,1574800,1574800,0.92,high,1,1,1574800,INV-H1-000198#0,every line matched a contracted service on whole words and priced exactly against the contract
INV-H1-000199,0,,3109476,3109476,0.92,high,1,1,3109476,INV-H1-000199#0,every line matched a contracted service on whole words and priced exactly against the contract
INV-H1-000200,0,,391940,391940,0.92,high,1,1,391940,INV-H1-000200#0,every line matched a contracted service on whole words and priced exactly against the contract
INV-H1-000201,1,contract_number_mismatch|bundle_not_applied,2958995,3064595,0.70,medium,1,1,2958995,INV-H1-000201#0,"a service was identified by its billed unit basis after the text left a tie ; the weakest service match on this invoice scores 0.77, so it rests on expanded abbreviations rather than whole words ; a finding depends on hospital-wide state (daily aggregates, cumulative utilisation or billing history)"
INV-H1-000202,0,,1151081,1151081,0.70,medium,1,1,1151081,INV-H1-000202#0,"the weakest service match on this invoice scores 0.77, so it rests on expanded abbreviations rather than whole words"
INV-H1-000203,0,,1769315,1769315,0.70,medium,1,1,1769315,INV-H1-000203#0,"a service was identified by its billed unit basis after the text left a tie ; the weakest service match on this invoice scores 0.83, so it rests on expanded abbreviations rather than whole words"
INV-H1-000204,0,,5363858,5363858,0.70,medium,1,1,5363858,INV-H1-000204#0,"the weakest service match on this invoice scores 0.82, so it rests on expanded abbreviations rather than whole words"
INV-H1-000205,0,,2828080,2828080,0.70,medium,1,1,2828080,INV-H1-000205#0,a service was identified by its billed unit basis after the text left a tie
INV-H1-000206,0,,3922525,3922525,0.70,medium,1,1,3922525,INV-H1-000206#0,"the weakest service match on this invoice scores 0.82, so it rests on expanded abbreviations rather than whole words"
INV-H1-000207,0,,4418544,4418544,0.70,medium,1,1,4418544,INV-H1-000207#0,"the weakest service match on this invoice scores 0.83, so it rests on expanded abbreviations rather than whole words"
INV-H1-000208,0,,4283675,4283675,0.70,medium,1,1,4283675,INV-H1-000208#0,"the weakest service match on this invoice scores 0.84, so it rests on expanded abbreviations rather than whole words"
INV-H1-000209,0,,2770297,2770297,0.70,medium,1,1,2770297,INV-H1-000209#0,"the weakest service match on this invoice scores 0.85, so it rests on expanded abbreviations rather than whole words"
INV-H1-000210,0,,2813386,2813386,0.70,medium,1,1,2813386,INV-H1-000210#0,a service was identified by its billed unit basis after the text left a tie
INV-H1-000211,1,wrong_unit_basis|exclusion_window_violation,1471325,1567925,0.70,medium,1,1,1471325,INV-H1-000211#0,"a service was identified by its billed unit basis after the text left a tie ; the weakest service match on this invoice scores 0.85, so it rests on expanded abbreviations rather than whole words ; a finding depends on hospital-wide state (daily aggregates, cumulative utilisation or billing history)"
INV-H1-000212,0,,3871775,3871775,0.70,medium,1,1,3871775,INV-H1-000212#0,"the weakest service match on this invoice scores 0.82, so it rests on expanded abbreviations rather than whole words"
INV-H1-000213,0,,2113488,2113488,0.70,medium,1,1,2113488,INV-H1-000213#0,"the weakest service match on this invoice scores 0.83, so it rests on expanded abbreviations rather than whole words"
INV-H1-000214,0,,1083650,1083650,0.92,high,1,1,1083650,INV-H1-000214#0,every line matched a contracted service on whole words and priced exactly against the contract
INV-H1-000215,0,,5373340,5373340,0.70,medium,1,1,5373340,INV-H1-000215#0,"the weakest service match on this invoice scores 0.84, so it rests on expanded abbreviations rather than whole words"
INV-H1-000216,0,,848096,848096,0.70,medium,1,1,848096,INV-H1-000216#0,"the weakest service match on this invoice scores 0.88, so it rests on expanded abbreviations rather than whole words"
INV-H1-000217,0,,1552154,1552154,0.70,medium,1,1,1552154,INV-H1-000217#0,"the weakest service match on this invoice scores 0.83, so it rests on expanded abbreviations rather than whole words"
INV-H1-000218,0,,4270306,4270306,0.70,medium,1,1,4270306,INV-H1-000218#0,"the weakest service match on this invoice scores 0.81, so it rests on expanded abbreviations rather than whole words"
INV-H1-000219,1,malformed_service_date|unknown_service|volume_discount_incorrectly_applied,2761823,2759133,0.40,low,1,0,2761823,INV-H1-000219#0,"line H1-L00219-05: description matches no contracted service, so its correct price is unknown ; an invoice line names no contracted service ; a malformed service date removes a line from the cumulative sequence"
INV-H1-000220,0,,3949434,3949434,0.70,medium,1,1,3949434,INV-H1-000220#0,"line H1-L00220-09: description 'Procedure Immun Endosc' is consistent with 2 contracted services (Ambulatory Immunologic Endoscopic Procedure, Preoperative Immunologic Endoscopic Procedure); identity not resolved ; a description on this invoice is consistent with more than one contracted service ; a service was identified by its billed unit basis after the text left a tie ; the weakest service match on this invoice scores 0.85, so it rests on expanded abbreviations rather than whole words"
INV-H1-000221,0,,3481583,3481583,0.92,high,1,1,3481583,INV-H1-000221#0,every line matched a contracted service on whole words and priced exactly against the contract
INV-H1-000222,0,,1394560,1394560,0.70,medium,1,1,1394560,INV-H1-000222#0,"the weakest service match on this invoice scores 0.84, so it rests on expanded abbreviations rather than whole words"
INV-H1-000223,0,,2992640,2992640,0.70,medium,1,1,2992640,INV-H1-000223#0,"the weakest service match on this invoice scores 0.90, so it rests on expanded abbreviations rather than whole words"
INV-H1-000224,0,,2144177,2144177,0.70,medium,1,1,2144177,INV-H1-000224#0,"the weakest service match on this invoice scores 0.90, so it rests on expanded abbreviations rather than whole words"
INV-H1-000225,0,,1912774,1912774,0.70,medium,1,1,1912774,INV-H1-000225#0,"the weakest service match on this invoice scores 0.85, so it rests on expanded abbreviations rather than whole words"
INV-H1-000226,0,,3052975,3052975,0.70,medium,1,1,3052975,INV-H1-000226#0,"the weakest service match on this invoice scores 0.79, so it rests on expanded abbreviations rather than whole words"
INV-H1-000227,1,invoice_total_mismatch|daily_cap_exceeded,,5492725,0.40,low,0,0,5375775,INV-H1-000227#0,"line H1-L00227-11: 14 units billed against a cap of 12, so the quantity on the invoice is not the quantity delivered and the corrected total cannot be recovered from the invoice; the capped price is an upper bound only ; the corrected total could not be reconstructed"
INV-H1-000228,0,,5703033,5703033,0.70,medium,1,1,5703033,INV-H1-000228#0,"a service was identified by its billed unit basis after the text left a tie ; the weakest service match on this invoice scores 0.83, so it rests on expanded abbreviations rather than whole words"
INV-H1-000229,0,,3209175,3209175,0.70,medium,1,1,3209175,INV-H1-000229#0,"line H1-L00229-02: description 'Continuous Wnd Care' is consistent with 2 contracted services (Continuous Musculoskeletal Wound Care, Continuous Pulmonary Wound Care); identity not resolved ; a description on this invoice is consistent with more than one contracted service ; the weakest service match on this invoice scores 0.83, so it rests on expanded abbreviations rather than whole words"
INV-H1-000230,0,,4288169,4288169,0.70,medium,1,1,4288169,INV-H1-000230#0,"the weakest service match on this invoice scores 0.83, so it rests on expanded abbreviations rather than whole words"
INV-H1-000231,1,cross_invoice_duplicate,1857000,1991725,0.70,medium,1,1,1857000,INV-H1-000231#0,"a service was identified by its billed unit basis after the text left a tie ; a finding depends on hospital-wide state (daily aggregates, cumulative utilisation or billing history)"
INV-H1-000232,0,,1776500,1776500,0.70,medium,1,1,1776500,INV-H1-000232#0,"the weakest service match on this invoice scores 0.89, so it rests on expanded abbreviations rather than whole words"
INV-H1-000233,0,,1342604,1342604,0.70,medium,1,1,1342604,INV-H1-000233#0,"the weakest service match on this invoice scores 0.83, so it rests on expanded abbreviations rather than whole words"
INV-H1-000234,0,,3237598,3237598,0.70,medium,1,1,3237598,INV-H1-000234#0,"the weakest service match on this invoice scores 0.84, so it rests on expanded abbreviations rather than whole words"
INV-H1-000235,0,,2869701,2869701,0.70,medium,1,1,2869701,INV-H1-000235#0,"the weakest service match on this invoice scores 0.85, so it rests on expanded abbreviations rather than whole words"
INV-H1-000236,1,wrong_unit_basis|unit_price_mismatch|premium_omitted,1474650,1420000,0.70,medium,1,1,1474650,INV-H1-000236#0,"the weakest service match on this invoice scores 0.84, so it rests on expanded abbreviations rather than whole words ; a finding depends on hospital-wide state (daily aggregates, cumulative utilisation or billing history)"
INV-H1-000237,0,,1737059,1737059,0.70,medium,1,1,1737059,INV-H1-000237#0,"the weakest service match on this invoice scores 0.85, so it rests on expanded abbreviations rather than whole words"
INV-H1-000238,0,,2497748,2497748,0.70,medium,1,1,2497748,INV-H1-000238#0,"the weakest service match on this invoice scores 0.85, so it rests on expanded abbreviations rather than whole words"
INV-H1-000239,0,,5281118,5281118,0.92,high,1,1,5281118,INV-H1-000239#0,every line matched a contracted service on whole words and priced exactly against the contract
INV-H1-000240,0,,4511850,4511850,0.70,medium,1,1,4511850,INV-H1-000240#0,"the weakest service match on this invoice scores 0.81, so it rests on expanded abbreviations rather than whole words"
INV-H1-000241,0,,977296,977296,0.92,high,1,1,977296,INV-H1-000241#0,every line matched a contracted service on whole words and priced exactly against the contract
INV-H1-000242,0,,4382326,4382326,0.70,medium,1,1,4382326,INV-H1-000242#0,"the weakest service match on this invoice scores 0.85, so it rests on expanded abbreviations rather than whole words"
INV-H1-000243,0,,1323865,1323865,0.92,high,1,1,1323865,INV-H1-000243#0,every line matched a contracted service on whole words and priced exactly against the contract
INV-H1-000244,0,,2047736,2047736,0.70,medium,1,1,2047736,INV-H1-000244#0,"the weakest service match on this invoice scores 0.84, so it rests on expanded abbreviations rather than whole words"
INV-H1-000245,0,,1082990,1082990,0.70,medium,1,1,1082990,INV-H1-000245#0,"the weakest service match on this invoice scores 0.85, so it rests on expanded abbreviations rather than whole words"
INV-H1-000246,0,,5672351,5672351,0.70,medium,1,1,5672351,INV-H1-000246#0,"the weakest service match on this invoice scores 0.84, so it rests on expanded abbreviations rather than whole words"
INV-H1-000247,0,,2600025,2600025,0.92,high,1,1,2600025,INV-H1-000247#0,every line matched a contracted service on whole words and priced exactly against the contract
INV-H1-000248,0,,544710,544710,0.70,medium,1,1,544710,INV-H1-000248#0,"line H1-L00248-04: description 'Visit Amb Hm' is consistent with 2 contracted services (Ambulatory Cardiac Home Visit, Ambulatory Infectious Home Visit); identity not resolved ; a description on this invoice is consistent with more than one contracted service ; the weakest service match on this invoice scores 0.85, so it rests on expanded abbreviations rather than whole words"
INV-H1-000249,0,,3013610,3013610,0.70,medium,1,1,3013610,INV-H1-000249#0,"a service was identified by its billed unit basis after the text left a tie ; the weakest service match on this invoice scores 0.79, so it rests on expanded abbreviations rather than whole words"
INV-H1-000250,0,,4872236,4872236,0.70,medium,1,1,4872236,INV-H1-000250#0,"the weakest service match on this invoice scores 0.84, so it rests on expanded abbreviations rather than whole words"
INV-H1-000251,0,,3053898,3053898,0.70,medium,1,1,3053898,INV-H1-000251#0,"the weakest service match on this invoice scores 0.82, so it rests on expanded abbreviations rather than whole words"
INV-H1-000252,0,,863125,863125,0.70,medium,1,1,863125,INV-H1-000252#0,"line H1-L00252-01: description 'Cr Cont Wnd' is consistent with 2 contracted services (Continuous Musculoskeletal Wound Care, Continuous Pulmonary Wound Care); identity not resolved ; a description on this invoice is consistent with more than one contracted service ; the weakest service match on this invoice scores 0.89, so it rests on expanded abbreviations rather than whole words"
INV-H1-000253,0,,4520236,4520236,0.70,medium,1,1,4520236,INV-H1-000253#0,"a service was identified by its billed unit basis after the text left a tie ; the weakest service match on this invoice scores 0.83, so it rests on expanded abbreviations rather than whole words"
INV-H1-000254,0,,3814367,3814367,0.70,medium,1,1,3814367,INV-H1-000254#0,"line H1-L00254-16: description 'Procedure Immun Endosc' is consistent with 2 contracted services (Ambulatory Immunologic Endoscopic Procedure, Preoperative Immunologic Endoscopic Procedure); identity not resolved ; a description on this invoice is consistent with more than one contracted service ; the weakest service match on this invoice scores 0.82, so it rests on expanded abbreviations rather than whole words"
INV-H1-000255,0,,2420053,2420053,0.92,high,1,1,2420053,INV-H1-000255#0,every line matched a contracted service on whole words and priced exactly against the contract
INV-H1-000256,0,,3513900,3513900,0.70,medium,1,1,3513900,INV-H1-000256#0,"the weakest service match on this invoice scores 0.83, so it rests on expanded abbreviations rather than whole words"
INV-H1-000257,1,line_total_arithmetic|wrong_unit_basis,2633795,2641295,0.70,medium,1,1,2633795,INV-H1-000257#0,"the weakest service match on this invoice scores 0.85, so it rests on expanded abbreviations rather than whole words"
INV-H1-000258,0,,1460663,1460663,0.70,medium,1,1,1460663,INV-H1-000258#0,"the weakest service match on this invoice scores 0.84, so it rests on expanded abbreviations rather than whole words"
INV-H1-000259,0,,3960786,3960786,0.70,medium,1,1,3960786,INV-H1-000259#0,"the weakest service match on this invoice scores 0.84, so it rests on expanded abbreviations rather than whole words"
INV-H1-000260,0,,2665371,2665371,0.70,medium,1,1,2665371,INV-H1-000260#0,"line H1-L00260-03: description 'Procedure Immun Endosc' is consistent with 2 contracted services (Ambulatory Immunologic Endoscopic Procedure, Preoperative Immunologic Endoscopic Procedure); identity not resolved ; line H1-L00260-07: description 'Visit Amb Hm' is consistent with 2 contracted services (Ambulatory Cardiac Home Visit, Ambulatory Infectious Home Visit); identity not resolved ; a description on this invoice is consistent with more than one contracted service ; the weakest service match on this invoice scores 0.84, so it rests on expanded abbreviations rather than whole words"
INV-H1-000261,0,,4458808,4458808,0.70,medium,1,1,4458808,INV-H1-000261#0,"line H1-L00261-13: description 'Procedure Immun Endosc' is consistent with 2 contracted services (Ambulatory Immunologic Endoscopic Procedure, Preoperative Immunologic Endoscopic Procedure); identity not resolved ; a description on this invoice is consistent with more than one contracted service ; the weakest service match on this invoice scores 0.83, so it rests on expanded abbreviations rather than whole words"
INV-H1-000262,0,,4999710,4999710,0.70,medium,1,1,4999710,INV-H1-000262#0,"a service was identified by its billed unit basis after the text left a tie ; the weakest service match on this invoice scores 0.85, so it rests on expanded abbreviations rather than whole words"
INV-H1-000263,0,,2241675,2241675,0.70,medium,1,1,2241675,INV-H1-000263#0,"the weakest service match on this invoice scores 0.86, so it rests on expanded abbreviations rather than whole words"
INV-H1-000264,0,,3573037,3573037,0.70,medium,1,1,3573037,INV-H1-000264#0,"the weakest service match on this invoice scores 0.84, so it rests on expanded abbreviations rather than whole words"
INV-H1-000265,0,,1725938,1725938,0.92,high,1,1,1725938,INV-H1-000265#0,every line matched a contracted service on whole words and priced exactly against the contract
INV-H1-000266,0,,2910707,2910707,0.70,medium,1,1,2910707,INV-H1-000266#0,"the weakest service match on this invoice scores 0.88, so it rests on expanded abbreviations rather than whole words"
INV-H1-000267,0,,2559275,2559275,0.70,medium,1,1,2559275,INV-H1-000267#0,"the weakest service match on this invoice scores 0.77, so it rests on expanded abbreviations rather than whole words"
INV-H1-000268,0,,2917243,2917243,0.70,medium,1,1,2917243,INV-H1-000268#0,"the weakest service match on this invoice scores 0.77, so it rests on expanded abbreviations rather than whole words"
INV-H1-000269,0,,3835498,3835498,0.70,medium,1,1,3835498,INV-H1-000269#0,"line H1-L00269-04: description 'Procedure Immun Endosc' is consistent with 2 contracted services (Ambulatory Immunologic Endoscopic Procedure, Preoperative Immunologic Endoscopic Procedure); identity not resolved ; line H1-L00269-14: description 'Cr Cont Wnd' is consistent with 2 contracted services (Continuous Musculoskeletal Wound Care, Continuous Pulmonary Wound Care); identity not resolved ; a description on this invoice is consistent with more than one contracted service ; the weakest service match on this invoice scores 0.83, so it rests on expanded abbreviations rather than whole words"
INV-H1-000270,0,,4244547,4244547,0.70,medium,1,1,4244547,INV-H1-000270#0,"the weakest service match on this invoice scores 0.77, so it rests on expanded abbreviations rather than whole words"
INV-H1-000271,1,bundle_not_applied,5043791,5139791,0.70,medium,1,1,5043791,INV-H1-000271#0,"the weakest service match on this invoice scores 0.85, so it rests on expanded abbreviations rather than whole words ; a finding depends on hospital-wide state (daily aggregates, cumulative utilisation or billing history)"
INV-H1-000272,0,,1597704,1597704,0.70,medium,1,1,1597704,INV-H1-000272#0,"the weakest service match on this invoice scores 0.83, so it rests on expanded abbreviations rather than whole words"
INV-H1-000273,0,,1306725,1306725,0.70,medium,1,1,1306725,INV-H1-000273#0,"the weakest service match on this invoice scores 0.85, so it rests on expanded abbreviations rather than whole words"
INV-H1-000274,1,service_date_after_invoice_date,4830260,4830260,0.70,medium,1,1,4830260,INV-H1-000274#0,"line H1-L00274-06: description 'Continuous Wnd Care' is consistent with 2 contracted services (Continuous Musculoskeletal Wound Care, Continuous Pulmonary Wound Care); identity not resolved ; a description on this invoice is consistent with more than one contracted service ; the weakest service match on this invoice scores 0.84, so it rests on expanded abbreviations rather than whole words"
INV-H1-000275,0,,1307228,1307228,0.70,medium,1,1,1307228,INV-H1-000275#0,"a service was identified by its billed unit basis after the text left a tie ; the weakest service match on this invoice scores 0.85, so it rests on expanded abbreviations rather than whole words"
INV-H1-000276,0,,1799385,1799385,0.70,medium,1,1,1799385,INV-H1-000276#0,"the weakest service match on this invoice scores 0.85, so it rests on expanded abbreviations rather than whole words"
INV-H1-000277,0,,3327275,3327275,0.92,high,1,1,3327275,INV-H1-000277#0,every line matched a contracted service on whole words and priced exactly against the contract
INV-H1-000278,0,,2961500,2961500,0.70,medium,1,1,2961500,INV-H1-000278#0,"a service was identified by its billed unit basis after the text left a tie ; the weakest service match on this invoice scores 0.82, so it rests on expanded abbreviations rather than whole words"
INV-H1-000279,0,,6811727,6811727,0.70,medium,1,1,6811727,INV-H1-000279#0,"the weakest service match on this invoice scores 0.84, so it rests on expanded abbreviations rather than whole words"
INV-H1-000280,0,,610500,610500,0.92,high,1,1,610500,INV-H1-000280#0,every line matched a contracted service on whole words and priced exactly against the contract
INV-H1-000281,1,malformed_service_date|invoice_total_mismatch|premium_incorrectly_applied,5722583,5732823,0.40,low,1,0,5722583,INV-H1-000281#0,a malformed service date removes a line from the cumulative sequence
INV-H1-000282,0,,4099094,4099094,0.70,medium,1,1,4099094,INV-H1-000282#0,"a service was identified by its billed unit basis after the text left a tie ; the weakest service match on this invoice scores 0.82, so it rests on expanded abbreviations rather than whole words"
INV-H1-000283,1,contract_number_mismatch|invoice_total_mismatch,1906268,1881268,0.92,high,1,1,1906268,INV-H1-000283#0,"every finding follows from the invoice's own fields, independently of service matching or pricing"
INV-H1-000284,0,,4714099,4714099,0.70,medium,1,1,4714099,INV-H1-000284#0,"the weakest service match on this invoice scores 0.85, so it rests on expanded abbreviations rather than whole words"
INV-H1-000285,0,,2413988,2413988,0.70,medium,1,1,2413988,INV-H1-000285#0,"a service was identified by its billed unit basis after the text left a tie ; the weakest service match on this invoice scores 0.85, so it rests on expanded abbreviations rather than whole words"
INV-H1-000286,0,,1729332,1729332,0.92,high,1,1,1729332,INV-H1-000286#0,every line matched a contracted service on whole words and priced exactly against the contract
INV-H1-000287,0,,6027372,6027372,0.70,medium,1,1,6027372,INV-H1-000287#0,"the weakest service match on this invoice scores 0.84, so it rests on expanded abbreviations rather than whole words"
INV-H1-000288,0,,2537184,2537184,0.70,medium,1,1,2537184,INV-H1-000288#0,"a service was identified by its billed unit basis after the text left a tie ; the weakest service match on this invoice scores 0.84, so it rests on expanded abbreviations rather than whole words"
INV-H1-000289,0,,3937921,3937921,0.70,medium,1,1,3937921,INV-H1-000289#0,"the weakest service match on this invoice scores 0.83, so it rests on expanded abbreviations rather than whole words"
INV-H1-000290,0,,2638495,2638495,0.70,medium,1,1,2638495,INV-H1-000290#0,"the weakest service match on this invoice scores 0.83, so it rests on expanded abbreviations rather than whole words"
INV-H1-000291,0,,1087125,1087125,0.92,high,1,1,1087125,INV-H1-000291#0,every line matched a contracted service on whole words and priced exactly against the contract
INV-H1-000292,0,,5170138,5170138,0.70,medium,1,1,5170138,INV-H1-000292#0,"a service was identified by its billed unit basis after the text left a tie ; the weakest service match on this invoice scores 0.82, so it rests on expanded abbreviations rather than whole words"
INV-H1-000293,0,,1998575,1998575,0.70,medium,1,1,1998575,INV-H1-000293#0,"the weakest service match on this invoice scores 0.79, so it rests on expanded abbreviations rather than whole words"
INV-H1-000294,0,,3254027,3254027,0.70,medium,1,1,3254027,INV-H1-000294#0,"the weakest service match on this invoice scores 0.83, so it rests on expanded abbreviations rather than whole words"
INV-H1-000295,0,,2470884,2470884,0.70,medium,1,1,2470884,INV-H1-000295#0,"line H1-L00295-07: description 'Procedure Immun Endosc' is consistent with 2 contracted services (Ambulatory Immunologic Endoscopic Procedure, Preoperative Immunologic Endoscopic Procedure); identity not resolved ; a description on this invoice is consistent with more than one contracted service"
INV-H1-000296,0,,1028250,1028250,0.92,high,1,1,1028250,INV-H1-000296#0,every line matched a contracted service on whole words and priced exactly against the contract
INV-H1-000297,0,,3733404,3733404,0.70,medium,1,1,3733404,INV-H1-000297#0,"line H1-L00297-05: description 'Procedure Immun Endosc' is consistent with 2 contracted services (Ambulatory Immunologic Endoscopic Procedure, Preoperative Immunologic Endoscopic Procedure); identity not resolved ; a description on this invoice is consistent with more than one contracted service ; the weakest service match on this invoice scores 0.85, so it rests on expanded abbreviations rather than whole words"
INV-H1-000298,0,,4323122,4323122,0.70,medium,1,1,4323122,INV-H1-000298#0,"line H1-L00298-18: description 'Cr Cont Wnd' is consistent with 2 contracted services (Continuous Musculoskeletal Wound Care, Continuous Pulmonary Wound Care); identity not resolved ; a description on this invoice is consistent with more than one contracted service ; a service was identified by its billed unit basis after the text left a tie ; the weakest service match on this invoice scores 0.83, so it rests on expanded abbreviations rather than whole words"
INV-H1-000299,0,,1765725,1765725,0.92,high,1,1,1765725,INV-H1-000299#0,every line matched a contracted service on whole words and priced exactly against the contract
INV-H1-000300,0,,5214349,5214349,0.70,medium,1,1,5214349,INV-H1-000300#0,"line H1-L00300-08: description 'Procedure Immun Endosc' is consistent with 2 contracted services (Ambulatory Immunologic Endoscopic Procedure, Preoperative Immunologic Endoscopic Procedure); identity not resolved ; a description on this invoice is consistent with more than one contracted service ; the weakest service match on this invoice scores 0.84, so it rests on expanded abbreviations rather than whole words"
INV-H1-000301,0,,3120395,3120395,0.70,medium,1,1,3120395,INV-H1-000301#0,"line H1-L00301-02: description 'Procedure Immun Endosc' is consistent with 2 contracted services (Ambulatory Immunologic Endoscopic Procedure, Preoperative Immunologic Endoscopic Procedure); identity not resolved ; a description on this invoice is consistent with more than one contracted service ; a service was identified by its billed unit basis after the text left a tie ; the weakest service match on this invoice scores 0.83, so it rests on expanded abbreviations rather than whole words"
INV-H1-000302,0,,2047225,2047225,0.70,medium,1,1,2047225,INV-H1-000302#0,a service was identified by its billed unit basis after the text left a tie
INV-H1-000303,0,,1755545,1755545,0.92,high,1,1,1755545,INV-H1-000303#0,every line matched a contracted service on whole words and priced exactly against the contract
INV-H1-000304,1,volume_discount_omitted|premium_incorrectly_applied|unknown_service,1792655,1878062,0.40,low,1,0,1792655,INV-H1-000304#0,"line H1-L00304-11: description matches no contracted service, so its correct price is unknown ; an invoice line names no contracted service"
INV-H1-000305,0,,3792595,3792595,0.70,medium,1,1,3792595,INV-H1-000305#0,"the weakest service match on this invoice scores 0.85, so it rests on expanded abbreviations rather than whole words"
INV-H1-000306,0,,1378286,1378286,0.92,high,1,1,1378286,INV-H1-000306#0,every line matched a contracted service on whole words and priced exactly against the contract
INV-H1-000307,0,,4566413,4566413,0.70,medium,1,1,4566413,INV-H1-000307#0,"a service was identified by its billed unit basis after the text left a tie ; the weakest service match on this invoice scores 0.85, so it rests on expanded abbreviations rather than whole words"
INV-H1-000308,0,,2262777,2262777,0.70,medium,1,1,2262777,INV-H1-000308#0,"the weakest service match on this invoice scores 0.84, so it rests on expanded abbreviations rather than whole words"
INV-H1-000309,0,,3586962,3586962,0.70,medium,1,1,3586962,INV-H1-000309#0,"the weakest service match on this invoice scores 0.83, so it rests on expanded abbreviations rather than whole words"
INV-H1-000310,0,,2067950,2067950,0.70,medium,1,1,2067950,INV-H1-000310#0,"the weakest service match on this invoice scores 0.84, so it rests on expanded abbreviations rather than whole words"
INV-H1-000311,0,,5054797,5054797,0.70,medium,1,1,5054797,INV-H1-000311#0,"the weakest service match on this invoice scores 0.85, so it rests on expanded abbreviations rather than whole words"
INV-H1-000312,0,,3271467,3271467,0.70,medium,1,1,3271467,INV-H1-000312#0,"line H1-L00312-03: description 'Continuous Wnd Care' is consistent with 2 contracted services (Continuous Musculoskeletal Wound Care, Continuous Pulmonary Wound Care); identity not resolved ; a description on this invoice is consistent with more than one contracted service"
INV-H1-000313,0,,2000710,2000710,0.70,medium,1,1,2000710,INV-H1-000313#0,"line H1-L00313-03: description 'Continuous Wnd Care' is consistent with 2 contracted services (Continuous Musculoskeletal Wound Care, Continuous Pulmonary Wound Care); identity not resolved ; a description on this invoice is consistent with more than one contracted service"
INV-H1-000314,0,,1964300,1964300,0.92,high,1,1,1964300,INV-H1-000314#0,every line matched a contracted service on whole words and priced exactly against the contract
INV-H1-000315,0,,2377226,2377226,0.70,medium,1,1,2377226,INV-H1-000315#0,"the weakest service match on this invoice scores 0.84, so it rests on expanded abbreviations rather than whole words"
INV-H1-000316,0,,3615350,3615350,0.70,medium,1,1,3615350,INV-H1-000316#0,"the weakest service match on this invoice scores 0.84, so it rests on expanded abbreviations rather than whole words"
INV-H1-000317,0,,3938225,3938225,0.92,high,1,1,3938225,INV-H1-000317#0,every line matched a contracted service on whole words and priced exactly against the contract
INV-H1-000318,0,,2883937,2883937,0.92,high,1,1,2883937,INV-H1-000318#0,every line matched a contracted service on whole words and priced exactly against the contract
INV-H1-000319,0,,1087921,1087921,0.70,medium,1,1,1087921,INV-H1-000319#0,"the weakest service match on this invoice scores 0.85, so it rests on expanded abbreviations rather than whole words"
INV-H1-000320,0,,3917514,3917514,0.70,medium,1,1,3917514,INV-H1-000320#0,"a service was identified by its billed unit basis after the text left a tie ; the weakest service match on this invoice scores 0.82, so it rests on expanded abbreviations rather than whole words"
INV-H1-000321,0,,1654264,1654264,0.70,medium,1,1,1654264,INV-H1-000321#0,a service was identified by its billed unit basis after the text left a tie
INV-H1-000322,0,,5109300,5109300,0.70,medium,1,1,5109300,INV-H1-000322#0,"a service was identified by its billed unit basis after the text left a tie ; the weakest service match on this invoice scores 0.83, so it rests on expanded abbreviations rather than whole words"
INV-H1-000323,0,,3047421,3047421,0.92,high,1,1,3047421,INV-H1-000323#0,every line matched a contracted service on whole words and priced exactly against the contract
INV-H1-000324,0,,2108575,2108575,0.70,medium,1,1,2108575,INV-H1-000324#0,"a service was identified by its billed unit basis after the text left a tie ; the weakest service match on this invoice scores 0.85, so it rests on expanded abbreviations rather than whole words"
INV-H1-000325,0,,536860,536860,0.70,medium,1,1,536860,INV-H1-000325#0,"the weakest service match on this invoice scores 0.83, so it rests on expanded abbreviations rather than whole words"
INV-H1-000326,0,,4087586,4087586,0.70,medium,1,1,4087586,INV-H1-000326#0,"the weakest service match on this invoice scores 0.83, so it rests on expanded abbreviations rather than whole words"
INV-H1-000327,0,,2505119,2505119,0.70,medium,1,1,2505119,INV-H1-000327#0,"a service was identified by its billed unit basis after the text left a tie ; the weakest service match on this invoice scores 0.85, so it rests on expanded abbreviations rather than whole words"
INV-H1-000328,0,,1134870,1134870,0.70,medium,1,1,1134870,INV-H1-000328#0,"the weakest service match on this invoice scores 0.88, so it rests on expanded abbreviations rather than whole words"
INV-H1-000329,0,,3910743,3910743,0.70,medium,1,1,3910743,INV-H1-000329#0,"a service was identified by its billed unit basis after the text left a tie ; the weakest service match on this invoice scores 0.85, so it rests on expanded abbreviations rather than whole words"
INV-H1-000330,0,,2678730,2678730,0.92,high,1,1,2678730,INV-H1-000330#0,every line matched a contracted service on whole words and priced exactly against the contract
INV-H1-000331,0,,3391248,3391248,0.70,medium,1,1,3391248,INV-H1-000331#0,"the weakest service match on this invoice scores 0.85, so it rests on expanded abbreviations rather than whole words"
INV-H1-000332,0,,2651838,2651838,0.70,medium,1,1,2651838,INV-H1-000332#0,"line H1-L00332-09: description 'Procedure Immun Endosc' is consistent with 2 contracted services (Ambulatory Immunologic Endoscopic Procedure, Preoperative Immunologic Endoscopic Procedure); identity not resolved ; a description on this invoice is consistent with more than one contracted service ; the weakest service match on this invoice scores 0.85, so it rests on expanded abbreviations rather than whole words"
INV-H1-000333,0,,1720900,1720900,0.70,medium,1,1,1720900,INV-H1-000333#0,"the weakest service match on this invoice scores 0.77, so it rests on expanded abbreviations rather than whole words"
INV-H1-000334,0,,3936038,3936038,0.70,medium,1,1,3936038,INV-H1-000334#0,"the weakest service match on this invoice scores 0.83, so it rests on expanded abbreviations rather than whole words"
INV-H1-000335,0,,3255685,3255685,0.70,medium,1,1,3255685,INV-H1-000335#0,"line H1-L00335-06: description 'Continuous Wnd Care' is consistent with 2 contracted services (Continuous Musculoskeletal Wound Care, Continuous Pulmonary Wound Care); identity not resolved ; a description on this invoice is consistent with more than one contracted service ; the weakest service match on this invoice scores 0.85, so it rests on expanded abbreviations rather than whole words"
INV-H1-000336,0,,6942726,6942726,0.70,medium,1,1,6942726,INV-H1-000336#0,"a service was identified by its billed unit basis after the text left a tie ; the weakest service match on this invoice scores 0.83, so it rests on expanded abbreviations rather than whole words"
INV-H1-000337,0,,2136588,2136588,0.70,medium,1,1,2136588,INV-H1-000337#0,"the weakest service match on this invoice scores 0.85, so it rests on expanded abbreviations rather than whole words"
INV-H1-000338,0,,2344149,2344149,0.70,medium,1,1,2344149,INV-H1-000338#0,"line H1-L00338-04: description 'Cr Cont Wnd' is consistent with 2 contracted services (Continuous Musculoskeletal Wound Care, Continuous Pulmonary Wound Care); identity not resolved ; a description on this invoice is consistent with more than one contracted service ; the weakest service match on this invoice scores 0.85, so it rests on expanded abbreviations rather than whole words"
INV-H1-000339,0,,3912969,3912969,0.70,medium,1,1,3912969,INV-H1-000339#0,"the weakest service match on this invoice scores 0.84, so it rests on expanded abbreviations rather than whole words"
INV-H1-000340,0,,576905,576905,0.92,high,1,1,576905,INV-H1-000340#0,every line matched a contracted service on whole words and priced exactly against the contract
INV-H1-000341,0,,4071914,4071914,0.70,medium,1,1,4071914,INV-H1-000341#0,"a service was identified by its billed unit basis after the text left a tie ; the weakest service match on this invoice scores 0.83, so it rests on expanded abbreviations rather than whole words"
INV-H1-000342,0,,1577666,1577666,0.92,high,1,1,1577666,INV-H1-000342#0,every line matched a contracted service on whole words and priced exactly against the contract
INV-H1-000343,0,,3194404,3194404,0.70,medium,1,1,3194404,INV-H1-000343#0,"the weakest service match on this invoice scores 0.85, so it rests on expanded abbreviations rather than whole words"
INV-H1-000344,0,,1373305,1373305,0.70,medium,1,1,1373305,INV-H1-000344#0,"the weakest service match on this invoice scores 0.83, so it rests on expanded abbreviations rather than whole words"
INV-H1-000345,0,,4950257,4950257,0.70,medium,1,1,4950257,INV-H1-000345#0,"the weakest service match on this invoice scores 0.84, so it rests on expanded abbreviations rather than whole words"
INV-H1-000346,0,,3645988,3645988,0.70,medium,1,1,3645988,INV-H1-000346#0,"the weakest service match on this invoice scores 0.84, so it rests on expanded abbreviations rather than whole words"
INV-H1-000347,0,,1686851,1686851,0.70,medium,1,1,1686851,INV-H1-000347#0,"line H1-L00347-06: description 'Procedure Immun Endosc' is consistent with 2 contracted services (Ambulatory Immunologic Endoscopic Procedure, Preoperative Immunologic Endoscopic Procedure); identity not resolved ; a description on this invoice is consistent with more than one contracted service ; the weakest service match on this invoice scores 0.85, so it rests on expanded abbreviations rather than whole words"
INV-H1-000348,1,unknown_service|premium_omitted,4433213,4415338,0.40,low,1,0,4433213,INV-H1-000348#0,"line H1-L00348-02: description matches no contracted service, so its correct price is unknown ; an invoice line names no contracted service"
INV-H1-000349,0,,3901242,3901242,0.70,medium,1,1,3901242,INV-H1-000349#0,"a service was identified by its billed unit basis after the text left a tie ; the weakest service match on this invoice scores 0.82, so it rests on expanded abbreviations rather than whole words"
INV-H1-000350,0,,3941391,3941391,0.70,medium,1,1,3941391,INV-H1-000350#0,"a service was identified by its billed unit basis after the text left a tie ; the weakest service match on this invoice scores 0.84, so it rests on expanded abbreviations rather than whole words"
INV-H1-000351,0,,2695558,2695558,0.70,medium,1,1,2695558,INV-H1-000351#0,"the weakest service match on this invoice scores 0.84, so it rests on expanded abbreviations rather than whole words"
INV-H1-000352,1,invoice_total_mismatch|premium_incorrectly_applied,1772000,1971430,0.70,medium,1,1,1772000,INV-H1-000352#0,"a finding depends on hospital-wide state (daily aggregates, cumulative utilisation or billing history)"
INV-H1-000353,0,,4603398,4603398,0.70,medium,1,1,4603398,INV-H1-000353#0,"the weakest service match on this invoice scores 0.85, so it rests on expanded abbreviations rather than whole words"
INV-H1-000354,0,,1285121,1285121,0.92,high,1,1,1285121,INV-H1-000354#0,every line matched a contracted service on whole words and priced exactly against the contract
INV-H1-000355,0,,2311350,2311350,0.70,medium,1,1,2311350,INV-H1-000355#0,"the weakest service match on this invoice scores 0.87, so it rests on expanded abbreviations rather than whole words"
INV-H1-000356,0,,1688485,1688485,0.70,medium,1,1,1688485,INV-H1-000356#0,"the weakest service match on this invoice scores 0.84, so it rests on expanded abbreviations rather than whole words"
INV-H1-000357,0,,2148982,2148982,0.70,medium,1,1,2148982,INV-H1-000357#0,"the weakest service match on this invoice scores 0.85, so it rests on expanded abbreviations rather than whole words"
INV-H1-000358,0,,1266351,1266351,0.70,medium,1,1,1266351,INV-H1-000358#0,"the weakest service match on this invoice scores 0.84, so it rests on expanded abbreviations rather than whole words"
INV-H1-000359,0,,1190493,1190493,0.70,medium,1,1,1190493,INV-H1-000359#0,"line H1-L00359-04: description 'Procedure Immun Endosc' is consistent with 2 contracted services (Ambulatory Immunologic Endoscopic Procedure, Preoperative Immunologic Endoscopic Procedure); identity not resolved ; a description on this invoice is consistent with more than one contracted service ; the weakest service match on this invoice scores 0.85, so it rests on expanded abbreviations rather than whole words"
INV-H1-000360,0,,1356858,1356858,0.70,medium,1,1,1356858,INV-H1-000360#0,"the weakest service match on this invoice scores 0.88, so it rests on expanded abbreviations rather than whole words"
INV-H1-000361,0,,5582221,5582221,0.70,medium,1,1,5582221,INV-H1-000361#0,"a service was identified by its billed unit basis after the text left a tie ; the weakest service match on this invoice scores 0.83, so it rests on expanded abbreviations rather than whole words"
INV-H1-000362,1,unit_price_mismatch|premium_incorrectly_applied,2585375,2702627,0.70,medium,1,1,2585375,INV-H1-000362#0,"the weakest service match on this invoice scores 0.85, so it rests on expanded abbreviations rather than whole words ; a finding depends on hospital-wide state (daily aggregates, cumulative utilisation or billing history)"
INV-H1-000363,0,,4940256,4940256,0.70,medium,1,1,4940256,INV-H1-000363#0,"a service was identified by its billed unit basis after the text left a tie ; the weakest service match on this invoice scores 0.81, so it rests on expanded abbreviations rather than whole words"
INV-H1-000364,0,,2135850,2135850,0.70,medium,1,1,2135850,INV-H1-000364#0,"the weakest service match on this invoice scores 0.79, so it rests on expanded abbreviations rather than whole words"
INV-H1-000365,0,,851758,851758,0.70,medium,1,1,851758,INV-H1-000365#0,"the weakest service match on this invoice scores 0.85, so it rests on expanded abbreviations rather than whole words"
INV-H1-000366,0,,3533188,3533188,0.70,medium,1,1,3533188,INV-H1-000366#0,"the weakest service match on this invoice scores 0.83, so it rests on expanded abbreviations rather than whole words"
INV-H1-000367,0,,5712533,5712533,0.70,medium,1,1,5712533,INV-H1-000367#0,"the weakest service match on this invoice scores 0.85, so it rests on expanded abbreviations rather than whole words"
INV-H1-000368,0,,2639691,2639691,0.70,medium,1,1,2639691,INV-H1-000368#0,"the weakest service match on this invoice scores 0.85, so it rests on expanded abbreviations rather than whole words"
INV-H1-000369,1,wrong_unit_basis|unknown_service,5369613,5369613,0.40,low,1,0,5369613,INV-H1-000369#0,"line H1-L00369-02: description 'Procedure Immun Endosc' is consistent with 2 contracted services (Ambulatory Immunologic Endoscopic Procedure, Preoperative Immunologic Endoscopic Procedure); identity not resolved ; line H1-L00369-15: description matches no contracted service, so its correct price is unknown ; an invoice line names no contracted service"
INV-H1-000370,0,,5129544,5129544,0.92,high,1,1,5129544,INV-H1-000370#0,every line matched a contracted service on whole words and priced exactly against the contract
INV-H1-000371,0,,4868595,4868595,0.70,medium,1,1,4868595,INV-H1-000371#0,"the weakest service match on this invoice scores 0.83, so it rests on expanded abbreviations rather than whole words"
INV-H1-000372,0,,2622700,2622700,0.70,medium,1,1,2622700,INV-H1-000372#0,"the weakest service match on this invoice scores 0.77, so it rests on expanded abbreviations rather than whole words"
INV-H1-000373,0,,4111730,4111730,0.70,medium,1,1,4111730,INV-H1-000373#0,"the weakest service match on this invoice scores 0.85, so it rests on expanded abbreviations rather than whole words"
INV-H1-000374,0,,2654366,2654366,0.92,high,1,1,2654366,INV-H1-000374#0,every line matched a contracted service on whole words and priced exactly against the contract
INV-H1-000375,0,,2522051,2522051,0.92,high,1,1,2522051,INV-H1-000375#0,every line matched a contracted service on whole words and priced exactly against the contract
INV-H1-000376,0,,1924073,1924073,0.70,medium,1,1,1924073,INV-H1-000376#0,"the weakest service match on this invoice scores 0.85, so it rests on expanded abbreviations rather than whole words"
INV-H1-000377,0,,1769400,1769400,0.70,medium,1,1,1769400,INV-H1-000377#0,"the weakest service match on this invoice scores 0.79, so it rests on expanded abbreviations rather than whole words"
INV-H1-000378,0,,4478725,4478725,0.92,high,1,1,4478725,INV-H1-000378#0,every line matched a contracted service on whole words and priced exactly against the contract
INV-H1-000379,0,,1597325,1597325,0.70,medium,1,1,1597325,INV-H1-000379#0,"the weakest service match on this invoice scores 0.87, so it rests on expanded abbreviations rather than whole words"
INV-H1-000380,0,,2229670,2229670,0.70,medium,1,1,2229670,INV-H1-000380#0,"line H1-L00380-07: description 'Continuous Wnd Care' is consistent with 2 contracted services (Continuous Musculoskeletal Wound Care, Continuous Pulmonary Wound Care); identity not resolved ; a description on this invoice is consistent with more than one contracted service ; a service was identified by its billed unit basis after the text left a tie ; the weakest service match on this invoice scores 0.85, so it rests on expanded abbreviations rather than whole words"
INV-H1-000381,0,,3752825,3752825,0.70,medium,1,1,3752825,INV-H1-000381#0,"line H1-L00381-13: description 'Continuous Wnd Care' is consistent with 2 contracted services (Continuous Musculoskeletal Wound Care, Continuous Pulmonary Wound Care); identity not resolved ; a description on this invoice is consistent with more than one contracted service ; the weakest service match on this invoice scores 0.79, so it rests on expanded abbreviations rather than whole words"
INV-H1-000382,0,,491735,491735,0.92,high,1,1,491735,INV-H1-000382#0,every line matched a contracted service on whole words and priced exactly against the contract
INV-H1-000383,0,,4803754,4803754,0.70,medium,1,1,4803754,INV-H1-000383#0,"line H1-L00383-13: description 'Procedure Immun Endosc' is consistent with 2 contracted services (Ambulatory Immunologic Endoscopic Procedure, Preoperative Immunologic Endoscopic Procedure); identity not resolved ; a description on this invoice is consistent with more than one contracted service ; the weakest service match on this invoice scores 0.79, so it rests on expanded abbreviations rather than whole words"
INV-H1-000384,0,,2900825,2900825,0.70,medium,1,1,2900825,INV-H1-000384#0,"line H1-L00384-02: description 'Continuous Wnd Care' is consistent with 2 contracted services (Continuous Musculoskeletal Wound Care, Continuous Pulmonary Wound Care); identity not resolved ; a description on this invoice is consistent with more than one contracted service ; the weakest service match on this invoice scores 0.90, so it rests on expanded abbreviations rather than whole words"
INV-H1-000385,0,,5418912,5418912,0.70,medium,1,1,5418912,INV-H1-000385#0,"line H1-L00385-08: description 'Continuous Wnd Care' is consistent with 2 contracted services (Continuous Musculoskeletal Wound Care, Continuous Pulmonary Wound Care); identity not resolved ; a description on this invoice is consistent with more than one contracted service ; the weakest service match on this invoice scores 0.84, so it rests on expanded abbreviations rather than whole words"
INV-H1-000386,0,,993200,993200,0.70,medium,1,1,993200,INV-H1-000386#0,"a service was identified by its billed unit basis after the text left a tie ; the weakest service match on this invoice scores 0.79, so it rests on expanded abbreviations rather than whole words"
INV-H1-000387,0,,2527815,2527815,0.70,medium,1,1,2527815,INV-H1-000387#0,"a service was identified by its billed unit basis after the text left a tie ; the weakest service match on this invoice scores 0.79, so it rests on expanded abbreviations rather than whole words"
INV-H1-000388,0,,1449822,1449822,0.70,medium,1,1,1449822,INV-H1-000388#0,"the weakest service match on this invoice scores 0.85, so it rests on expanded abbreviations rather than whole words"
INV-H1-000389,0,,808400,808400,0.92,high,1,1,808400,INV-H1-000389#0,every line matched a contracted service on whole words and priced exactly against the contract
INV-H1-000390,0,,3234713,3234713,0.70,medium,1,1,3234713,INV-H1-000390#0,"the weakest service match on this invoice scores 0.84, so it rests on expanded abbreviations rather than whole words"
INV-H1-000391,0,,1280575,1280575,0.92,high,1,1,1280575,INV-H1-000391#0,every line matched a contracted service on whole words and priced exactly against the contract
INV-H1-000392,0,,1284269,1284269,0.70,medium,1,1,1284269,INV-H1-000392#0,"the weakest service match on this invoice scores 0.85, so it rests on expanded abbreviations rather than whole words"
INV-H1-000393,0,,1456650,1456650,0.92,high,1,1,1456650,INV-H1-000393#0,every line matched a contracted service on whole words and priced exactly against the contract
INV-H1-000394,0,,3151289,3151289,0.70,medium,1,1,3151289,INV-H1-000394#0,"line H1-L00394-03: description 'Procedure Immun Endosc' is consistent with 2 contracted services (Ambulatory Immunologic Endoscopic Procedure, Preoperative Immunologic Endoscopic Procedure); identity not resolved ; a description on this invoice is consistent with more than one contracted service ; the weakest service match on this invoice scores 0.86, so it rests on expanded abbreviations rather than whole words"
INV-H1-000395,0,,2080896,2080896,0.70,medium,1,1,2080896,INV-H1-000395#0,"the weakest service match on this invoice scores 0.85, so it rests on expanded abbreviations rather than whole words"
INV-H1-000396,0,,3461313,3461313,0.70,medium,1,1,3461313,INV-H1-000396#0,"the weakest service match on this invoice scores 0.83, so it rests on expanded abbreviations rather than whole words"
INV-H1-000397,0,,545155,545155,0.70,medium,1,1,545155,INV-H1-000397#0,"the weakest service match on this invoice scores 0.83, so it rests on expanded abbreviations rather than whole words"
INV-H1-000398,0,,2007470,2007470,0.70,medium,1,1,2007470,INV-H1-000398#0,"the weakest service match on this invoice scores 0.79, so it rests on expanded abbreviations rather than whole words"
INV-H1-000399,0,,2366250,2366250,0.92,high,1,1,2366250,INV-H1-000399#0,every line matched a contracted service on whole words and priced exactly against the contract
INV-H1-000400,0,,2752565,2752565,0.70,medium,1,1,2752565,INV-H1-000400#0,"a service was identified by its billed unit basis after the text left a tie ; the weakest service match on this invoice scores 0.82, so it rests on expanded abbreviations rather than whole words"
INV-H1-000401,0,,5262007,5262007,0.70,medium,1,1,5262007,INV-H1-000401#0,"the weakest service match on this invoice scores 0.82, so it rests on expanded abbreviations rather than whole words"
INV-H1-000402,0,,4234035,4234035,0.70,medium,1,1,4234035,INV-H1-000402#0,"the weakest service match on this invoice scores 0.81, so it rests on expanded abbreviations rather than whole words"
INV-H1-000403,0,,4418733,4418733,0.70,medium,1,1,4418733,INV-H1-000403#0,"the weakest service match on this invoice scores 0.84, so it rests on expanded abbreviations rather than whole words"
INV-H1-000404,0,,4829725,4829725,0.70,medium,1,1,4829725,INV-H1-000404#0,"the weakest service match on this invoice scores 0.84, so it rests on expanded abbreviations rather than whole words"
INV-H1-000405,0,,3411350,3411350,0.70,medium,1,1,3411350,INV-H1-000405#0,"line H1-L00405-07: description 'Cr Cont Wnd' is consistent with 2 contracted services (Continuous Musculoskeletal Wound Care, Continuous Pulmonary Wound Care); identity not resolved ; line H1-L00405-10: description 'Cr Cont Wnd' is consistent with 2 contracted services (Continuous Musculoskeletal Wound Care, Continuous Pulmonary Wound Care); identity not resolved ; a description on this invoice is consistent with more than one contracted service ; the weakest service match on this invoice scores 0.85, so it rests on expanded abbreviations rather than whole words"
INV-H1-000406,0,,2423583,2423583,0.70,medium,1,1,2423583,INV-H1-000406#0,"a service was identified by its billed unit basis after the text left a tie ; the weakest service match on this invoice scores 0.84, so it rests on expanded abbreviations rather than whole words"
INV-H1-000407,0,,1979738,1979738,0.70,medium,1,1,1979738,INV-H1-000407#0,"the weakest service match on this invoice scores 0.90, so it rests on expanded abbreviations rather than whole words"
INV-H1-000408,0,,2481807,2481807,0.70,medium,1,1,2481807,INV-H1-000408#0,"the weakest service match on this invoice scores 0.85, so it rests on expanded abbreviations rather than whole words"
INV-H1-000409,0,,2308621,2308621,0.70,medium,1,1,2308621,INV-H1-000409#0,"the weakest service match on this invoice scores 0.80, so it rests on expanded abbreviations rather than whole words"
INV-H1-000410,1,unit_price_mismatch|unknown_service,983219,971719,0.40,low,1,0,983219,INV-H1-000410#0,"line H1-L00410-07: description matches no contracted service, so its correct price is unknown ; an invoice line names no contracted service"
INV-H1-000411,0,,5180539,5180539,0.70,medium,1,1,5180539,INV-H1-000411#0,"a service was identified by its billed unit basis after the text left a tie ; the weakest service match on this invoice scores 0.83, so it rests on expanded abbreviations rather than whole words"
INV-H1-000412,0,,2080883,2080883,0.92,high,1,1,2080883,INV-H1-000412#0,every line matched a contracted service on whole words and priced exactly against the contract
INV-H1-000413,0,,2339140,2339140,0.92,high,1,1,2339140,INV-H1-000413#0,every line matched a contracted service on whole words and priced exactly against the contract
INV-H1-000414,0,,2722135,2722135,0.70,medium,1,1,2722135,INV-H1-000414#0,"the weakest service match on this invoice scores 0.85, so it rests on expanded abbreviations rather than whole words"
INV-H1-000415,0,,3968488,3968488,0.70,medium,1,1,3968488,INV-H1-000415#0,"a service was identified by its billed unit basis after the text left a tie ; the weakest service match on this invoice scores 0.83, so it rests on expanded abbreviations rather than whole words"
INV-H1-000416,0,,4179994,4179994,0.92,high,1,1,4179994,INV-H1-000416#0,every line matched a contracted service on whole words and priced exactly against the contract
INV-H1-000417,0,,2093475,2093475,0.70,medium,1,1,2093475,INV-H1-000417#0,"the weakest service match on this invoice scores 0.84, so it rests on expanded abbreviations rather than whole words"
INV-H1-000418,0,,1869430,1869430,0.70,medium,1,1,1869430,INV-H1-000418#0,"the weakest service match on this invoice scores 0.84, so it rests on expanded abbreviations rather than whole words"
INV-H1-000419,0,,3815623,3815623,0.70,medium,1,1,3815623,INV-H1-000419#0,"a service was identified by its billed unit basis after the text left a tie ; the weakest service match on this invoice scores 0.82, so it rests on expanded abbreviations rather than whole words"
INV-H1-000420,0,,3323354,3323354,0.70,medium,1,1,3323354,INV-H1-000420#0,"a service was identified by its billed unit basis after the text left a tie ; the weakest service match on this invoice scores 0.82, so it rests on expanded abbreviations rather than whole words"
INV-H1-000421,0,,2719245,2719245,0.70,medium,1,1,2719245,INV-H1-000421#0,"the weakest service match on this invoice scores 0.85, so it rests on expanded abbreviations rather than whole words"
INV-H1-000422,0,,3506629,3506629,0.70,medium,1,1,3506629,INV-H1-000422#0,"line H1-L00422-06: description 'Visit Amb Hm' is consistent with 2 contracted services (Ambulatory Cardiac Home Visit, Ambulatory Infectious Home Visit); identity not resolved ; a description on this invoice is consistent with more than one contracted service ; the weakest service match on this invoice scores 0.79, so it rests on expanded abbreviations rather than whole words"
INV-H1-000423,0,,1024610,1024610,0.70,medium,1,1,1024610,INV-H1-000423#0,"the weakest service match on this invoice scores 0.85, so it rests on expanded abbreviations rather than whole words"
INV-H1-000424,0,,2025556,2025556,0.92,high,1,1,2025556,INV-H1-000424#0,every line matched a contracted service on whole words and priced exactly against the contract
INV-H1-000425,0,,1800975,1800975,0.92,high,1,1,1800975,INV-H1-000425#0,every line matched a contracted service on whole words and priced exactly against the contract
INV-H1-000426,0,,3325694,3325694,0.70,medium,1,1,3325694,INV-H1-000426#0,"the weakest service match on this invoice scores 0.83, so it rests on expanded abbreviations rather than whole words"
INV-H1-000427,0,,3572085,3572085,0.70,medium,1,1,3572085,INV-H1-000427#0,"the weakest service match on this invoice scores 0.85, so it rests on expanded abbreviations rather than whole words"
INV-H1-000428,0,,3561933,3561933,0.70,medium,1,1,3561933,INV-H1-000428#0,"the weakest service match on this invoice scores 0.77, so it rests on expanded abbreviations rather than whole words"
INV-H1-000429,1,duplicate_invoice_id,5458136,5458136,0.92,high,1,1,5458136,INV-H1-000429#0|INV-H1-000429#1,"every finding follows from the invoice's own fields, independently of service matching or pricing"
INV-H1-000430,0,,1157907,1157907,0.70,medium,1,1,1157907,INV-H1-000430#0,"the weakest service match on this invoice scores 0.85, so it rests on expanded abbreviations rather than whole words"
INV-H1-000431,0,,3632283,3632283,0.70,medium,1,1,3632283,INV-H1-000431#0,"the weakest service match on this invoice scores 0.85, so it rests on expanded abbreviations rather than whole words"
INV-H1-000432,0,,2112125,2112125,0.92,high,1,1,2112125,INV-H1-000432#0,every line matched a contracted service on whole words and priced exactly against the contract
INV-H1-000433,0,,2288782,2288782,0.70,medium,1,1,2288782,INV-H1-000433#0,"line H1-L00433-02: description 'Continuous Wnd Care' is consistent with 2 contracted services (Continuous Musculoskeletal Wound Care, Continuous Pulmonary Wound Care); identity not resolved ; a description on this invoice is consistent with more than one contracted service ; the weakest service match on this invoice scores 0.85, so it rests on expanded abbreviations rather than whole words"
INV-H1-000434,0,,2387865,2387865,0.70,medium,1,1,2387865,INV-H1-000434#0,"the weakest service match on this invoice scores 0.87, so it rests on expanded abbreviations rather than whole words"
INV-H1-000435,0,,3068051,3068051,0.70,medium,1,1,3068051,INV-H1-000435#0,"a service was identified by its billed unit basis after the text left a tie ; the weakest service match on this invoice scores 0.82, so it rests on expanded abbreviations rather than whole words"
INV-H1-000436,0,,3772569,3772569,0.70,medium,1,1,3772569,INV-H1-000436#0,"the weakest service match on this invoice scores 0.77, so it rests on expanded abbreviations rather than whole words"
INV-H1-000437,0,,621988,621988,0.70,medium,1,1,621988,INV-H1-000437#0,"the weakest service match on this invoice scores 0.79, so it rests on expanded abbreviations rather than whole words"
INV-H1-000438,0,,3797347,3797347,0.70,medium,1,1,3797347,INV-H1-000438#0,"line H1-L00438-11: description 'Procedure Immun Endosc' is consistent with 2 contracted services (Ambulatory Immunologic Endoscopic Procedure, Preoperative Immunologic Endoscopic Procedure); identity not resolved ; a description on this invoice is consistent with more than one contracted service ; the weakest service match on this invoice scores 0.81, so it rests on expanded abbreviations rather than whole words"
INV-H1-000439,0,,3233525,3233525,0.70,medium,1,1,3233525,INV-H1-000439#0,"the weakest service match on this invoice scores 0.85, so it rests on expanded abbreviations rather than whole words"
INV-H1-000440,0,,4267224,4267224,0.70,medium,1,1,4267224,INV-H1-000440#0,"line H1-L00440-13: description 'Procedure Immun Endosc' is consistent with 2 contracted services (Ambulatory Immunologic Endoscopic Procedure, Preoperative Immunologic Endoscopic Procedure); identity not resolved ; a description on this invoice is consistent with more than one contracted service ; a service was identified by its billed unit basis after the text left a tie ; the weakest service match on this invoice scores 0.83, so it rests on expanded abbreviations rather than whole words"
INV-H1-000441,0,,4280274,4280274,0.70,medium,1,1,4280274,INV-H1-000441#0,"line H1-L00441-04: description 'Cr Cont Wnd' is consistent with 2 contracted services (Continuous Musculoskeletal Wound Care, Continuous Pulmonary Wound Care); identity not resolved ; a description on this invoice is consistent with more than one contracted service ; a service was identified by its billed unit basis after the text left a tie ; the weakest service match on this invoice scores 0.85, so it rests on expanded abbreviations rather than whole words"
INV-H1-000442,0,,2907688,2907688,0.70,medium,1,1,2907688,INV-H1-000442#0,"a service was identified by its billed unit basis after the text left a tie ; the weakest service match on this invoice scores 0.82, so it rests on expanded abbreviations rather than whole words"
INV-H1-000443,0,,3348335,3348335,0.70,medium,1,1,3348335,INV-H1-000443#0,"line H1-L00443-03: description 'Procedure Immun Endosc' is consistent with 2 contracted services (Ambulatory Immunologic Endoscopic Procedure, Preoperative Immunologic Endoscopic Procedure); identity not resolved ; a description on this invoice is consistent with more than one contracted service ; the weakest service match on this invoice scores 0.85, so it rests on expanded abbreviations rather than whole words"
INV-H1-000444,0,,977472,977472,0.70,medium,1,1,977472,INV-H1-000444#0,"the weakest service match on this invoice scores 0.83, so it rests on expanded abbreviations rather than whole words"
INV-H1-000445,0,,4150329,4150329,0.70,medium,1,1,4150329,INV-H1-000445#0,"line H1-L00445-19: description 'Continuous Wnd Care' is consistent with 2 contracted services (Continuous Musculoskeletal Wound Care, Continuous Pulmonary Wound Care); identity not resolved ; a description on this invoice is consistent with more than one contracted service ; the weakest service match on this invoice scores 0.84, so it rests on expanded abbreviations rather than whole words"
INV-H1-000446,0,,3016748,3016748,0.70,medium,1,1,3016748,INV-H1-000446#0,"the weakest service match on this invoice scores 0.83, so it rests on expanded abbreviations rather than whole words"
INV-H1-000447,0,,3929492,3929492,0.70,medium,1,1,3929492,INV-H1-000447#0,"a service was identified by its billed unit basis after the text left a tie ; the weakest service match on this invoice scores 0.85, so it rests on expanded abbreviations rather than whole words"
INV-H1-000448,0,,1964750,1964750,0.70,medium,1,1,1964750,INV-H1-000448#0,"the weakest service match on this invoice scores 0.84, so it rests on expanded abbreviations rather than whole words"
INV-H1-000449,0,,1815814,1815814,0.92,high,1,1,1815814,INV-H1-000449#0,every line matched a contracted service on whole words and priced exactly against the contract
INV-H1-000450,0,,3750785,3750785,0.70,medium,1,1,3750785,INV-H1-000450#0,"a service was identified by its billed unit basis after the text left a tie ; the weakest service match on this invoice scores 0.83, so it rests on expanded abbreviations rather than whole words"
INV-H1-000451,0,,1300046,1300046,0.70,medium,1,1,1300046,INV-H1-000451#0,"the weakest service match on this invoice scores 0.84, so it rests on expanded abbreviations rather than whole words"
INV-H1-000452,0,,3922869,3922869,0.70,medium,1,1,3922869,INV-H1-000452#0,"the weakest service match on this invoice scores 0.77, so it rests on expanded abbreviations rather than whole words"
INV-H1-000453,0,,3003799,3003799,0.70,medium,1,1,3003799,INV-H1-000453#0,"the weakest service match on this invoice scores 0.81, so it rests on expanded abbreviations rather than whole words"
INV-H1-000454,0,,2777454,2777454,0.70,medium,1,1,2777454,INV-H1-000454#0,"the weakest service match on this invoice scores 0.84, so it rests on expanded abbreviations rather than whole words"
INV-H1-000455,0,,957925,957925,0.70,medium,1,1,957925,INV-H1-000455#0,"the weakest service match on this invoice scores 0.84, so it rests on expanded abbreviations rather than whole words"
INV-H1-000456,0,,448050,448050,0.70,medium,1,1,448050,INV-H1-000456#0,"a service was identified by its billed unit basis after the text left a tie ; the weakest service match on this invoice scores 0.83, so it rests on expanded abbreviations rather than whole words"
INV-H1-000457,1,duplicate_invoice_id|wrong_unit_basis,1922972,1922972,0.70,medium,1,1,1922972,INV-H1-000457#0|INV-H1-000457#1,"the weakest service match on this invoice scores 0.83, so it rests on expanded abbreviations rather than whole words"
INV-H1-000458,1,volume_discount_omitted,1831611,1899303,0.70,medium,1,1,1831611,INV-H1-000458#0,"the weakest service match on this invoice scores 0.88, so it rests on expanded abbreviations rather than whole words ; a finding depends on hospital-wide state (daily aggregates, cumulative utilisation or billing history)"
INV-H1-000459,0,,3069167,3069167,0.70,medium,1,1,3069167,INV-H1-000459#0,"the weakest service match on this invoice scores 0.83, so it rests on expanded abbreviations rather than whole words"
INV-H1-000460,0,,4453748,4453748,0.70,medium,1,1,4453748,INV-H1-000460#0,"line H1-L00460-13: description 'Procedure Immun Endosc' is consistent with 2 contracted services (Ambulatory Immunologic Endoscopic Procedure, Preoperative Immunologic Endoscopic Procedure); identity not resolved ; a description on this invoice is consistent with more than one contracted service ; a service was identified by its billed unit basis after the text left a tie ; the weakest service match on this invoice scores 0.84, so it rests on expanded abbreviations rather than whole words"
INV-H1-000461,0,,1580476,1580476,0.70,medium,1,1,1580476,INV-H1-000461#0,"a service was identified by its billed unit basis after the text left a tie ; the weakest service match on this invoice scores 0.82, so it rests on expanded abbreviations rather than whole words"
INV-H1-000462,0,,4025065,4025065,0.70,medium,1,1,4025065,INV-H1-000462#0,"the weakest service match on this invoice scores 0.83, so it rests on expanded abbreviations rather than whole words"
INV-H1-000463,0,,1625250,1625250,0.92,high,1,1,1625250,INV-H1-000463#0,every line matched a contracted service on whole words and priced exactly against the contract
INV-H1-000464,0,,2869875,2869875,0.70,medium,1,1,2869875,INV-H1-000464#0,a service was identified by its billed unit basis after the text left a tie
INV-H1-000465,0,,3242265,3242265,0.70,medium,1,1,3242265,INV-H1-000465#0,"the weakest service match on this invoice scores 0.90, so it rests on expanded abbreviations rather than whole words"
INV-H1-000466,0,,4118773,4118773,0.70,medium,1,1,4118773,INV-H1-000466#0,"the weakest service match on this invoice scores 0.85, so it rests on expanded abbreviations rather than whole words"
INV-H1-000467,0,,1593117,1593117,0.92,high,1,1,1593117,INV-H1-000467#0,every line matched a contracted service on whole words and priced exactly against the contract
INV-H1-000468,0,,2322788,2322788,0.70,medium,1,1,2322788,INV-H1-000468#0,"the weakest service match on this invoice scores 0.84, so it rests on expanded abbreviations rather than whole words"
INV-H1-000469,0,,3459640,3459640,0.70,medium,1,1,3459640,INV-H1-000469#0,"line H1-L00469-13: description 'Visit Amb Hm' is consistent with 2 contracted services (Ambulatory Cardiac Home Visit, Ambulatory Infectious Home Visit); identity not resolved ; a description on this invoice is consistent with more than one contracted service ; a service was identified by its billed unit basis after the text left a tie"
INV-H1-000470,0,,1483021,1483021,0.70,medium,1,1,1483021,INV-H1-000470#0,"the weakest service match on this invoice scores 0.81, so it rests on expanded abbreviations rather than whole words"
INV-H1-000471,0,,3544700,3544700,0.70,medium,1,1,3544700,INV-H1-000471#0,"the weakest service match on this invoice scores 0.84, so it rests on expanded abbreviations rather than whole words"
INV-H1-000472,0,,3796850,3796850,0.70,medium,1,1,3796850,INV-H1-000472#0,"the weakest service match on this invoice scores 0.87, so it rests on expanded abbreviations rather than whole words"
INV-H1-000473,0,,246400,246400,0.70,medium,1,1,246400,INV-H1-000473#0,"a service was identified by its billed unit basis after the text left a tie ; the weakest service match on this invoice scores 0.85, so it rests on expanded abbreviations rather than whole words"
INV-H1-000474,0,,4779128,4779128,0.70,medium,1,1,4779128,INV-H1-000474#0,"the weakest service match on this invoice scores 0.83, so it rests on expanded abbreviations rather than whole words"
INV-H1-000475,0,,5031578,5031578,0.70,medium,1,1,5031578,INV-H1-000475#0,"a service was identified by its billed unit basis after the text left a tie ; the weakest service match on this invoice scores 0.82, so it rests on expanded abbreviations rather than whole words"
INV-H1-000476,0,,2133950,2133950,0.70,medium,1,1,2133950,INV-H1-000476#0,"the weakest service match on this invoice scores 0.77, so it rests on expanded abbreviations rather than whole words"
INV-H1-000477,0,,5055131,5055131,0.70,medium,1,1,5055131,INV-H1-000477#0,"the weakest service match on this invoice scores 0.82, so it rests on expanded abbreviations rather than whole words"
INV-H1-000478,0,,2966845,2966845,0.70,medium,1,1,2966845,INV-H1-000478#0,"line H1-L00478-07: description 'Continuous Wnd Care' is consistent with 2 contracted services (Continuous Musculoskeletal Wound Care, Continuous Pulmonary Wound Care); identity not resolved ; a description on this invoice is consistent with more than one contracted service ; the weakest service match on this invoice scores 0.85, so it rests on expanded abbreviations rather than whole words"
INV-H1-000479,0,,1168772,1168772,0.70,medium,1,1,1168772,INV-H1-000479#0,a service was identified by its billed unit basis after the text left a tie
INV-H1-000480,0,,1479076,1479076,0.70,medium,1,1,1479076,INV-H1-000480#0,"line H1-L00480-05: description 'Procedure Immun Endosc' is consistent with 2 contracted services (Ambulatory Immunologic Endoscopic Procedure, Preoperative Immunologic Endoscopic Procedure); identity not resolved ; a description on this invoice is consistent with more than one contracted service"
INV-H1-000481,0,,1713420,1713420,0.70,medium,1,1,1713420,INV-H1-000481#0,"the weakest service match on this invoice scores 0.84, so it rests on expanded abbreviations rather than whole words"
INV-H1-000482,0,,4322390,4322390,0.70,medium,1,1,4322390,INV-H1-000482#0,"the weakest service match on this invoice scores 0.79, so it rests on expanded abbreviations rather than whole words"
INV-H1-000484,0,,3236961,3236961,0.70,medium,1,1,3236961,INV-H1-000484#0,"the weakest service match on this invoice scores 0.84, so it rests on expanded abbreviations rather than whole words"
INV-H1-000485,0,,3268863,3268863,0.70,medium,1,1,3268863,INV-H1-000485#0,"a service was identified by its billed unit basis after the text left a tie ; the weakest service match on this invoice scores 0.83, so it rests on expanded abbreviations rather than whole words"
INV-H1-000486,0,,2381026,2381026,0.70,medium,1,1,2381026,INV-H1-000486#0,"the weakest service match on this invoice scores 0.84, so it rests on expanded abbreviations rather than whole words"
INV-H1-000487,0,,4225949,4225949,0.70,medium,1,1,4225949,INV-H1-000487#0,"the weakest service match on this invoice scores 0.82, so it rests on expanded abbreviations rather than whole words"
INV-H1-000488,0,,2827787,2827787,0.70,medium,1,1,2827787,INV-H1-000488#0,"the weakest service match on this invoice scores 0.87, so it rests on expanded abbreviations rather than whole words"
INV-H1-000489,0,,2573703,2573703,0.70,medium,1,1,2573703,INV-H1-000489#0,"the weakest service match on this invoice scores 0.83, so it rests on expanded abbreviations rather than whole words"
INV-H1-000490,0,,4113835,4113835,0.92,high,1,1,4113835,INV-H1-000490#0,every line matched a contracted service on whole words and priced exactly against the contract
INV-H1-000491,0,,5588687,5588687,0.70,medium,1,1,5588687,INV-H1-000491#0,"line H1-L00491-07: description 'Visit Amb Hm' is consistent with 2 contracted services (Ambulatory Cardiac Home Visit, Ambulatory Infectious Home Visit); identity not resolved ; a description on this invoice is consistent with more than one contracted service ; the weakest service match on this invoice scores 0.85, so it rests on expanded abbreviations rather than whole words"
INV-H1-000492,0,,3432865,3432865,0.92,high,1,1,3432865,INV-H1-000492#0,every line matched a contracted service on whole words and priced exactly against the contract
INV-H1-000493,0,,2157125,2157125,0.70,medium,1,1,2157125,INV-H1-000493#0,"the weakest service match on this invoice scores 0.83, so it rests on expanded abbreviations rather than whole words"
INV-H1-000494,0,,3822326,3822326,0.70,medium,1,1,3822326,INV-H1-000494#0,"the weakest service match on this invoice scores 0.83, so it rests on expanded abbreviations rather than whole words"
INV-H1-000495,0,,4051133,4051133,0.70,medium,1,1,4051133,INV-H1-000495#0,"the weakest service match on this invoice scores 0.85, so it rests on expanded abbreviations rather than whole words"
INV-H1-000496,0,,2393178,2393178,0.70,medium,1,1,2393178,INV-H1-000496#0,"line H1-L00496-04: aggregate daily quantity of 'Continuous Musculoskeletal Wound Care' on 2025-02-09 is only known to lie in [5, 9], which straddles the 8-unit premium threshold ; line H1-L00496-16: description 'Cr Cont Wnd' is consistent with 2 contracted services (Continuous Musculoskeletal Wound Care, Continuous Pulmonary Wound Care); identity not resolved ; a description on this invoice is consistent with more than one contracted service ; the weakest service match on this invoice scores 0.85, so it rests on expanded abbreviations rather than whole words"
INV-H1-000497,0,,2763008,2763008,0.70,medium,1,1,2763008,INV-H1-000497#0,"line H1-L00497-14: description 'Visit Amb Hm' is consistent with 2 contracted services (Ambulatory Cardiac Home Visit, Ambulatory Infectious Home Visit); identity not resolved ; a description on this invoice is consistent with more than one contracted service ; the weakest service match on this invoice scores 0.84, so it rests on expanded abbreviations rather than whole words"
INV-H1-000498,0,,2472768,2472768,0.70,medium,1,1,2472768,INV-H1-000498#0,"the weakest service match on this invoice scores 0.85, so it rests on expanded abbreviations rather than whole words"
INV-H1-000499,0,,1807388,1807388,0.70,medium,1,1,1807388,INV-H1-000499#0,"the weakest service match on this invoice scores 0.84, so it rests on expanded abbreviations rather than whole words"
INV-H1-000500,0,,1796300,1796300,0.92,high,1,1,1796300,INV-H1-000500#0,every line matched a contracted service on whole words and priced exactly against the contract
INV-H1-000501,0,,6302858,6302858,0.70,medium,1,1,6302858,INV-H1-000501#0,"the weakest service match on this invoice scores 0.84, so it rests on expanded abbreviations rather than whole words"
INV-H1-000502,0,,2888275,2888275,0.70,medium,1,1,2888275,INV-H1-000502#0,"the weakest service match on this invoice scores 0.84, so it rests on expanded abbreviations rather than whole words"
INV-H1-000503,0,,2860075,2860075,0.70,medium,1,1,2860075,INV-H1-000503#0,"the weakest service match on this invoice scores 0.85, so it rests on expanded abbreviations rather than whole words"
INV-H1-000504,0,,2609985,2609985,0.70,medium,1,1,2609985,INV-H1-000504#0,"the weakest service match on this invoice scores 0.83, so it rests on expanded abbreviations rather than whole words"
INV-H1-000505,0,,1186370,1186370,0.70,medium,1,1,1186370,INV-H1-000505#0,"the weakest service match on this invoice scores 0.80, so it rests on expanded abbreviations rather than whole words"
INV-H1-000506,0,,2647008,2647008,0.70,medium,1,1,2647008,INV-H1-000506#0,"line H1-L00506-03: description 'Procedure Immun Endosc' is consistent with 2 contracted services (Ambulatory Immunologic Endoscopic Procedure, Preoperative Immunologic Endoscopic Procedure); identity not resolved ; a description on this invoice is consistent with more than one contracted service ; the weakest service match on this invoice scores 0.85, so it rests on expanded abbreviations rather than whole words"
INV-H1-000507,0,,3104690,3104690,0.92,high,1,1,3104690,INV-H1-000507#0,every line matched a contracted service on whole words and priced exactly against the contract
INV-H1-000508,0,,3881260,3881260,0.70,medium,1,1,3881260,INV-H1-000508#0,"the weakest service match on this invoice scores 0.85, so it rests on expanded abbreviations rather than whole words"
INV-H1-000509,0,,2951276,2951276,0.70,medium,1,1,2951276,INV-H1-000509#0,"the weakest service match on this invoice scores 0.85, so it rests on expanded abbreviations rather than whole words"
INV-H1-000510,0,,2299574,2299574,0.70,medium,1,1,2299574,INV-H1-000510#0,"a service was identified by its billed unit basis after the text left a tie ; the weakest service match on this invoice scores 0.85, so it rests on expanded abbreviations rather than whole words"
INV-H1-000511,0,,3387015,3387015,0.70,medium,1,1,3387015,INV-H1-000511#0,"the weakest service match on this invoice scores 0.77, so it rests on expanded abbreviations rather than whole words"
INV-H1-000512,0,,2026594,2026594,0.70,medium,1,1,2026594,INV-H1-000512#0,"the weakest service match on this invoice scores 0.82, so it rests on expanded abbreviations rather than whole words"
INV-H1-000513,0,,3102116,3102116,0.70,medium,1,1,3102116,INV-H1-000513#0,"the weakest service match on this invoice scores 0.84, so it rests on expanded abbreviations rather than whole words"
INV-H1-000514,0,,2518898,2518898,0.70,medium,1,1,2518898,INV-H1-000514#0,"the weakest service match on this invoice scores 0.85, so it rests on expanded abbreviations rather than whole words"
INV-H1-000515,0,,1165711,1165711,0.70,medium,1,1,1165711,INV-H1-000515#0,"the weakest service match on this invoice scores 0.85, so it rests on expanded abbreviations rather than whole words"
INV-H1-000516,0,,1969332,1969332,0.70,medium,1,1,1969332,INV-H1-000516#0,"the weakest service match on this invoice scores 0.77, so it rests on expanded abbreviations rather than whole words"
INV-H1-000517,0,,2876061,2876061,0.70,medium,1,1,2876061,INV-H1-000517#0,"line H1-L00517-01: cumulative utilisation of 'Preoperative Immunologic Endoscopic Procedure' before this line is only known to lie in [198, 241], which straddles a discount threshold ; the weakest service match on this invoice scores 0.84, so it rests on expanded abbreviations rather than whole words"
INV-H1-000518,0,,2667704,2667704,0.70,medium,1,1,2667704,INV-H1-000518#0,"line H1-L00518-02: cumulative utilisation of 'Preoperative Immunologic Endoscopic Procedure' before this line is only known to lie in [200, 243], which straddles a discount threshold ; a service was identified by its billed unit basis after the text left a tie ; the weakest service match on this invoice scores 0.85, so it rests on expanded abbreviations rather than whole words"
INV-H1-000519,0,,5679452,5679452,0.70,medium,1,1,5679452,INV-H1-000519#0,"line H1-L00519-19: cumulative utilisation of 'Preoperative Immunologic Endoscopic Procedure' before this line is only known to lie in [199, 242], which straddles a discount threshold ; the weakest service match on this invoice scores 0.85, so it rests on expanded abbreviations rather than whole words"
INV-H1-000520,0,,2528900,2528900,0.92,high,1,1,2528900,INV-H1-000520#0,every line matched a contracted service on whole words and priced exactly against the contract
INV-H1-000521,0,,4813865,4813865,0.70,medium,1,1,4813865,INV-H1-000521#0,"the weakest service match on this invoice scores 0.84, so it rests on expanded abbreviations rather than whole words"
INV-H1-000522,0,,2625449,2625449,0.70,medium,1,1,2625449,INV-H1-000522#0,"a service was identified by its billed unit basis after the text left a tie ; the weakest service match on this invoice scores 0.77, so it rests on expanded abbreviations rather than whole words"
INV-H1-000523,0,,1034967,1034967,0.92,high,1,1,1034967,INV-H1-000523#0,every line matched a contracted service on whole words and priced exactly against the contract
INV-H1-000524,0,,1006925,1006925,0.92,high,1,1,1006925,INV-H1-000524#0,every line matched a contracted service on whole words and priced exactly against the contract
INV-H1-000526,0,,2853443,2853443,0.70,medium,1,1,2853443,INV-H1-000526#0,"the weakest service match on this invoice scores 0.90, so it rests on expanded abbreviations rather than whole words"
INV-H1-000527,0,,3024760,3024760,0.70,medium,1,1,3024760,INV-H1-000527#0,"line H1-L00527-19: cumulative utilisation of 'Preoperative Immunologic Endoscopic Procedure' before this line is only known to lie in [202, 245], which straddles a discount threshold ; a service was identified by its billed unit basis after the text left a tie ; the weakest service match on this invoice scores 0.85, so it rests on expanded abbreviations rather than whole words"
INV-H1-000528,0,,1888595,1888595,0.70,medium,1,1,1888595,INV-H1-000528#0,"line H1-L00528-20: cumulative utilisation of 'Preoperative Immunologic Endoscopic Procedure' before this line is only known to lie in [201, 244], which straddles a discount threshold ; the weakest service match on this invoice scores 0.83, so it rests on expanded abbreviations rather than whole words"
INV-H1-000529,0,,4992173,4992173,0.70,medium,1,1,4992173,INV-H1-000529#0,"a service was identified by its billed unit basis after the text left a tie ; the weakest service match on this invoice scores 0.83, so it rests on expanded abbreviations rather than whole words"
INV-H1-000530,0,,3123234,3123234,0.70,medium,1,1,3123234,INV-H1-000530#0,"a service was identified by its billed unit basis after the text left a tie ; the weakest service match on this invoice scores 0.85, so it rests on expanded abbreviations rather than whole words"
INV-H1-000531,0,,1439690,1439690,0.70,medium,1,1,1439690,INV-H1-000531#0,a service was identified by its billed unit basis after the text left a tie
INV-H1-000532,0,,3725016,3725016,0.70,medium,1,1,3725016,INV-H1-000532#0,"the weakest service match on this invoice scores 0.85, so it rests on expanded abbreviations rather than whole words"
INV-H1-000533,0,,3678930,3678930,0.70,medium,1,1,3678930,INV-H1-000533#0,"the weakest service match on this invoice scores 0.85, so it rests on expanded abbreviations rather than whole words"
INV-H1-000534,0,,483200,483200,0.70,medium,1,1,483200,INV-H1-000534#0,"the weakest service match on this invoice scores 0.84, so it rests on expanded abbreviations rather than whole words"
INV-H1-000535,0,,1985850,1985850,0.92,high,1,1,1985850,INV-H1-000535#0,every line matched a contracted service on whole words and priced exactly against the contract
INV-H1-000536,0,,1528310,1528310,0.70,medium,1,1,1528310,INV-H1-000536#0,"line H1-L00536-10: description 'Procedure Immun Endosc' is consistent with 2 contracted services (Ambulatory Immunologic Endoscopic Procedure, Preoperative Immunologic Endoscopic Procedure); identity not resolved ; a description on this invoice is consistent with more than one contracted service ; the weakest service match on this invoice scores 0.85, so it rests on expanded abbreviations rather than whole words"
INV-H1-000537,0,,1414988,1414988,0.92,high,1,1,1414988,INV-H1-000537#0,every line matched a contracted service on whole words and priced exactly against the contract
INV-H1-000538,0,,1508111,1508111,0.70,medium,1,1,1508111,INV-H1-000538#0,"the weakest service match on this invoice scores 0.79, so it rests on expanded abbreviations rather than whole words"
INV-H1-000539,0,,1673975,1673975,0.70,medium,1,1,1673975,INV-H1-000539#0,"the weakest service match on this invoice scores 0.85, so it rests on expanded abbreviations rather than whole words"
INV-H1-000540,0,,4232124,4232124,0.70,medium,1,1,4232124,INV-H1-000540#0,"line H1-L00540-07: description 'Visit Amb Hm' is consistent with 2 contracted services (Ambulatory Cardiac Home Visit, Ambulatory Infectious Home Visit); identity not resolved ; a description on this invoice is consistent with more than one contracted service ; a service was identified by its billed unit basis after the text left a tie ; the weakest service match on this invoice scores 0.85, so it rests on expanded abbreviations rather than whole words"
INV-H1-000541,0,,4089849,4089849,0.70,medium,1,1,4089849,INV-H1-000541#0,"the weakest service match on this invoice scores 0.84, so it rests on expanded abbreviations rather than whole words"
INV-H1-000542,0,,4335500,4335500,0.70,medium,1,1,4335500,INV-H1-000542#0,"the weakest service match on this invoice scores 0.85, so it rests on expanded abbreviations rather than whole words"
INV-H1-000543,0,,4428745,4428745,0.70,medium,1,1,4428745,INV-H1-000543#0,"a service was identified by its billed unit basis after the text left a tie ; the weakest service match on this invoice scores 0.83, so it rests on expanded abbreviations rather than whole words"
INV-H1-000544,0,,3185449,3185449,0.70,medium,1,1,3185449,INV-H1-000544#0,"a service was identified by its billed unit basis after the text left a tie ; the weakest service match on this invoice scores 0.79, so it rests on expanded abbreviations rather than whole words"
INV-H1-000545,0,,1743882,1743882,0.70,medium,1,1,1743882,INV-H1-000545#0,"the weakest service match on this invoice scores 0.79, so it rests on expanded abbreviations rather than whole words"
INV-H1-000546,0,,2672776,2672776,0.70,medium,1,1,2672776,INV-H1-000546#0,"line H1-L00546-07: cumulative utilisation of 'Preoperative Immunologic Endoscopic Procedure' before this line is only known to lie in [203, 247], which straddles a discount threshold ; the weakest service match on this invoice scores 0.83, so it rests on expanded abbreviations rather than whole words"
INV-H1-000547,0,,2102654,2102654,0.70,medium,1,1,2102654,INV-H1-000547#0,"line H1-L00547-04: description 'Visit Amb Hm' is consistent with 2 contracted services (Ambulatory Cardiac Home Visit, Ambulatory Infectious Home Visit); identity not resolved ; line H1-L00547-06: description 'Procedure Immun Endosc' is consistent with 2 contracted services (Ambulatory Immunologic Endoscopic Procedure, Preoperative Immunologic Endoscopic Procedure); identity not resolved ; a description on this invoice is consistent with more than one contracted service ; the weakest service match on this invoice scores 0.85, so it rests on expanded abbreviations rather than whole words"
INV-H1-000548,1,duplicate_invoice_id|exclusion_window_violation,1954965,2115965,0.70,medium,1,1,1954965,INV-H1-000548#0|INV-H1-000548#1,"a description on this invoice is consistent with more than one contracted service ; a service was identified by its billed unit basis after the text left a tie ; the weakest service match on this invoice scores 0.83, so it rests on expanded abbreviations rather than whole words ; a finding depends on hospital-wide state (daily aggregates, cumulative utilisation or billing history)"
INV-H1-000549,0,,4857904,4857904,0.70,medium,1,1,4857904,INV-H1-000549#0,"the weakest service match on this invoice scores 0.77, so it rests on expanded abbreviations rather than whole words"
INV-H1-000550,0,,4311642,4311642,0.70,medium,1,1,4311642,INV-H1-000550#0,"line H1-L00550-15: cumulative utilisation of 'Preoperative Immunologic Endoscopic Procedure' before this line is only known to lie in [205, 251], which straddles a discount threshold ; the weakest service match on this invoice scores 0.83, so it rests on expanded abbreviations rather than whole words"
INV-H1-000551,0,,4689193,4689193,0.70,medium,1,1,4689193,INV-H1-000551#0,"a service was identified by its billed unit basis after the text left a tie ; the weakest service match on this invoice scores 0.82, so it rests on expanded abbreviations rather than whole words"
INV-H1-000552,1,malformed_service_date|line_total_arithmetic|wrong_unit_basis,2787842,2780342,0.40,low,1,0,2787842,INV-H1-000552#0,a malformed service date removes a line from the cumulative sequence
INV-H1-000553,0,,3545592,3545592,0.92,high,1,1,3545592,INV-H1-000553#0,"line H1-L00553-15: cumulative utilisation of 'Preoperative Immunologic Endoscopic Procedure' before this line is only known to lie in [206, 252], which straddles a discount threshold ; every line matched a contracted service on whole words and priced exactly against the contract"
INV-H1-000554,0,,2363230,2363230,0.70,medium,1,1,2363230,INV-H1-000554#0,"line H1-L00554-05: cumulative utilisation of 'Preoperative Immunologic Endoscopic Procedure' before this line is only known to lie in [208, 256], which straddles a discount threshold ; the weakest service match on this invoice scores 0.83, so it rests on expanded abbreviations rather than whole words"
INV-H1-000555,0,,3150657,3150657,0.70,medium,1,1,3150657,INV-H1-000555#0,"line H1-L00555-02: description 'Procedure Immun Endosc' is consistent with 2 contracted services (Ambulatory Immunologic Endoscopic Procedure, Preoperative Immunologic Endoscopic Procedure); identity not resolved ; a description on this invoice is consistent with more than one contracted service ; the weakest service match on this invoice scores 0.88, so it rests on expanded abbreviations rather than whole words"
INV-H1-000556,0,,5367737,5367737,0.70,medium,1,1,5367737,INV-H1-000556#0,"line H1-L00556-16: description 'Visit Amb Hm' is consistent with 2 contracted services (Ambulatory Cardiac Home Visit, Ambulatory Infectious Home Visit); identity not resolved ; a description on this invoice is consistent with more than one contracted service ; a service was identified by its billed unit basis after the text left a tie ; the weakest service match on this invoice scores 0.83, so it rests on expanded abbreviations rather than whole words"
INV-H1-000557,0,,2381206,2381206,0.70,medium,1,1,2381206,INV-H1-000557#0,"the weakest service match on this invoice scores 0.84, so it rests on expanded abbreviations rather than whole words"
INV-H1-000558,0,,3257504,3257504,0.70,medium,1,1,3257504,INV-H1-000558#0,"a service was identified by its billed unit basis after the text left a tie ; the weakest service match on this invoice scores 0.80, so it rests on expanded abbreviations rather than whole words"
INV-H1-000559,0,,871783,871783,0.92,high,1,1,871783,INV-H1-000559#0,every line matched a contracted service on whole words and priced exactly against the contract
INV-H1-000560,0,,4343939,4343939,0.70,medium,1,1,4343939,INV-H1-000560#0,"the weakest service match on this invoice scores 0.77, so it rests on expanded abbreviations rather than whole words"
INV-H1-000561,0,,1946700,1946700,0.70,medium,1,1,1946700,INV-H1-000561#0,"the weakest service match on this invoice scores 0.87, so it rests on expanded abbreviations rather than whole words"
INV-H1-000562,0,,2391200,2391200,0.70,medium,1,1,2391200,INV-H1-000562#0,"a service was identified by its billed unit basis after the text left a tie ; the weakest service match on this invoice scores 0.82, so it rests on expanded abbreviations rather than whole words"
INV-H1-000563,0,,3402555,3402555,0.70,medium,1,1,3402555,INV-H1-000563#0,"a service was identified by its billed unit basis after the text left a tie ; the weakest service match on this invoice scores 0.83, so it rests on expanded abbreviations rather than whole words"
INV-H1-000564,0,,3763741,3763741,0.70,medium,1,1,3763741,INV-H1-000564#0,"line H1-L00564-06: description 'Procedure Immun Endosc' is consistent with 2 contracted services (Ambulatory Immunologic Endoscopic Procedure, Preoperative Immunologic Endoscopic Procedure); identity not resolved ; a description on this invoice is consistent with more than one contracted service ; the weakest service match on this invoice scores 0.79, so it rests on expanded abbreviations rather than whole words"
INV-H1-000565,0,,3445946,3445946,0.70,medium,1,1,3445946,INV-H1-000565#0,"line H1-L00565-08: description 'Visit Amb Hm' is consistent with 2 contracted services (Ambulatory Cardiac Home Visit, Ambulatory Infectious Home Visit); identity not resolved ; line H1-L00565-10: cumulative utilisation of 'Preoperative Immunologic Endoscopic Procedure' before this line is only known to lie in [209, 258], which straddles a discount threshold ; a description on this invoice is consistent with more than one contracted service ; the weakest service match on this invoice scores 0.84, so it rests on expanded abbreviations rather than whole words"
INV-H1-000566,0,,2069575,2069575,0.70,medium,1,1,2069575,INV-H1-000566#0,"a service was identified by its billed unit basis after the text left a tie ; the weakest service match on this invoice scores 0.79, so it rests on expanded abbreviations rather than whole words"
INV-H1-000567,0,,1279830,1279830,0.70,medium,1,1,1279830,INV-H1-000567#0,"line H1-L00567-11: description 'Visit Amb Hm' is consistent with 2 contracted services (Ambulatory Cardiac Home Visit, Ambulatory Infectious Home Visit); identity not resolved ; a description on this invoice is consistent with more than one contracted service ; the weakest service match on this invoice scores 0.79, so it rests on expanded abbreviations rather than whole words"
INV-H1-000568,0,,1385815,1385815,0.70,medium,1,1,1385815,INV-H1-000568#0,"the weakest service match on this invoice scores 0.90, so it rests on expanded abbreviations rather than whole words"
INV-H1-000569,0,,1566465,1566465,0.70,medium,1,1,1566465,INV-H1-000569#0,"line H1-L00569-14: description 'Procedure Immun Endosc' is consistent with 2 contracted services (Ambulatory Immunologic Endoscopic Procedure, Preoperative Immunologic Endoscopic Procedure); identity not resolved ; a description on this invoice is consistent with more than one contracted service ; a service was identified by its billed unit basis after the text left a tie ; the weakest service match on this invoice scores 0.85, so it rests on expanded abbreviations rather than whole words"
INV-H1-000570,0,,1249225,1249225,0.70,medium,1,1,1249225,INV-H1-000570#0,"a service was identified by its billed unit basis after the text left a tie ; the weakest service match on this invoice scores 0.82, so it rests on expanded abbreviations rather than whole words"
INV-H1-000571,1,line_total_arithmetic|unknown_service,1534690,1542190,0.40,low,1,0,1534690,INV-H1-000571#0,"line H1-L00571-04: description matches no contracted service, so its correct price is unknown ; an invoice line names no contracted service"
INV-H1-000572,0,,1345050,1345050,0.92,high,1,1,1345050,INV-H1-000572#0,every line matched a contracted service on whole words and priced exactly against the contract
INV-H1-000573,0,,4519958,4519958,0.70,medium,1,1,4519958,INV-H1-000573#0,"the weakest service match on this invoice scores 0.82, so it rests on expanded abbreviations rather than whole words"
INV-H1-000574,0,,525025,525025,0.70,medium,1,1,525025,INV-H1-000574#0,"the weakest service match on this invoice scores 0.80, so it rests on expanded abbreviations rather than whole words"
INV-H1-000575,0,,3019350,3019350,0.70,medium,1,1,3019350,INV-H1-000575#0,"the weakest service match on this invoice scores 0.88, so it rests on expanded abbreviations rather than whole words"
INV-H1-000576,0,,6857285,6857285,0.70,medium,1,1,6857285,INV-H1-000576#0,"line H1-L00576-02: cumulative utilisation of 'Preoperative Immunologic Endoscopic Procedure' before this line is only known to lie in [213, 264], which straddles a discount threshold ; line H1-L00576-14: cumulative utilisation of 'Preoperative Immunologic Endoscopic Procedure' before this line is only known to lie in [211, 262], which straddles a discount threshold ; the weakest service match on this invoice scores 0.84, so it rests on expanded abbreviations rather than whole words"
INV-H1-000577,0,,1738976,1738976,0.70,medium,1,1,1738976,INV-H1-000577#0,"the weakest service match on this invoice scores 0.85, so it rests on expanded abbreviations rather than whole words"
INV-H1-000578,0,,1106125,1106125,0.92,high,1,1,1106125,INV-H1-000578#0,every line matched a contracted service on whole words and priced exactly against the contract
INV-H1-000579,0,,1017624,1017624,0.70,medium,1,1,1017624,INV-H1-000579#0,"the weakest service match on this invoice scores 0.85, so it rests on expanded abbreviations rather than whole words"
INV-H1-000580,0,,3088095,3088095,0.70,medium,1,1,3088095,INV-H1-000580#0,"line H1-L00580-17: cumulative utilisation of 'Preoperative Immunologic Endoscopic Procedure' before this line is only known to lie in [215, 266], which straddles a discount threshold ; the weakest service match on this invoice scores 0.84, so it rests on expanded abbreviations rather than whole words"
INV-H1-000581,0,,420920,420920,0.70,medium,1,1,420920,INV-H1-000581#0,"the weakest service match on this invoice scores 0.88, so it rests on expanded abbreviations rather than whole words"
INV-H1-000582,0,,3845079,3845079,0.70,medium,1,1,3845079,INV-H1-000582#0,"the weakest service match on this invoice scores 0.83, so it rests on expanded abbreviations rather than whole words"
INV-H1-000583,0,,2362365,2362365,0.70,medium,1,1,2362365,INV-H1-000583#0,"line H1-L00583-08: cumulative utilisation of 'Preoperative Immunologic Endoscopic Procedure' before this line is only known to lie in [216, 267], which straddles a discount threshold ; the weakest service match on this invoice scores 0.86, so it rests on expanded abbreviations rather than whole words"
INV-H1-000584,0,,4140383,4140383,0.70,medium,1,1,4140383,INV-H1-000584#0,"line H1-L00584-08: cumulative utilisation of 'Preoperative Immunologic Endoscopic Procedure' before this line is only known to lie in [217, 268], which straddles a discount threshold ; the weakest service match on this invoice scores 0.84, so it rests on expanded abbreviations rather than whole words"
INV-H1-000585,0,,2558633,2558633,0.70,medium,1,1,2558633,INV-H1-000585#0,"line H1-L00585-15: cumulative utilisation of 'Preoperative Immunologic Endoscopic Procedure' before this line is only known to lie in [219, 270], which straddles a discount threshold ; a service was identified by its billed unit basis after the text left a tie ; the weakest service match on this invoice scores 0.85, so it rests on expanded abbreviations rather than whole words"
INV-H1-000586,0,,3849719,3849719,0.70,medium,1,1,3849719,INV-H1-000586#0,"the weakest service match on this invoice scores 0.84, so it rests on expanded abbreviations rather than whole words"
INV-H1-000587,0,,945025,945025,0.70,medium,1,1,945025,INV-H1-000587#0,"a service was identified by its billed unit basis after the text left a tie ; the weakest service match on this invoice scores 0.85, so it rests on expanded abbreviations rather than whole words"
INV-H1-000588,0,,2671035,2671035,0.70,medium,1,1,2671035,INV-H1-000588#0,"the weakest service match on this invoice scores 0.85, so it rests on expanded abbreviations rather than whole words"
INV-H1-000589,0,,2579685,2579685,0.70,medium,1,1,2579685,INV-H1-000589#0,"line H1-L00589-06: cumulative utilisation of 'Preoperative Immunologic Endoscopic Procedure' before this line is only known to lie in [220, 271], which straddles a discount threshold ; line H1-L00589-07: cumulative utilisation of 'Preoperative Immunologic Endoscopic Procedure' before this line is only known to lie in [222, 273], which straddles a discount threshold ; a service was identified by its billed unit basis after the text left a tie ; the weakest service match on this invoice scores 0.83, so it rests on expanded abbreviations rather than whole words"
INV-H1-000590,0,,1505787,1505787,0.70,medium,1,1,1505787,INV-H1-000590#0,"a service was identified by its billed unit basis after the text left a tie ; the weakest service match on this invoice scores 0.84, so it rests on expanded abbreviations rather than whole words"
INV-H1-000591,0,,1075770,1075770,0.70,medium,1,1,1075770,INV-H1-000591#0,"line H1-L00591-06: cumulative utilisation of 'Preoperative Immunologic Endoscopic Procedure' before this line is only known to lie in [221, 272], which straddles a discount threshold ; the weakest service match on this invoice scores 0.83, so it rests on expanded abbreviations rather than whole words"
INV-H1-000592,0,,3109557,3109557,0.92,high,1,1,3109557,INV-H1-000592#0,every line matched a contracted service on whole words and priced exactly against the contract
INV-H1-000593,0,,5590229,5590229,0.70,medium,1,1,5590229,INV-H1-000593#0,"a service was identified by its billed unit basis after the text left a tie ; the weakest service match on this invoice scores 0.83, so it rests on expanded abbreviations rather than whole words"
INV-H1-000594,0,,4793514,4793514,0.70,medium,1,1,4793514,INV-H1-000594#0,"line H1-L00594-02: description 'Visit Amb Hm' is consistent with 2 contracted services (Ambulatory Cardiac Home Visit, Ambulatory Infectious Home Visit); identity not resolved ; a description on this invoice is consistent with more than one contracted service ; the weakest service match on this invoice scores 0.84, so it rests on expanded abbreviations rather than whole words"
INV-H1-000595,0,,1158720,1158720,0.70,medium,1,1,1158720,INV-H1-000595#0,"the weakest service match on this invoice scores 0.80, so it rests on expanded abbreviations rather than whole words"
INV-H1-000596,0,,3523860,3523860,0.70,medium,1,1,3523860,INV-H1-000596#0,"line H1-L00596-03: cumulative utilisation of 'Preoperative Immunologic Endoscopic Procedure' before this line is only known to lie in [223, 274], which straddles a discount threshold ; the weakest service match on this invoice scores 0.88, so it rests on expanded abbreviations rather than whole words"
INV-H1-000597,0,,2187710,2187710,0.92,high,1,1,2187710,INV-H1-000597#0,"line H1-L00597-10: cumulative utilisation of 'Preoperative Immunologic Endoscopic Procedure' before this line is only known to lie in [225, 276], which straddles a discount threshold ; every line matched a contracted service on whole words and priced exactly against the contract"
INV-H1-000598,0,,1846199,1846199,0.70,medium,1,1,1846199,INV-H1-000598#0,"line H1-L00598-08: cumulative utilisation of 'Preoperative Immunologic Endoscopic Procedure' before this line is only known to lie in [227, 278], which straddles a discount threshold ; the weakest service match on this invoice scores 0.85, so it rests on expanded abbreviations rather than whole words"
INV-H1-000599,0,,1920921,1920921,0.70,medium,1,1,1920921,INV-H1-000599#0,"the weakest service match on this invoice scores 0.80, so it rests on expanded abbreviations rather than whole words"
INV-H1-000600,0,,1088500,1088500,0.92,high,1,1,1088500,INV-H1-000600#0,every line matched a contracted service on whole words and priced exactly against the contract
INV-H1-000602,0,,3950832,3950832,0.70,medium,1,1,3950832,INV-H1-000602#0,"the weakest service match on this invoice scores 0.84, so it rests on expanded abbreviations rather than whole words"
INV-H1-000603,0,,2135713,2135713,0.70,medium,1,1,2135713,INV-H1-000603#0,"line H1-L00603-09: description 'Procedure Immun Endosc' is consistent with 2 contracted services (Ambulatory Immunologic Endoscopic Procedure, Preoperative Immunologic Endoscopic Procedure); identity not resolved ; a description on this invoice is consistent with more than one contracted service ; a service was identified by its billed unit basis after the text left a tie ; the weakest service match on this invoice scores 0.85, so it rests on expanded abbreviations rather than whole words"
INV-H1-000604,0,,3441942,3441942,0.70,medium,1,1,3441942,INV-H1-000604#0,"line H1-L00604-10: cumulative utilisation of 'Preoperative Immunologic Endoscopic Procedure' before this line is only known to lie in [228, 280], which straddles a discount threshold ; the weakest service match on this invoice scores 0.86, so it rests on expanded abbreviations rather than whole words"
INV-H1-000605,0,,3888554,3888554,0.70,medium,1,1,3888554,INV-H1-000605#0,"the weakest service match on this invoice scores 0.83, so it rests on expanded abbreviations rather than whole words"
INV-H1-000606,0,,1176485,1176485,0.70,medium,1,1,1176485,INV-H1-000606#0,"line H1-L00606-07: cumulative utilisation of 'Preoperative Immunologic Endoscopic Procedure' before this line is only known to lie in [229, 281], which straddles a discount threshold ; the weakest service match on this invoice scores 0.85, so it rests on expanded abbreviations rather than whole words"
INV-H1-000607,0,,5830363,5830363,0.70,medium,1,1,5830363,INV-H1-000607#0,"the weakest service match on this invoice scores 0.83, so it rests on expanded abbreviations rather than whole words"
INV-H1-000608,0,,3565158,3565158,0.70,medium,1,1,3565158,INV-H1-000608#0,"line H1-L00608-16: cumulative utilisation of 'Preoperative Immunologic Endoscopic Procedure' before this line is only known to lie in [231, 283], which straddles a discount threshold ; a service was identified by its billed unit basis after the text left a tie"
INV-H1-000609,0,,1484300,1484300,0.92,high,1,1,1484300,INV-H1-000609#0,every line matched a contracted service on whole words and priced exactly against the contract
INV-H1-000610,0,,2375985,2375985,0.70,medium,1,1,2375985,INV-H1-000610#0,"line H1-L00610-04: cumulative utilisation of 'Preoperative Immunologic Endoscopic Procedure' before this line is only known to lie in [233, 285], which straddles a discount threshold ; the weakest service match on this invoice scores 0.84, so it rests on expanded abbreviations rather than whole words"
INV-H1-000611,0,,3590888,3590888,0.70,medium,1,1,3590888,INV-H1-000611#0,"line H1-L00611-01: cumulative utilisation of 'Preoperative Immunologic Endoscopic Procedure' before this line is only known to lie in [234, 286], which straddles a discount threshold ; the weakest service match on this invoice scores 0.85, so it rests on expanded abbreviations rather than whole words"
INV-H1-000612,0,,3505097,3505097,0.70,medium,1,1,3505097,INV-H1-000612#0,"the weakest service match on this invoice scores 0.79, so it rests on expanded abbreviations rather than whole words"
INV-H1-000613,0,,1626034,1626034,0.70,medium,1,1,1626034,INV-H1-000613#0,"line H1-L00613-04: cumulative utilisation of 'Preoperative Immunologic Endoscopic Procedure' before this line is only known to lie in [236, 288], which straddles a discount threshold ; the weakest service match on this invoice scores 0.85, so it rests on expanded abbreviations rather than whole words"
INV-H1-000614,0,,1460940,1460940,0.70,medium,1,1,1460940,INV-H1-000614#0,"a service was identified by its billed unit basis after the text left a tie ; the weakest service match on this invoice scores 0.83, so it rests on expanded abbreviations rather than whole words"
INV-H1-000615,0,,2801128,2801128,0.70,medium,1,1,2801128,INV-H1-000615#0,"line H1-L00615-17: cumulative utilisation of 'Preoperative Immunologic Endoscopic Procedure' before this line is only known to lie in [235, 287], which straddles a discount threshold ; the weakest service match on this invoice scores 0.77, so it rests on expanded abbreviations rather than whole words"
INV-H1-000616,0,,5748500,5748500,0.70,medium,1,1,5748500,INV-H1-000616#0,"a service was identified by its billed unit basis after the text left a tie ; the weakest service match on this invoice scores 0.85, so it rests on expanded abbreviations rather than whole words"
INV-H1-000617,0,,2600735,2600735,0.70,medium,1,1,2600735,INV-H1-000617#0,"the weakest service match on this invoice scores 0.84, so it rests on expanded abbreviations rather than whole words"
INV-H1-000618,0,,1400204,1400204,0.70,medium,1,1,1400204,INV-H1-000618#0,"the weakest service match on this invoice scores 0.84, so it rests on expanded abbreviations rather than whole words"
INV-H1-000619,1,premium_omitted,4668583,4648783,0.70,medium,1,1,4668583,INV-H1-000619#0,"a service was identified by its billed unit basis after the text left a tie ; the weakest service match on this invoice scores 0.83, so it rests on expanded abbreviations rather than whole words ; a finding depends on hospital-wide state (daily aggregates, cumulative utilisation or billing history)"
INV-H1-000620,0,,7140902,7140902,0.70,medium,1,1,7140902,INV-H1-000620#0,"the weakest service match on this invoice scores 0.84, so it rests on expanded abbreviations rather than whole words"
INV-H1-000621,0,,2708396,2708396,0.70,medium,1,1,2708396,INV-H1-000621#0,"the weakest service match on this invoice scores 0.85, so it rests on expanded abbreviations rather than whole words"
INV-H1-000622,0,,1015412,1015412,0.70,medium,1,1,1015412,INV-H1-000622#0,"the weakest service match on this invoice scores 0.88, so it rests on expanded abbreviations rather than whole words"
INV-H1-000623,0,,663475,663475,0.70,medium,1,1,663475,INV-H1-000623#0,"the weakest service match on this invoice scores 0.84, so it rests on expanded abbreviations rather than whole words"
INV-H1-000624,0,,1860624,1860624,0.70,medium,1,1,1860624,INV-H1-000624#0,"the weakest service match on this invoice scores 0.84, so it rests on expanded abbreviations rather than whole words"
INV-H1-000625,0,,4725499,4725499,0.70,medium,1,1,4725499,INV-H1-000625#0,"the weakest service match on this invoice scores 0.85, so it rests on expanded abbreviations rather than whole words"
INV-H1-000626,0,,4994700,4994700,0.70,medium,1,1,4994700,INV-H1-000626#0,"a service was identified by its billed unit basis after the text left a tie ; the weakest service match on this invoice scores 0.82, so it rests on expanded abbreviations rather than whole words"
INV-H1-000627,0,,2863080,2863080,0.70,medium,1,1,2863080,INV-H1-000627#0,"line H1-L00627-06: cumulative utilisation of 'Preoperative Immunologic Endoscopic Procedure' before this line is only known to lie in [238, 290], which straddles a discount threshold ; line H1-L00627-07: cumulative utilisation of 'Preoperative Immunologic Endoscopic Procedure' before this line is only known to lie in [240, 292], which straddles a discount threshold ; the weakest service match on this invoice scores 0.84, so it rests on expanded abbreviations rather than whole words"
INV-H1-000628,0,,4203380,4203380,0.70,medium,1,1,4203380,INV-H1-000628#0,"the weakest service match on this invoice scores 0.85, so it rests on expanded abbreviations rather than whole words"
INV-H1-000629,1,contract_number_mismatch,3852708,3852708,0.92,high,1,1,3852708,INV-H1-000629#0,"every finding follows from the invoice's own fields, independently of service matching or pricing"
INV-H1-000630,0,,2093686,2093686,0.70,medium,1,1,2093686,INV-H1-000630#0,"the weakest service match on this invoice scores 0.85, so it rests on expanded abbreviations rather than whole words"
INV-H1-000631,0,,1118472,1118472,0.70,medium,1,1,1118472,INV-H1-000631#0,a service was identified by its billed unit basis after the text left a tie
INV-H1-000632,0,,2340620,2340620,0.70,medium,1,1,2340620,INV-H1-000632#0,"the weakest service match on this invoice scores 0.83, so it rests on expanded abbreviations rather than whole words"
INV-H1-000633,0,,2240596,2240596,0.70,medium,1,1,2240596,INV-H1-000633#0,"a service was identified by its billed unit basis after the text left a tie ; the weakest service match on this invoice scores 0.82, so it rests on expanded abbreviations rather than whole words"
INV-H1-000634,0,,2457120,2457120,0.70,medium,1,1,2457120,INV-H1-000634#0,"line H1-L00634-03: description 'Procedure Immun Endosc' is consistent with 2 contracted services (Ambulatory Immunologic Endoscopic Procedure, Preoperative Immunologic Endoscopic Procedure); identity not resolved ; a description on this invoice is consistent with more than one contracted service ; a service was identified by its billed unit basis after the text left a tie ; the weakest service match on this invoice scores 0.83, so it rests on expanded abbreviations rather than whole words"
INV-H1-000635,1,wrong_unit_basis|unit_price_mismatch,1820675,1782497,0.92,high,1,1,1820675,INV-H1-000635#0,every line matched a contracted service on whole words and priced exactly against the contract
INV-H1-000636,0,,2374500,2374500,0.92,high,1,1,2374500,INV-H1-000636#0,every line matched a contracted service on whole words and priced exactly against the contract
INV-H1-000637,0,,3005350,3005350,0.70,medium,1,1,3005350,INV-H1-000637#0,"line H1-L00637-14: description 'Visit Amb Hm' is consistent with 2 contracted services (Ambulatory Cardiac Home Visit, Ambulatory Infectious Home Visit); identity not resolved ; a description on this invoice is consistent with more than one contracted service ; a service was identified by its billed unit basis after the text left a tie ; the weakest service match on this invoice scores 0.82, so it rests on expanded abbreviations rather than whole words"
INV-H1-000638,0,,1080593,1080593,0.70,medium,1,1,1080593,INV-H1-000638#0,"the weakest service match on this invoice scores 0.83, so it rests on expanded abbreviations rather than whole words"
INV-H1-000639,0,,1582634,1582634,0.70,medium,1,1,1582634,INV-H1-000639#0,"a service was identified by its billed unit basis after the text left a tie ; the weakest service match on this invoice scores 0.84, so it rests on expanded abbreviations rather than whole words"
INV-H1-000640,0,,3547303,3547303,0.70,medium,1,1,3547303,INV-H1-000640#0,"the weakest service match on this invoice scores 0.83, so it rests on expanded abbreviations rather than whole words"
INV-H1-000641,0,,3930631,3930631,0.70,medium,1,1,3930631,INV-H1-000641#0,"line H1-L00641-13: description 'Visit Amb Hm' is consistent with 2 contracted services (Ambulatory Cardiac Home Visit, Ambulatory Infectious Home Visit); identity not resolved ; a description on this invoice is consistent with more than one contracted service ; a service was identified by its billed unit basis after the text left a tie ; the weakest service match on this invoice scores 0.82, so it rests on expanded abbreviations rather than whole words"
INV-H1-000642,0,,4331980,4331980,0.70,medium,1,1,4331980,INV-H1-000642#0,"the weakest service match on this invoice scores 0.85, so it rests on expanded abbreviations rather than whole words"
INV-H1-000643,0,,4148836,4148836,0.70,medium,1,1,4148836,INV-H1-000643#0,"the weakest service match on this invoice scores 0.82, so it rests on expanded abbreviations rather than whole words"
INV-H1-000644,0,,2695347,2695347,0.70,medium,1,1,2695347,INV-H1-000644#0,"the weakest service match on this invoice scores 0.83, so it rests on expanded abbreviations rather than whole words"
INV-H1-000645,0,,1936535,1936535,0.70,medium,1,1,1936535,INV-H1-000645#0,"the weakest service match on this invoice scores 0.85, so it rests on expanded abbreviations rather than whole words"
INV-H1-000646,1,premium_incorrectly_applied|unit_price_mismatch|exclusion_window_violation,2974340,2952045,0.70,medium,1,1,2974340,INV-H1-000646#0,"a finding depends on hospital-wide state (daily aggregates, cumulative utilisation or billing history)"
INV-H1-000647,0,,2769575,2769575,0.70,medium,1,1,2769575,INV-H1-000647#0,"the weakest service match on this invoice scores 0.82, so it rests on expanded abbreviations rather than whole words"
INV-H1-000648,0,,2171482,2171482,0.92,high,1,1,2171482,INV-H1-000648#0,every line matched a contracted service on whole words and priced exactly against the contract
INV-H1-000649,0,,2071024,2071024,0.70,medium,1,1,2071024,INV-H1-000649#0,"the weakest service match on this invoice scores 0.83, so it rests on expanded abbreviations rather than whole words"
INV-H1-000650,1,malformed_service_date,1706534,1706534,0.40,low,1,0,1706534,INV-H1-000650#0,a malformed service date removes a line from the cumulative sequence
INV-H1-000651,0,,2851295,2851295,0.70,medium,1,1,2851295,INV-H1-000651#0,"the weakest service match on this invoice scores 0.87, so it rests on expanded abbreviations rather than whole words"
INV-H1-000652,0,,1919263,1919263,0.70,medium,1,1,1919263,INV-H1-000652#0,"the weakest service match on this invoice scores 0.84, so it rests on expanded abbreviations rather than whole words"
INV-H1-000653,0,,3441128,3441128,0.92,high,1,1,3441128,INV-H1-000653#0,every line matched a contracted service on whole words and priced exactly against the contract
INV-H1-000654,0,,4721388,4721388,0.70,medium,1,1,4721388,INV-H1-000654#0,"a service was identified by its billed unit basis after the text left a tie ; the weakest service match on this invoice scores 0.83, so it rests on expanded abbreviations rather than whole words"
INV-H1-000655,0,,5073640,5073640,0.70,medium,1,1,5073640,INV-H1-000655#0,"a service was identified by its billed unit basis after the text left a tie ; the weakest service match on this invoice scores 0.82, so it rests on expanded abbreviations rather than whole words"
INV-H1-000656,0,,3242574,3242574,0.70,medium,1,1,3242574,INV-H1-000656#0,"the weakest service match on this invoice scores 0.84, so it rests on expanded abbreviations rather than whole words"
INV-H1-000657,1,wrong_unit_basis,4217639,4217639,0.70,medium,1,1,4217639,INV-H1-000657#0,"line H1-L00657-02: description 'Procedure Immun Endosc' is consistent with 2 contracted services (Ambulatory Immunologic Endoscopic Procedure, Preoperative Immunologic Endoscopic Procedure); identity not resolved ; a description on this invoice is consistent with more than one contracted service ; the weakest service match on this invoice scores 0.85, so it rests on expanded abbreviations rather than whole words"
INV-H1-000658,0,,1292375,1292375,0.70,medium,1,1,1292375,INV-H1-000658#0,"a service was identified by its billed unit basis after the text left a tie ; the weakest service match on this invoice scores 0.82, so it rests on expanded abbreviations rather than whole words"
INV-H1-000659,1,service_date_out_of_window|bundle_not_applied,3593985,3686985,0.70,medium,1,1,3593985,INV-H1-000659#0,"the weakest service match on this invoice scores 0.85, so it rests on expanded abbreviations rather than whole words ; a finding depends on hospital-wide state (daily aggregates, cumulative utilisation or billing history)"
INV-H1-000660,0,,735150,735150,0.70,medium,1,1,735150,INV-H1-000660#0,"a service was identified by its billed unit basis after the text left a tie ; the weakest service match on this invoice scores 0.85, so it rests on expanded abbreviations rather than whole words"
INV-H1-000661,0,,4771130,4771130,0.70,medium,1,1,4771130,INV-H1-000661#0,"a service was identified by its billed unit basis after the text left a tie ; the weakest service match on this invoice scores 0.80, so it rests on expanded abbreviations rather than whole words"
INV-H1-000662,0,,3776025,3776025,0.70,medium,1,1,3776025,INV-H1-000662#0,"the weakest service match on this invoice scores 0.85, so it rests on expanded abbreviations rather than whole words"
INV-H1-000663,0,,1212782,1212782,0.92,high,1,1,1212782,INV-H1-000663#0,every line matched a contracted service on whole words and priced exactly against the contract
INV-H1-000664,0,,1051575,1051575,0.70,medium,1,1,1051575,INV-H1-000664#0,"the weakest service match on this invoice scores 0.85, so it rests on expanded abbreviations rather than whole words"
INV-H1-000665,0,,3905115,3905115,0.70,medium,1,1,3905115,INV-H1-000665#0,"the weakest service match on this invoice scores 0.84, so it rests on expanded abbreviations rather than whole words"
INV-H1-000666,0,,3597600,3597600,0.70,medium,1,1,3597600,INV-H1-000666#0,"the weakest service match on this invoice scores 0.85, so it rests on expanded abbreviations rather than whole words"
INV-H1-000667,1,unknown_service,2053255,2053255,0.40,low,1,0,2053255,INV-H1-000667#0,"line H1-L00667-07: description matches no contracted service, so its correct price is unknown ; an invoice line names no contracted service"
INV-H1-000668,0,,3732703,3732703,0.70,medium,1,1,3732703,INV-H1-000668#0,"line H1-L00668-05: description 'Procedure Immun Endosc' is consistent with 2 contracted services (Ambulatory Immunologic Endoscopic Procedure, Preoperative Immunologic Endoscopic Procedure); identity not resolved ; a description on this invoice is consistent with more than one contracted service ; the weakest service match on this invoice scores 0.85, so it rests on expanded abbreviations rather than whole words"
INV-H1-000669,0,,4004804,4004804,0.70,medium,1,1,4004804,INV-H1-000669#0,"a service was identified by its billed unit basis after the text left a tie ; the weakest service match on this invoice scores 0.82, so it rests on expanded abbreviations rather than whole words"
INV-H1-000670,0,,4556525,4556525,0.70,medium,1,1,4556525,INV-H1-000670#0,"a service was identified by its billed unit basis after the text left a tie ; the weakest service match on this invoice scores 0.80, so it rests on expanded abbreviations rather than whole words"
INV-H1-000671,0,,3243888,3243888,0.70,medium,1,1,3243888,INV-H1-000671#0,"the weakest service match on this invoice scores 0.83, so it rests on expanded abbreviations rather than whole words"
INV-H1-000672,0,,2842325,2842325,0.70,medium,1,1,2842325,INV-H1-000672#0,"the weakest service match on this invoice scores 0.85, so it rests on expanded abbreviations rather than whole words"
INV-H1-000673,0,,2680725,2680725,0.70,medium,1,1,2680725,INV-H1-000673#0,"the weakest service match on this invoice scores 0.84, so it rests on expanded abbreviations rather than whole words"
INV-H1-000674,1,service_date_after_invoice_date,2416832,2416832,0.92,high,1,1,2416832,INV-H1-000674#0,"every finding follows from the invoice's own fields, independently of service matching or pricing"
INV-H1-000675,1,unit_price_mismatch|cross_invoice_duplicate,1302105,1380400,0.70,medium,1,1,1302105,INV-H1-000675#0,"the weakest service match on this invoice scores 0.85, so it rests on expanded abbreviations rather than whole words ; a finding depends on hospital-wide state (daily aggregates, cumulative utilisation or billing history)"
INV-H1-000676,0,,4806734,4806734,0.70,medium,1,1,4806734,INV-H1-000676#0,"the weakest service match on this invoice scores 0.85, so it rests on expanded abbreviations rather than whole words"
INV-H1-000677,1,unit_price_mismatch|wrong_unit_basis|cross_invoice_duplicate,4656053,5360228,0.70,medium,1,1,4656053,INV-H1-000677#0,"the weakest service match on this invoice scores 0.79, so it rests on expanded abbreviations rather than whole words ; a finding depends on hospital-wide state (daily aggregates, cumulative utilisation or billing history)"
INV-H1-000678,0,,2165049,2165049,0.70,medium,1,1,2165049,INV-H1-000678#0,"line H1-L00678-05: description 'Continuous Wnd Care' is consistent with 2 contracted services (Continuous Musculoskeletal Wound Care, Continuous Pulmonary Wound Care); identity not resolved ; a description on this invoice is consistent with more than one contracted service ; a service was identified by its billed unit basis after the text left a tie ; the weakest service match on this invoice scores 0.84, so it rests on expanded abbreviations rather than whole words"
INV-H1-000679,0,,2367163,2367163,0.70,medium,1,1,2367163,INV-H1-000679#0,"the weakest service match on this invoice scores 0.85, so it rests on expanded abbreviations rather than whole words"
INV-H1-000680,0,,2942216,2942216,0.70,medium,1,1,2942216,INV-H1-000680#0,"a service was identified by its billed unit basis after the text left a tie ; the weakest service match on this invoice scores 0.79, so it rests on expanded abbreviations rather than whole words"
INV-H1-000681,0,,2649415,2649415,0.70,medium,1,1,2649415,INV-H1-000681#0,"the weakest service match on this invoice scores 0.83, so it rests on expanded abbreviations rather than whole words"
INV-H1-000682,0,,1825648,1825648,0.70,medium,1,1,1825648,INV-H1-000682#0,"the weakest service match on this invoice scores 0.84, so it rests on expanded abbreviations rather than whole words"
INV-H1-000683,0,,1895344,1895344,0.70,medium,1,1,1895344,INV-H1-000683#0,"line H1-L00683-08: description 'Visit Amb Hm' is consistent with 2 contracted services (Ambulatory Cardiac Home Visit, Ambulatory Infectious Home Visit); identity not resolved ; a description on this invoice is consistent with more than one contracted service ; the weakest service match on this invoice scores 0.83, so it rests on expanded abbreviations rather than whole words"
INV-H1-000684,0,,3797998,3797998,0.70,medium,1,1,3797998,INV-H1-000684#0,"a service was identified by its billed unit basis after the text left a tie ; the weakest service match on this invoice scores 0.82, so it rests on expanded abbreviations rather than whole words"
INV-H1-000685,0,,1934580,1934580,0.70,medium,1,1,1934580,INV-H1-000685#0,"the weakest service match on this invoice scores 0.84, so it rests on expanded abbreviations rather than whole words"
INV-H1-000686,0,,2965003,2965003,0.92,high,1,1,2965003,INV-H1-000686#0,every line matched a contracted service on whole words and priced exactly against the contract
INV-H1-000687,0,,2005410,2005410,0.70,medium,1,1,2005410,INV-H1-000687#0,"a service was identified by its billed unit basis after the text left a tie ; the weakest service match on this invoice scores 0.83, so it rests on expanded abbreviations rather than whole words"
INV-H1-000688,0,,2320550,2320550,0.92,high,1,1,2320550,INV-H1-000688#0,every line matched a contracted service on whole words and priced exactly against the contract
INV-H1-000689,0,,1039568,1039568,0.70,medium,1,1,1039568,INV-H1-000689#0,"the weakest service match on this invoice scores 0.85, so it rests on expanded abbreviations rather than whole words"
INV-H1-000690,0,,2820307,2820307,0.70,medium,1,1,2820307,INV-H1-000690#0,"the weakest service match on this invoice scores 0.83, so it rests on expanded abbreviations rather than whole words"
INV-H1-000691,0,,3328275,3328275,0.92,high,1,1,3328275,INV-H1-000691#0,every line matched a contracted service on whole words and priced exactly against the contract
INV-H1-000692,0,,3912118,3912118,0.70,medium,1,1,3912118,INV-H1-000692#0,"a service was identified by its billed unit basis after the text left a tie ; the weakest service match on this invoice scores 0.82, so it rests on expanded abbreviations rather than whole words"
INV-H1-000693,0,,3469593,3469593,0.70,medium,1,1,3469593,INV-H1-000693#0,"the weakest service match on this invoice scores 0.82, so it rests on expanded abbreviations rather than whole words"
INV-H1-000694,0,,838345,838345,0.70,medium,1,1,838345,INV-H1-000694#0,"line H1-L00694-05: description 'Visit Amb Hm' is consistent with 2 contracted services (Ambulatory Cardiac Home Visit, Ambulatory Infectious Home Visit); identity not resolved ; a description on this invoice is consistent with more than one contracted service"
INV-H1-000695,0,,1738208,1738208,0.92,high,1,1,1738208,INV-H1-000695#0,every line matched a contracted service on whole words and priced exactly against the contract
INV-H1-000696,0,,2209233,2209233,0.70,medium,1,1,2209233,INV-H1-000696#0,"the weakest service match on this invoice scores 0.79, so it rests on expanded abbreviations rather than whole words"
INV-H1-000697,0,,4420451,4420451,0.92,high,1,1,4420451,INV-H1-000697#0,every line matched a contracted service on whole words and priced exactly against the contract
INV-H1-000698,0,,3421145,3421145,0.70,medium,1,1,3421145,INV-H1-000698#0,"the weakest service match on this invoice scores 0.88, so it rests on expanded abbreviations rather than whole words"
INV-H1-000699,0,,3027125,3027125,0.92,high,1,1,3027125,INV-H1-000699#0,every line matched a contracted service on whole words and priced exactly against the contract
INV-H1-000700,0,,1084251,1084251,0.70,medium,1,1,1084251,INV-H1-000700#0,"line H1-L00700-04: description 'Visit Amb Hm' is consistent with 2 contracted services (Ambulatory Cardiac Home Visit, Ambulatory Infectious Home Visit); identity not resolved ; a description on this invoice is consistent with more than one contracted service ; the weakest service match on this invoice scores 0.84, so it rests on expanded abbreviations rather than whole words"
INV-H1-000701,0,,729214,729214,0.70,medium,1,1,729214,INV-H1-000701#0,"line H1-L00701-02: description 'Procedure Immun Endosc' is consistent with 2 contracted services (Ambulatory Immunologic Endoscopic Procedure, Preoperative Immunologic Endoscopic Procedure); identity not resolved ; a description on this invoice is consistent with more than one contracted service ; the weakest service match on this invoice scores 0.84, so it rests on expanded abbreviations rather than whole words"
INV-H1-000702,0,,4360605,4360605,0.70,medium,1,1,4360605,INV-H1-000702#0,"the weakest service match on this invoice scores 0.85, so it rests on expanded abbreviations rather than whole words"
INV-H1-000703,1,line_total_arithmetic|wrong_unit_basis,1084453,1076953,0.92,high,1,1,1084453,INV-H1-000703#0,every line matched a contracted service on whole words and priced exactly against the contract
INV-H1-000704,0,,3733390,3733390,0.70,medium,1,1,3733390,INV-H1-000704#0,"the weakest service match on this invoice scores 0.83, so it rests on expanded abbreviations rather than whole words"
INV-H1-000705,0,,904483,904483,0.70,medium,1,1,904483,INV-H1-000705#0,"the weakest service match on this invoice scores 0.83, so it rests on expanded abbreviations rather than whole words"
INV-H1-000706,0,,1987700,1987700,0.92,high,1,1,1987700,INV-H1-000706#0,every line matched a contracted service on whole words and priced exactly against the contract
INV-H1-000707,0,,1936925,1936925,0.70,medium,1,1,1936925,INV-H1-000707#0,"the weakest service match on this invoice scores 0.90, so it rests on expanded abbreviations rather than whole words"
INV-H1-000708,0,,2353606,2353606,0.70,medium,1,1,2353606,INV-H1-000708#0,"the weakest service match on this invoice scores 0.80, so it rests on expanded abbreviations rather than whole words"
INV-H1-000709,0,,3532926,3532926,0.70,medium,1,1,3532926,INV-H1-000709#0,"a service was identified by its billed unit basis after the text left a tie ; the weakest service match on this invoice scores 0.79, so it rests on expanded abbreviations rather than whole words"
INV-H1-000710,0,,3650814,3650814,0.70,medium,1,1,3650814,INV-H1-000710#0,"the weakest service match on this invoice scores 0.77, so it rests on expanded abbreviations rather than whole words"
INV-H1-000711,0,,2413074,2413074,0.70,medium,1,1,2413074,INV-H1-000711#0,"the weakest service match on this invoice scores 0.77, so it rests on expanded abbreviations rather than whole words"
INV-H1-000712,0,,3858120,3858120,0.70,medium,1,1,3858120,INV-H1-000712#0,"a service was identified by its billed unit basis after the text left a tie ; the weakest service match on this invoice scores 0.82, so it rests on expanded abbreviations rather than whole words"
INV-H1-000713,0,,2411518,2411518,0.92,high,1,1,2411518,INV-H1-000713#0,every line matched a contracted service on whole words and priced exactly against the contract
INV-H1-000714,0,,1644350,1644350,0.70,medium,1,1,1644350,INV-H1-000714#0,"line H1-L00714-05: description 'Cr Cont Wnd' is consistent with 2 contracted services (Continuous Musculoskeletal Wound Care, Continuous Pulmonary Wound Care); identity not resolved ; a description on this invoice is consistent with more than one contracted service"
INV-H1-000715,0,,970020,970020,0.70,medium,1,1,970020,INV-H1-000715#0,"the weakest service match on this invoice scores 0.84, so it rests on expanded abbreviations rather than whole words"
INV-H1-000716,0,,1749386,1749386,0.70,medium,1,1,1749386,INV-H1-000716#0,"the weakest service match on this invoice scores 0.84, so it rests on expanded abbreviations rather than whole words"
INV-H1-000717,1,wrong_unit_basis,2651162,2651162,0.70,medium,1,1,2651162,INV-H1-000717#0,"the weakest service match on this invoice scores 0.87, so it rests on expanded abbreviations rather than whole words"
INV-H1-000718,0,,783025,783025,0.92,high,1,1,783025,INV-H1-000718#0,every line matched a contracted service on whole words and priced exactly against the contract
INV-H1-000719,0,,845310,845310,0.92,high,1,1,845310,INV-H1-000719#0,every line matched a contracted service on whole words and priced exactly against the contract
INV-H1-000720,0,,3139824,3139824,0.70,medium,1,1,3139824,INV-H1-000720#0,"the weakest service match on this invoice scores 0.85, so it rests on expanded abbreviations rather than whole words"
INV-H1-000721,0,,1292690,1292690,0.70,medium,1,1,1292690,INV-H1-000721#0,"the weakest service match on this invoice scores 0.84, so it rests on expanded abbreviations rather than whole words"
INV-H1-000722,0,,1594886,1594886,0.70,medium,1,1,1594886,INV-H1-000722#0,"the weakest service match on this invoice scores 0.85, so it rests on expanded abbreviations rather than whole words"
INV-H1-000723,0,,1427400,1427400,0.70,medium,1,1,1427400,INV-H1-000723#0,"the weakest service match on this invoice scores 0.84, so it rests on expanded abbreviations rather than whole words"
INV-H1-000724,0,,2600041,2600041,0.92,high,1,1,2600041,INV-H1-000724#0,every line matched a contracted service on whole words and priced exactly against the contract
INV-H1-000725,1,daily_cap_exceeded,,1925550,0.40,low,0,0,1812750,INV-H1-000725#0,"line H1-L00725-10: 11 units billed against a cap of 8, so the quantity on the invoice is not the quantity delivered and the corrected total cannot be recovered from the invoice; the capped price is an upper bound only ; the corrected total could not be reconstructed"
INV-H1-000726,0,,5002126,5002126,0.70,medium,1,1,5002126,INV-H1-000726#0,"line H1-L00726-17: description 'Procedure Immun Endosc' is consistent with 2 contracted services (Ambulatory Immunologic Endoscopic Procedure, Preoperative Immunologic Endoscopic Procedure); identity not resolved ; a description on this invoice is consistent with more than one contracted service ; the weakest service match on this invoice scores 0.85, so it rests on expanded abbreviations rather than whole words"
INV-H1-000727,0,,2700630,2700630,0.70,medium,1,1,2700630,INV-H1-000727#0,"line H1-L00727-16: description 'Visit Amb Hm' is consistent with 2 contracted services (Ambulatory Cardiac Home Visit, Ambulatory Infectious Home Visit); identity not resolved ; a description on this invoice is consistent with more than one contracted service ; the weakest service match on this invoice scores 0.85, so it rests on expanded abbreviations rather than whole words"
INV-H1-000728,0,,3622993,3622993,0.70,medium,1,1,3622993,INV-H1-000728#0,"line H1-L00728-11: description 'Procedure Immun Endosc' is consistent with 2 contracted services (Ambulatory Immunologic Endoscopic Procedure, Preoperative Immunologic Endoscopic Procedure); identity not resolved ; a description on this invoice is consistent with more than one contracted service ; the weakest service match on this invoice scores 0.84, so it rests on expanded abbreviations rather than whole words"
INV-H1-000729,0,,3644405,3644405,0.70,medium,1,1,3644405,INV-H1-000729#0,"the weakest service match on this invoice scores 0.85, so it rests on expanded abbreviations rather than whole words"
INV-H1-000730,0,,1178920,1178920,0.70,medium,1,1,1178920,INV-H1-000730#0,"the weakest service match on this invoice scores 0.84, so it rests on expanded abbreviations rather than whole words"
INV-H1-000731,0,,1744546,1744546,0.70,medium,1,1,1744546,INV-H1-000731#0,"the weakest service match on this invoice scores 0.83, so it rests on expanded abbreviations rather than whole words"
INV-H1-000732,0,,4161065,4161065,0.70,medium,1,1,4161065,INV-H1-000732#0,"line H1-L00732-08: description 'Visit Amb Hm' is consistent with 2 contracted services (Ambulatory Cardiac Home Visit, Ambulatory Infectious Home Visit); identity not resolved ; a description on this invoice is consistent with more than one contracted service ; the weakest service match on this invoice scores 0.84, so it rests on expanded abbreviations rather than whole words"
INV-H1-000733,0,,4090367,4090367,0.70,medium,1,1,4090367,INV-H1-000733#0,"the weakest service match on this invoice scores 0.83, so it rests on expanded abbreviations rather than whole words"
INV-H1-000734,0,,2489815,2489815,0.70,medium,1,1,2489815,INV-H1-000734#0,"the weakest service match on this invoice scores 0.83, so it rests on expanded abbreviations rather than whole words"
INV-H1-000735,0,,1067857,1067857,0.92,high,1,1,1067857,INV-H1-000735#0,every line matched a contracted service on whole words and priced exactly against the contract
INV-H1-000736,0,,2087322,2087322,0.70,medium,1,1,2087322,INV-H1-000736#0,"a service was identified by its billed unit basis after the text left a tie ; the weakest service match on this invoice scores 0.85, so it rests on expanded abbreviations rather than whole words"
INV-H1-000737,0,,2828108,2828108,0.70,medium,1,1,2828108,INV-H1-000737#0,"the weakest service match on this invoice scores 0.84, so it rests on expanded abbreviations rather than whole words"
INV-H1-000738,0,,1219150,1219150,0.70,medium,1,1,1219150,INV-H1-000738#0,"the weakest service match on this invoice scores 0.83, so it rests on expanded abbreviations rather than whole words"
INV-H1-000739,0,,3794864,3794864,0.70,medium,1,1,3794864,INV-H1-000739#0,"a service was identified by its billed unit basis after the text left a tie ; the weakest service match on this invoice scores 0.83, so it rests on expanded abbreviations rather than whole words"
INV-H1-000740,0,,3197252,3197252,0.70,medium,1,1,3197252,INV-H1-000740#0,"the weakest service match on this invoice scores 0.81, so it rests on expanded abbreviations rather than whole words"
INV-H1-000741,0,,1896825,1896825,0.70,medium,1,1,1896825,INV-H1-000741#0,"the weakest service match on this invoice scores 0.88, so it rests on expanded abbreviations rather than whole words"
INV-H1-000742,0,,1375129,1375129,0.70,medium,1,1,1375129,INV-H1-000742#0,"the weakest service match on this invoice scores 0.85, so it rests on expanded abbreviations rather than whole words"
INV-H1-000743,0,,1134176,1134176,0.70,medium,1,1,1134176,INV-H1-000743#0,"the weakest service match on this invoice scores 0.85, so it rests on expanded abbreviations rather than whole words"
INV-H1-000744,0,,3569096,3569096,0.70,medium,1,1,3569096,INV-H1-000744#0,a service was identified by its billed unit basis after the text left a tie
INV-H1-000745,0,,2158353,2158353,0.92,high,1,1,2158353,INV-H1-000745#0,every line matched a contracted service on whole words and priced exactly against the contract
INV-H1-000746,0,,2466869,2466869,0.70,medium,1,1,2466869,INV-H1-000746#0,"the weakest service match on this invoice scores 0.79, so it rests on expanded abbreviations rather than whole words"
INV-H1-000747,0,,5741085,5741085,0.70,medium,1,1,5741085,INV-H1-000747#0,"the weakest service match on this invoice scores 0.85, so it rests on expanded abbreviations rather than whole words"
INV-H1-000748,1,service_date_out_of_window|service_date_after_invoice_date,5359331,5359331,0.92,high,1,1,5359331,INV-H1-000748#0,"every finding follows from the invoice's own fields, independently of service matching or pricing"
INV-H1-000749,0,,3031243,3031243,0.70,medium,1,1,3031243,INV-H1-000749#0,"line H1-L00749-12: description 'Visit Amb Hm' is consistent with 2 contracted services (Ambulatory Cardiac Home Visit, Ambulatory Infectious Home Visit); identity not resolved ; a description on this invoice is consistent with more than one contracted service ; the weakest service match on this invoice scores 0.85, so it rests on expanded abbreviations rather than whole words"
INV-H1-000750,0,,2648724,2648724,0.70,medium,1,1,2648724,INV-H1-000750#0,"a service was identified by its billed unit basis after the text left a tie ; the weakest service match on this invoice scores 0.77, so it rests on expanded abbreviations rather than whole words"
INV-H1-000751,0,,4360656,4360656,0.70,medium,1,1,4360656,INV-H1-000751#0,"a service was identified by its billed unit basis after the text left a tie ; the weakest service match on this invoice scores 0.84, so it rests on expanded abbreviations rather than whole words"
INV-H1-000752,0,,1357904,1357904,0.92,high,1,1,1357904,INV-H1-000752#0,every line matched a contracted service on whole words and priced exactly against the contract
INV-H1-000753,0,,1630750,1630750,0.92,high,1,1,1630750,INV-H1-000753#0,every line matched a contracted service on whole words and priced exactly against the contract
INV-H1-000754,0,,2153329,2153329,0.70,medium,1,1,2153329,INV-H1-000754#0,"a service was identified by its billed unit basis after the text left a tie ; the weakest service match on this invoice scores 0.83, so it rests on expanded abbreviations rather than whole words"
INV-H1-000755,0,,833600,833600,0.70,medium,1,1,833600,INV-H1-000755#0,"the weakest service match on this invoice scores 0.85, so it rests on expanded abbreviations rather than whole words"
INV-H1-000756,0,,2783615,2783615,0.70,medium,1,1,2783615,INV-H1-000756#0,"the weakest service match on this invoice scores 0.85, so it rests on expanded abbreviations rather than whole words"
INV-H1-000757,0,,3577253,3577253,0.70,medium,1,1,3577253,INV-H1-000757#0,"the weakest service match on this invoice scores 0.79, so it rests on expanded abbreviations rather than whole words"
INV-H1-000758,0,,2229604,2229604,0.70,medium,1,1,2229604,INV-H1-000758#0,"the weakest service match on this invoice scores 0.85, so it rests on expanded abbreviations rather than whole words"
INV-H1-000759,0,,2822035,2822035,0.70,medium,1,1,2822035,INV-H1-000759#0,"the weakest service match on this invoice scores 0.85, so it rests on expanded abbreviations rather than whole words"
INV-H1-000760,0,,2064095,2064095,0.70,medium,1,1,2064095,INV-H1-000760#0,"a service was identified by its billed unit basis after the text left a tie ; the weakest service match on this invoice scores 0.82, so it rests on expanded abbreviations rather than whole words"
INV-H1-000761,0,,3353665,3353665,0.70,medium,1,1,3353665,INV-H1-000761#0,"line H1-L00761-17: description 'Procedure Immun Endosc' is consistent with 2 contracted services (Ambulatory Immunologic Endoscopic Procedure, Preoperative Immunologic Endoscopic Procedure); identity not resolved ; a description on this invoice is consistent with more than one contracted service ; the weakest service match on this invoice scores 0.83, so it rests on expanded abbreviations rather than whole words"
INV-H1-000762,0,,1748571,1748571,0.70,medium,1,1,1748571,INV-H1-000762#0,"line H1-L00762-05: description 'Procedure Immun Endosc' is consistent with 2 contracted services (Ambulatory Immunologic Endoscopic Procedure, Preoperative Immunologic Endoscopic Procedure); identity not resolved ; a description on this invoice is consistent with more than one contracted service"
INV-H1-000763,0,,5571890,5571890,0.70,medium,1,1,5571890,INV-H1-000763#0,"a service was identified by its billed unit basis after the text left a tie ; the weakest service match on this invoice scores 0.83, so it rests on expanded abbreviations rather than whole words"
INV-H1-000764,0,,3477914,3477914,0.70,medium,1,1,3477914,INV-H1-000764#0,"the weakest service match on this invoice scores 0.83, so it rests on expanded abbreviations rather than whole words"
INV-H1-000765,0,,3794865,3794865,0.70,medium,1,1,3794865,INV-H1-000765#0,"the weakest service match on this invoice scores 0.84, so it rests on expanded abbreviations rather than whole words"
INV-H1-000766,0,,1177997,1177997,0.70,medium,1,1,1177997,INV-H1-000766#0,"the weakest service match on this invoice scores 0.83, so it rests on expanded abbreviations rather than whole words"
INV-H1-000767,0,,4651455,4651455,0.70,medium,1,1,4651455,INV-H1-000767#0,"line H1-L00767-06: description 'Procedure Immun Endosc' is consistent with 2 contracted services (Ambulatory Immunologic Endoscopic Procedure, Preoperative Immunologic Endoscopic Procedure); identity not resolved ; a description on this invoice is consistent with more than one contracted service ; the weakest service match on this invoice scores 0.85, so it rests on expanded abbreviations rather than whole words"
INV-H1-000768,0,,2781754,2781754,0.70,medium,1,1,2781754,INV-H1-000768#0,"the weakest service match on this invoice scores 0.85, so it rests on expanded abbreviations rather than whole words"
INV-H1-000769,0,,1679020,1679020,0.92,high,1,1,1679020,INV-H1-000769#0,every line matched a contracted service on whole words and priced exactly against the contract
INV-H1-000770,0,,2038506,2038506,0.70,medium,1,1,2038506,INV-H1-000770#0,"line H1-L00770-02: description 'Visit Amb Hm' is consistent with 2 contracted services (Ambulatory Cardiac Home Visit, Ambulatory Infectious Home Visit); identity not resolved ; a description on this invoice is consistent with more than one contracted service ; the weakest service match on this invoice scores 0.83, so it rests on expanded abbreviations rather than whole words"
INV-H1-000771,0,,5299935,5299935,0.92,high,1,1,5299935,INV-H1-000771#0,every line matched a contracted service on whole words and priced exactly against the contract
INV-H1-000772,0,,3805854,3805854,0.70,medium,1,1,3805854,INV-H1-000772#0,"the weakest service match on this invoice scores 0.81, so it rests on expanded abbreviations rather than whole words"
INV-H1-000773,0,,2458809,2458809,0.70,medium,1,1,2458809,INV-H1-000773#0,"the weakest service match on this invoice scores 0.85, so it rests on expanded abbreviations rather than whole words"
INV-H1-000774,0,,1415218,1415218,0.92,high,1,1,1415218,INV-H1-000774#0,every line matched a contracted service on whole words and priced exactly against the contract
INV-H1-000775,0,,3401339,3401339,0.70,medium,1,1,3401339,INV-H1-000775#0,"the weakest service match on this invoice scores 0.83, so it rests on expanded abbreviations rather than whole words"
INV-H1-000776,0,,3071675,3071675,0.70,medium,1,1,3071675,INV-H1-000776#0,"a service was identified by its billed unit basis after the text left a tie ; the weakest service match on this invoice scores 0.82, so it rests on expanded abbreviations rather than whole words"
INV-H1-000777,0,,2429769,2429769,0.92,high,1,1,2429769,INV-H1-000777#0,every line matched a contracted service on whole words and priced exactly against the contract
INV-H1-000778,0,,2156416,2156416,0.70,medium,1,1,2156416,INV-H1-000778#0,"line H1-L00778-03: description 'Visit Amb Hm' is consistent with 2 contracted services (Ambulatory Cardiac Home Visit, Ambulatory Infectious Home Visit); identity not resolved ; a description on this invoice is consistent with more than one contracted service ; the weakest service match on this invoice scores 0.83, so it rests on expanded abbreviations rather than whole words"
INV-H1-000779,0,,628982,628982,0.70,medium,1,1,628982,INV-H1-000779#0,"line H1-L00779-01: description 'Visit Amb Hm' is consistent with 2 contracted services (Ambulatory Cardiac Home Visit, Ambulatory Infectious Home Visit); identity not resolved ; a description on this invoice is consistent with more than one contracted service ; the weakest service match on this invoice scores 0.85, so it rests on expanded abbreviations rather than whole words"
INV-H1-000780,0,,2770225,2770225,0.70,medium,1,1,2770225,INV-H1-000780#0,"the weakest service match on this invoice scores 0.83, so it rests on expanded abbreviations rather than whole words"
INV-H1-000781,0,,3681874,3681874,0.70,medium,1,1,3681874,INV-H1-000781#0,"line H1-L00781-05: description 'Visit Amb Hm' is consistent with 2 contracted services (Ambulatory Cardiac Home Visit, Ambulatory Infectious Home Visit); identity not resolved ; line H1-L00781-15: description 'Procedure Immun Endosc' is consistent with 2 contracted services (Ambulatory Immunologic Endoscopic Procedure, Preoperative Immunologic Endoscopic Procedure); identity not resolved ; a description on this invoice is consistent with more than one contracted service ; a service was identified by its billed unit basis after the text left a tie ; the weakest service match on this invoice scores 0.84, so it rests on expanded abbreviations rather than whole words"
INV-H1-000782,0,,2323407,2323407,0.70,medium,1,1,2323407,INV-H1-000782#0,"the weakest service match on this invoice scores 0.88, so it rests on expanded abbreviations rather than whole words"
INV-H1-000783,0,,642675,642675,0.70,medium,1,1,642675,INV-H1-000783#0,"the weakest service match on this invoice scores 0.83, so it rests on expanded abbreviations rather than whole words"
INV-H1-000784,0,,2218255,2218255,0.70,medium,1,1,2218255,INV-H1-000784#0,"the weakest service match on this invoice scores 0.84, so it rests on expanded abbreviations rather than whole words"
INV-H1-000785,0,,1849775,1849775,0.92,high,1,1,1849775,INV-H1-000785#0,every line matched a contracted service on whole words and priced exactly against the contract
INV-H1-000786,0,,2993000,2993000,0.70,medium,1,1,2993000,INV-H1-000786#0,"the weakest service match on this invoice scores 0.83, so it rests on expanded abbreviations rather than whole words"
INV-H1-000787,0,,2059029,2059029,0.70,medium,1,1,2059029,INV-H1-000787#0,"the weakest service match on this invoice scores 0.84, so it rests on expanded abbreviations rather than whole words"
INV-H1-000788,0,,1059825,1059825,0.70,medium,1,1,1059825,INV-H1-000788#0,"the weakest service match on this invoice scores 0.85, so it rests on expanded abbreviations rather than whole words"
INV-H1-000789,0,,2758680,2758680,0.70,medium,1,1,2758680,INV-H1-000789#0,a service was identified by its billed unit basis after the text left a tie
INV-H1-000790,0,,2404480,2404480,0.70,medium,1,1,2404480,INV-H1-000790#0,a service was identified by its billed unit basis after the text left a tie
INV-H1-000791,0,,3490975,3490975,0.70,medium,1,1,3490975,INV-H1-000791#0,"line H1-L00791-15: description 'Continuous Wnd Care' is consistent with 2 contracted services (Continuous Musculoskeletal Wound Care, Continuous Pulmonary Wound Care); identity not resolved ; a description on this invoice is consistent with more than one contracted service ; a service was identified by its billed unit basis after the text left a tie ; the weakest service match on this invoice scores 0.85, so it rests on expanded abbreviations rather than whole words"
INV-H1-000792,0,,3294373,3294373,0.70,medium,1,1,3294373,INV-H1-000792#0,"line H1-L00792-02: description 'Procedure Immun Endosc' is consistent with 2 contracted services (Ambulatory Immunologic Endoscopic Procedure, Preoperative Immunologic Endoscopic Procedure); identity not resolved ; a description on this invoice is consistent with more than one contracted service ; the weakest service match on this invoice scores 0.84, so it rests on expanded abbreviations rather than whole words"
INV-H1-000793,0,,4245835,4245835,0.70,medium,1,1,4245835,INV-H1-000793#0,"the weakest service match on this invoice scores 0.85, so it rests on expanded abbreviations rather than whole words"
INV-H1-000794,0,,2065304,2065304,0.70,medium,1,1,2065304,INV-H1-000794#0,"line H1-L00794-08: description 'Visit Amb Hm' is consistent with 2 contracted services (Ambulatory Cardiac Home Visit, Ambulatory Infectious Home Visit); identity not resolved ; a description on this invoice is consistent with more than one contracted service ; the weakest service match on this invoice scores 0.83, so it rests on expanded abbreviations rather than whole words"
INV-H1-000795,0,,2554725,2554725,0.70,medium,1,1,2554725,INV-H1-000795#0,"the weakest service match on this invoice scores 0.83, so it rests on expanded abbreviations rather than whole words"
INV-H1-000796,0,,4969812,4969812,0.70,medium,1,1,4969812,INV-H1-000796#0,"the weakest service match on this invoice scores 0.85, so it rests on expanded abbreviations rather than whole words"
INV-H1-000797,0,,3501930,3501930,0.70,medium,1,1,3501930,INV-H1-000797#0,"line H1-L00797-03: description 'Continuous Wnd Care' is consistent with 2 contracted services (Continuous Musculoskeletal Wound Care, Continuous Pulmonary Wound Care); identity not resolved ; a description on this invoice is consistent with more than one contracted service ; the weakest service match on this invoice scores 0.90, so it rests on expanded abbreviations rather than whole words"
INV-H1-000798,0,,2549162,2549162,0.70,medium,1,1,2549162,INV-H1-000798#0,"a service was identified by its billed unit basis after the text left a tie ; the weakest service match on this invoice scores 0.83, so it rests on expanded abbreviations rather than whole words"
INV-H1-000799,0,,2070577,2070577,0.70,medium,1,1,2070577,INV-H1-000799#0,"a service was identified by its billed unit basis after the text left a tie ; the weakest service match on this invoice scores 0.85, so it rests on expanded abbreviations rather than whole words"
INV-H1-000800,0,,6020653,6020653,0.70,medium,1,1,6020653,INV-H1-000800#0,"the weakest service match on this invoice scores 0.83, so it rests on expanded abbreviations rather than whole words"
INV-H1-000801,0,,1984773,1984773,0.70,medium,1,1,1984773,INV-H1-000801#0,"the weakest service match on this invoice scores 0.83, so it rests on expanded abbreviations rather than whole words"
INV-H1-000802,0,,3487115,3487115,0.70,medium,1,1,3487115,INV-H1-000802#0,"the weakest service match on this invoice scores 0.84, so it rests on expanded abbreviations rather than whole words"
INV-H1-000803,0,,1401701,1401701,0.70,medium,1,1,1401701,INV-H1-000803#0,"a service was identified by its billed unit basis after the text left a tie ; the weakest service match on this invoice scores 0.85, so it rests on expanded abbreviations rather than whole words"
INV-H1-000804,0,,3265145,3265145,0.70,medium,1,1,3265145,INV-H1-000804#0,"the weakest service match on this invoice scores 0.84, so it rests on expanded abbreviations rather than whole words"
INV-H1-000805,0,,2615344,2615344,0.70,medium,1,1,2615344,INV-H1-000805#0,"the weakest service match on this invoice scores 0.84, so it rests on expanded abbreviations rather than whole words"
INV-H1-000806,0,,3064055,3064055,0.70,medium,1,1,3064055,INV-H1-000806#0,"the weakest service match on this invoice scores 0.85, so it rests on expanded abbreviations rather than whole words"
INV-H1-000807,0,,1638523,1638523,0.92,high,1,1,1638523,INV-H1-000807#0,every line matched a contracted service on whole words and priced exactly against the contract
INV-H1-000808,0,,3689488,3689488,0.70,medium,1,1,3689488,INV-H1-000808#0,"line H1-L00808-09: description 'Cr Cont Wnd' is consistent with 2 contracted services (Continuous Musculoskeletal Wound Care, Continuous Pulmonary Wound Care); identity not resolved ; a description on this invoice is consistent with more than one contracted service"
INV-H1-000809,0,,3454991,3454991,0.70,medium,1,1,3454991,INV-H1-000809#0,"the weakest service match on this invoice scores 0.88, so it rests on expanded abbreviations rather than whole words"
INV-H1-000810,0,,2165925,2165925,0.92,high,1,1,2165925,INV-H1-000810#0,every line matched a contracted service on whole words and priced exactly against the contract
INV-H1-000811,1,volume_discount_omitted|unknown_service,3629745,3714657,0.40,low,1,0,3629745,INV-H1-000811#0,"line H1-L00811-07: description matches no contracted service, so its correct price is unknown ; line H1-L00811-15: description 'Continuous Wnd Care' is consistent with 2 contracted services (Continuous Musculoskeletal Wound Care, Continuous Pulmonary Wound Care); identity not resolved ; an invoice line names no contracted service"
INV-H1-000812,0,,1387250,1387250,0.92,high,1,1,1387250,INV-H1-000812#0,every line matched a contracted service on whole words and priced exactly against the contract
INV-H1-000813,0,,3977875,3977875,0.70,medium,1,1,3977875,INV-H1-000813#0,"a service was identified by its billed unit basis after the text left a tie ; the weakest service match on this invoice scores 0.84, so it rests on expanded abbreviations rather than whole words"
INV-H1-000814,0,,1543045,1543045,0.70,medium,1,1,1543045,INV-H1-000814#0,"the weakest service match on this invoice scores 0.84, so it rests on expanded abbreviations rather than whole words"
INV-H1-000815,0,,3088264,3088264,0.70,medium,1,1,3088264,INV-H1-000815#0,"the weakest service match on this invoice scores 0.83, so it rests on expanded abbreviations rather than whole words"
INV-H1-000816,0,,3836485,3836485,0.70,medium,1,1,3836485,INV-H1-000816#0,"line H1-L00816-11: description 'Procedure Immun Endosc' is consistent with 2 contracted services (Ambulatory Immunologic Endoscopic Procedure, Preoperative Immunologic Endoscopic Procedure); identity not resolved ; a description on this invoice is consistent with more than one contracted service ; a service was identified by its billed unit basis after the text left a tie ; the weakest service match on this invoice scores 0.82, so it rests on expanded abbreviations rather than whole words"
INV-H1-000817,0,,4033379,4033379,0.70,medium,1,1,4033379,INV-H1-000817#0,"line H1-L00817-06: description 'Procedure Immun Endosc' is consistent with 2 contracted services (Ambulatory Immunologic Endoscopic Procedure, Preoperative Immunologic Endoscopic Procedure); identity not resolved ; a description on this invoice is consistent with more than one contracted service ; the weakest service match on this invoice scores 0.86, so it rests on expanded abbreviations rather than whole words"
INV-H1-000818,0,,3887630,3887630,0.70,medium,1,1,3887630,INV-H1-000818#0,"the weakest service match on this invoice scores 0.83, so it rests on expanded abbreviations rather than whole words"
INV-H1-000819,0,,981038,981038,0.70,medium,1,1,981038,INV-H1-000819#0,"the weakest service match on this invoice scores 0.84, so it rests on expanded abbreviations rather than whole words"
INV-H1-000820,1,invoice_total_mismatch|volume_discount_omitted,2850137,2881532,0.70,medium,1,1,2850137,INV-H1-000820#0,"the weakest service match on this invoice scores 0.77, so it rests on expanded abbreviations rather than whole words ; a finding depends on hospital-wide state (daily aggregates, cumulative utilisation or billing history)"
INV-H1-000821,0,,3330606,3330606,0.70,medium,1,1,3330606,INV-H1-000821#0,"a service was identified by its billed unit basis after the text left a tie ; the weakest service match on this invoice scores 0.83, so it rests on expanded abbreviations rather than whole words"
INV-H1-000822,0,,1267835,1267835,0.70,medium,1,1,1267835,INV-H1-000822#0,"the weakest service match on this invoice scores 0.85, so it rests on expanded abbreviations rather than whole words"
INV-H1-000823,0,,1875655,1875655,0.70,medium,1,1,1875655,INV-H1-000823#0,"the weakest service match on this invoice scores 0.84, so it rests on expanded abbreviations rather than whole words"
INV-H1-000824,0,,2221734,2221734,0.70,medium,1,1,2221734,INV-H1-000824#0,"a service was identified by its billed unit basis after the text left a tie ; the weakest service match on this invoice scores 0.85, so it rests on expanded abbreviations rather than whole words"
INV-H1-000825,0,,3468479,3468479,0.70,medium,1,1,3468479,INV-H1-000825#0,"the weakest service match on this invoice scores 0.84, so it rests on expanded abbreviations rather than whole words"
INV-H1-000826,0,,2789238,2789238,0.70,medium,1,1,2789238,INV-H1-000826#0,"line H1-L00826-02: description 'Procedure Immun Endosc' is consistent with 2 contracted services (Ambulatory Immunologic Endoscopic Procedure, Preoperative Immunologic Endoscopic Procedure); identity not resolved ; a description on this invoice is consistent with more than one contracted service"
INV-H1-000827,0,,3298041,3298041,0.70,medium,1,1,3298041,INV-H1-000827#0,"a service was identified by its billed unit basis after the text left a tie ; the weakest service match on this invoice scores 0.85, so it rests on expanded abbreviations rather than whole words"
INV-H1-000828,0,,3108983,3108983,0.70,medium,1,1,3108983,INV-H1-000828#0,"the weakest service match on this invoice scores 0.85, so it rests on expanded abbreviations rather than whole words"
INV-H1-000829,0,,3151440,3151440,0.70,medium,1,1,3151440,INV-H1-000829#0,"the weakest service match on this invoice scores 0.85, so it rests on expanded abbreviations rather than whole words"
INV-H1-000830,0,,1775270,1775270,0.70,medium,1,1,1775270,INV-H1-000830#0,"a service was identified by its billed unit basis after the text left a tie ; the weakest service match on this invoice scores 0.84, so it rests on expanded abbreviations rather than whole words"
INV-H1-000831,0,,2070440,2070440,0.70,medium,1,1,2070440,INV-H1-000831#0,"the weakest service match on this invoice scores 0.82, so it rests on expanded abbreviations rather than whole words"
INV-H1-000832,0,,4095085,4095085,0.70,medium,1,1,4095085,INV-H1-000832#0,"the weakest service match on this invoice scores 0.85, so it rests on expanded abbreviations rather than whole words"
INV-H1-000833,0,,1669100,1669100,0.70,medium,1,1,1669100,INV-H1-000833#0,"the weakest service match on this invoice scores 0.90, so it rests on expanded abbreviations rather than whole words"
INV-H1-000834,0,,1031797,1031797,0.70,medium,1,1,1031797,INV-H1-000834#0,"the weakest service match on this invoice scores 0.84, so it rests on expanded abbreviations rather than whole words"
INV-H1-000835,0,,2718965,2718965,0.92,high,1,1,2718965,INV-H1-000835#0,every line matched a contracted service on whole words and priced exactly against the contract
INV-H1-000836,0,,3025568,3025568,0.70,medium,1,1,3025568,INV-H1-000836#0,"the weakest service match on this invoice scores 0.85, so it rests on expanded abbreviations rather than whole words"
INV-H1-000837,0,,1216911,1216911,0.70,medium,1,1,1216911,INV-H1-000837#0,"the weakest service match on this invoice scores 0.83, so it rests on expanded abbreviations rather than whole words"
INV-H1-000838,0,,2223931,2223931,0.70,medium,1,1,2223931,INV-H1-000838#0,"the weakest service match on this invoice scores 0.84, so it rests on expanded abbreviations rather than whole words"
INV-H1-000839,0,,4664610,4664610,0.92,high,1,1,4664610,INV-H1-000839#0,every line matched a contracted service on whole words and priced exactly against the contract
INV-H1-000840,0,,4454870,4454870,0.70,medium,1,1,4454870,INV-H1-000840#0,"the weakest service match on this invoice scores 0.83, so it rests on expanded abbreviations rather than whole words"
INV-H1-000841,0,,4617910,4617910,0.70,medium,1,1,4617910,INV-H1-000841#0,"the weakest service match on this invoice scores 0.84, so it rests on expanded abbreviations rather than whole words"
INV-H1-000842,0,,2138594,2138594,0.70,medium,1,1,2138594,INV-H1-000842#0,"a service was identified by its billed unit basis after the text left a tie ; the weakest service match on this invoice scores 0.83, so it rests on expanded abbreviations rather than whole words"
INV-H1-000843,0,,1086850,1086850,0.70,medium,1,1,1086850,INV-H1-000843#0,"the weakest service match on this invoice scores 0.79, so it rests on expanded abbreviations rather than whole words"
INV-H1-000844,0,,663386,663386,0.70,medium,1,1,663386,INV-H1-000844#0,"a service was identified by its billed unit basis after the text left a tie ; the weakest service match on this invoice scores 0.84, so it rests on expanded abbreviations rather than whole words"
INV-H1-000845,0,,3290314,3290314,0.70,medium,1,1,3290314,INV-H1-000845#0,"the weakest service match on this invoice scores 0.79, so it rests on expanded abbreviations rather than whole words"
INV-H1-000846,0,,2399363,2399363,0.70,medium,1,1,2399363,INV-H1-000846#0,"a service was identified by its billed unit basis after the text left a tie ; the weakest service match on this invoice scores 0.83, so it rests on expanded abbreviations rather than whole words"
INV-H1-000847,1,wrong_unit_basis|exclusion_window_violation,3960600,3988200,0.70,medium,1,1,3960600,INV-H1-000847#0,"the weakest service match on this invoice scores 0.83, so it rests on expanded abbreviations rather than whole words ; a finding depends on hospital-wide state (daily aggregates, cumulative utilisation or billing history)"
INV-H1-000848,0,,3271454,3271454,0.70,medium,1,1,3271454,INV-H1-000848#0,"the weakest service match on this invoice scores 0.85, so it rests on expanded abbreviations rather than whole words"
INV-H1-000849,0,,3927848,3927848,0.70,medium,1,1,3927848,INV-H1-000849#0,"the weakest service match on this invoice scores 0.87, so it rests on expanded abbreviations rather than whole words"
INV-H1-000850,0,,5287691,5287691,0.70,medium,1,1,5287691,INV-H1-000850#0,"the weakest service match on this invoice scores 0.85, so it rests on expanded abbreviations rather than whole words"
INV-H1-000851,0,,2950556,2950556,0.70,medium,1,1,2950556,INV-H1-000851#0,"a service was identified by its billed unit basis after the text left a tie ; the weakest service match on this invoice scores 0.83, so it rests on expanded abbreviations rather than whole words"
INV-H1-000852,1,service_date_out_of_window|cross_invoice_duplicate,2145525,2388675,0.70,medium,1,1,2145525,INV-H1-000852#0,"the weakest service match on this invoice scores 0.85, so it rests on expanded abbreviations rather than whole words ; a finding depends on hospital-wide state (daily aggregates, cumulative utilisation or billing history)"
INV-H1-000853,0,,1939273,1939273,0.70,medium,1,1,1939273,INV-H1-000853#0,"the weakest service match on this invoice scores 0.83, so it rests on expanded abbreviations rather than whole words"
INV-H1-000854,0,,3361815,3361815,0.70,medium,1,1,3361815,INV-H1-000854#0,"the weakest service match on this invoice scores 0.85, so it rests on expanded abbreviations rather than whole words"
INV-H1-000855,0,,2836990,2836990,0.70,medium,1,1,2836990,INV-H1-000855#0,"a service was identified by its billed unit basis after the text left a tie ; the weakest service match on this invoice scores 0.82, so it rests on expanded abbreviations rather than whole words"
INV-H1-000856,0,,860340,860340,0.92,high,1,1,860340,INV-H1-000856#0,every line matched a contracted service on whole words and priced exactly against the contract
INV-H1-000857,0,,2300235,2300235,0.70,medium,1,1,2300235,INV-H1-000857#0,"the weakest service match on this invoice scores 0.83, so it rests on expanded abbreviations rather than whole words"
INV-H1-000858,0,,2163860,2163860,0.70,medium,1,1,2163860,INV-H1-000858#0,"the weakest service match on this invoice scores 0.85, so it rests on expanded abbreviations rather than whole words"
INV-H1-000859,0,,775725,775725,0.92,high,1,1,775725,INV-H1-000859#0,every line matched a contracted service on whole words and priced exactly against the contract
INV-H1-000860,0,,4432235,4432235,0.92,high,1,1,4432235,INV-H1-000860#0,every line matched a contracted service on whole words and priced exactly against the contract
INV-H1-000861,0,,2483775,2483775,0.70,medium,1,1,2483775,INV-H1-000861#0,"a service was identified by its billed unit basis after the text left a tie ; the weakest service match on this invoice scores 0.90, so it rests on expanded abbreviations rather than whole words"
INV-H1-000862,0,,1902331,1902331,0.70,medium,1,1,1902331,INV-H1-000862#0,"the weakest service match on this invoice scores 0.84, so it rests on expanded abbreviations rather than whole words"
INV-H1-000863,0,,2812468,2812468,0.70,medium,1,1,2812468,INV-H1-000863#0,"a service was identified by its billed unit basis after the text left a tie ; the weakest service match on this invoice scores 0.80, so it rests on expanded abbreviations rather than whole words"
INV-H1-000864,0,,5563320,5563320,0.70,medium,1,1,5563320,INV-H1-000864#0,"a service was identified by its billed unit basis after the text left a tie ; the weakest service match on this invoice scores 0.85, so it rests on expanded abbreviations rather than whole words"
INV-H1-000865,0,,3607964,3607964,0.70,medium,1,1,3607964,INV-H1-000865#0,"the weakest service match on this invoice scores 0.85, so it rests on expanded abbreviations rather than whole words"
INV-H1-000866,0,,1655250,1655250,0.70,medium,1,1,1655250,INV-H1-000866#0,"a service was identified by its billed unit basis after the text left a tie ; the weakest service match on this invoice scores 0.82, so it rests on expanded abbreviations rather than whole words"
INV-H1-000867,0,,5888095,5888095,0.70,medium,1,1,5888095,INV-H1-000867#0,"a service was identified by its billed unit basis after the text left a tie ; the weakest service match on this invoice scores 0.84, so it rests on expanded abbreviations rather than whole words"
INV-H1-000868,0,,3802873,3802873,0.70,medium,1,1,3802873,INV-H1-000868#0,"a service was identified by its billed unit basis after the text left a tie ; the weakest service match on this invoice scores 0.83, so it rests on expanded abbreviations rather than whole words"
INV-H1-000869,0,,3752925,3752925,0.70,medium,1,1,3752925,INV-H1-000869#0,"line H1-L00869-11: description 'Procedure Immun Endosc' is consistent with 2 contracted services (Ambulatory Immunologic Endoscopic Procedure, Preoperative Immunologic Endoscopic Procedure); identity not resolved ; a description on this invoice is consistent with more than one contracted service ; the weakest service match on this invoice scores 0.83, so it rests on expanded abbreviations rather than whole words"
INV-H1-000870,0,,745450,745450,0.70,medium,1,1,745450,INV-H1-000870#0,"a service was identified by its billed unit basis after the text left a tie ; the weakest service match on this invoice scores 0.83, so it rests on expanded abbreviations rather than whole words"
INV-H1-000871,0,,2663757,2663757,0.70,medium,1,1,2663757,INV-H1-000871#0,"a service was identified by its billed unit basis after the text left a tie ; the weakest service match on this invoice scores 0.82, so it rests on expanded abbreviations rather than whole words"
INV-H1-000872,0,,1783506,1783506,0.70,medium,1,1,1783506,INV-H1-000872#0,"the weakest service match on this invoice scores 0.84, so it rests on expanded abbreviations rather than whole words"
INV-H1-000873,1,contract_number_mismatch|bundle_not_applied,1606768,1620843,0.70,medium,1,1,1606768,INV-H1-000873#0,"the weakest service match on this invoice scores 0.79, so it rests on expanded abbreviations rather than whole words ; a finding depends on hospital-wide state (daily aggregates, cumulative utilisation or billing history)"
INV-H1-000874,0,,4914354,4914354,0.70,medium,1,1,4914354,INV-H1-000874#0,"the weakest service match on this invoice scores 0.86, so it rests on expanded abbreviations rather than whole words"
INV-H1-000875,0,,1851716,1851716,0.92,high,1,1,1851716,INV-H1-000875#0,every line matched a contracted service on whole words and priced exactly against the contract
INV-H1-000876,0,,2290880,2290880,0.70,medium,1,1,2290880,INV-H1-000876#0,"line H1-L00876-01: description 'Procedure Immun Endosc' is consistent with 2 contracted services (Ambulatory Immunologic Endoscopic Procedure, Preoperative Immunologic Endoscopic Procedure); identity not resolved ; a description on this invoice is consistent with more than one contracted service"
INV-H1-000877,0,,1831050,1831050,0.70,medium,1,1,1831050,INV-H1-000877#0,"the weakest service match on this invoice scores 0.81, so it rests on expanded abbreviations rather than whole words"
INV-H1-000878,0,,465023,465023,0.92,high,1,1,465023,INV-H1-000878#0,every line matched a contracted service on whole words and priced exactly against the contract
INV-H1-000879,0,,1409079,1409079,0.70,medium,1,1,1409079,INV-H1-000879#0,"the weakest service match on this invoice scores 0.84, so it rests on expanded abbreviations rather than whole words"
INV-H1-000880,0,,1781344,1781344,0.70,medium,1,1,1781344,INV-H1-000880#0,"the weakest service match on this invoice scores 0.79, so it rests on expanded abbreviations rather than whole words"
INV-H1-000881,0,,4549164,4549164,0.70,medium,1,1,4549164,INV-H1-000881#0,"a service was identified by its billed unit basis after the text left a tie ; the weakest service match on this invoice scores 0.85, so it rests on expanded abbreviations rather than whole words"
INV-H1-000882,0,,4953447,4953447,0.70,medium,1,1,4953447,INV-H1-000882#0,"the weakest service match on this invoice scores 0.85, so it rests on expanded abbreviations rather than whole words"
INV-H1-000883,0,,6169030,6169030,0.70,medium,1,1,6169030,INV-H1-000883#0,"the weakest service match on this invoice scores 0.90, so it rests on expanded abbreviations rather than whole words"
INV-H1-000884,0,,3351299,3351299,0.70,medium,1,1,3351299,INV-H1-000884#0,"a service was identified by its billed unit basis after the text left a tie ; the weakest service match on this invoice scores 0.82, so it rests on expanded abbreviations rather than whole words"
INV-H1-000885,0,,1260530,1260530,0.70,medium,1,1,1260530,INV-H1-000885#0,"the weakest service match on this invoice scores 0.80, so it rests on expanded abbreviations rather than whole words"
INV-H1-000886,0,,1208930,1208930,0.92,high,1,1,1208930,INV-H1-000886#0,every line matched a contracted service on whole words and priced exactly against the contract
INV-H1-000887,0,,561050,561050,0.92,high,1,1,561050,INV-H1-000887#0,every line matched a contracted service on whole words and priced exactly against the contract
INV-H1-000888,0,,3334135,3334135,0.70,medium,1,1,3334135,INV-H1-000888#0,"line H1-L00888-09: description 'Procedure Immun Endosc' is consistent with 2 contracted services (Ambulatory Immunologic Endoscopic Procedure, Preoperative Immunologic Endoscopic Procedure); identity not resolved ; a description on this invoice is consistent with more than one contracted service ; the weakest service match on this invoice scores 0.79, so it rests on expanded abbreviations rather than whole words"
INV-H1-000889,0,,1408665,1408665,0.92,high,1,1,1408665,INV-H1-000889#0,every line matched a contracted service on whole words and priced exactly against the contract
INV-H1-000890,0,,1368317,1368317,0.92,high,1,1,1368317,INV-H1-000890#0,every line matched a contracted service on whole words and priced exactly against the contract
INV-H1-000891,0,,902350,902350,0.92,high,1,1,902350,INV-H1-000891#0,every line matched a contracted service on whole words and priced exactly against the contract
INV-H1-000892,0,,1028425,1028425,0.70,medium,1,1,1028425,INV-H1-000892#0,"the weakest service match on this invoice scores 0.77, so it rests on expanded abbreviations rather than whole words"
INV-H1-000893,0,,2692710,2692710,0.70,medium,1,1,2692710,INV-H1-000893#0,"the weakest service match on this invoice scores 0.83, so it rests on expanded abbreviations rather than whole words"
INV-H1-000894,0,,1531372,1531372,0.70,medium,1,1,1531372,INV-H1-000894#0,"the weakest service match on this invoice scores 0.82, so it rests on expanded abbreviations rather than whole words"
INV-H1-000895,0,,3643338,3643338,0.70,medium,1,1,3643338,INV-H1-000895#0,"line H1-L00895-15: description 'Procedure Immun Endosc' is consistent with 2 contracted services (Ambulatory Immunologic Endoscopic Procedure, Preoperative Immunologic Endoscopic Procedure); identity not resolved ; a description on this invoice is consistent with more than one contracted service ; a service was identified by its billed unit basis after the text left a tie ; the weakest service match on this invoice scores 0.83, so it rests on expanded abbreviations rather than whole words"
INV-H1-000896,0,,2917920,2917920,0.70,medium,1,1,2917920,INV-H1-000896#0,"the weakest service match on this invoice scores 0.85, so it rests on expanded abbreviations rather than whole words"
INV-H1-000897,0,,2344075,2344075,0.92,high,1,1,2344075,INV-H1-000897#0,every line matched a contracted service on whole words and priced exactly against the contract
INV-H1-000898,0,,2237689,2237689,0.70,medium,1,1,2237689,INV-H1-000898#0,"the weakest service match on this invoice scores 0.85, so it rests on expanded abbreviations rather than whole words"
INV-H1-000899,0,,2339046,2339046,0.70,medium,1,1,2339046,INV-H1-000899#0,"line H1-L00899-04: description 'Visit Amb Hm' is consistent with 2 contracted services (Ambulatory Cardiac Home Visit, Ambulatory Infectious Home Visit); identity not resolved ; line H1-L00899-14: description 'Visit Amb Hm' is consistent with 2 contracted services (Ambulatory Cardiac Home Visit, Ambulatory Infectious Home Visit); identity not resolved ; a description on this invoice is consistent with more than one contracted service"
INV-H1-000900,0,,4565783,4565783,0.70,medium,1,1,4565783,INV-H1-000900#0,"the weakest service match on this invoice scores 0.84, so it rests on expanded abbreviations rather than whole words"
INV-H1-000901,0,,3226125,3226125,0.70,medium,1,1,3226125,INV-H1-000901#0,"the weakest service match on this invoice scores 0.85, so it rests on expanded abbreviations rather than whole words"
INV-H1-000902,0,,2514158,2514158,0.70,medium,1,1,2514158,INV-H1-000902#0,"the weakest service match on this invoice scores 0.85, so it rests on expanded abbreviations rather than whole words"
INV-H1-000903,0,,4385784,4385784,0.70,medium,1,1,4385784,INV-H1-000903#0,"line H1-L00903-12: description 'Procedure Immun Endosc' is consistent with 2 contracted services (Ambulatory Immunologic Endoscopic Procedure, Preoperative Immunologic Endoscopic Procedure); identity not resolved ; a description on this invoice is consistent with more than one contracted service ; the weakest service match on this invoice scores 0.83, so it rests on expanded abbreviations rather than whole words"
INV-H1-000904,0,,2011695,2011695,0.70,medium,1,1,2011695,INV-H1-000904#0,"the weakest service match on this invoice scores 0.82, so it rests on expanded abbreviations rather than whole words"
INV-H1-000905,0,,1939939,1939939,0.70,medium,1,1,1939939,INV-H1-000905#0,"a service was identified by its billed unit basis after the text left a tie ; the weakest service match on this invoice scores 0.83, so it rests on expanded abbreviations rather than whole words"
INV-H1-000906,0,,857575,857575,0.70,medium,1,1,857575,INV-H1-000906#0,"the weakest service match on this invoice scores 0.84, so it rests on expanded abbreviations rather than whole words"
INV-H1-000907,0,,1270625,1270625,0.92,high,1,1,1270625,INV-H1-000907#0,every line matched a contracted service on whole words and priced exactly against the contract
INV-H1-000908,0,,3268266,3268266,0.70,medium,1,1,3268266,INV-H1-000908#0,"the weakest service match on this invoice scores 0.84, so it rests on expanded abbreviations rather than whole words"
INV-H1-000909,0,,1333831,1333831,0.92,high,1,1,1333831,INV-H1-000909#0,every line matched a contracted service on whole words and priced exactly against the contract
INV-H1-000910,0,,3954572,3954572,0.70,medium,1,1,3954572,INV-H1-000910#0,"a service was identified by its billed unit basis after the text left a tie ; the weakest service match on this invoice scores 0.79, so it rests on expanded abbreviations rather than whole words"
INV-H1-000911,0,,1781766,1781766,0.70,medium,1,1,1781766,INV-H1-000911#0,"the weakest service match on this invoice scores 0.81, so it rests on expanded abbreviations rather than whole words"
INV-H1-000912,0,,3012993,3012993,0.70,medium,1,1,3012993,INV-H1-000912#0,"a service was identified by its billed unit basis after the text left a tie ; the weakest service match on this invoice scores 0.83, so it rests on expanded abbreviations rather than whole words"
INV-H1-000913,0,,1484675,1484675,0.92,high,1,1,1484675,INV-H1-000913#0,every line matched a contracted service on whole words and priced exactly against the contract
INV-H1-000914,0,,6185689,6185689,0.70,medium,1,1,6185689,INV-H1-000914#0,"a service was identified by its billed unit basis after the text left a tie ; the weakest service match on this invoice scores 0.85, so it rests on expanded abbreviations rather than whole words"
INV-H1-000915,0,,1610819,1610819,0.70,medium,1,1,1610819,INV-H1-000915#0,"the weakest service match on this invoice scores 0.77, so it rests on expanded abbreviations rather than whole words"
INV-H1-000916,0,,2434972,2434972,0.70,medium,1,1,2434972,INV-H1-000916#0,"the weakest service match on this invoice scores 0.84, so it rests on expanded abbreviations rather than whole words"
INV-H1-000917,0,,2843717,2843717,0.70,medium,1,1,2843717,INV-H1-000917#0,"the weakest service match on this invoice scores 0.83, so it rests on expanded abbreviations rather than whole words"
INV-H1-000918,0,,2565249,2565249,0.70,medium,1,1,2565249,INV-H1-000918#0,"the weakest service match on this invoice scores 0.85, so it rests on expanded abbreviations rather than whole words"
