invoice_id,flagged,error_category,expected_total_cents,billed_total_cents,confidence,confidence_band,pricing_complete,correction_reconstructable,maximum_contractually_payable_total_cents,physical_occurrence_ids,uncertainty_reasons,provisional_expected_total_cents
INV-H4-000001,0,,,1684325,0.40,low,0,0,,INV-H4-000001#0,"H4-L00001-02: 'anly INTENS spcm' is unresolved (missing_discriminator): the only contracted service it fits is Intensive Urologic Specimen Analysis, but the text does not rule out an uncontracted service ; a provisional total of 1684325 was computed but is not contractually defensible, so no corrected total is submitted ; not flagged, but some lines could not be identified, so not every rule could be checked",1684325
INV-H4-000002,0,,,3709750,0.40,low,0,0,,INV-H4-000002#0,"H4-L00002-16: 'conf - UROL cs /CW-3094' is unresolved (missing_discriminator): the only contracted service it fits is Focused Urologic Case Conference, but the text does not rule out an uncontracted service ; H4-L00002-17: 'ASSISTED spcm ANALYSIS /CW-2232' is unresolved (missing_discriminator): the only contracted service it fits is Assisted Obstetric Specimen Analysis, but the text does not rule out an uncontracted service ; a provisional total of 3709750 was computed but is not contractually defensible, so no corrected total is submitted ; not flagged, but some lines could not be identified, so not every rule could be checked",3709750
INV-H4-000003,1,wrong_unit_basis,,2990225,0.40,low,0,0,,INV-H4-000003#0,"H4-L00003-16: 'OUTPT recov RM occ' is unresolved (missing_discriminator): the only contracted service it fits is Outpatient Orthopaedic Recovery Room Occupancy, but the text does not rule out an uncontracted service ; H4-L00003-17: bundle partner 'Outpatient Orthopaedic Recovery Room Occupancy' may have been delivered on 2024-01-04 (an unresolved description that day) ; a provisional total of 2990225 was computed but is not contractually defensible, so no corrected total is submitted ; a finding rests on reading free text, or the corrected total cannot be reconstructed",2990225
INV-H4-000004,0,,4541425,4541425,0.85,high,1,1,4541425,INV-H4-000004#0,not flagged; every line identified from text and priced exactly,4541425
INV-H4-000005,0,,1061450,1061450,0.85,high,1,1,1061450,INV-H4-000005#0,not flagged; every line identified from text and priced exactly,1061450
INV-H4-000006,1,invoice_total_mismatch,641175,640175,0.85,high,1,1,641175,INV-H4-000006#0,"every finding follows from the invoice's own fields, independent of service identity",641175
INV-H4-000007,0,,,2396750,0.40,low,0,0,,INV-H4-000007#0,"H4-L00007-10: bundle partner 'Postoperative Palliative Recovery Room Occupancy' may have been delivered on 2024-01-09 (an unresolved description that day) ; H4-L00007-11: 'occ PALLIATIVE recov RM' is unresolved (missing_discriminator): the only contracted service it fits is Postoperative Palliative Recovery Room Occupancy, but the text does not rule out an uncontracted service ; H4-L00007-13: 'gi - IMG interp' is unresolved (missing_discriminator): the only contracted service it fits is Specialist Gastrointestinal Imaging Interpretation, but the text does not rule out an uncontracted service ; a provisional total of 2396750 was computed but is not contractually defensible, so no corrected total is submitted ; not flagged, but some lines could not be identified, so not every rule could be checked",2396750
INV-H4-000008,1,service_date_after_invoice_date|unit_price_mismatch,3259925,3525273,0.85,high,1,1,3259925,INV-H4-000008#0,"findings apply contract rules to services identified from text, priced exactly",3259925
INV-H4-000009,0,,,3544989,0.40,low,0,0,,INV-H4-000009#0,"H4-L00009-05: bundle partner 'Specialist Immunologic Consultation' may have been delivered on 2024-01-10 (an unresolved description that day) ; H4-L00009-06: 'IMMUN - spclst /CW-9956' is unresolved (missing_discriminator): the only contracted service it fits is Specialist Immunologic Consultation, but the text does not rule out an uncontracted service ; H4-L00009-08: 'SPCLST - consult' is unresolved (missing_discriminator): the only contracted service it fits is Specialist Immunologic Consultation, but the text does not rule out an uncontracted service ; a provisional total of 3544989 was computed but is not contractually defensible, so no corrected total is submitted ; not flagged, but some lines could not be identified, so not every rule could be checked",3544989
INV-H4-000010,0,,,4801591,0.40,low,0,0,,INV-H4-000010#0,"H4-L00010-05: 'HEP - inf THERAPY' is unresolved (missing_discriminator): the only contracted service it fits is Standard Hepatic Infusion Therapy, but the text does not rule out an uncontracted service ; a provisional total of 4801591 was computed but is not contractually defensible, so no corrected total is submitted ; not flagged, but some lines could not be identified, so not every rule could be checked",4801591
INV-H4-000011,0,,2887300,2887300,0.85,high,1,1,2887300,INV-H4-000011#0,not flagged; every line identified from text and priced exactly,2887300
INV-H4-000012,0,,,2835575,0.40,low,0,0,,INV-H4-000012#0,"H4-L00012-08: 'postoperative CS conference /CW-1435' is unresolved (missing_discriminator): the only contracted service it fits is Postoperative Geriatric Case Conference, but the text does not rule out an uncontracted service ; H4-L00012-13: 'assisted - NUTR supp' is unresolved (missing_discriminator): the only contracted service it fits is Assisted Renal Nutritional Support, but the text does not rule out an uncontracted service ; a provisional total of 2835575 was computed but is not contractually defensible, so no corrected total is submitted ; not flagged, but some lines could not be identified, so not every rule could be checked",2835575
INV-H4-000013,0,,2946850,2946850,0.85,high,1,1,2946850,INV-H4-000013#0,not flagged; every line identified from text and priced exactly,2946850
INV-H4-000014,0,,,2658825,0.40,low,0,0,,INV-H4-000014#0,"H4-L00014-02: 'FOCUSED biop PROC' is unresolved (missing_discriminator): the only contracted service it fits is Focused Metabolic Biopsy Procedure, but the text does not rule out an uncontracted service ; H4-L00014-06: 'haematology - TRANSF svc' is unresolved (missing_discriminator): the only contracted service it fits is Ambulatory Haematology Transfusion Service, but the text does not rule out an uncontracted service ; a provisional total of 2658825 was computed but is not contractually defensible, so no corrected total is submitted ; not flagged, but some lines could not be identified, so not every rule could be checked",2658825
INV-H4-000015,0,,3635025,3635025,0.85,high,1,1,3635025,INV-H4-000015#0,not flagged; every line identified from text and priced exactly,3635025
INV-H4-000016,0,,,3234050,0.40,low,0,0,,INV-H4-000016#0,"H4-L00016-06: 'OCC - std CRIT cr /CW-1779' is unresolved (missing_discriminator): the only contracted service it fits is Standard Orthopaedic Critical Care Occupancy, but the text does not rule out an uncontracted service ; H4-L00016-07: 'ELECT - nurs OBS' is unresolved (missing_discriminator): the only contracted service it fits is Elective Gastrointestinal Nursing Observation, but the text does not rule out an uncontracted service ; a provisional total of 3234050 was computed but is not contractually defensible, so no corrected total is submitted ; not flagged, but some lines could not be identified, so not every rule could be checked",3234050
INV-H4-000017,1,line_total_arithmetic,,4939975,0.85,high,0,0,,INV-H4-000017#0,"H4-L00017-02: 'gi - IMG interp' is unresolved (missing_discriminator): the only contracted service it fits is Specialist Gastrointestinal Imaging Interpretation, but the text does not rule out an uncontracted service ; H4-L00017-10: 'prog CONT rehab /CW-3359' is unresolved (missing_discriminator): the only contracted service it fits is Continuous Psychiatric Rehabilitation Programme, but the text does not rule out an uncontracted service ; H4-L00017-12: 'std - DIAL sess /CW-2606' is unresolved (missing_discriminator): the only contracted service it fits is Standard Paediatric Dialysis Session, but the text does not rule out an uncontracted service ; a provisional total of 4964975 was computed but is not contractually defensible, so no corrected total is submitted ; every finding follows from the invoice's own fields, independent of service identity",4964975
INV-H4-000018,0,,1493475,1493475,0.85,high,1,1,1493475,INV-H4-000018#0,not flagged; every line identified from text and priced exactly,1493475
INV-H4-000019,0,,,1312175,0.40,low,0,0,,INV-H4-000019#0,"H4-L00019-05: 'prog CONT rehab /CW-3359' is unresolved (missing_discriminator): the only contracted service it fits is Continuous Psychiatric Rehabilitation Programme, but the text does not rule out an uncontracted service ; H4-L00019-06: bundle partner 'Continuous Psychiatric Rehabilitation Programme' may have been delivered on 2024-01-26 (an unresolved description that day) ; a provisional total of 1312175 was computed but is not contractually defensible, so no corrected total is submitted ; not flagged, but some lines could not be identified, so not every rule could be checked",1312175
INV-H4-000020,0,,,3385425,0.40,low,0,0,,INV-H4-000020#0,"H4-L00020-01: 'ORTHOPAEDIC recov RM occupancy /CW-4525' is unresolved (missing_discriminator): the only contracted service it fits is Outpatient Orthopaedic Recovery Room Occupancy, but the text does not rule out an uncontracted service ; H4-L00020-02: bundle partner 'Outpatient Orthopaedic Recovery Room Occupancy' may have been delivered on 2024-01-26 (an unresolved description that day) ; H4-L00020-07: 'ortho - ANAES administration' is unresolved (missing_discriminator): the only contracted service it fits is Inpatient Orthopaedic Anaesthesia Administration, but the text does not rule out an uncontracted service ; a provisional total of 3385425 was computed but is not contractually defensible, so no corrected total is submitted ; not flagged, but some lines could not be identified, so not every rule could be checked",3385425
INV-H4-000021,0,,,2524150,0.40,low,0,0,,INV-H4-000021#0,"H4-L00021-12: 'rheum - RADIOTHERAPY fract /CW-5238' is unresolved (missing_discriminator): the only contracted service it fits is Intensive Rheumatologic Radiotherapy Fraction, but the text does not rule out an uncontracted service ; a provisional total of 2524150 was computed but is not contractually defensible, so no corrected total is submitted ; not flagged, but some lines could not be identified, so not every rule could be checked",2524150
INV-H4-000022,0,,,2760525,0.40,low,0,0,,INV-H4-000022#0,"H4-L00022-08: 'FOCUSED biop PROC' is unresolved (missing_discriminator): the only contracted service it fits is Focused Metabolic Biopsy Procedure, but the text does not rule out an uncontracted service ; H4-L00022-10: 'REN - wd BD occ /CW-4382' is unresolved (missing_discriminator): the only contracted service it fits is Extended Renal Ward Bed Occupancy, but the text does not rule out an uncontracted service ; a provisional total of 2760525 was computed but is not contractually defensible, so no corrected total is submitted ; not flagged, but some lines could not be identified, so not every rule could be checked",2760525
INV-H4-000023,0,,3356650,3356650,0.85,high,1,1,3356650,INV-H4-000023#0,not flagged; every line identified from text and priced exactly,3356650
INV-H4-000024,0,,,1381558,0.40,low,0,0,,INV-H4-000024#0,"H4-L00024-05: 'ASSISTED spcm ANALYSIS /CW-2232' is unresolved (missing_discriminator): the only contracted service it fits is Assisted Obstetric Specimen Analysis, but the text does not rule out an uncontracted service ; H4-L00024-07: 'postoperative CS conference /CW-1435' is unresolved (missing_discriminator): the only contracted service it fits is Postoperative Geriatric Case Conference, but the text does not rule out an uncontracted service ; H4-L00024-11: 'assisted - NUTR supp' is unresolved (missing_discriminator): the only contracted service it fits is Assisted Renal Nutritional Support, but the text does not rule out an uncontracted service ; a provisional total of 1381558 was computed but is not contractually defensible, so no corrected total is submitted ; not flagged, but some lines could not be identified, so not every rule could be checked",1381558
INV-H4-000025,0,,729989,729989,0.85,high,1,1,729989,INV-H4-000025#0,not flagged; every line identified from text and priced exactly,729989
INV-H4-000026,0,,3085997,3085997,0.85,high,1,1,3085997,INV-H4-000026#0,not flagged; every line identified from text and priced exactly,3085997
INV-H4-000027,0,,,3087600,0.40,low,0,0,,INV-H4-000027#0,"H4-L00027-07: 'admin REN anaesthesia' is unresolved (missing_discriminator): the only contracted service it fits is Intermittent Renal Anaesthesia Administration, but the text does not rule out an uncontracted service ; a provisional total of 3087600 was computed but is not contractually defensible, so no corrected total is submitted ; not flagged, but some lines could not be identified, so not every rule could be checked",3087600
INV-H4-000028,0,,1136750,1136750,0.85,high,1,1,1136750,INV-H4-000028#0,not flagged; every line identified from text and priced exactly,1136750
INV-H4-000029,0,,,819175,0.40,low,0,0,,INV-H4-000029#0,"H4-L00029-01: 'ortho  - ANAES admin /CW-7356' is unresolved (missing_discriminator): the only contracted service it fits is Inpatient Orthopaedic Anaesthesia Administration, but the text does not rule out an uncontracted service ; a provisional total of 819175 was computed but is not contractually defensible, so no corrected total is submitted ; not flagged, but some lines could not be identified, so not every rule could be checked",819175
INV-H4-000030,0,,,1854450,0.40,low,0,0,,INV-H4-000030#0,"H4-L00030-01: 'admin REN anaesthesia' is unresolved (missing_discriminator): the only contracted service it fits is Intermittent Renal Anaesthesia Administration, but the text does not rule out an uncontracted service ; a provisional total of 1854450 was computed but is not contractually defensible, so no corrected total is submitted ; not flagged, but some lines could not be identified, so not every rule could be checked",1854450
INV-H4-000031,0,,1691400,1691400,0.65,medium,1,1,1691400,INV-H4-000031#0,"not flagged; identity rests partly on a unit-basis tie-break, or the total is not reconstructable",1691400
INV-H4-000032,0,,,433650,0.40,low,0,0,,INV-H4-000032#0,"H4-L00032-04: 'ASSISTED spcm ANALYSIS /CW-2232' is unresolved (missing_discriminator): the only contracted service it fits is Assisted Obstetric Specimen Analysis, but the text does not rule out an uncontracted service ; a provisional total of 433650 was computed but is not contractually defensible, so no corrected total is submitted ; not flagged, but some lines could not be identified, so not every rule could be checked",433650
INV-H4-000033,0,,,3745725,0.40,low,0,0,,INV-H4-000033#0,"H4-L00033-05: 'msk - SPCM analysis' is unresolved (missing_discriminator): the only contracted service it fits is Ambulatory Musculoskeletal Specimen Analysis, but the text does not rule out an uncontracted service ; a provisional total of 3745725 was computed but is not contractually defensible, so no corrected total is submitted ; not flagged, but some lines could not be identified, so not every rule could be checked",3745725
INV-H4-000034,0,,,3938675,0.40,low,0,0,,INV-H4-000034#0,"H4-L00034-08: 'ELECT - nurs OBS' is unresolved (missing_discriminator): the only contracted service it fits is Elective Gastrointestinal Nursing Observation, but the text does not rule out an uncontracted service ; H4-L00034-12: bundle partner 'Outpatient Orthopaedic Recovery Room Occupancy' may have been delivered on 2024-02-09 (an unresolved description that day) ; H4-L00034-13: 'OUTPT recov RM occ' is unresolved (missing_discriminator): the only contracted service it fits is Outpatient Orthopaedic Recovery Room Occupancy, but the text does not rule out an uncontracted service ; a provisional total of 3938675 was computed but is not contractually defensible, so no corrected total is submitted ; not flagged, but some lines could not be identified, so not every rule could be checked",3938675
INV-H4-000035,0,,,4272200,0.40,low,0,0,,INV-H4-000035#0,"H4-L00035-09: bundle partner 'Specialist Immunologic Consultation' may have been delivered on 2024-02-09 (an unresolved description that day) ; H4-L00035-10: 'IMMUN - spclst /CW-9956' is unresolved (missing_discriminator): the only contracted service it fits is Specialist Immunologic Consultation, but the text does not rule out an uncontracted service ; a provisional total of 4272200 was computed but is not contractually defensible, so no corrected total is submitted ; not flagged, but some lines could not be identified, so not every rule could be checked",4272200
INV-H4-000036,0,,2580775,2580775,0.65,medium,1,1,2580775,INV-H4-000036#0,"not flagged; identity rests partly on a unit-basis tie-break, or the total is not reconstructable",2580775
INV-H4-000037,0,,,4330300,0.40,low,0,0,,INV-H4-000037#0,"H4-L00037-02: 'FOCUSED biop PROC' is unresolved (missing_discriminator): the only contracted service it fits is Focused Metabolic Biopsy Procedure, but the text does not rule out an uncontracted service ; H4-L00037-07: bundle partner 'Specialist Immunologic Consultation' may have been delivered on 2024-02-09 (an unresolved description that day) ; H4-L00037-08: 'SPCLST immunologic /CW-6493' is unresolved (missing_discriminator): the only contracted service it fits is Specialist Immunologic Consultation, but the text does not rule out an uncontracted service ; H4-L00037-12: 'supv  NURSING obs' is unresolved (missing_discriminator): the only contracted service it fits is Supervised Gastrointestinal Nursing Observation, but the text does not rule out an uncontracted service ; a provisional total of 4330300 was computed but is not contractually defensible, so no corrected total is submitted ; not flagged, but some lines could not be identified, so not every rule could be checked",4330300
INV-H4-000038,0,,2275900,2275900,0.85,high,1,1,2275900,INV-H4-000038#0,not flagged; every line identified from text and priced exactly,2275900
INV-H4-000039,0,,3695050,3695050,0.85,high,1,1,3695050,INV-H4-000039#0,not flagged; every line identified from text and priced exactly,3695050
INV-H4-000040,0,,,4906925,0.40,low,0,0,,INV-H4-000040#0,"H4-L00040-02: 'conf - UROL cs /CW-3094' is unresolved (missing_discriminator): the only contracted service it fits is Focused Urologic Case Conference, but the text does not rule out an uncontracted service ; a provisional total of 4906925 was computed but is not contractually defensible, so no corrected total is submitted ; not flagged, but some lines could not be identified, so not every rule could be checked",4906925
INV-H4-000041,0,,2268000,2268000,0.85,high,1,1,2268000,INV-H4-000041#0,not flagged; every line identified from text and priced exactly,2268000
INV-H4-000042,0,,3924275,3924275,0.65,medium,1,1,3924275,INV-H4-000042#0,"not flagged; identity rests partly on a unit-basis tie-break, or the total is not reconstructable",3924275
INV-H4-000043,0,,1803400,1803400,0.85,high,1,1,1803400,INV-H4-000043#0,not flagged; every line identified from text and priced exactly,1803400
INV-H4-000044,0,,,2826210,0.40,low,0,0,,INV-H4-000044#0,"H4-L00044-05: 'HEP - inf THERAPY' is unresolved (missing_discriminator): the only contracted service it fits is Standard Hepatic Infusion Therapy, but the text does not rule out an uncontracted service ; a provisional total of 2826210 was computed but is not contractually defensible, so no corrected total is submitted ; not flagged, but some lines could not be identified, so not every rule could be checked",2826210
INV-H4-000045,0,,2151575,2151575,0.85,high,1,1,2151575,INV-H4-000045#0,not flagged; every line identified from text and priced exactly,2151575
INV-H4-000046,0,,2192275,2192275,0.85,high,1,1,2192275,INV-H4-000046#0,not flagged; every line identified from text and priced exactly,2192275
INV-H4-000047,0,,,3509309,0.40,low,0,0,,INV-H4-000047#0,"H4-L00047-08: 'service - INTENS steril /CW-8257' is unresolved (missing_discriminator): the only contracted service it fits is Intensive Vascular Sterilisation Service, but the text does not rule out an uncontracted service ; H4-L00047-13: 'gi - IMG interp' is unresolved (missing_discriminator): the only contracted service it fits is Specialist Gastrointestinal Imaging Interpretation, but the text does not rule out an uncontracted service ; a provisional total of 3509309 was computed but is not contractually defensible, so no corrected total is submitted ; not flagged, but some lines could not be identified, so not every rule could be checked",3509309
INV-H4-000048,0,,,1024025,0.40,low,0,0,,INV-H4-000048#0,"H4-L00048-06: 'SUPP asst VENTILATION /CW-3888' is unresolved (missing_discriminator): the only contracted service it fits is Assisted Cardiac Ventilation Support, but the text does not rule out an uncontracted service ; a provisional total of 1024025 was computed but is not contractually defensible, so no corrected total is submitted ; not flagged, but some lines could not be identified, so not every rule could be checked",1024025
INV-H4-000049,0,,,2746450,0.40,low,0,0,,INV-H4-000049#0,"H4-L00049-01: bundle partner 'Specialist Immunologic Consultation' may have been delivered on 2024-02-23 (an unresolved description that day) ; H4-L00049-02: 'SPCLST immunologic /CW-6493' is unresolved (missing_discriminator): the only contracted service it fits is Specialist Immunologic Consultation, but the text does not rule out an uncontracted service ; a provisional total of 2746450 was computed but is not contractually defensible, so no corrected total is submitted ; not flagged, but some lines could not be identified, so not every rule could be checked",2746450
INV-H4-000050,0,,,3023285,0.40,low,0,0,,INV-H4-000050#0,"H4-L00050-08: 'conf - UROL cs /CW-3094' is unresolved (missing_discriminator): the only contracted service it fits is Focused Urologic Case Conference, but the text does not rule out an uncontracted service ; H4-L00050-09: 'haematology - TRANSF svc' is unresolved (missing_discriminator): the only contracted service it fits is Ambulatory Haematology Transfusion Service, but the text does not rule out an uncontracted service ; H4-L00050-10: 'INFECT - critical CARE occ' is unresolved (missing_discriminator): the only contracted service it fits is Continuous Infectious Critical Care Occupancy, but the text does not rule out an uncontracted service ; a provisional total of 3023285 was computed but is not contractually defensible, so no corrected total is submitted ; not flagged, but some lines could not be identified, so not every rule could be checked",3023285
INV-H4-000051,0,,,4283425,0.40,low,0,0,,INV-H4-000051#0,"H4-L00051-03: 'ELECT - nurs OBS' is unresolved (missing_discriminator): the only contracted service it fits is Elective Gastrointestinal Nursing Observation, but the text does not rule out an uncontracted service ; H4-L00051-04: 'SPCLST - consult' is unresolved (missing_discriminator): the only contracted service it fits is Specialist Immunologic Consultation, but the text does not rule out an uncontracted service ; H4-L00051-05: 'supv  NURSING obs' is unresolved (missing_discriminator): the only contracted service it fits is Supervised Gastrointestinal Nursing Observation, but the text does not rule out an uncontracted service ; H4-L00051-08: 'supv  NURSING obs' is unresolved (missing_discriminator): the only contracted service it fits is Supervised Gastrointestinal Nursing Observation, but the text does not rule out an uncontracted service ; H4-L00051-09: 'SUPP asst VENTILATION /CW-3888' is unresolved (missing_discriminator): the only contracted service it fits is Assisted Cardiac Ventilation Support, but the text does not rule out an uncontracted service ; a provisional total of 4283425 was computed but is not contractually defensible, so no corrected total is submitted ; not flagged, but some lines could not be identified, so not every rule could be checked",4283425
INV-H4-000052,0,,,2886250,0.40,low,0,0,,INV-H4-000052#0,"H4-L00052-09: 'assisted - NUTR supp' is unresolved (missing_discriminator): the only contracted service it fits is Assisted Renal Nutritional Support, but the text does not rule out an uncontracted service ; H4-L00052-10: 'gi - IMG interp' is unresolved (missing_discriminator): the only contracted service it fits is Specialist Gastrointestinal Imaging Interpretation, but the text does not rule out an uncontracted service ; a provisional total of 2886250 was computed but is not contractually defensible, so no corrected total is submitted ; not flagged, but some lines could not be identified, so not every rule could be checked",2886250
INV-H4-000053,1,unknown_service|wrong_unit_basis,,3818450,0.40,low,0,0,,INV-H4-000053#0,"H4-L00053-01: service not contracted, so no contract price exists ; H4-L00053-07: service not contracted, so no contract price exists ; a provisional total of 3818450 was computed but is not contractually defensible, so no corrected total is submitted ; a finding rests on reading free text, or the corrected total cannot be reconstructed",3818450
INV-H4-000054,0,,,1927440,0.40,low,0,0,,INV-H4-000054#0,"H4-L00054-13: 'HEP - inf THERAPY' is unresolved (missing_discriminator): the only contracted service it fits is Standard Hepatic Infusion Therapy, but the text does not rule out an uncontracted service ; a provisional total of 1927440 was computed but is not contractually defensible, so no corrected total is submitted ; not flagged, but some lines could not be identified, so not every rule could be checked",1927440
INV-H4-000055,0,,3426725,3426725,0.85,high,1,1,3426725,INV-H4-000055#0,not flagged; every line identified from text and priced exactly,3426725
INV-H4-000056,0,,,1540100,0.40,low,0,0,,INV-H4-000056#0,"H4-L00056-01: 'ORTHOPAEDIC recov RM occupancy /CW-4525' is unresolved (missing_discriminator): the only contracted service it fits is Outpatient Orthopaedic Recovery Room Occupancy, but the text does not rule out an uncontracted service ; a provisional total of 1540100 was computed but is not contractually defensible, so no corrected total is submitted ; not flagged, but some lines could not be identified, so not every rule could be checked",1540100
INV-H4-000057,0,,3328750,3328750,0.85,high,1,1,3328750,INV-H4-000057#0,not flagged; every line identified from text and priced exactly,3328750
INV-H4-000058,0,,,1646025,0.40,low,0,0,,INV-H4-000058#0,"H4-L00058-04: 'supv  - DIAL sess /CW-1782' is unresolved (missing_discriminator): the only contracted service it fits is Supervised Rheumatologic Dialysis Session, but the text does not rule out an uncontracted service ; a provisional total of 1646025 was computed but is not contractually defensible, so no corrected total is submitted ; not flagged, but some lines could not be identified, so not every rule could be checked",1646025
INV-H4-000059,0,,822175,822175,0.85,high,1,1,822175,INV-H4-000059#0,not flagged; every line identified from text and priced exactly,822175
INV-H4-000060,0,,805625,805625,0.65,medium,1,1,805625,INV-H4-000060#0,"not flagged; identity rests partly on a unit-basis tie-break, or the total is not reconstructable",805625
INV-H4-000061,0,,,1590875,0.40,low,0,0,,INV-H4-000061#0,"H4-L00061-03: 'rheum - RADIOTHERAPY fract /CW-5238' is unresolved (missing_discriminator): the only contracted service it fits is Intensive Rheumatologic Radiotherapy Fraction, but the text does not rule out an uncontracted service ; a provisional total of 1590875 was computed but is not contractually defensible, so no corrected total is submitted ; not flagged, but some lines could not be identified, so not every rule could be checked",1590875
INV-H4-000062,0,,,3792825,0.40,low,0,0,,INV-H4-000062#0,"H4-L00062-09: 'msk - SPCM analysis' is unresolved (missing_discriminator): the only contracted service it fits is Ambulatory Musculoskeletal Specimen Analysis, but the text does not rule out an uncontracted service ; H4-L00062-16: 'SPCLST - consult' is unresolved (missing_discriminator): the only contracted service it fits is Specialist Immunologic Consultation, but the text does not rule out an uncontracted service ; a provisional total of 3792825 was computed but is not contractually defensible, so no corrected total is submitted ; not flagged, but some lines could not be identified, so not every rule could be checked",3792825
INV-H4-000063,0,,,2568575,0.40,low,0,0,,INV-H4-000063#0,"H4-L00063-16: bundle partner 'Continuous Psychiatric Rehabilitation Programme' may have been delivered on 2024-03-08 (an unresolved description that day) ; H4-L00063-17: 'prog CONT rehab /CW-3359' is unresolved (missing_discriminator): the only contracted service it fits is Continuous Psychiatric Rehabilitation Programme, but the text does not rule out an uncontracted service ; H4-L00063-18: 'ortho - ANAES admin /CW-8548' is unresolved (missing_discriminator): the only contracted service it fits is Inpatient Orthopaedic Anaesthesia Administration, but the text does not rule out an uncontracted service ; a provisional total of 2568575 was computed but is not contractually defensible, so no corrected total is submitted ; not flagged, but some lines could not be identified, so not every rule could be checked",2568575
INV-H4-000064,0,,1531425,1531425,0.85,high,1,1,1531425,INV-H4-000064#0,not flagged; every line identified from text and priced exactly,1531425
INV-H4-000065,0,,540310,540310,0.85,high,1,1,540310,INV-H4-000065#0,not flagged; every line identified from text and priced exactly,540310
INV-H4-000066,0,,,4668562,0.40,low,0,0,,INV-H4-000066#0,"H4-L00066-14: 'REN - wd BD occ /CW-4382' is unresolved (missing_discriminator): the only contracted service it fits is Extended Renal Ward Bed Occupancy, but the text does not rule out an uncontracted service ; a provisional total of 4668562 was computed but is not contractually defensible, so no corrected total is submitted ; not flagged, but some lines could not be identified, so not every rule could be checked",4668562
INV-H4-000067,0,,,3881800,0.40,low,0,0,,INV-H4-000067#0,"H4-L00067-13: 'supv  - DIAL sess /CW-1782' is unresolved (missing_discriminator): the only contracted service it fits is Supervised Rheumatologic Dialysis Session, but the text does not rule out an uncontracted service ; H4-L00067-14: 'SPCLST - consult' is unresolved (missing_discriminator): the only contracted service it fits is Specialist Immunologic Consultation, but the text does not rule out an uncontracted service ; a provisional total of 3881800 was computed but is not contractually defensible, so no corrected total is submitted ; not flagged, but some lines could not be identified, so not every rule could be checked",3881800
INV-H4-000068,0,,1482320,1482320,0.85,high,1,1,1482320,INV-H4-000068#0,not flagged; every line identified from text and priced exactly,1482320
INV-H4-000069,0,,,3522700,0.40,low,0,0,,INV-H4-000069#0,"H4-L00069-11: 'ASSISTED spcm ANALYSIS /CW-2232' is unresolved (missing_discriminator): the only contracted service it fits is Assisted Obstetric Specimen Analysis, but the text does not rule out an uncontracted service ; H4-L00069-15: 'ELECT - nurs OBS' is unresolved (missing_discriminator): the only contracted service it fits is Elective Gastrointestinal Nursing Observation, but the text does not rule out an uncontracted service ; a provisional total of 3522700 was computed but is not contractually defensible, so no corrected total is submitted ; not flagged, but some lines could not be identified, so not every rule could be checked",3522700
INV-H4-000070,0,,,4395000,0.40,low,0,0,,INV-H4-000070#0,"H4-L00070-01: bundle partner 'Specialist Immunologic Consultation' may have been delivered on 2024-03-10 (an unresolved description that day) ; H4-L00070-02: 'IMMUN - spclst /CW-9956' is unresolved (missing_discriminator): the only contracted service it fits is Specialist Immunologic Consultation, but the text does not rule out an uncontracted service ; H4-L00070-03: 'ortho - ANAES admin /CW-8548' is unresolved (missing_discriminator): the only contracted service it fits is Inpatient Orthopaedic Anaesthesia Administration, but the text does not rule out an uncontracted service ; H4-L00070-16: 'postoperative CS conference /CW-1435' is unresolved (missing_discriminator): the only contracted service it fits is Postoperative Geriatric Case Conference, but the text does not rule out an uncontracted service ; a provisional total of 4395000 was computed but is not contractually defensible, so no corrected total is submitted ; not flagged, but some lines could not be identified, so not every rule could be checked",4395000
INV-H4-000071,0,,,1617900,0.40,low,0,0,,INV-H4-000071#0,"H4-L00071-02: 'OCC - std CRIT cr /CW-1779' is unresolved (missing_discriminator): the only contracted service it fits is Standard Orthopaedic Critical Care Occupancy, but the text does not rule out an uncontracted service ; a provisional total of 1617900 was computed but is not contractually defensible, so no corrected total is submitted ; not flagged, but some lines could not be identified, so not every rule could be checked",1617900
INV-H4-000072,0,,1932625,1932625,0.85,high,1,1,1932625,INV-H4-000072#0,not flagged; every line identified from text and priced exactly,1932625
INV-H4-000073,1,duplicate_invoice_id,,1732300,0.85,high,0,0,,INV-H4-000073#0|INV-H4-000073#1,"H4-L00517-04: 'amb WD bed OCC /CW-2964' is unresolved (tied_candidates) between Ambulatory Cardiac Ward Bed Occupancy, Ambulatory Immunologic Ward Bed Occupancy ; H4-L00517-07: 'OUTPT recov RM occ' is unresolved (missing_discriminator): the only contracted service it fits is Outpatient Orthopaedic Recovery Room Occupancy, but the text does not rule out an uncontracted service ; H4-L00517-08: bundle partner 'Outpatient Orthopaedic Recovery Room Occupancy' may have been delivered on 2025-04-08 (an unresolved description that day) ; invoice number reused: this row represents occurrence INV-H4-000073#1; earlier occurrence(s) INV-H4-000073#0 (0 finding(s)) are audited separately in findings.csv ; a provisional total of 1732300 was computed but is not contractually defensible, so no corrected total is submitted ; every finding follows from the invoice's own fields, independent of service identity",1732300
INV-H4-000074,1,volume_discount_incorrectly_applied|unit_price_mismatch,,3497250,0.40,low,0,0,,INV-H4-000074#0,"H4-L00074-08: 'plng EXT disch /CW-9928' is unresolved (missing_discriminator): the only contracted service it fits is Extended Hepatic Discharge Planning, but the text does not rule out an uncontracted service ; a provisional total of 3253770 was computed but is not contractually defensible, so no corrected total is submitted ; a finding rests on reading free text, or the corrected total cannot be reconstructed",3253770
INV-H4-000075,0,,,2816942,0.40,low,0,0,,INV-H4-000075#0,"H4-L00075-02: 'msk - SPCM analysis' is unresolved (missing_discriminator): the only contracted service it fits is Ambulatory Musculoskeletal Specimen Analysis, but the text does not rule out an uncontracted service ; H4-L00075-03: 'gi - IMG interp' is unresolved (missing_discriminator): the only contracted service it fits is Specialist Gastrointestinal Imaging Interpretation, but the text does not rule out an uncontracted service ; H4-L00075-09: 'occ PALLIATIVE recov RM' is unresolved (missing_discriminator): the only contracted service it fits is Postoperative Palliative Recovery Room Occupancy, but the text does not rule out an uncontracted service ; a provisional total of 2816942 was computed but is not contractually defensible, so no corrected total is submitted ; not flagged, but some lines could not be identified, so not every rule could be checked",2816942
INV-H4-000076,0,,,1949250,0.40,low,0,0,,INV-H4-000076#0,"H4-L00076-05: bundle partner 'Outpatient Orthopaedic Recovery Room Occupancy' may have been delivered on 2024-03-18 (an unresolved description that day) ; H4-L00076-06: 'ORTHOPAEDIC recov RM occupancy /CW-4525' is unresolved (missing_discriminator): the only contracted service it fits is Outpatient Orthopaedic Recovery Room Occupancy, but the text does not rule out an uncontracted service ; a provisional total of 1949250 was computed but is not contractually defensible, so no corrected total is submitted ; not flagged, but some lines could not be identified, so not every rule could be checked",1949250
INV-H4-000077,0,,,2865381,0.40,low,0,0,,INV-H4-000077#0,"H4-L00077-01: 'supv  - DIAL sess /CW-1782' is unresolved (missing_discriminator): the only contracted service it fits is Supervised Rheumatologic Dialysis Session, but the text does not rule out an uncontracted service ; H4-L00077-02: 'SPCLST immunologic /CW-6493' is unresolved (missing_discriminator): the only contracted service it fits is Specialist Immunologic Consultation, but the text does not rule out an uncontracted service ; H4-L00077-10: 'ortho - ANAES administration' is unresolved (missing_discriminator): the only contracted service it fits is Inpatient Orthopaedic Anaesthesia Administration, but the text does not rule out an uncontracted service ; a provisional total of 2865381 was computed but is not contractually defensible, so no corrected total is submitted ; not flagged, but some lines could not be identified, so not every rule could be checked",2865381
INV-H4-000078,0,,2875625,2875625,0.85,high,1,1,2875625,INV-H4-000078#0,not flagged; every line identified from text and priced exactly,2875625
INV-H4-000079,1,duplicate_invoice_id,,1486726,0.85,high,0,0,,INV-H4-000079#0|INV-H4-000079#1,"H4-L00303-02: 'HEP - inf THERAPY' is unresolved (missing_discriminator): the only contracted service it fits is Standard Hepatic Infusion Therapy, but the text does not rule out an uncontracted service ; H4-L00303-04: 'interpretation - COMPR img /CW-2951' is unresolved (missing_discriminator): the only contracted service it fits is Comprehensive Urologic Imaging Interpretation, but the text does not rule out an uncontracted service ; H4-L00303-09: 'interpretation - COMPR img /CW-2951' is unresolved (missing_discriminator): the only contracted service it fits is Comprehensive Urologic Imaging Interpretation, but the text does not rule out an uncontracted service ; invoice number reused: this row represents occurrence INV-H4-000079#1; earlier occurrence(s) INV-H4-000079#0 (2 finding(s)) are audited separately in findings.csv ; a provisional total of 1486726 was computed but is not contractually defensible, so no corrected total is submitted ; every finding follows from the invoice's own fields, independent of service identity",1486726
INV-H4-000080,0,,3508000,3508000,0.85,high,1,1,3508000,INV-H4-000080#0,not flagged; every line identified from text and priced exactly,3508000
INV-H4-000081,0,,,3437800,0.40,low,0,0,,INV-H4-000081#0,"H4-L00081-01: 'INFECT - critical CARE occ' is unresolved (missing_discriminator): the only contracted service it fits is Continuous Infectious Critical Care Occupancy, but the text does not rule out an uncontracted service ; H4-L00081-07: 'prog CONT rehab /CW-3359' is unresolved (missing_discriminator): the only contracted service it fits is Continuous Psychiatric Rehabilitation Programme, but the text does not rule out an uncontracted service ; a provisional total of 3437800 was computed but is not contractually defensible, so no corrected total is submitted ; not flagged, but some lines could not be identified, so not every rule could be checked",3437800
INV-H4-000082,0,,5197300,5197300,0.65,medium,1,1,5197300,INV-H4-000082#0,"not flagged; identity rests partly on a unit-basis tie-break, or the total is not reconstructable",5197300
INV-H4-000083,0,,3067400,3067400,0.85,high,1,1,3067400,INV-H4-000083#0,not flagged; every line identified from text and priced exactly,3067400
INV-H4-000084,0,,4715550,4715550,0.85,high,1,1,4715550,INV-H4-000084#0,not flagged; every line identified from text and priced exactly,4715550
INV-H4-000085,0,,3151125,3151125,0.85,high,1,1,3151125,INV-H4-000085#0,not flagged; every line identified from text and priced exactly,3151125
INV-H4-000086,0,,,1398675,0.40,low,0,0,,INV-H4-000086#0,"H4-L00086-03: 'gi - IMG interp' is unresolved (missing_discriminator): the only contracted service it fits is Specialist Gastrointestinal Imaging Interpretation, but the text does not rule out an uncontracted service ; H4-L00086-05: 'plng EXT disch /CW-9928' is unresolved (missing_discriminator): the only contracted service it fits is Extended Hepatic Discharge Planning, but the text does not rule out an uncontracted service ; a provisional total of 1398675 was computed but is not contractually defensible, so no corrected total is submitted ; not flagged, but some lines could not be identified, so not every rule could be checked",1398675
INV-H4-000087,0,,,3411011,0.40,low,0,0,,INV-H4-000087#0,"H4-L00087-15: 'anly INTENS spcm' is unresolved (missing_discriminator): the only contracted service it fits is Intensive Urologic Specimen Analysis, but the text does not rule out an uncontracted service ; H4-L00087-16: 'OCC - std CRIT cr /CW-1779' is unresolved (missing_discriminator): the only contracted service it fits is Standard Orthopaedic Critical Care Occupancy, but the text does not rule out an uncontracted service ; H4-L00087-17: 'HEP - inf THERAPY' is unresolved (missing_discriminator): the only contracted service it fits is Standard Hepatic Infusion Therapy, but the text does not rule out an uncontracted service ; a provisional total of 3411011 was computed but is not contractually defensible, so no corrected total is submitted ; not flagged, but some lines could not be identified, so not every rule could be checked",3411011
INV-H4-000088,0,,5285671,5285671,0.65,medium,1,1,5285671,INV-H4-000088#0,"not flagged; identity rests partly on a unit-basis tie-break, or the total is not reconstructable",5285671
INV-H4-000089,0,,1592319,1592319,0.85,high,1,1,1592319,INV-H4-000089#0,not flagged; every line identified from text and priced exactly,1592319
INV-H4-000090,0,,,1209350,0.40,low,0,0,,INV-H4-000090#0,"H4-L00090-04: 'INFECT - critical CARE occ' is unresolved (missing_discriminator): the only contracted service it fits is Continuous Infectious Critical Care Occupancy, but the text does not rule out an uncontracted service ; H4-L00090-08: 'interpretation - COMPR img /CW-2951' is unresolved (missing_discriminator): the only contracted service it fits is Comprehensive Urologic Imaging Interpretation, but the text does not rule out an uncontracted service ; a provisional total of 1209350 was computed but is not contractually defensible, so no corrected total is submitted ; not flagged, but some lines could not be identified, so not every rule could be checked",1209350
INV-H4-000091,0,,,1420275,0.40,low,0,0,,INV-H4-000091#0,"H4-L00091-03: 'gi - IMG interp' is unresolved (missing_discriminator): the only contracted service it fits is Specialist Gastrointestinal Imaging Interpretation, but the text does not rule out an uncontracted service ; a provisional total of 1420275 was computed but is not contractually defensible, so no corrected total is submitted ; not flagged, but some lines could not be identified, so not every rule could be checked",1420275
INV-H4-000092,0,,,3900715,0.40,low,0,0,,INV-H4-000092#0,"H4-L00092-18: 'assisted - NUTR supp' is unresolved (missing_discriminator): the only contracted service it fits is Assisted Renal Nutritional Support, but the text does not rule out an uncontracted service ; a provisional total of 3900715 was computed but is not contractually defensible, so no corrected total is submitted ; not flagged, but some lines could not be identified, so not every rule could be checked",3900715
INV-H4-000093,0,,2654600,2654600,0.85,high,1,1,2654600,INV-H4-000093#0,not flagged; every line identified from text and priced exactly,2654600
INV-H4-000094,0,,,2378395,0.40,low,0,0,,INV-H4-000094#0,"H4-L00094-03: bundle partner 'Supervised Rheumatologic Dialysis Session' may have been delivered on 2024-03-29 (an unresolved description that day) ; H4-L00094-04: 'supv  - DIAL sess /CW-1782' is unresolved (missing_discriminator): the only contracted service it fits is Supervised Rheumatologic Dialysis Session, but the text does not rule out an uncontracted service ; H4-L00094-09: 'INFECT - critical CARE occ' is unresolved (missing_discriminator): the only contracted service it fits is Continuous Infectious Critical Care Occupancy, but the text does not rule out an uncontracted service ; a provisional total of 2378395 was computed but is not contractually defensible, so no corrected total is submitted ; not flagged, but some lines could not be identified, so not every rule could be checked",2378395
INV-H4-000095,1,wrong_unit_basis|line_total_arithmetic,1804850,1797350,0.85,high,1,1,1804850,INV-H4-000095#0,"findings apply contract rules to services identified from text, priced exactly",1804850
INV-H4-000096,0,,,2712075,0.40,low,0,0,,INV-H4-000096#0,"H4-L00096-11: 'SPCLST - consult' is unresolved (missing_discriminator): the only contracted service it fits is Specialist Immunologic Consultation, but the text does not rule out an uncontracted service ; a provisional total of 2712075 was computed but is not contractually defensible, so no corrected total is submitted ; not flagged, but some lines could not be identified, so not every rule could be checked",2712075
INV-H4-000097,0,,,2515900,0.40,low,0,0,,INV-H4-000097#0,"H4-L00097-07: 'haematology - TRANSF svc' is unresolved (missing_discriminator): the only contracted service it fits is Ambulatory Haematology Transfusion Service, but the text does not rule out an uncontracted service ; H4-L00097-08: 'ORTHOPAEDIC recov RM occupancy /CW-4525' is unresolved (missing_discriminator): the only contracted service it fits is Outpatient Orthopaedic Recovery Room Occupancy, but the text does not rule out an uncontracted service ; a provisional total of 2515900 was computed but is not contractually defensible, so no corrected total is submitted ; not flagged, but some lines could not be identified, so not every rule could be checked",2515900
INV-H4-000098,0,,,2846400,0.40,low,0,0,,INV-H4-000098#0,"H4-L00098-06: 'IMMUN - spclst /CW-9956' is unresolved (missing_discriminator): the only contracted service it fits is Specialist Immunologic Consultation, but the text does not rule out an uncontracted service ; H4-L00098-07: bundle partner 'Specialist Immunologic Consultation' may have been delivered on 2024-03-30 (an unresolved description that day) ; H4-L00098-12: 'haematology - TRANSF svc' is unresolved (missing_discriminator): the only contracted service it fits is Ambulatory Haematology Transfusion Service, but the text does not rule out an uncontracted service ; a provisional total of 2846400 was computed but is not contractually defensible, so no corrected total is submitted ; not flagged, but some lines could not be identified, so not every rule could be checked",2846400
INV-H4-000099,0,,3632444,3632444,0.85,high,1,1,3632444,INV-H4-000099#0,not flagged; every line identified from text and priced exactly,3632444
INV-H4-000100,0,,,1400750,0.40,low,0,0,,INV-H4-000100#0,"H4-L00100-01: 'anly INTENS spcm' is unresolved (missing_discriminator): the only contracted service it fits is Intensive Urologic Specimen Analysis, but the text does not rule out an uncontracted service ; a provisional total of 1400750 was computed but is not contractually defensible, so no corrected total is submitted ; not flagged, but some lines could not be identified, so not every rule could be checked",1400750
INV-H4-000101,0,,997375,997375,0.65,medium,1,1,997375,INV-H4-000101#0,"not flagged; identity rests partly on a unit-basis tie-break, or the total is not reconstructable",997375
INV-H4-000102,0,,,1967575,0.40,low,0,0,,INV-H4-000102#0,"H4-L00102-01: 'renal ANAES admin' is unresolved (missing_discriminator): the only contracted service it fits is Intermittent Renal Anaesthesia Administration, but the text does not rule out an uncontracted service ; a provisional total of 1967575 was computed but is not contractually defensible, so no corrected total is submitted ; not flagged, but some lines could not be identified, so not every rule could be checked",1967575
INV-H4-000103,0,,4815295,4815295,0.85,high,1,1,4815295,INV-H4-000103#0,not flagged; every line identified from text and priced exactly,4815295
INV-H4-000104,1,contract_number_mismatch,,763938,0.85,high,0,0,,INV-H4-000104#0,"H4-L00104-01: 'SPCLST immunologic /CW-6493' is unresolved (missing_discriminator): the only contracted service it fits is Specialist Immunologic Consultation, but the text does not rule out an uncontracted service ; a provisional total of 763938 was computed but is not contractually defensible, so no corrected total is submitted ; every finding follows from the invoice's own fields, independent of service identity",763938
INV-H4-000105,1,service_date_after_invoice_date|premium_omitted,1384350,1369450,0.65,medium,1,1,1384350,INV-H4-000105#0,"findings apply contract rules to resolved services but depend on hospital-wide state, a recorded policy or a unit-basis tie-break",1384350
INV-H4-000106,0,,1241425,1241425,0.85,high,1,1,1241425,INV-H4-000106#0,not flagged; every line identified from text and priced exactly,1241425
INV-H4-000107,0,,,2848100,0.40,low,0,0,,INV-H4-000107#0,"H4-L00107-02: 'amb WD bed OCC /CW-2964' is unresolved (tied_candidates) between Ambulatory Cardiac Ward Bed Occupancy, Ambulatory Immunologic Ward Bed Occupancy ; H4-L00107-19: 'conf - UROL cs /CW-3094' is unresolved (missing_discriminator): the only contracted service it fits is Focused Urologic Case Conference, but the text does not rule out an uncontracted service ; a provisional total of 2848100 was computed but is not contractually defensible, so no corrected total is submitted ; not flagged, but some lines could not be identified, so not every rule could be checked",2848100
INV-H4-000108,0,,,1704800,0.40,low,0,0,,INV-H4-000108#0,"H4-L00108-01: 'OUTPT recov RM occ' is unresolved (missing_discriminator): the only contracted service it fits is Outpatient Orthopaedic Recovery Room Occupancy, but the text does not rule out an uncontracted service ; a provisional total of 1704800 was computed but is not contractually defensible, so no corrected total is submitted ; not flagged, but some lines could not be identified, so not every rule could be checked",1704800
INV-H4-000109,0,,,4800150,0.40,low,0,0,,INV-H4-000109#0,"H4-L00109-15: 'plng EXT disch /CW-9928' is unresolved (missing_discriminator): the only contracted service it fits is Extended Hepatic Discharge Planning, but the text does not rule out an uncontracted service ; a provisional total of 4800150 was computed but is not contractually defensible, so no corrected total is submitted ; not flagged, but some lines could not be identified, so not every rule could be checked",4800150
INV-H4-000110,0,,,1614575,0.40,low,0,0,,INV-H4-000110#0,"H4-L00110-07: 'interp COMPR img /CW-6998' is unresolved (missing_discriminator): the only contracted service it fits is Comprehensive Urologic Imaging Interpretation, but the text does not rule out an uncontracted service ; a provisional total of 1614575 was computed but is not contractually defensible, so no corrected total is submitted ; not flagged, but some lines could not be identified, so not every rule could be checked",1614575
INV-H4-000111,0,,,3388731,0.40,low,0,0,,INV-H4-000111#0,"H4-L00111-17: 'OCC - std CRIT cr /CW-1779' is unresolved (missing_discriminator): the only contracted service it fits is Standard Orthopaedic Critical Care Occupancy, but the text does not rule out an uncontracted service ; a provisional total of 3388731 was computed but is not contractually defensible, so no corrected total is submitted ; not flagged, but some lines could not be identified, so not every rule could be checked",3388731
INV-H4-000112,0,,,1157155,0.40,low,0,0,,INV-H4-000112#0,"H4-L00112-06: bundle partner 'Continuous Psychiatric Rehabilitation Programme' may have been delivered on 2024-04-18 (an unresolved description that day) ; H4-L00112-07: 'prog CONT rehab /CW-3359' is unresolved (missing_discriminator): the only contracted service it fits is Continuous Psychiatric Rehabilitation Programme, but the text does not rule out an uncontracted service ; a provisional total of 1157155 was computed but is not contractually defensible, so no corrected total is submitted ; not flagged, but some lines could not be identified, so not every rule could be checked",1157155
INV-H4-000113,0,,,1557700,0.40,low,0,0,,INV-H4-000113#0,"H4-L00113-03: 'IMMUN - spclst /CW-9956' is unresolved (missing_discriminator): the only contracted service it fits is Specialist Immunologic Consultation, but the text does not rule out an uncontracted service ; H4-L00113-04: bundle partner 'Specialist Immunologic Consultation' may have been delivered on 2024-04-16 (an unresolved description that day) ; H4-L00113-05: 'card  - HOME vst' is unresolved (tied_candidates) between Bedside Cardiac Home Visit, Routine Cardiac Home Visit ; a provisional total of 1557700 was computed but is not contractually defensible, so no corrected total is submitted ; not flagged, but some lines could not be identified, so not every rule could be checked",1557700
INV-H4-000114,0,,4447625,4447625,0.65,medium,1,1,4447625,INV-H4-000114#0,"not flagged; identity rests partly on a unit-basis tie-break, or the total is not reconstructable",4447625
INV-H4-000115,0,,,3446700,0.40,low,0,0,,INV-H4-000115#0,"H4-L00115-03: 'anly INTENS spcm' is unresolved (missing_discriminator): the only contracted service it fits is Intensive Urologic Specimen Analysis, but the text does not rule out an uncontracted service ; a provisional total of 3446700 was computed but is not contractually defensible, so no corrected total is submitted ; not flagged, but some lines could not be identified, so not every rule could be checked",3446700
INV-H4-000116,0,,3422822,3422822,0.85,high,1,1,3422822,INV-H4-000116#0,not flagged; every line identified from text and priced exactly,3422822
INV-H4-000117,0,,1002076,1002076,0.85,high,1,1,1002076,INV-H4-000117#0,not flagged; every line identified from text and priced exactly,1002076
INV-H4-000118,0,,3885968,3885968,0.85,high,1,1,3885968,INV-H4-000118#0,not flagged; every line identified from text and priced exactly,3885968
INV-H4-000119,0,,,1533750,0.40,low,0,0,,INV-H4-000119#0,"H4-L00119-05: 'OUTPT recov RM occ' is unresolved (missing_discriminator): the only contracted service it fits is Outpatient Orthopaedic Recovery Room Occupancy, but the text does not rule out an uncontracted service ; a provisional total of 1533750 was computed but is not contractually defensible, so no corrected total is submitted ; not flagged, but some lines could not be identified, so not every rule could be checked",1533750
INV-H4-000120,0,,2225600,2225600,0.85,high,1,1,2225600,INV-H4-000120#0,not flagged; every line identified from text and priced exactly,2225600
INV-H4-000121,1,service_date_after_invoice_date,1732875,1732875,0.85,high,1,1,1732875,INV-H4-000121#0,"every finding follows from the invoice's own fields, independent of service identity",1732875
INV-H4-000122,0,,2184175,2184175,0.85,high,1,1,2184175,INV-H4-000122#0,not flagged; every line identified from text and priced exactly,2184175
INV-H4-000123,0,,3924125,3924125,0.85,high,1,1,3924125,INV-H4-000123#0,not flagged; every line identified from text and priced exactly,3924125
INV-H4-000124,0,,5059925,5059925,0.65,medium,1,1,5059925,INV-H4-000124#0,"not flagged; identity rests partly on a unit-basis tie-break, or the total is not reconstructable",5059925
INV-H4-000125,1,unknown_service,,2398750,0.40,low,0,0,,INV-H4-000125#0,"H4-L00125-07: 'interpretation - COMPR img /CW-2951' is unresolved (missing_discriminator): the only contracted service it fits is Comprehensive Urologic Imaging Interpretation, but the text does not rule out an uncontracted service ; H4-L00125-14: service not contracted, so no contract price exists ; a provisional total of 2398750 was computed but is not contractually defensible, so no corrected total is submitted ; a finding rests on reading free text, or the corrected total cannot be reconstructed",2398750
INV-H4-000126,0,,1198500,1198500,0.85,high,1,1,1198500,INV-H4-000126#0,not flagged; every line identified from text and priced exactly,1198500
INV-H4-000127,0,,4277050,4277050,0.85,high,1,1,4277050,INV-H4-000127#0,not flagged; every line identified from text and priced exactly,4277050
INV-H4-000128,0,,2878080,2878080,0.85,high,1,1,2878080,INV-H4-000128#0,not flagged; every line identified from text and priced exactly,2878080
INV-H4-000129,0,,,2475375,0.40,low,0,0,,INV-H4-000129#0,"H4-L00129-07: 'service - INTENS steril /CW-8257' is unresolved (missing_discriminator): the only contracted service it fits is Intensive Vascular Sterilisation Service, but the text does not rule out an uncontracted service ; a provisional total of 2475375 was computed but is not contractually defensible, so no corrected total is submitted ; not flagged, but some lines could not be identified, so not every rule could be checked",2475375
INV-H4-000130,0,,,1120375,0.40,low,0,0,,INV-H4-000130#0,"H4-L00130-08: 'assisted - NUTR supp' is unresolved (missing_discriminator): the only contracted service it fits is Assisted Renal Nutritional Support, but the text does not rule out an uncontracted service ; a provisional total of 1120375 was computed but is not contractually defensible, so no corrected total is submitted ; not flagged, but some lines could not be identified, so not every rule could be checked",1120375
INV-H4-000131,0,,,2284750,0.40,low,0,0,,INV-H4-000131#0,"H4-L00131-03: 'conf - UROL cs /CW-3094' is unresolved (missing_discriminator): the only contracted service it fits is Focused Urologic Case Conference, but the text does not rule out an uncontracted service ; a provisional total of 2284750 was computed but is not contractually defensible, so no corrected total is submitted ; not flagged, but some lines could not be identified, so not every rule could be checked",2284750
INV-H4-000132,0,,2168372,2168372,0.85,high,1,1,2168372,INV-H4-000132#0,not flagged; every line identified from text and priced exactly,2168372
INV-H4-000133,0,,1665300,1665300,0.85,high,1,1,1665300,INV-H4-000133#0,not flagged; every line identified from text and priced exactly,1665300
INV-H4-000134,0,,,1879100,0.40,low,0,0,,INV-H4-000134#0,"H4-L00134-03: 'msk - SPCM analysis' is unresolved (missing_discriminator): the only contracted service it fits is Ambulatory Musculoskeletal Specimen Analysis, but the text does not rule out an uncontracted service ; a provisional total of 1879100 was computed but is not contractually defensible, so no corrected total is submitted ; not flagged, but some lines could not be identified, so not every rule could be checked",1879100
INV-H4-000135,0,,,2150499,0.40,low,0,0,,INV-H4-000135#0,"H4-L00135-11: 'SUPP asst VENTILATION /CW-3888' is unresolved (missing_discriminator): the only contracted service it fits is Assisted Cardiac Ventilation Support, but the text does not rule out an uncontracted service ; a provisional total of 2150499 was computed but is not contractually defensible, so no corrected total is submitted ; not flagged, but some lines could not be identified, so not every rule could be checked",2150499
INV-H4-000136,0,,1312475,1312475,0.85,high,1,1,1312475,INV-H4-000136#0,not flagged; every line identified from text and priced exactly,1312475
INV-H4-000137,0,,1185400,1185400,0.85,high,1,1,1185400,INV-H4-000137#0,not flagged; every line identified from text and priced exactly,1185400
INV-H4-000138,0,,,408732,0.40,low,0,0,,INV-H4-000138#0,"H4-L00138-02: 'assisted - NUTR supp' is unresolved (missing_discriminator): the only contracted service it fits is Assisted Renal Nutritional Support, but the text does not rule out an uncontracted service ; H4-L00138-04: 'gi - IMG interp' is unresolved (missing_discriminator): the only contracted service it fits is Specialist Gastrointestinal Imaging Interpretation, but the text does not rule out an uncontracted service ; a provisional total of 408732 was computed but is not contractually defensible, so no corrected total is submitted ; not flagged, but some lines could not be identified, so not every rule could be checked",408732
INV-H4-000139,0,,,3165685,0.40,low,0,0,,INV-H4-000139#0,"H4-L00139-08: 'ASSISTED spcm ANALYSIS /CW-2232' is unresolved (missing_discriminator): the only contracted service it fits is Assisted Obstetric Specimen Analysis, but the text does not rule out an uncontracted service ; a provisional total of 3165685 was computed but is not contractually defensible, so no corrected total is submitted ; not flagged, but some lines could not be identified, so not every rule could be checked",3165685
INV-H4-000140,0,,2104082,2104082,0.85,high,1,1,2104082,INV-H4-000140#0,not flagged; every line identified from text and priced exactly,2104082
INV-H4-000141,0,,,2871700,0.40,low,0,0,,INV-H4-000141#0,"H4-L00141-04: 'interp COMPR img /CW-6998' is unresolved (missing_discriminator): the only contracted service it fits is Comprehensive Urologic Imaging Interpretation, but the text does not rule out an uncontracted service ; a provisional total of 2871700 was computed but is not contractually defensible, so no corrected total is submitted ; not flagged, but some lines could not be identified, so not every rule could be checked",2871700
INV-H4-000142,0,,,3154150,0.40,low,0,0,,INV-H4-000142#0,"H4-L00142-09: 'gi - IMG interp' is unresolved (missing_discriminator): the only contracted service it fits is Specialist Gastrointestinal Imaging Interpretation, but the text does not rule out an uncontracted service ; a provisional total of 3154150 was computed but is not contractually defensible, so no corrected total is submitted ; not flagged, but some lines could not be identified, so not every rule could be checked",3154150
INV-H4-000143,0,,,2047525,0.40,low,0,0,,INV-H4-000143#0,"H4-L00143-08: 'HEP - inf THERAPY' is unresolved (missing_discriminator): the only contracted service it fits is Standard Hepatic Infusion Therapy, but the text does not rule out an uncontracted service ; a provisional total of 2047525 was computed but is not contractually defensible, so no corrected total is submitted ; not flagged, but some lines could not be identified, so not every rule could be checked",2047525
INV-H4-000144,1,contract_number_mismatch|unknown_service|premium_incorrectly_applied,,3105319,0.40,low,0,0,,INV-H4-000144#0,"H4-L00144-08: service not contracted, so no contract price exists ; H4-L00144-10: 'service - INTENS steril /CW-8257' is unresolved (missing_discriminator): the only contracted service it fits is Intensive Vascular Sterilisation Service, but the text does not rule out an uncontracted service ; a provisional total of 3088113 was computed but is not contractually defensible, so no corrected total is submitted ; a finding rests on reading free text, or the corrected total cannot be reconstructed",3088113
INV-H4-000145,0,,3600775,3600775,0.85,high,1,1,3600775,INV-H4-000145#0,not flagged; every line identified from text and priced exactly,3600775
INV-H4-000146,0,,2873750,2873750,0.65,medium,1,1,2873750,INV-H4-000146#0,"not flagged; identity rests partly on a unit-basis tie-break, or the total is not reconstructable",2873750
INV-H4-000147,0,,3627292,3627292,0.85,high,1,1,3627292,INV-H4-000147#0,not flagged; every line identified from text and priced exactly,3627292
INV-H4-000148,0,,1207325,1207325,0.85,high,1,1,1207325,INV-H4-000148#0,not flagged; every line identified from text and priced exactly,1207325
INV-H4-000149,0,,,1433525,0.40,low,0,0,,INV-H4-000149#0,"H4-L00149-03: 'ortho - ANAES admin /CW-8548' is unresolved (missing_discriminator): the only contracted service it fits is Inpatient Orthopaedic Anaesthesia Administration, but the text does not rule out an uncontracted service ; a provisional total of 1433525 was computed but is not contractually defensible, so no corrected total is submitted ; not flagged, but some lines could not be identified, so not every rule could be checked",1433525
INV-H4-000150,0,,,1510135,0.40,low,0,0,,INV-H4-000150#0,"H4-L00150-06: 'renal ANAES admin' is unresolved (missing_discriminator): the only contracted service it fits is Intermittent Renal Anaesthesia Administration, but the text does not rule out an uncontracted service ; a provisional total of 1510135 was computed but is not contractually defensible, so no corrected total is submitted ; not flagged, but some lines could not be identified, so not every rule could be checked",1510135
INV-H4-000151,0,,,4528550,0.40,low,0,0,,INV-H4-000151#0,"H4-L00151-16: 'FOCUSED biop PROC' is unresolved (missing_discriminator): the only contracted service it fits is Focused Metabolic Biopsy Procedure, but the text does not rule out an uncontracted service ; a provisional total of 4528550 was computed but is not contractually defensible, so no corrected total is submitted ; not flagged, but some lines could not be identified, so not every rule could be checked",4528550
INV-H4-000152,0,,1673314,1673314,0.85,high,1,1,1673314,INV-H4-000152#0,not flagged; every line identified from text and priced exactly,1673314
INV-H4-000153,1,malformed_service_date|unknown_service,,3656250,0.40,low,0,0,,INV-H4-000153#0,"H4-L00153-05: 'haematology - TRANSF svc' is unresolved (missing_discriminator): the only contracted service it fits is Ambulatory Haematology Transfusion Service, but the text does not rule out an uncontracted service ; H4-L00153-12: malformed service date, so the Service Day rules cannot be evaluated with certainty ; H4-L00153-12: 'std - DIAL sess /CW-2606' is unresolved (missing_discriminator): the only contracted service it fits is Standard Paediatric Dialysis Session, but the text does not rule out an uncontracted service ; H4-L00153-14: service not contracted, so no contract price exists ; H4-L00153-15: service not contracted, so no contract price exists ; a provisional total of 3656250 was computed but is not contractually defensible, so no corrected total is submitted ; a finding rests on reading free text, or the corrected total cannot be reconstructed",3656250
INV-H4-000154,0,,,1006400,0.40,low,0,0,,INV-H4-000154#0,"H4-L00154-06: 'ortho - ANAES administration' is unresolved (missing_discriminator): the only contracted service it fits is Inpatient Orthopaedic Anaesthesia Administration, but the text does not rule out an uncontracted service ; a provisional total of 1006400 was computed but is not contractually defensible, so no corrected total is submitted ; not flagged, but some lines could not be identified, so not every rule could be checked",1006400
INV-H4-000155,0,,,1748312,0.40,low,0,0,,INV-H4-000155#0,"H4-L00155-03: 'conf - UROL cs /CW-3094' is unresolved (missing_discriminator): the only contracted service it fits is Focused Urologic Case Conference, but the text does not rule out an uncontracted service ; a provisional total of 1748312 was computed but is not contractually defensible, so no corrected total is submitted ; not flagged, but some lines could not be identified, so not every rule could be checked",1748312
INV-H4-000156,0,,1706925,1706925,0.85,high,1,1,1706925,INV-H4-000156#0,not flagged; every line identified from text and priced exactly,1706925
INV-H4-000157,1,invoice_total_mismatch|volume_discount_omitted,994456,1066600,0.65,medium,1,1,994456,INV-H4-000157#0,"findings apply contract rules to resolved services but depend on hospital-wide state, a recorded policy or a unit-basis tie-break",994456
INV-H4-000158,0,,,1897325,0.40,low,0,0,,INV-H4-000158#0,"H4-L00158-02: 'renal ANAES admin' is unresolved (missing_discriminator): the only contracted service it fits is Intermittent Renal Anaesthesia Administration, but the text does not rule out an uncontracted service ; H4-L00158-05: bundle partner 'Postoperative Palliative Recovery Room Occupancy' may have been delivered on 2024-05-26 (an unresolved description that day) ; H4-L00158-06: 'occ PALLIATIVE recov RM' is unresolved (missing_discriminator): the only contracted service it fits is Postoperative Palliative Recovery Room Occupancy, but the text does not rule out an uncontracted service ; a provisional total of 1897325 was computed but is not contractually defensible, so no corrected total is submitted ; not flagged, but some lines could not be identified, so not every rule could be checked",1897325
INV-H4-000159,0,,,1671850,0.40,low,0,0,,INV-H4-000159#0,"H4-L00159-11: 'amb WD bed OCC /CW-2964' is unresolved (tied_candidates) between Ambulatory Cardiac Ward Bed Occupancy, Ambulatory Immunologic Ward Bed Occupancy ; a provisional total of 1671850 was computed but is not contractually defensible, so no corrected total is submitted ; not flagged, but some lines could not be identified, so not every rule could be checked",1671850
INV-H4-000160,0,,481550,481550,0.85,high,1,1,481550,INV-H4-000160#0,not flagged; every line identified from text and priced exactly,481550
INV-H4-000161,0,,2578975,2578975,0.85,high,1,1,2578975,INV-H4-000161#0,not flagged; every line identified from text and priced exactly,2578975
INV-H4-000162,0,,,3059865,0.40,low,0,0,,INV-H4-000162#0,"H4-L00162-16: 'amb WD bed OCC /CW-2964' is unresolved (tied_candidates) between Ambulatory Cardiac Ward Bed Occupancy, Ambulatory Immunologic Ward Bed Occupancy ; a provisional total of 3059865 was computed but is not contractually defensible, so no corrected total is submitted ; not flagged, but some lines could not be identified, so not every rule could be checked",3059865
INV-H4-000163,0,,3712175,3712175,0.85,high,1,1,3712175,INV-H4-000163#0,not flagged; every line identified from text and priced exactly,3712175
INV-H4-000164,1,contract_number_mismatch|premium_incorrectly_applied|malformed_service_date,,2241308,0.40,low,0,0,,INV-H4-000164#0,"H4-L00164-01: 'supv  - DIAL sess /CW-1782' is unresolved (missing_discriminator): the only contracted service it fits is Supervised Rheumatologic Dialysis Session, but the text does not rule out an uncontracted service ; H4-L00164-02: bundle partner 'Supervised Rheumatologic Dialysis Session' may have been delivered on 2024-06-01 (an unresolved description that day) ; H4-L00164-11: malformed service date, so the Service Day rules cannot be evaluated with certainty ; a provisional total of 2217803 was computed but is not contractually defensible, so no corrected total is submitted ; a finding rests on reading free text, or the corrected total cannot be reconstructed",2217803
INV-H4-000165,1,daily_cap_exceeded,3370925,3413175,0.65,medium,1,1,3370925,INV-H4-000165#0,"H4-L00165-05: 5 unit(s) above the clause 6.1 limit are not payable; payable quantity 8 ; findings apply contract rules to resolved services but depend on hospital-wide state, a recorded policy or a unit-basis tie-break",3370925
INV-H4-000166,0,,,1360729,0.40,low,0,0,,INV-H4-000166#0,"H4-L00166-04: 'HEP - inf THERAPY' is unresolved (missing_discriminator): the only contracted service it fits is Standard Hepatic Infusion Therapy, but the text does not rule out an uncontracted service ; a provisional total of 1360729 was computed but is not contractually defensible, so no corrected total is submitted ; not flagged, but some lines could not be identified, so not every rule could be checked",1360729
INV-H4-000167,0,,,4001084,0.40,low,0,0,,INV-H4-000167#0,"H4-L00167-01: 'interpretation - COMPR img /CW-2951' is unresolved (missing_discriminator): the only contracted service it fits is Comprehensive Urologic Imaging Interpretation, but the text does not rule out an uncontracted service ; H4-L00167-13: 'ASSISTED spcm ANALYSIS /CW-2232' is unresolved (missing_discriminator): the only contracted service it fits is Assisted Obstetric Specimen Analysis, but the text does not rule out an uncontracted service ; a provisional total of 4001084 was computed but is not contractually defensible, so no corrected total is submitted ; not flagged, but some lines could not be identified, so not every rule could be checked",4001084
INV-H4-000168,1,wrong_unit_basis|exclusion_window_violation,2184615,2221715,0.65,medium,1,1,2184615,INV-H4-000168#0,"findings apply contract rules to resolved services but depend on hospital-wide state, a recorded policy or a unit-basis tie-break",2184615
INV-H4-000169,0,,,2116475,0.40,low,0,0,,INV-H4-000169#0,"H4-L00169-04: 'anly INTENS spcm' is unresolved (missing_discriminator): the only contracted service it fits is Intensive Urologic Specimen Analysis, but the text does not rule out an uncontracted service ; H4-L00169-09: 'renal ANAES admin' is unresolved (missing_discriminator): the only contracted service it fits is Intermittent Renal Anaesthesia Administration, but the text does not rule out an uncontracted service ; a provisional total of 2116475 was computed but is not contractually defensible, so no corrected total is submitted ; not flagged, but some lines could not be identified, so not every rule could be checked",2116475
INV-H4-000170,0,,,2401000,0.40,low,0,0,,INV-H4-000170#0,"H4-L00170-01: 'anly INTENS spcm' is unresolved (missing_discriminator): the only contracted service it fits is Intensive Urologic Specimen Analysis, but the text does not rule out an uncontracted service ; H4-L00170-06: 'card  - HOME vst' is unresolved (tied_candidates) between Bedside Cardiac Home Visit, Routine Cardiac Home Visit ; a provisional total of 2401000 was computed but is not contractually defensible, so no corrected total is submitted ; not flagged, but some lines could not be identified, so not every rule could be checked",2401000
INV-H4-000171,0,,,3983406,0.40,low,0,0,,INV-H4-000171#0,"H4-L00171-13: 'conf - UROL cs /CW-3094' is unresolved (missing_discriminator): the only contracted service it fits is Focused Urologic Case Conference, but the text does not rule out an uncontracted service ; a provisional total of 3983406 was computed but is not contractually defensible, so no corrected total is submitted ; not flagged, but some lines could not be identified, so not every rule could be checked",3983406
INV-H4-000172,0,,2225568,2225568,0.85,high,1,1,2225568,INV-H4-000172#0,not flagged; every line identified from text and priced exactly,2225568
INV-H4-000173,0,,2904550,2904550,0.65,medium,1,1,2904550,INV-H4-000173#0,"not flagged; identity rests partly on a unit-basis tie-break, or the total is not reconstructable",2904550
INV-H4-000174,0,,1591425,1591425,0.85,high,1,1,1591425,INV-H4-000174#0,not flagged; every line identified from text and priced exactly,1591425
INV-H4-000175,0,,3231725,3231725,0.85,high,1,1,3231725,INV-H4-000175#0,not flagged; every line identified from text and priced exactly,3231725
INV-H4-000176,0,,1732674,1732674,0.65,medium,1,1,1732674,INV-H4-000176#0,"not flagged; identity rests partly on a unit-basis tie-break, or the total is not reconstructable",1732674
INV-H4-000177,0,,,3061075,0.40,low,0,0,,INV-H4-000177#0,"H4-L00177-05: bundle partner 'Outpatient Orthopaedic Recovery Room Occupancy' may have been delivered on 2024-06-09 (an unresolved description that day) ; H4-L00177-06: 'OUTPT recov RM occ' is unresolved (missing_discriminator): the only contracted service it fits is Outpatient Orthopaedic Recovery Room Occupancy, but the text does not rule out an uncontracted service ; a provisional total of 3061075 was computed but is not contractually defensible, so no corrected total is submitted ; not flagged, but some lines could not be identified, so not every rule could be checked",3061075
INV-H4-000178,0,,,3878225,0.40,low,0,0,,INV-H4-000178#0,"H4-L00178-02: 'OCC - std CRIT cr /CW-1779' is unresolved (missing_discriminator): the only contracted service it fits is Standard Orthopaedic Critical Care Occupancy, but the text does not rule out an uncontracted service ; a provisional total of 3878225 was computed but is not contractually defensible, so no corrected total is submitted ; not flagged, but some lines could not be identified, so not every rule could be checked",3878225
INV-H4-000179,0,,1998140,1998140,0.85,high,1,1,1998140,INV-H4-000179#0,not flagged; every line identified from text and priced exactly,1998140
INV-H4-000180,0,,2976218,2976218,0.85,high,1,1,2976218,INV-H4-000180#0,not flagged; every line identified from text and priced exactly,2976218
INV-H4-000181,0,,,1433750,0.40,low,0,0,,INV-H4-000181#0,"H4-L00181-04: 'amb WD bed OCC /CW-2964' is unresolved (tied_candidates) between Ambulatory Cardiac Ward Bed Occupancy, Ambulatory Immunologic Ward Bed Occupancy ; H4-L00181-07: 'conf - UROL cs /CW-3094' is unresolved (missing_discriminator): the only contracted service it fits is Focused Urologic Case Conference, but the text does not rule out an uncontracted service ; a provisional total of 1433750 was computed but is not contractually defensible, so no corrected total is submitted ; not flagged, but some lines could not be identified, so not every rule could be checked",1433750
INV-H4-000182,0,,,3573500,0.40,low,0,0,,INV-H4-000182#0,"H4-L00182-01: 'msk - SPCM analysis' is unresolved (missing_discriminator): the only contracted service it fits is Ambulatory Musculoskeletal Specimen Analysis, but the text does not rule out an uncontracted service ; H4-L00182-13: 'conf - UROL cs /CW-3094' is unresolved (missing_discriminator): the only contracted service it fits is Focused Urologic Case Conference, but the text does not rule out an uncontracted service ; a provisional total of 3573500 was computed but is not contractually defensible, so no corrected total is submitted ; not flagged, but some lines could not be identified, so not every rule could be checked",3573500
INV-H4-000183,0,,,3944406,0.40,low,0,0,,INV-H4-000183#0,"H4-L00183-02: 'amb WD bed OCC /CW-2964' is unresolved (tied_candidates) between Ambulatory Cardiac Ward Bed Occupancy, Ambulatory Immunologic Ward Bed Occupancy ; H4-L00183-09: 'haematology - TRANSF svc' is unresolved (missing_discriminator): the only contracted service it fits is Ambulatory Haematology Transfusion Service, but the text does not rule out an uncontracted service ; a provisional total of 3944406 was computed but is not contractually defensible, so no corrected total is submitted ; not flagged, but some lines could not be identified, so not every rule could be checked",3944406
INV-H4-000184,0,,,1978025,0.40,low,0,0,,INV-H4-000184#0,"H4-L00184-04: 'card  - HOME vst' is unresolved (tied_candidates) between Bedside Cardiac Home Visit, Routine Cardiac Home Visit ; a provisional total of 1978025 was computed but is not contractually defensible, so no corrected total is submitted ; not flagged, but some lines could not be identified, so not every rule could be checked",1978025
INV-H4-000185,0,,,3031025,0.40,low,0,0,,INV-H4-000185#0,"H4-L00185-12: 'prog CONT rehab /CW-3359' is unresolved (missing_discriminator): the only contracted service it fits is Continuous Psychiatric Rehabilitation Programme, but the text does not rule out an uncontracted service ; a provisional total of 3031025 was computed but is not contractually defensible, so no corrected total is submitted ; not flagged, but some lines could not be identified, so not every rule could be checked",3031025
INV-H4-000186,0,,3391488,3391488,0.65,medium,1,1,3391488,INV-H4-000186#0,"not flagged; identity rests partly on a unit-basis tie-break, or the total is not reconstructable",3391488
INV-H4-000187,0,,,4163750,0.40,low,0,0,,INV-H4-000187#0,"H4-L00187-02: bundle partner 'Specialist Immunologic Consultation' may have been delivered on 2024-06-20 (an unresolved description that day) ; H4-L00187-03: 'SPCLST - consult' is unresolved (missing_discriminator): the only contracted service it fits is Specialist Immunologic Consultation, but the text does not rule out an uncontracted service ; H4-L00187-04: 'std - DIAL sess /CW-2606' is unresolved (missing_discriminator): the only contracted service it fits is Standard Paediatric Dialysis Session, but the text does not rule out an uncontracted service ; H4-L00187-10: 'ortho - ANAES administration' is unresolved (missing_discriminator): the only contracted service it fits is Inpatient Orthopaedic Anaesthesia Administration, but the text does not rule out an uncontracted service ; H4-L00187-15: 'haematology - TRANSF svc' is unresolved (missing_discriminator): the only contracted service it fits is Ambulatory Haematology Transfusion Service, but the text does not rule out an uncontracted service ; a provisional total of 4163750 was computed but is not contractually defensible, so no corrected total is submitted ; not flagged, but some lines could not be identified, so not every rule could be checked",4163750
INV-H4-000188,0,,480600,480600,0.85,high,1,1,480600,INV-H4-000188#0,not flagged; every line identified from text and priced exactly,480600
INV-H4-000189,0,,,2477850,0.40,low,0,0,,INV-H4-000189#0,"H4-L00189-03: 'conf - UROL cs /CW-3094' is unresolved (missing_discriminator): the only contracted service it fits is Focused Urologic Case Conference, but the text does not rule out an uncontracted service ; a provisional total of 2477850 was computed but is not contractually defensible, so no corrected total is submitted ; not flagged, but some lines could not be identified, so not every rule could be checked",2477850
INV-H4-000190,0,,4348650,4348650,0.65,medium,1,1,4348650,INV-H4-000190#0,"not flagged; identity rests partly on a unit-basis tie-break, or the total is not reconstructable",4348650
INV-H4-000191,0,,,2686650,0.40,low,0,0,,INV-H4-000191#0,"H4-L00191-08: 'msk - SPCM analysis' is unresolved (missing_discriminator): the only contracted service it fits is Ambulatory Musculoskeletal Specimen Analysis, but the text does not rule out an uncontracted service ; a provisional total of 2686650 was computed but is not contractually defensible, so no corrected total is submitted ; not flagged, but some lines could not be identified, so not every rule could be checked",2686650
INV-H4-000192,0,,,3168856,0.40,low,0,0,,INV-H4-000192#0,"H4-L00192-05: 'rheum - RADIOTHERAPY fract /CW-5238' is unresolved (missing_discriminator): the only contracted service it fits is Intensive Rheumatologic Radiotherapy Fraction, but the text does not rule out an uncontracted service ; a provisional total of 3168856 was computed but is not contractually defensible, so no corrected total is submitted ; not flagged, but some lines could not be identified, so not every rule could be checked",3168856
INV-H4-000193,0,,,2231223,0.40,low,0,0,,INV-H4-000193#0,"H4-L00193-01: 'admin REN anaesthesia' is unresolved (missing_discriminator): the only contracted service it fits is Intermittent Renal Anaesthesia Administration, but the text does not rule out an uncontracted service ; H4-L00193-09: 'OUTPT recov RM occ' is unresolved (missing_discriminator): the only contracted service it fits is Outpatient Orthopaedic Recovery Room Occupancy, but the text does not rule out an uncontracted service ; a provisional total of 2231223 was computed but is not contractually defensible, so no corrected total is submitted ; not flagged, but some lines could not be identified, so not every rule could be checked",2231223
INV-H4-000194,0,,5330400,5330400,0.85,high,1,1,5330400,INV-H4-000194#0,not flagged; every line identified from text and priced exactly,5330400
INV-H4-000195,0,,,2564800,0.40,low,0,0,,INV-H4-000195#0,"H4-L00195-03: 'card  - HOME vst' is unresolved (tied_candidates) between Bedside Cardiac Home Visit, Routine Cardiac Home Visit ; H4-L00195-04: 'assisted - NUTR supp' is unresolved (missing_discriminator): the only contracted service it fits is Assisted Renal Nutritional Support, but the text does not rule out an uncontracted service ; H4-L00195-17: 'IMMUN - spclst /CW-9956' is unresolved (missing_discriminator): the only contracted service it fits is Specialist Immunologic Consultation, but the text does not rule out an uncontracted service ; H4-L00195-18: bundle partner 'Specialist Immunologic Consultation' may have been delivered on 2024-06-29 (an unresolved description that day) ; a provisional total of 2564800 was computed but is not contractually defensible, so no corrected total is submitted ; not flagged, but some lines could not be identified, so not every rule could be checked",2564800
INV-H4-000196,1,premium_incorrectly_applied|wrong_unit_basis|unit_price_mismatch,,2769483,0.40,low,0,0,,INV-H4-000196#0,"H4-L00196-03: 'prog CONT rehab /CW-3359' is unresolved (missing_discriminator): the only contracted service it fits is Continuous Psychiatric Rehabilitation Programme, but the text does not rule out an uncontracted service ; H4-L00196-08: 'SPCLST - consult' is unresolved (missing_discriminator): the only contracted service it fits is Specialist Immunologic Consultation, but the text does not rule out an uncontracted service ; H4-L00196-09: 'supv  - DIAL sess /CW-1782' is unresolved (missing_discriminator): the only contracted service it fits is Supervised Rheumatologic Dialysis Session, but the text does not rule out an uncontracted service ; H4-L00196-15: 'rheum - RADIOTHERAPY fract /CW-5238' is unresolved (missing_discriminator): the only contracted service it fits is Intensive Rheumatologic Radiotherapy Fraction, but the text does not rule out an uncontracted service ; a finding rests on reading free text, or the corrected total cannot be reconstructed",
INV-H4-000197,0,,,3709100,0.40,low,0,0,,INV-H4-000197#0,"H4-L00197-05: 'occ PALLIATIVE recov RM' is unresolved (missing_discriminator): the only contracted service it fits is Postoperative Palliative Recovery Room Occupancy, but the text does not rule out an uncontracted service ; H4-L00197-12: 'haematology - TRANSF svc' is unresolved (missing_discriminator): the only contracted service it fits is Ambulatory Haematology Transfusion Service, but the text does not rule out an uncontracted service ; a provisional total of 3709100 was computed but is not contractually defensible, so no corrected total is submitted ; not flagged, but some lines could not be identified, so not every rule could be checked",3709100
INV-H4-000198,0,,,892825,0.40,low,0,0,,INV-H4-000198#0,"H4-L00198-03: 'std - DIAL sess /CW-2606' is unresolved (missing_discriminator): the only contracted service it fits is Standard Paediatric Dialysis Session, but the text does not rule out an uncontracted service ; a provisional total of 892825 was computed but is not contractually defensible, so no corrected total is submitted ; not flagged, but some lines could not be identified, so not every rule could be checked",892825
INV-H4-000199,0,,3183225,3183225,0.85,high,1,1,3183225,INV-H4-000199#0,not flagged; every line identified from text and priced exactly,3183225
INV-H4-000200,0,,,2877375,0.40,low,0,0,,INV-H4-000200#0,"H4-L00200-03: 'amb WD bed OCC /CW-2964' is unresolved (tied_candidates) between Ambulatory Cardiac Ward Bed Occupancy, Ambulatory Immunologic Ward Bed Occupancy ; a provisional total of 2877375 was computed but is not contractually defensible, so no corrected total is submitted ; not flagged, but some lines could not be identified, so not every rule could be checked",2877375
INV-H4-000201,0,,875700,875700,0.85,high,1,1,875700,INV-H4-000201#0,not flagged; every line identified from text and priced exactly,875700
INV-H4-000202,0,,1981900,1981900,0.85,high,1,1,1981900,INV-H4-000202#0,not flagged; every line identified from text and priced exactly,1981900
INV-H4-000203,0,,1979184,1979184,0.85,high,1,1,1979184,INV-H4-000203#0,not flagged; every line identified from text and priced exactly,1979184
INV-H4-000204,0,,,4171025,0.40,low,0,0,,INV-H4-000204#0,"H4-L00204-08: 'ortho  - ANAES admin /CW-7356' is unresolved (missing_discriminator): the only contracted service it fits is Inpatient Orthopaedic Anaesthesia Administration, but the text does not rule out an uncontracted service ; a provisional total of 4171025 was computed but is not contractually defensible, so no corrected total is submitted ; not flagged, but some lines could not be identified, so not every rule could be checked",4171025
INV-H4-000205,0,,3493500,3493500,0.85,high,1,1,3493500,INV-H4-000205#0,not flagged; every line identified from text and priced exactly,3493500
INV-H4-000206,0,,,1988225,0.40,low,0,0,,INV-H4-000206#0,"H4-L00206-10: 'msk - SPCM analysis' is unresolved (missing_discriminator): the only contracted service it fits is Ambulatory Musculoskeletal Specimen Analysis, but the text does not rule out an uncontracted service ; a provisional total of 1988225 was computed but is not contractually defensible, so no corrected total is submitted ; not flagged, but some lines could not be identified, so not every rule could be checked",1988225
INV-H4-000207,0,,,930000,0.40,low,0,0,,INV-H4-000207#0,"H4-L00207-03: 'ORTHOPAEDIC recov RM occupancy /CW-4525' is unresolved (missing_discriminator): the only contracted service it fits is Outpatient Orthopaedic Recovery Room Occupancy, but the text does not rule out an uncontracted service ; H4-L00207-04: bundle partner 'Outpatient Orthopaedic Recovery Room Occupancy' may have been delivered on 2024-07-09 (an unresolved description that day) ; a provisional total of 930000 was computed but is not contractually defensible, so no corrected total is submitted ; not flagged, but some lines could not be identified, so not every rule could be checked",930000
INV-H4-000208,0,,,3600552,0.40,low,0,0,,INV-H4-000208#0,"H4-L00208-10: 'service - INTENS steril /CW-8257' is unresolved (missing_discriminator): the only contracted service it fits is Intensive Vascular Sterilisation Service, but the text does not rule out an uncontracted service ; a provisional total of 3600552 was computed but is not contractually defensible, so no corrected total is submitted ; not flagged, but some lines could not be identified, so not every rule could be checked",3600552
INV-H4-000209,0,,2321736,2321736,0.85,high,1,1,2321736,INV-H4-000209#0,not flagged; every line identified from text and priced exactly,2321736
INV-H4-000210,0,,,5038300,0.40,low,0,0,,INV-H4-000210#0,"H4-L00210-04: 'SPCLST - consult' is unresolved (missing_discriminator): the only contracted service it fits is Specialist Immunologic Consultation, but the text does not rule out an uncontracted service ; H4-L00210-05: bundle partner 'Specialist Immunologic Consultation' may have been delivered on 2024-07-12 (an unresolved description that day) ; H4-L00210-06: 'anly INTENS spcm' is unresolved (missing_discriminator): the only contracted service it fits is Intensive Urologic Specimen Analysis, but the text does not rule out an uncontracted service ; a provisional total of 5038300 was computed but is not contractually defensible, so no corrected total is submitted ; not flagged, but some lines could not be identified, so not every rule could be checked",5038300
INV-H4-000211,0,,,3056100,0.40,low,0,0,,INV-H4-000211#0,"H4-L00211-11: 'FOCUSED biop PROC' is unresolved (missing_discriminator): the only contracted service it fits is Focused Metabolic Biopsy Procedure, but the text does not rule out an uncontracted service ; H4-L00211-14: 'std - DIAL sess /CW-2606' is unresolved (missing_discriminator): the only contracted service it fits is Standard Paediatric Dialysis Session, but the text does not rule out an uncontracted service ; a provisional total of 3056100 was computed but is not contractually defensible, so no corrected total is submitted ; not flagged, but some lines could not be identified, so not every rule could be checked",3056100
INV-H4-000212,0,,,2243138,0.40,low,0,0,,INV-H4-000212#0,"H4-L00212-01: 'ortho  - ANAES admin /CW-7356' is unresolved (missing_discriminator): the only contracted service it fits is Inpatient Orthopaedic Anaesthesia Administration, but the text does not rule out an uncontracted service ; H4-L00212-02: 'occ PALLIATIVE recov RM' is unresolved (missing_discriminator): the only contracted service it fits is Postoperative Palliative Recovery Room Occupancy, but the text does not rule out an uncontracted service ; H4-L00212-03: bundle partner 'Postoperative Palliative Recovery Room Occupancy' may have been delivered on 2024-07-18 (an unresolved description that day) ; a provisional total of 2243138 was computed but is not contractually defensible, so no corrected total is submitted ; not flagged, but some lines could not be identified, so not every rule could be checked",2243138
INV-H4-000213,0,,,2984225,0.40,low,0,0,,INV-H4-000213#0,"H4-L00213-03: 'ELECT - nurs OBS' is unresolved (missing_discriminator): the only contracted service it fits is Elective Gastrointestinal Nursing Observation, but the text does not rule out an uncontracted service ; a provisional total of 2984225 was computed but is not contractually defensible, so no corrected total is submitted ; not flagged, but some lines could not be identified, so not every rule could be checked",2984225
INV-H4-000214,0,,,3246025,0.40,low,0,0,,INV-H4-000214#0,"H4-L00214-09: 'renal ANAES admin' is unresolved (missing_discriminator): the only contracted service it fits is Intermittent Renal Anaesthesia Administration, but the text does not rule out an uncontracted service ; a provisional total of 3246025 was computed but is not contractually defensible, so no corrected total is submitted ; not flagged, but some lines could not be identified, so not every rule could be checked",3246025
INV-H4-000215,0,,604825,604825,0.85,high,1,1,604825,INV-H4-000215#0,not flagged; every line identified from text and priced exactly,604825
INV-H4-000216,0,,,1973625,0.40,low,0,0,,INV-H4-000216#0,"H4-L00216-08: 'SPCLST immunologic /CW-6493' is unresolved (missing_discriminator): the only contracted service it fits is Specialist Immunologic Consultation, but the text does not rule out an uncontracted service ; H4-L00216-09: bundle partner 'Specialist Immunologic Consultation' may have been delivered on 2024-07-21 (an unresolved description that day) ; a provisional total of 1973625 was computed but is not contractually defensible, so no corrected total is submitted ; not flagged, but some lines could not be identified, so not every rule could be checked",1973625
INV-H4-000217,1,unit_price_mismatch|volume_discount_incorrectly_applied,,2424724,0.40,low,0,0,,INV-H4-000217#0,"H4-L00217-11: 'postoperative CS conference /CW-1435' is unresolved (missing_discriminator): the only contracted service it fits is Postoperative Geriatric Case Conference, but the text does not rule out an uncontracted service ; a provisional total of 2596750 was computed but is not contractually defensible, so no corrected total is submitted ; a finding rests on reading free text, or the corrected total cannot be reconstructed",2596750
INV-H4-000218,0,,,2091390,0.40,low,0,0,,INV-H4-000218#0,"H4-L00218-08: 'INFECT - critical CARE occ' is unresolved (missing_discriminator): the only contracted service it fits is Continuous Infectious Critical Care Occupancy, but the text does not rule out an uncontracted service ; a provisional total of 2091390 was computed but is not contractually defensible, so no corrected total is submitted ; not flagged, but some lines could not be identified, so not every rule could be checked",2091390
INV-H4-000219,0,,3351025,3351025,0.85,high,1,1,3351025,INV-H4-000219#0,not flagged; every line identified from text and priced exactly,3351025
INV-H4-000220,0,,,4985275,0.40,low,0,0,,INV-H4-000220#0,"H4-L00220-02: 'gi - IMG interp' is unresolved (missing_discriminator): the only contracted service it fits is Specialist Gastrointestinal Imaging Interpretation, but the text does not rule out an uncontracted service ; a provisional total of 4985275 was computed but is not contractually defensible, so no corrected total is submitted ; not flagged, but some lines could not be identified, so not every rule could be checked",4985275
INV-H4-000221,0,,,1251552,0.40,low,0,0,,INV-H4-000221#0,"H4-L00221-02: bundle partner 'Specialist Immunologic Consultation' may have been delivered on 2024-07-23 (an unresolved description that day) ; H4-L00221-03: 'IMMUN - spclst /CW-9956' is unresolved (missing_discriminator): the only contracted service it fits is Specialist Immunologic Consultation, but the text does not rule out an uncontracted service ; H4-L00221-11: 'renal ANAES admin' is unresolved (missing_discriminator): the only contracted service it fits is Intermittent Renal Anaesthesia Administration, but the text does not rule out an uncontracted service ; a provisional total of 1251552 was computed but is not contractually defensible, so no corrected total is submitted ; not flagged, but some lines could not be identified, so not every rule could be checked",1251552
INV-H4-000222,0,,1049900,1049900,0.85,high,1,1,1049900,INV-H4-000222#0,not flagged; every line identified from text and priced exactly,1049900
INV-H4-000223,0,,,2854625,0.40,low,0,0,,INV-H4-000223#0,"H4-L00223-13: 'renal ANAES admin' is unresolved (missing_discriminator): the only contracted service it fits is Intermittent Renal Anaesthesia Administration, but the text does not rule out an uncontracted service ; a provisional total of 2854625 was computed but is not contractually defensible, so no corrected total is submitted ; not flagged, but some lines could not be identified, so not every rule could be checked",2854625
INV-H4-000224,0,,1980323,1980323,0.65,medium,1,1,1980323,INV-H4-000224#0,"not flagged; identity rests partly on a unit-basis tie-break, or the total is not reconstructable",1980323
INV-H4-000225,0,,,2624625,0.40,low,0,0,,INV-H4-000225#0,"H4-L00225-16: 'card  - HOME vst' is unresolved (tied_candidates) between Bedside Cardiac Home Visit, Routine Cardiac Home Visit ; a provisional total of 2624625 was computed but is not contractually defensible, so no corrected total is submitted ; not flagged, but some lines could not be identified, so not every rule could be checked",2624625
INV-H4-000226,1,line_total_arithmetic,,941750,0.85,high,0,0,,INV-H4-000226#0,"H4-L00226-01: 'msk - SPCM analysis' is unresolved (missing_discriminator): the only contracted service it fits is Ambulatory Musculoskeletal Specimen Analysis, but the text does not rule out an uncontracted service ; H4-L00226-03: 'conf - UROL cs /CW-3094' is unresolved (missing_discriminator): the only contracted service it fits is Focused Urologic Case Conference, but the text does not rule out an uncontracted service ; a provisional total of 916750 was computed but is not contractually defensible, so no corrected total is submitted ; every finding follows from the invoice's own fields, independent of service identity",916750
INV-H4-000227,0,,,4035850,0.40,low,0,0,,INV-H4-000227#0,"H4-L00227-03: 'SPCLST - consult' is unresolved (missing_discriminator): the only contracted service it fits is Specialist Immunologic Consultation, but the text does not rule out an uncontracted service ; H4-L00227-04: bundle partner 'Specialist Immunologic Consultation' may have been delivered on 2024-07-30 (an unresolved description that day) ; H4-L00227-15: bundle partner 'Supervised Rheumatologic Dialysis Session' may have been delivered on 2024-07-29 (an unresolved description that day) ; H4-L00227-16: 'supv  - DIAL sess /CW-1782' is unresolved (missing_discriminator): the only contracted service it fits is Supervised Rheumatologic Dialysis Session, but the text does not rule out an uncontracted service ; a provisional total of 4035850 was computed but is not contractually defensible, so no corrected total is submitted ; not flagged, but some lines could not be identified, so not every rule could be checked",4035850
INV-H4-000228,0,,,2264805,0.40,low,0,0,,INV-H4-000228#0,"H4-L00228-07: 'ORTHOPAEDIC recov RM occupancy /CW-4525' is unresolved (missing_discriminator): the only contracted service it fits is Outpatient Orthopaedic Recovery Room Occupancy, but the text does not rule out an uncontracted service ; a provisional total of 2264805 was computed but is not contractually defensible, so no corrected total is submitted ; not flagged, but some lines could not be identified, so not every rule could be checked",2264805
INV-H4-000229,0,,,2680971,0.40,low,0,0,,INV-H4-000229#0,"H4-L00229-07: 'ortho  - ANAES admin /CW-7356' is unresolved (missing_discriminator): the only contracted service it fits is Inpatient Orthopaedic Anaesthesia Administration, but the text does not rule out an uncontracted service ; a provisional total of 2680971 was computed but is not contractually defensible, so no corrected total is submitted ; not flagged, but some lines could not be identified, so not every rule could be checked",2680971
INV-H4-000230,0,,3617087,3617087,0.85,high,1,1,3617087,INV-H4-000230#0,not flagged; every line identified from text and priced exactly,3617087
INV-H4-000231,0,,,4372475,0.40,low,0,0,,INV-H4-000231#0,"H4-L00231-14: 'ORTHOPAEDIC recov RM occupancy /CW-4525' is unresolved (missing_discriminator): the only contracted service it fits is Outpatient Orthopaedic Recovery Room Occupancy, but the text does not rule out an uncontracted service ; H4-L00231-18: 'msk - SPCM analysis' is unresolved (missing_discriminator): the only contracted service it fits is Ambulatory Musculoskeletal Specimen Analysis, but the text does not rule out an uncontracted service ; a provisional total of 4372475 was computed but is not contractually defensible, so no corrected total is submitted ; not flagged, but some lines could not be identified, so not every rule could be checked",4372475
INV-H4-000232,0,,,1930675,0.40,low,0,0,,INV-H4-000232#0,"H4-L00232-01: 'std - DIAL sess /CW-2606' is unresolved (missing_discriminator): the only contracted service it fits is Standard Paediatric Dialysis Session, but the text does not rule out an uncontracted service ; a provisional total of 1930675 was computed but is not contractually defensible, so no corrected total is submitted ; not flagged, but some lines could not be identified, so not every rule could be checked",1930675
INV-H4-000233,0,,,2666630,0.40,low,0,0,,INV-H4-000233#0,"H4-L00233-08: 'ortho - ANAES administration' is unresolved (missing_discriminator): the only contracted service it fits is Inpatient Orthopaedic Anaesthesia Administration, but the text does not rule out an uncontracted service ; a provisional total of 2666630 was computed but is not contractually defensible, so no corrected total is submitted ; not flagged, but some lines could not be identified, so not every rule could be checked",2666630
INV-H4-000234,0,,,1089700,0.40,low,0,0,,INV-H4-000234#0,"H4-L00234-04: 'ortho - ANAES administration' is unresolved (missing_discriminator): the only contracted service it fits is Inpatient Orthopaedic Anaesthesia Administration, but the text does not rule out an uncontracted service ; a provisional total of 1089700 was computed but is not contractually defensible, so no corrected total is submitted ; not flagged, but some lines could not be identified, so not every rule could be checked",1089700
INV-H4-000235,1,contract_number_mismatch|exclusion_window_violation,1518150,1538350,0.65,medium,1,1,1518150,INV-H4-000235#0,"findings apply contract rules to resolved services but depend on hospital-wide state, a recorded policy or a unit-basis tie-break",1518150
INV-H4-000236,0,,,2297550,0.40,low,0,0,,INV-H4-000236#0,"H4-L00236-01: 'ELECT - nurs OBS' is unresolved (missing_discriminator): the only contracted service it fits is Elective Gastrointestinal Nursing Observation, but the text does not rule out an uncontracted service ; a provisional total of 2297550 was computed but is not contractually defensible, so no corrected total is submitted ; not flagged, but some lines could not be identified, so not every rule could be checked",2297550
INV-H4-000237,0,,,3644221,0.40,low,0,0,,INV-H4-000237#0,"H4-L00237-05: 'HEP - inf THERAPY' is unresolved (missing_discriminator): the only contracted service it fits is Standard Hepatic Infusion Therapy, but the text does not rule out an uncontracted service ; a provisional total of 3644221 was computed but is not contractually defensible, so no corrected total is submitted ; not flagged, but some lines could not be identified, so not every rule could be checked",3644221
INV-H4-000238,0,,1045225,1045225,0.85,high,1,1,1045225,INV-H4-000238#0,not flagged; every line identified from text and priced exactly,1045225
INV-H4-000239,0,,,3914800,0.40,low,0,0,,INV-H4-000239#0,"H4-L00239-04: 'IMMUN - spclst /CW-9956' is unresolved (missing_discriminator): the only contracted service it fits is Specialist Immunologic Consultation, but the text does not rule out an uncontracted service ; H4-L00239-07: 'supv  - DIAL sess /CW-1782' is unresolved (missing_discriminator): the only contracted service it fits is Supervised Rheumatologic Dialysis Session, but the text does not rule out an uncontracted service ; H4-L00239-08: bundle partner 'Supervised Rheumatologic Dialysis Session' may have been delivered on 2024-08-10 (an unresolved description that day) ; H4-L00239-11: 'admin REN anaesthesia' is unresolved (missing_discriminator): the only contracted service it fits is Intermittent Renal Anaesthesia Administration, but the text does not rule out an uncontracted service ; a provisional total of 3914800 was computed but is not contractually defensible, so no corrected total is submitted ; not flagged, but some lines could not be identified, so not every rule could be checked",3914800
INV-H4-000240,0,,,2711979,0.40,low,0,0,,INV-H4-000240#0,"H4-L00240-04: bundle partner 'Postoperative Palliative Recovery Room Occupancy' may have been delivered on 2024-08-14 (an unresolved description that day) ; H4-L00240-05: 'occ PALLIATIVE recov RM' is unresolved (missing_discriminator): the only contracted service it fits is Postoperative Palliative Recovery Room Occupancy, but the text does not rule out an uncontracted service ; a provisional total of 2711979 was computed but is not contractually defensible, so no corrected total is submitted ; not flagged, but some lines could not be identified, so not every rule could be checked",2711979
INV-H4-000241,0,,,2652700,0.40,low,0,0,,INV-H4-000241#0,"H4-L00241-05: 'gi - IMG interp' is unresolved (missing_discriminator): the only contracted service it fits is Specialist Gastrointestinal Imaging Interpretation, but the text does not rule out an uncontracted service ; a provisional total of 2652700 was computed but is not contractually defensible, so no corrected total is submitted ; not flagged, but some lines could not be identified, so not every rule could be checked",2652700
INV-H4-000242,0,,,4025602,0.40,low,0,0,,INV-H4-000242#0,"H4-L00242-03: 'GI - transfusion SVC /CW-9161' is unresolved (missing_discriminator): the only contracted service it fits is Continuous Gastrointestinal Transfusion Service, but the text does not rule out an uncontracted service ; H4-L00242-12: 'conf - UROL cs /CW-3094' is unresolved (missing_discriminator): the only contracted service it fits is Focused Urologic Case Conference, but the text does not rule out an uncontracted service ; a provisional total of 4025602 was computed but is not contractually defensible, so no corrected total is submitted ; not flagged, but some lines could not be identified, so not every rule could be checked",4025602
INV-H4-000243,0,,1488475,1488475,0.85,high,1,1,1488475,INV-H4-000243#0,not flagged; every line identified from text and priced exactly,1488475
INV-H4-000244,0,,,1335750,0.40,low,0,0,,INV-H4-000244#0,"H4-L00244-03: 'ortho  - ANAES admin /CW-7356' is unresolved (missing_discriminator): the only contracted service it fits is Inpatient Orthopaedic Anaesthesia Administration, but the text does not rule out an uncontracted service ; H4-L00244-04: bundle partner 'Specialist Immunologic Consultation' may have been delivered on 2024-08-12 (an unresolved description that day) ; H4-L00244-05: 'IMMUN - spclst /CW-9956' is unresolved (missing_discriminator): the only contracted service it fits is Specialist Immunologic Consultation, but the text does not rule out an uncontracted service ; H4-L00244-07: 'rheum - RADIOTHERAPY fract /CW-5238' is unresolved (missing_discriminator): the only contracted service it fits is Intensive Rheumatologic Radiotherapy Fraction, but the text does not rule out an uncontracted service ; a provisional total of 1335750 was computed but is not contractually defensible, so no corrected total is submitted ; not flagged, but some lines could not be identified, so not every rule could be checked",1335750
INV-H4-000245,0,,1497140,1497140,0.85,high,1,1,1497140,INV-H4-000245#0,not flagged; every line identified from text and priced exactly,1497140
INV-H4-000246,0,,,2716947,0.40,low,0,0,,INV-H4-000246#0,"H4-L00246-06: 'REN - wd BD occ /CW-4382' is unresolved (missing_discriminator): the only contracted service it fits is Extended Renal Ward Bed Occupancy, but the text does not rule out an uncontracted service ; a provisional total of 2716947 was computed but is not contractually defensible, so no corrected total is submitted ; not flagged, but some lines could not be identified, so not every rule could be checked",2716947
INV-H4-000247,1,premium_incorrectly_applied,,3224198,0.40,low,0,0,,INV-H4-000247#0,"H4-L00247-04: 'ELECT - nurs OBS' is unresolved (missing_discriminator): the only contracted service it fits is Elective Gastrointestinal Nursing Observation, but the text does not rule out an uncontracted service ; H4-L00247-13: 'haematology - TRANSF svc' is unresolved (missing_discriminator): the only contracted service it fits is Ambulatory Haematology Transfusion Service, but the text does not rule out an uncontracted service ; a provisional total of 3219450 was computed but is not contractually defensible, so no corrected total is submitted ; a finding rests on reading free text, or the corrected total cannot be reconstructed",3219450
INV-H4-000248,0,,,2382309,0.40,low,0,0,,INV-H4-000248#0,"H4-L00248-14: 'GI - transfusion SVC /CW-9161' is unresolved (missing_discriminator): the only contracted service it fits is Continuous Gastrointestinal Transfusion Service, but the text does not rule out an uncontracted service ; a provisional total of 2382309 was computed but is not contractually defensible, so no corrected total is submitted ; not flagged, but some lines could not be identified, so not every rule could be checked",2382309
INV-H4-000249,0,,,2468650,0.40,low,0,0,,INV-H4-000249#0,"H4-L00249-01: 'OUTPT recov RM occ' is unresolved (missing_discriminator): the only contracted service it fits is Outpatient Orthopaedic Recovery Room Occupancy, but the text does not rule out an uncontracted service ; H4-L00249-02: bundle partner 'Outpatient Orthopaedic Recovery Room Occupancy' may have been delivered on 2024-08-18 (an unresolved description that day) ; a provisional total of 2468650 was computed but is not contractually defensible, so no corrected total is submitted ; not flagged, but some lines could not be identified, so not every rule could be checked",2468650
INV-H4-000250,0,,,2665181,0.40,low,0,0,,INV-H4-000250#0,"H4-L00250-05: 'SPCLST immunologic /CW-6493' is unresolved (missing_discriminator): the only contracted service it fits is Specialist Immunologic Consultation, but the text does not rule out an uncontracted service ; H4-L00250-06: bundle partner 'Specialist Immunologic Consultation' may have been delivered on 2024-08-18 (an unresolved description that day) ; a provisional total of 2665181 was computed but is not contractually defensible, so no corrected total is submitted ; not flagged, but some lines could not be identified, so not every rule could be checked",2665181
INV-H4-000251,0,,1327425,1327425,0.85,high,1,1,1327425,INV-H4-000251#0,not flagged; every line identified from text and priced exactly,1327425
INV-H4-000252,0,,,2894100,0.40,low,0,0,,INV-H4-000252#0,"H4-L00252-05: 'ortho - ANAES administration' is unresolved (missing_discriminator): the only contracted service it fits is Inpatient Orthopaedic Anaesthesia Administration, but the text does not rule out an uncontracted service ; a provisional total of 2894100 was computed but is not contractually defensible, so no corrected total is submitted ; not flagged, but some lines could not be identified, so not every rule could be checked",2894100
INV-H4-000253,0,,985450,985450,0.65,medium,1,1,985450,INV-H4-000253#0,"not flagged; identity rests partly on a unit-basis tie-break, or the total is not reconstructable",985450
INV-H4-000254,0,,,1369875,0.40,low,0,0,,INV-H4-000254#0,"H4-L00254-02: 'REN - wd BD occ /CW-4382' is unresolved (missing_discriminator): the only contracted service it fits is Extended Renal Ward Bed Occupancy, but the text does not rule out an uncontracted service ; a provisional total of 1369875 was computed but is not contractually defensible, so no corrected total is submitted ; not flagged, but some lines could not be identified, so not every rule could be checked",1369875
INV-H4-000255,0,,1882120,1882120,0.85,high,1,1,1882120,INV-H4-000255#0,not flagged; every line identified from text and priced exactly,1882120
INV-H4-000256,0,,682700,682700,0.85,high,1,1,682700,INV-H4-000256#0,not flagged; every line identified from text and priced exactly,682700
INV-H4-000257,0,,,3266665,0.40,low,0,0,,INV-H4-000257#0,"H4-L00257-16: 'rheum - RADIOTHERAPY fract /CW-5238' is unresolved (missing_discriminator): the only contracted service it fits is Intensive Rheumatologic Radiotherapy Fraction, but the text does not rule out an uncontracted service ; a provisional total of 3266665 was computed but is not contractually defensible, so no corrected total is submitted ; not flagged, but some lines could not be identified, so not every rule could be checked",3266665
INV-H4-000258,0,,1118825,1118825,0.85,high,1,1,1118825,INV-H4-000258#0,not flagged; every line identified from text and priced exactly,1118825
INV-H4-000259,1,unit_price_mismatch|premium_incorrectly_applied,,4427913,0.40,low,0,0,,INV-H4-000259#0,"H4-L00259-07: 'renal ANAES admin' is unresolved (missing_discriminator): the only contracted service it fits is Intermittent Renal Anaesthesia Administration, but the text does not rule out an uncontracted service ; H4-L00259-17: 'REN - wd BD occ /CW-4382' is unresolved (missing_discriminator): the only contracted service it fits is Extended Renal Ward Bed Occupancy, but the text does not rule out an uncontracted service ; a provisional total of 3880075 was computed but is not contractually defensible, so no corrected total is submitted ; a finding rests on reading free text, or the corrected total cannot be reconstructed",3880075
INV-H4-000260,1,line_total_arithmetic|service_date_out_of_window,1682025,1657025,0.85,high,1,1,1682025,INV-H4-000260#0,"every finding follows from the invoice's own fields, independent of service identity",1682025
INV-H4-000261,0,,1789878,1789878,0.85,high,1,1,1789878,INV-H4-000261#0,not flagged; every line identified from text and priced exactly,1789878
INV-H4-000262,0,,,2110186,0.40,low,0,0,,INV-H4-000262#0,"H4-L00262-04: 'std - DIAL sess /CW-2606' is unresolved (missing_discriminator): the only contracted service it fits is Standard Paediatric Dialysis Session, but the text does not rule out an uncontracted service ; H4-L00262-07: 'OCC - std CRIT cr /CW-1779' is unresolved (missing_discriminator): the only contracted service it fits is Standard Orthopaedic Critical Care Occupancy, but the text does not rule out an uncontracted service ; H4-L00262-09: 'IMMUN - spclst /CW-9956' is unresolved (missing_discriminator): the only contracted service it fits is Specialist Immunologic Consultation, but the text does not rule out an uncontracted service ; a provisional total of 2110186 was computed but is not contractually defensible, so no corrected total is submitted ; not flagged, but some lines could not be identified, so not every rule could be checked",2110186
INV-H4-000263,0,,1153981,1153981,0.65,medium,1,1,1153981,INV-H4-000263#0,"not flagged; identity rests partly on a unit-basis tie-break, or the total is not reconstructable",1153981
INV-H4-000264,1,duplicate_invoice_id|premium_incorrectly_applied,,4696974,0.40,low,0,0,,INV-H4-000264#0|INV-H4-000264#1,"H4-L00418-01: 'supv  NURSING obs' is unresolved (missing_discriminator): the only contracted service it fits is Supervised Gastrointestinal Nursing Observation, but the text does not rule out an uncontracted service ; H4-L00418-09: 'admin REN anaesthesia' is unresolved (missing_discriminator): the only contracted service it fits is Intermittent Renal Anaesthesia Administration, but the text does not rule out an uncontracted service ; invoice number reused: this row represents occurrence INV-H4-000264#1; earlier occurrence(s) INV-H4-000264#0 (0 finding(s)) are audited separately in findings.csv ; a provisional total of 4671165 was computed but is not contractually defensible, so no corrected total is submitted ; a finding rests on reading free text, or the corrected total cannot be reconstructed",4671165
INV-H4-000265,0,,,4404590,0.40,low,0,0,,INV-H4-000265#0,"H4-L00265-02: 'admin REN anaesthesia' is unresolved (missing_discriminator): the only contracted service it fits is Intermittent Renal Anaesthesia Administration, but the text does not rule out an uncontracted service ; H4-L00265-15: 'interp COMPR img /CW-6998' is unresolved (missing_discriminator): the only contracted service it fits is Comprehensive Urologic Imaging Interpretation, but the text does not rule out an uncontracted service ; a provisional total of 4404590 was computed but is not contractually defensible, so no corrected total is submitted ; not flagged, but some lines could not be identified, so not every rule could be checked",4404590
INV-H4-000266,0,,,613575,0.40,low,0,0,,INV-H4-000266#0,"H4-L00266-04: 'rheum - RADIOTHERAPY fract /CW-5238' is unresolved (missing_discriminator): the only contracted service it fits is Intensive Rheumatologic Radiotherapy Fraction, but the text does not rule out an uncontracted service ; a provisional total of 613575 was computed but is not contractually defensible, so no corrected total is submitted ; not flagged, but some lines could not be identified, so not every rule could be checked",613575
INV-H4-000267,0,,,2593453,0.40,low,0,0,,INV-H4-000267#0,"H4-L00267-12: 'anly INTENS spcm' is unresolved (missing_discriminator): the only contracted service it fits is Intensive Urologic Specimen Analysis, but the text does not rule out an uncontracted service ; a provisional total of 2593453 was computed but is not contractually defensible, so no corrected total is submitted ; not flagged, but some lines could not be identified, so not every rule could be checked",2593453
INV-H4-000268,0,,,977995,0.40,low,0,0,,INV-H4-000268#0,"H4-L00268-01: 'ortho - ANAES administration' is unresolved (missing_discriminator): the only contracted service it fits is Inpatient Orthopaedic Anaesthesia Administration, but the text does not rule out an uncontracted service ; a provisional total of 977995 was computed but is not contractually defensible, so no corrected total is submitted ; not flagged, but some lines could not be identified, so not every rule could be checked",977995
INV-H4-000269,0,,,3368618,0.40,low,0,0,,INV-H4-000269#0,"H4-L00269-09: 'OUTPT recov RM occ' is unresolved (missing_discriminator): the only contracted service it fits is Outpatient Orthopaedic Recovery Room Occupancy, but the text does not rule out an uncontracted service ; H4-L00269-10: bundle partner 'Outpatient Orthopaedic Recovery Room Occupancy' may have been delivered on 2024-09-09 (an unresolved description that day) ; H4-L00269-15: 'ortho - ANAES administration' is unresolved (missing_discriminator): the only contracted service it fits is Inpatient Orthopaedic Anaesthesia Administration, but the text does not rule out an uncontracted service ; a provisional total of 3368618 was computed but is not contractually defensible, so no corrected total is submitted ; not flagged, but some lines could not be identified, so not every rule could be checked",3368618
INV-H4-000270,0,,,2654548,0.40,low,0,0,,INV-H4-000270#0,"H4-L00270-12: bundle partner 'Supervised Rheumatologic Dialysis Session' may have been delivered on 2024-09-10 (an unresolved description that day) ; H4-L00270-13: 'supv  - DIAL sess /CW-1782' is unresolved (missing_discriminator): the only contracted service it fits is Supervised Rheumatologic Dialysis Session, but the text does not rule out an uncontracted service ; a provisional total of 2654548 was computed but is not contractually defensible, so no corrected total is submitted ; not flagged, but some lines could not be identified, so not every rule could be checked",2654548
INV-H4-000271,0,,5044659,5044659,0.65,medium,1,1,5044659,INV-H4-000271#0,"not flagged; identity rests partly on a unit-basis tie-break, or the total is not reconstructable",5044659
INV-H4-000272,0,,1856562,1856562,0.65,medium,1,1,1856562,INV-H4-000272#0,"not flagged; identity rests partly on a unit-basis tie-break, or the total is not reconstructable",1856562
INV-H4-000273,0,,,1988640,0.40,low,0,0,,INV-H4-000273#0,"H4-L00273-08: 'gi - IMG interp' is unresolved (missing_discriminator): the only contracted service it fits is Specialist Gastrointestinal Imaging Interpretation, but the text does not rule out an uncontracted service ; a provisional total of 1988640 was computed but is not contractually defensible, so no corrected total is submitted ; not flagged, but some lines could not be identified, so not every rule could be checked",1988640
INV-H4-000274,0,,1107275,1107275,0.85,high,1,1,1107275,INV-H4-000274#0,not flagged; every line identified from text and priced exactly,1107275
INV-H4-000275,0,,,3175125,0.40,low,0,0,,INV-H4-000275#0,"H4-L00275-07: 'ortho - ANAES admin /CW-8548' is unresolved (missing_discriminator): the only contracted service it fits is Inpatient Orthopaedic Anaesthesia Administration, but the text does not rule out an uncontracted service ; a provisional total of 3175125 was computed but is not contractually defensible, so no corrected total is submitted ; not flagged, but some lines could not be identified, so not every rule could be checked",3175125
INV-H4-000276,0,,4113650,4113650,0.85,high,1,1,4113650,INV-H4-000276#0,not flagged; every line identified from text and priced exactly,4113650
INV-H4-000277,0,,,3302165,0.40,low,0,0,,INV-H4-000277#0,"H4-L00277-13: 'renal ANAES admin' is unresolved (missing_discriminator): the only contracted service it fits is Intermittent Renal Anaesthesia Administration, but the text does not rule out an uncontracted service ; a provisional total of 3302165 was computed but is not contractually defensible, so no corrected total is submitted ; not flagged, but some lines could not be identified, so not every rule could be checked",3302165
INV-H4-000278,0,,,3446950,0.40,low,0,0,,INV-H4-000278#0,"H4-L00278-18: 'card  - HOME vst' is unresolved (tied_candidates) between Bedside Cardiac Home Visit, Routine Cardiac Home Visit ; a provisional total of 3446950 was computed but is not contractually defensible, so no corrected total is submitted ; not flagged, but some lines could not be identified, so not every rule could be checked",3446950
INV-H4-000279,0,,2072558,2072558,0.85,high,1,1,2072558,INV-H4-000279#0,not flagged; every line identified from text and priced exactly,2072558
INV-H4-000280,0,,,2693475,0.40,low,0,0,,INV-H4-000280#0,"H4-L00280-09: 'amb WD bed OCC /CW-2964' is unresolved (tied_candidates) between Ambulatory Cardiac Ward Bed Occupancy, Ambulatory Immunologic Ward Bed Occupancy ; H4-L00280-11: 'interpretation - COMPR img /CW-2951' is unresolved (missing_discriminator): the only contracted service it fits is Comprehensive Urologic Imaging Interpretation, but the text does not rule out an uncontracted service ; H4-L00280-12: 'ADMIN  - gi ANAES /CW-1500' is unresolved (missing_discriminator): the only contracted service it fits is Assisted Gastrointestinal Anaesthesia Administration, but the text does not rule out an uncontracted service ; a provisional total of 2693475 was computed but is not contractually defensible, so no corrected total is submitted ; not flagged, but some lines could not be identified, so not every rule could be checked",2693475
INV-H4-000281,0,,1513905,1513905,0.85,high,1,1,1513905,INV-H4-000281#0,not flagged; every line identified from text and priced exactly,1513905
INV-H4-000282,0,,1401500,1401500,0.85,high,1,1,1401500,INV-H4-000282#0,not flagged; every line identified from text and priced exactly,1401500
INV-H4-000283,0,,,4108178,0.40,low,0,0,,INV-H4-000283#0,"H4-L00283-14: 'conf - UROL cs /CW-3094' is unresolved (missing_discriminator): the only contracted service it fits is Focused Urologic Case Conference, but the text does not rule out an uncontracted service ; a provisional total of 4108178 was computed but is not contractually defensible, so no corrected total is submitted ; not flagged, but some lines could not be identified, so not every rule could be checked",4108178
INV-H4-000284,0,,531900,531900,0.85,high,1,1,531900,INV-H4-000284#0,not flagged; every line identified from text and priced exactly,531900
INV-H4-000285,1,unknown_service,,1044325,0.40,low,0,0,,INV-H4-000285#0,"H4-L00285-02: 'ortho - ANAES admin /CW-8548' is unresolved (missing_discriminator): the only contracted service it fits is Inpatient Orthopaedic Anaesthesia Administration, but the text does not rule out an uncontracted service ; H4-L00285-06: 'postoperative CS conference /CW-1435' is unresolved (missing_discriminator): the only contracted service it fits is Postoperative Geriatric Case Conference, but the text does not rule out an uncontracted service ; H4-L00285-07: 'OUTPT recov RM occ' is unresolved (missing_discriminator): the only contracted service it fits is Outpatient Orthopaedic Recovery Room Occupancy, but the text does not rule out an uncontracted service ; H4-L00285-08: bundle partner 'Outpatient Orthopaedic Recovery Room Occupancy' may have been delivered on 2024-09-20 (an unresolved description that day) ; H4-L00285-11: service not contracted, so no contract price exists ; a provisional total of 1044325 was computed but is not contractually defensible, so no corrected total is submitted ; a finding rests on reading free text, or the corrected total cannot be reconstructed",1044325
INV-H4-000286,0,,2054450,2054450,0.85,high,1,1,2054450,INV-H4-000286#0,not flagged; every line identified from text and priced exactly,2054450
INV-H4-000287,0,,,3420900,0.40,low,0,0,,INV-H4-000287#0,"H4-L00287-09: 'conf - UROL cs /CW-3094' is unresolved (missing_discriminator): the only contracted service it fits is Focused Urologic Case Conference, but the text does not rule out an uncontracted service ; H4-L00287-15: 'prog CONT rehab /CW-3359' is unresolved (missing_discriminator): the only contracted service it fits is Continuous Psychiatric Rehabilitation Programme, but the text does not rule out an uncontracted service ; H4-L00287-16: bundle partner 'Continuous Psychiatric Rehabilitation Programme' may have been delivered on 2024-09-22 (an unresolved description that day) ; a provisional total of 3420900 was computed but is not contractually defensible, so no corrected total is submitted ; not flagged, but some lines could not be identified, so not every rule could be checked",3420900
INV-H4-000288,0,,,1085000,0.40,low,0,0,,INV-H4-000288#0,"H4-L00288-06: bundle partner 'Outpatient Orthopaedic Recovery Room Occupancy' may have been delivered on 2024-09-22 (an unresolved description that day) ; H4-L00288-07: 'ORTHOPAEDIC recov RM occupancy /CW-4525' is unresolved (missing_discriminator): the only contracted service it fits is Outpatient Orthopaedic Recovery Room Occupancy, but the text does not rule out an uncontracted service ; a provisional total of 1085000 was computed but is not contractually defensible, so no corrected total is submitted ; not flagged, but some lines could not be identified, so not every rule could be checked",1085000
INV-H4-000289,0,,,4165533,0.40,low,0,0,,INV-H4-000289#0,"H4-L00289-09: 'std - DIAL sess /CW-2606' is unresolved (missing_discriminator): the only contracted service it fits is Standard Paediatric Dialysis Session, but the text does not rule out an uncontracted service ; H4-L00289-12: 'supv  NURSING obs' is unresolved (missing_discriminator): the only contracted service it fits is Supervised Gastrointestinal Nursing Observation, but the text does not rule out an uncontracted service ; H4-L00289-14: 'gi - IMG interp' is unresolved (missing_discriminator): the only contracted service it fits is Specialist Gastrointestinal Imaging Interpretation, but the text does not rule out an uncontracted service ; H4-L00289-17: 'HEP - inf THERAPY' is unresolved (missing_discriminator): the only contracted service it fits is Standard Hepatic Infusion Therapy, but the text does not rule out an uncontracted service ; a provisional total of 4165533 was computed but is not contractually defensible, so no corrected total is submitted ; not flagged, but some lines could not be identified, so not every rule could be checked",4165533
INV-H4-000290,0,,,3406925,0.40,low,0,0,,INV-H4-000290#0,"H4-L00290-03: 'haematology - TRANSF svc' is unresolved (missing_discriminator): the only contracted service it fits is Ambulatory Haematology Transfusion Service, but the text does not rule out an uncontracted service ; H4-L00290-07: 'ortho - ANAES admin /CW-8548' is unresolved (missing_discriminator): the only contracted service it fits is Inpatient Orthopaedic Anaesthesia Administration, but the text does not rule out an uncontracted service ; H4-L00290-10: 'SUPP asst VENTILATION /CW-3888' is unresolved (missing_discriminator): the only contracted service it fits is Assisted Cardiac Ventilation Support, but the text does not rule out an uncontracted service ; a provisional total of 3406925 was computed but is not contractually defensible, so no corrected total is submitted ; not flagged, but some lines could not be identified, so not every rule could be checked",3406925
INV-H4-000291,0,,,2286450,0.40,low,0,0,,INV-H4-000291#0,"H4-L00291-08: 'occ PALLIATIVE recov RM' is unresolved (missing_discriminator): the only contracted service it fits is Postoperative Palliative Recovery Room Occupancy, but the text does not rule out an uncontracted service ; H4-L00291-09: bundle partner 'Postoperative Palliative Recovery Room Occupancy' may have been delivered on 2024-09-24 (an unresolved description that day) ; a provisional total of 2286450 was computed but is not contractually defensible, so no corrected total is submitted ; not flagged, but some lines could not be identified, so not every rule could be checked",2286450
INV-H4-000292,0,,1980000,1980000,0.85,high,1,1,1980000,INV-H4-000292#0,not flagged; every line identified from text and priced exactly,1980000
INV-H4-000293,1,unit_price_mismatch,,3500841,0.40,low,0,0,,INV-H4-000293#0,"H4-L00293-07: 'anly INTENS spcm' is unresolved (missing_discriminator): the only contracted service it fits is Intensive Urologic Specimen Analysis, but the text does not rule out an uncontracted service ; a provisional total of 3493365 was computed but is not contractually defensible, so no corrected total is submitted ; a finding rests on reading free text, or the corrected total cannot be reconstructed",3493365
INV-H4-000294,0,,,827525,0.40,low,0,0,,INV-H4-000294#0,"H4-L00294-05: 'haematology - TRANSF svc' is unresolved (missing_discriminator): the only contracted service it fits is Ambulatory Haematology Transfusion Service, but the text does not rule out an uncontracted service ; a provisional total of 827525 was computed but is not contractually defensible, so no corrected total is submitted ; not flagged, but some lines could not be identified, so not every rule could be checked",827525
INV-H4-000295,0,,,579025,0.40,low,0,0,,INV-H4-000295#0,"H4-L00295-02: 'interpretation - COMPR img /CW-2951' is unresolved (missing_discriminator): the only contracted service it fits is Comprehensive Urologic Imaging Interpretation, but the text does not rule out an uncontracted service ; a provisional total of 579025 was computed but is not contractually defensible, so no corrected total is submitted ; not flagged, but some lines could not be identified, so not every rule could be checked",579025
INV-H4-000296,0,,1443230,1443230,0.85,high,1,1,1443230,INV-H4-000296#0,not flagged; every line identified from text and priced exactly,1443230
INV-H4-000297,0,,,3398204,0.40,low,0,0,,INV-H4-000297#0,"H4-L00297-04: 'service - INTENS steril /CW-8257' is unresolved (missing_discriminator): the only contracted service it fits is Intensive Vascular Sterilisation Service, but the text does not rule out an uncontracted service ; H4-L00297-09: 'ortho - ANAES administration' is unresolved (missing_discriminator): the only contracted service it fits is Inpatient Orthopaedic Anaesthesia Administration, but the text does not rule out an uncontracted service ; H4-L00297-13: 'OUTPT recov RM occ' is unresolved (missing_discriminator): the only contracted service it fits is Outpatient Orthopaedic Recovery Room Occupancy, but the text does not rule out an uncontracted service ; H4-L00297-17: bundle partner 'Supervised Rheumatologic Dialysis Session' may have been delivered on 2024-09-30 (an unresolved description that day) ; H4-L00297-18: 'supv  - DIAL sess /CW-1782' is unresolved (missing_discriminator): the only contracted service it fits is Supervised Rheumatologic Dialysis Session, but the text does not rule out an uncontracted service ; a provisional total of 3398204 was computed but is not contractually defensible, so no corrected total is submitted ; not flagged, but some lines could not be identified, so not every rule could be checked",3398204
INV-H4-000298,0,,,2093400,0.40,low,0,0,,INV-H4-000298#0,"H4-L00298-08: 'interpretation - COMPR img /CW-2951' is unresolved (missing_discriminator): the only contracted service it fits is Comprehensive Urologic Imaging Interpretation, but the text does not rule out an uncontracted service ; H4-L00298-10: 'plng EXT disch /CW-9928' is unresolved (missing_discriminator): the only contracted service it fits is Extended Hepatic Discharge Planning, but the text does not rule out an uncontracted service ; a provisional total of 2093400 was computed but is not contractually defensible, so no corrected total is submitted ; not flagged, but some lines could not be identified, so not every rule could be checked",2093400
INV-H4-000299,0,,,421750,0.40,low,0,0,,INV-H4-000299#0,"H4-L00299-05: 'msk - SPCM analysis' is unresolved (missing_discriminator): the only contracted service it fits is Ambulatory Musculoskeletal Specimen Analysis, but the text does not rule out an uncontracted service ; H4-L00299-06: 'interp COMPR img /CW-6998' is unresolved (missing_discriminator): the only contracted service it fits is Comprehensive Urologic Imaging Interpretation, but the text does not rule out an uncontracted service ; a provisional total of 421750 was computed but is not contractually defensible, so no corrected total is submitted ; not flagged, but some lines could not be identified, so not every rule could be checked",421750
INV-H4-000300,0,,,4207405,0.40,low,0,0,,INV-H4-000300#0,"H4-L00300-10: 'REN - wd BD occ /CW-4382' is unresolved (missing_discriminator): the only contracted service it fits is Extended Renal Ward Bed Occupancy, but the text does not rule out an uncontracted service ; H4-L00300-12: 'renal ANAES admin' is unresolved (missing_discriminator): the only contracted service it fits is Intermittent Renal Anaesthesia Administration, but the text does not rule out an uncontracted service ; a provisional total of 4207405 was computed but is not contractually defensible, so no corrected total is submitted ; not flagged, but some lines could not be identified, so not every rule could be checked",4207405
INV-H4-000301,0,,,1677800,0.40,low,0,0,,INV-H4-000301#0,"H4-L00301-06: bundle partner 'Specialist Immunologic Consultation' may have been delivered on 2024-10-05 (an unresolved description that day) ; H4-L00301-07: 'IMMUN - spclst /CW-9956' is unresolved (missing_discriminator): the only contracted service it fits is Specialist Immunologic Consultation, but the text does not rule out an uncontracted service ; a provisional total of 1677800 was computed but is not contractually defensible, so no corrected total is submitted ; not flagged, but some lines could not be identified, so not every rule could be checked",1677800
INV-H4-000302,0,,,1454463,0.40,low,0,0,,INV-H4-000302#0,"H4-L00302-07: 'ASSISTED spcm ANALYSIS /CW-2232' is unresolved (missing_discriminator): the only contracted service it fits is Assisted Obstetric Specimen Analysis, but the text does not rule out an uncontracted service ; a provisional total of 1454463 was computed but is not contractually defensible, so no corrected total is submitted ; not flagged, but some lines could not be identified, so not every rule could be checked",1454463
INV-H4-000304,0,,,4995628,0.40,low,0,0,,INV-H4-000304#0,"H4-L00304-11: 'ORTHOPAEDIC recov RM occupancy /CW-4525' is unresolved (missing_discriminator): the only contracted service it fits is Outpatient Orthopaedic Recovery Room Occupancy, but the text does not rule out an uncontracted service ; a provisional total of 4995628 was computed but is not contractually defensible, so no corrected total is submitted ; not flagged, but some lines could not be identified, so not every rule could be checked",4995628
INV-H4-000305,0,,,2221575,0.40,low,0,0,,INV-H4-000305#0,"H4-L00305-09: 'interp COMPR img /CW-6998' is unresolved (missing_discriminator): the only contracted service it fits is Comprehensive Urologic Imaging Interpretation, but the text does not rule out an uncontracted service ; H4-L00305-15: 'ELECT - nurs OBS' is unresolved (missing_discriminator): the only contracted service it fits is Elective Gastrointestinal Nursing Observation, but the text does not rule out an uncontracted service ; a provisional total of 2221575 was computed but is not contractually defensible, so no corrected total is submitted ; not flagged, but some lines could not be identified, so not every rule could be checked",2221575
INV-H4-000306,0,,,2618850,0.40,low,0,0,,INV-H4-000306#0,"H4-L00306-05: 'std - DIAL sess /CW-2606' is unresolved (missing_discriminator): the only contracted service it fits is Standard Paediatric Dialysis Session, but the text does not rule out an uncontracted service ; a provisional total of 2618850 was computed but is not contractually defensible, so no corrected total is submitted ; not flagged, but some lines could not be identified, so not every rule could be checked",2618850
INV-H4-000307,0,,,4621560,0.40,low,0,0,,INV-H4-000307#0,"H4-L00307-07: 'std - DIAL sess /CW-2606' is unresolved (missing_discriminator): the only contracted service it fits is Standard Paediatric Dialysis Session, but the text does not rule out an uncontracted service ; H4-L00307-14: 'ASSISTED spcm ANALYSIS /CW-2232' is unresolved (missing_discriminator): the only contracted service it fits is Assisted Obstetric Specimen Analysis, but the text does not rule out an uncontracted service ; H4-L00307-16: 'service - INTENS steril /CW-8257' is unresolved (missing_discriminator): the only contracted service it fits is Intensive Vascular Sterilisation Service, but the text does not rule out an uncontracted service ; a provisional total of 4621560 was computed but is not contractually defensible, so no corrected total is submitted ; not flagged, but some lines could not be identified, so not every rule could be checked",4621560
INV-H4-000308,0,,,2714544,0.40,low,0,0,,INV-H4-000308#0,"H4-L00308-11: bundle partner 'Continuous Psychiatric Rehabilitation Programme' may have been delivered on 2024-10-12 (an unresolved description that day) ; H4-L00308-12: 'prog CONT rehab /CW-3359' is unresolved (missing_discriminator): the only contracted service it fits is Continuous Psychiatric Rehabilitation Programme, but the text does not rule out an uncontracted service ; a provisional total of 2714544 was computed but is not contractually defensible, so no corrected total is submitted ; not flagged, but some lines could not be identified, so not every rule could be checked",2714544
INV-H4-000309,1,unknown_service|cross_invoice_duplicate,,3550818,0.40,low,0,0,,INV-H4-000309#0,"H4-L00309-06: service not contracted, so no contract price exists ; H4-L00309-08: service not contracted, so no contract price exists ; a provisional total of 2736943 was computed but is not contractually defensible, so no corrected total is submitted ; a finding rests on reading free text, or the corrected total cannot be reconstructed",2736943
INV-H4-000310,0,,1316020,1316020,0.85,high,1,1,1316020,INV-H4-000310#0,not flagged; every line identified from text and priced exactly,1316020
INV-H4-000311,0,,,1972059,0.40,low,0,0,,INV-H4-000311#0,"H4-L00311-08: 'msk - SPCM analysis' is unresolved (missing_discriminator): the only contracted service it fits is Ambulatory Musculoskeletal Specimen Analysis, but the text does not rule out an uncontracted service ; a provisional total of 1972059 was computed but is not contractually defensible, so no corrected total is submitted ; not flagged, but some lines could not be identified, so not every rule could be checked",1972059
INV-H4-000312,0,,699500,699500,0.85,high,1,1,699500,INV-H4-000312#0,not flagged; every line identified from text and priced exactly,699500
INV-H4-000313,0,,800725,800725,0.85,high,1,1,800725,INV-H4-000313#0,not flagged; every line identified from text and priced exactly,800725
INV-H4-000314,0,,697175,697175,0.85,high,1,1,697175,INV-H4-000314#0,not flagged; every line identified from text and priced exactly,697175
INV-H4-000315,0,,1699100,1699100,0.85,high,1,1,1699100,INV-H4-000315#0,not flagged; every line identified from text and priced exactly,1699100
INV-H4-000316,0,,,4094625,0.40,low,0,0,,INV-H4-000316#0,"H4-L00316-15: 'rheum - RADIOTHERAPY fract /CW-5238' is unresolved (missing_discriminator): the only contracted service it fits is Intensive Rheumatologic Radiotherapy Fraction, but the text does not rule out an uncontracted service ; a provisional total of 4094625 was computed but is not contractually defensible, so no corrected total is submitted ; not flagged, but some lines could not be identified, so not every rule could be checked",4094625
INV-H4-000317,0,,2361575,2361575,0.85,high,1,1,2361575,INV-H4-000317#0,not flagged; every line identified from text and priced exactly,2361575
INV-H4-000318,0,,,4698159,0.40,low,0,0,,INV-H4-000318#0,"H4-L00318-03: 'haematology - TRANSF svc' is unresolved (missing_discriminator): the only contracted service it fits is Ambulatory Haematology Transfusion Service, but the text does not rule out an uncontracted service ; H4-L00318-13: 'renal ANAES admin' is unresolved (missing_discriminator): the only contracted service it fits is Intermittent Renal Anaesthesia Administration, but the text does not rule out an uncontracted service ; a provisional total of 4698159 was computed but is not contractually defensible, so no corrected total is submitted ; not flagged, but some lines could not be identified, so not every rule could be checked",4698159
INV-H4-000319,0,,,1918250,0.40,low,0,0,,INV-H4-000319#0,"H4-L00319-03: 'rheum - RADIOTHERAPY fract /CW-5238' is unresolved (missing_discriminator): the only contracted service it fits is Intensive Rheumatologic Radiotherapy Fraction, but the text does not rule out an uncontracted service ; a provisional total of 1918250 was computed but is not contractually defensible, so no corrected total is submitted ; not flagged, but some lines could not be identified, so not every rule could be checked",1918250
INV-H4-000320,0,,2024262,2024262,0.85,high,1,1,2024262,INV-H4-000320#0,not flagged; every line identified from text and priced exactly,2024262
INV-H4-000321,0,,,2786067,0.40,low,0,0,,INV-H4-000321#0,"H4-L00321-02: bundle partner 'Continuous Psychiatric Rehabilitation Programme' may have been delivered on 2024-10-16 (an unresolved description that day) ; H4-L00321-03: 'prog CONT rehab /CW-3359' is unresolved (missing_discriminator): the only contracted service it fits is Continuous Psychiatric Rehabilitation Programme, but the text does not rule out an uncontracted service ; H4-L00321-05: bundle partner 'Supervised Rheumatologic Dialysis Session' may have been delivered on 2024-10-19 (an unresolved description that day) ; H4-L00321-06: 'supv  - DIAL sess /CW-1782' is unresolved (missing_discriminator): the only contracted service it fits is Supervised Rheumatologic Dialysis Session, but the text does not rule out an uncontracted service ; a provisional total of 2786067 was computed but is not contractually defensible, so no corrected total is submitted ; not flagged, but some lines could not be identified, so not every rule could be checked",2786067
INV-H4-000322,0,,1402175,1402175,0.65,medium,1,1,1402175,INV-H4-000322#0,"not flagged; identity rests partly on a unit-basis tie-break, or the total is not reconstructable",1402175
INV-H4-000323,1,invoice_total_mismatch,,1906175,0.85,high,0,0,,INV-H4-000323#0,"H4-L00323-05: 'interpretation - COMPR img /CW-2951' is unresolved (missing_discriminator): the only contracted service it fits is Comprehensive Urologic Imaging Interpretation, but the text does not rule out an uncontracted service ; H4-L00323-07: bundle partner 'Supervised Rheumatologic Dialysis Session' may have been delivered on 2024-10-21 (an unresolved description that day) ; H4-L00323-08: 'supv  - DIAL sess /CW-1782' is unresolved (missing_discriminator): the only contracted service it fits is Supervised Rheumatologic Dialysis Session, but the text does not rule out an uncontracted service ; H4-L00323-09: 'OUTPT recov RM occ' is unresolved (missing_discriminator): the only contracted service it fits is Outpatient Orthopaedic Recovery Room Occupancy, but the text does not rule out an uncontracted service ; H4-L00323-10: bundle partner 'Outpatient Orthopaedic Recovery Room Occupancy' may have been delivered on 2024-10-18 (an unresolved description that day) ; a provisional total of 1905175 was computed but is not contractually defensible, so no corrected total is submitted ; every finding follows from the invoice's own fields, independent of service identity",1905175
INV-H4-000324,0,,,737415,0.40,low,0,0,,INV-H4-000324#0,"H4-L00324-03: bundle partner 'Specialist Immunologic Consultation' may have been delivered on 2024-10-22 (an unresolved description that day) ; H4-L00324-04: 'SPCLST immunologic /CW-6493' is unresolved (missing_discriminator): the only contracted service it fits is Specialist Immunologic Consultation, but the text does not rule out an uncontracted service ; a provisional total of 737415 was computed but is not contractually defensible, so no corrected total is submitted ; not flagged, but some lines could not be identified, so not every rule could be checked",737415
INV-H4-000325,0,,,1768325,0.40,low,0,0,,INV-H4-000325#0,"H4-L00325-04: 'ELECT - nurs OBS' is unresolved (missing_discriminator): the only contracted service it fits is Elective Gastrointestinal Nursing Observation, but the text does not rule out an uncontracted service ; a provisional total of 1768325 was computed but is not contractually defensible, so no corrected total is submitted ; not flagged, but some lines could not be identified, so not every rule could be checked",1768325
INV-H4-000326,0,,,3798200,0.40,low,0,0,,INV-H4-000326#0,"H4-L00326-03: 'supv  - DIAL sess /CW-1782' is unresolved (missing_discriminator): the only contracted service it fits is Supervised Rheumatologic Dialysis Session, but the text does not rule out an uncontracted service ; H4-L00326-04: 'SPCLST - consult' is unresolved (missing_discriminator): the only contracted service it fits is Specialist Immunologic Consultation, but the text does not rule out an uncontracted service ; H4-L00326-05: 'renal ANAES admin' is unresolved (missing_discriminator): the only contracted service it fits is Intermittent Renal Anaesthesia Administration, but the text does not rule out an uncontracted service ; H4-L00326-11: bundle partner 'Outpatient Orthopaedic Recovery Room Occupancy' may have been delivered on 2024-10-21 (an unresolved description that day) ; H4-L00326-12: 'ORTHOPAEDIC recov RM occupancy /CW-4525' is unresolved (missing_discriminator): the only contracted service it fits is Outpatient Orthopaedic Recovery Room Occupancy, but the text does not rule out an uncontracted service ; a provisional total of 3798200 was computed but is not contractually defensible, so no corrected total is submitted ; not flagged, but some lines could not be identified, so not every rule could be checked",3798200
INV-H4-000327,0,,1996725,1996725,0.65,medium,1,1,1996725,INV-H4-000327#0,"not flagged; identity rests partly on a unit-basis tie-break, or the total is not reconstructable",1996725
INV-H4-000328,0,,917100,917100,0.85,high,1,1,917100,INV-H4-000328#0,not flagged; every line identified from text and priced exactly,917100
INV-H4-000329,0,,,2992320,0.40,low,0,0,,INV-H4-000329#0,"H4-L00329-09: 'conf - UROL cs /CW-3094' is unresolved (missing_discriminator): the only contracted service it fits is Focused Urologic Case Conference, but the text does not rule out an uncontracted service ; a provisional total of 2992320 was computed but is not contractually defensible, so no corrected total is submitted ; not flagged, but some lines could not be identified, so not every rule could be checked",2992320
INV-H4-000330,0,,1330250,1330250,0.85,high,1,1,1330250,INV-H4-000330#0,not flagged; every line identified from text and priced exactly,1330250
INV-H4-000331,0,,,4216333,0.40,low,0,0,,INV-H4-000331#0,"H4-L00331-01: 'conf - UROL cs /CW-3094' is unresolved (missing_discriminator): the only contracted service it fits is Focused Urologic Case Conference, but the text does not rule out an uncontracted service ; H4-L00331-17: 'IMMUN - spclst /CW-9956' is unresolved (missing_discriminator): the only contracted service it fits is Specialist Immunologic Consultation, but the text does not rule out an uncontracted service ; a provisional total of 4216333 was computed but is not contractually defensible, so no corrected total is submitted ; not flagged, but some lines could not be identified, so not every rule could be checked",4216333
INV-H4-000332,0,,,4836400,0.40,low,0,0,,INV-H4-000332#0,"H4-L00332-11: 'SUPP asst VENTILATION /CW-3888' is unresolved (missing_discriminator): the only contracted service it fits is Assisted Cardiac Ventilation Support, but the text does not rule out an uncontracted service ; a provisional total of 4836400 was computed but is not contractually defensible, so no corrected total is submitted ; not flagged, but some lines could not be identified, so not every rule could be checked",4836400
INV-H4-000333,0,,,999950,0.40,low,0,0,,INV-H4-000333#0,"H4-L00333-01: 'OUTPT recov RM occ' is unresolved (missing_discriminator): the only contracted service it fits is Outpatient Orthopaedic Recovery Room Occupancy, but the text does not rule out an uncontracted service ; H4-L00333-02: bundle partner 'Outpatient Orthopaedic Recovery Room Occupancy' may have been delivered on 2024-11-02 (an unresolved description that day) ; a provisional total of 999950 was computed but is not contractually defensible, so no corrected total is submitted ; not flagged, but some lines could not be identified, so not every rule could be checked",999950
INV-H4-000334,0,,1071950,1071950,0.85,high,1,1,1071950,INV-H4-000334#0,not flagged; every line identified from text and priced exactly,1071950
INV-H4-000335,0,,,2045545,0.40,low,0,0,,INV-H4-000335#0,"H4-L00335-01: 'service - INTENS steril /CW-8257' is unresolved (missing_discriminator): the only contracted service it fits is Intensive Vascular Sterilisation Service, but the text does not rule out an uncontracted service ; a provisional total of 2045545 was computed but is not contractually defensible, so no corrected total is submitted ; not flagged, but some lines could not be identified, so not every rule could be checked",2045545
INV-H4-000336,0,,,3783718,0.40,low,0,0,,INV-H4-000336#0,"H4-L00336-02: 'OUTPT recov RM occ' is unresolved (missing_discriminator): the only contracted service it fits is Outpatient Orthopaedic Recovery Room Occupancy, but the text does not rule out an uncontracted service ; H4-L00336-12: 'prog CONT rehab /CW-3359' is unresolved (missing_discriminator): the only contracted service it fits is Continuous Psychiatric Rehabilitation Programme, but the text does not rule out an uncontracted service ; a provisional total of 3783718 was computed but is not contractually defensible, so no corrected total is submitted ; not flagged, but some lines could not be identified, so not every rule could be checked",3783718
INV-H4-000337,0,,2762165,2762165,0.85,high,1,1,2762165,INV-H4-000337#0,not flagged; every line identified from text and priced exactly,2762165
INV-H4-000338,0,,,3339125,0.40,low,0,0,,INV-H4-000338#0,"H4-L00338-01: 'supv  NURSING obs' is unresolved (missing_discriminator): the only contracted service it fits is Supervised Gastrointestinal Nursing Observation, but the text does not rule out an uncontracted service ; a provisional total of 3339125 was computed but is not contractually defensible, so no corrected total is submitted ; not flagged, but some lines could not be identified, so not every rule could be checked",3339125
INV-H4-000339,0,,2489370,2489370,0.85,high,1,1,2489370,INV-H4-000339#0,not flagged; every line identified from text and priced exactly,2489370
INV-H4-000340,0,,572600,572600,0.85,high,1,1,572600,INV-H4-000340#0,not flagged; every line identified from text and priced exactly,572600
INV-H4-000341,0,,5736706,5736706,0.85,high,1,1,5736706,INV-H4-000341#0,not flagged; every line identified from text and priced exactly,5736706
INV-H4-000342,0,,,1868200,0.40,low,0,0,,INV-H4-000342#0,"H4-L00342-03: 'prog CONT rehab /CW-3359' is unresolved (missing_discriminator): the only contracted service it fits is Continuous Psychiatric Rehabilitation Programme, but the text does not rule out an uncontracted service ; H4-L00342-04: bundle partner 'Continuous Psychiatric Rehabilitation Programme' may have been delivered on 2024-11-08 (an unresolved description that day) ; a provisional total of 1868200 was computed but is not contractually defensible, so no corrected total is submitted ; not flagged, but some lines could not be identified, so not every rule could be checked",1868200
INV-H4-000343,0,,1048175,1048175,0.85,high,1,1,1048175,INV-H4-000343#0,not flagged; every line identified from text and priced exactly,1048175
INV-H4-000344,0,,,2427031,0.40,low,0,0,,INV-H4-000344#0,"H4-L00344-02: 'std - DIAL sess /CW-2606' is unresolved (missing_discriminator): the only contracted service it fits is Standard Paediatric Dialysis Session, but the text does not rule out an uncontracted service ; a provisional total of 2427031 was computed but is not contractually defensible, so no corrected total is submitted ; not flagged, but some lines could not be identified, so not every rule could be checked",2427031
INV-H4-000345,0,,,2320375,0.40,low,0,0,,INV-H4-000345#0,"H4-L00345-17: 'renal ANAES admin' is unresolved (missing_discriminator): the only contracted service it fits is Intermittent Renal Anaesthesia Administration, but the text does not rule out an uncontracted service ; a provisional total of 2320375 was computed but is not contractually defensible, so no corrected total is submitted ; not flagged, but some lines could not be identified, so not every rule could be checked",2320375
INV-H4-000346,0,,4225450,4225450,0.85,high,1,1,4225450,INV-H4-000346#0,not flagged; every line identified from text and priced exactly,4225450
INV-H4-000347,0,,,1895670,0.40,low,0,0,,INV-H4-000347#0,"H4-L00347-09: 'INFECT - critical CARE occ' is unresolved (missing_discriminator): the only contracted service it fits is Continuous Infectious Critical Care Occupancy, but the text does not rule out an uncontracted service ; a provisional total of 1895670 was computed but is not contractually defensible, so no corrected total is submitted ; not flagged, but some lines could not be identified, so not every rule could be checked",1895670
INV-H4-000348,0,,,2813528,0.40,low,0,0,,INV-H4-000348#0,"H4-L00348-06: 'ortho  - ANAES admin /CW-7356' is unresolved (missing_discriminator): the only contracted service it fits is Inpatient Orthopaedic Anaesthesia Administration, but the text does not rule out an uncontracted service ; H4-L00348-08: 'OCC - std CRIT cr /CW-1779' is unresolved (missing_discriminator): the only contracted service it fits is Standard Orthopaedic Critical Care Occupancy, but the text does not rule out an uncontracted service ; a provisional total of 2813528 was computed but is not contractually defensible, so no corrected total is submitted ; not flagged, but some lines could not be identified, so not every rule could be checked",2813528
INV-H4-000349,0,,2307175,2307175,0.85,high,1,1,2307175,INV-H4-000349#0,not flagged; every line identified from text and priced exactly,2307175
INV-H4-000350,0,,3278425,3278425,0.85,high,1,1,3278425,INV-H4-000350#0,not flagged; every line identified from text and priced exactly,3278425
INV-H4-000351,0,,,5091100,0.40,low,0,0,,INV-H4-000351#0,"H4-L00351-01: bundle partner 'Specialist Immunologic Consultation' may have been delivered on 2024-11-19 (an unresolved description that day) ; H4-L00351-02: 'IMMUN - spclst /CW-9956' is unresolved (missing_discriminator): the only contracted service it fits is Specialist Immunologic Consultation, but the text does not rule out an uncontracted service ; H4-L00351-15: 'ORTHOPAEDIC recov RM occupancy /CW-4525' is unresolved (missing_discriminator): the only contracted service it fits is Outpatient Orthopaedic Recovery Room Occupancy, but the text does not rule out an uncontracted service ; H4-L00351-16: bundle partner 'Outpatient Orthopaedic Recovery Room Occupancy' may have been delivered on 2024-11-19 (an unresolved description that day) ; a provisional total of 5091100 was computed but is not contractually defensible, so no corrected total is submitted ; not flagged, but some lines could not be identified, so not every rule could be checked",5091100
INV-H4-000352,0,,,1914963,0.40,low,0,0,,INV-H4-000352#0,"H4-L00352-07: 'SPCLST immunologic /CW-6493' is unresolved (missing_discriminator): the only contracted service it fits is Specialist Immunologic Consultation, but the text does not rule out an uncontracted service ; a provisional total of 1914963 was computed but is not contractually defensible, so no corrected total is submitted ; not flagged, but some lines could not be identified, so not every rule could be checked",1914963
INV-H4-000353,0,,,981842,0.40,low,0,0,,INV-H4-000353#0,"H4-L00353-02: 'msk - SPCM analysis' is unresolved (missing_discriminator): the only contracted service it fits is Ambulatory Musculoskeletal Specimen Analysis, but the text does not rule out an uncontracted service ; a provisional total of 981842 was computed but is not contractually defensible, so no corrected total is submitted ; not flagged, but some lines could not be identified, so not every rule could be checked",981842
INV-H4-000354,0,,2357825,2357825,0.65,medium,1,1,2357825,INV-H4-000354#0,"not flagged; identity rests partly on a unit-basis tie-break, or the total is not reconstructable",2357825
INV-H4-000355,1,premium_omitted|unit_price_mismatch,,2871831,0.40,low,0,0,,INV-H4-000355#0,"H4-L00355-06: 'SPCLST immunologic /CW-6493' is unresolved (missing_discriminator): the only contracted service it fits is Specialist Immunologic Consultation, but the text does not rule out an uncontracted service ; H4-L00355-12: cumulative utilisation of 'Standard Orthopaedic Critical Care Occupancy' before this line lies in [96, 123], straddling a discount threshold ; H4-L00355-13: 'gi - IMG interp' is unresolved (missing_discriminator): the only contracted service it fits is Specialist Gastrointestinal Imaging Interpretation, but the text does not rule out an uncontracted service ; a provisional total of 2858859 was computed but is not contractually defensible, so no corrected total is submitted ; a finding rests on reading free text, or the corrected total cannot be reconstructed",2858859
INV-H4-000356,0,,1230034,1230034,0.85,high,1,1,1230034,INV-H4-000356#0,not flagged; every line identified from text and priced exactly,1230034
INV-H4-000357,0,,,3397840,0.40,low,0,0,,INV-H4-000357#0,"H4-L00357-01: 'REN - wd BD occ /CW-4382' is unresolved (missing_discriminator): the only contracted service it fits is Extended Renal Ward Bed Occupancy, but the text does not rule out an uncontracted service ; H4-L00357-09: 'INFECT - critical CARE occ' is unresolved (missing_discriminator): the only contracted service it fits is Continuous Infectious Critical Care Occupancy, but the text does not rule out an uncontracted service ; H4-L00357-12: 'service - INTENS steril /CW-8257' is unresolved (missing_discriminator): the only contracted service it fits is Intensive Vascular Sterilisation Service, but the text does not rule out an uncontracted service ; a provisional total of 3397840 was computed but is not contractually defensible, so no corrected total is submitted ; not flagged, but some lines could not be identified, so not every rule could be checked",3397840
INV-H4-000358,0,,,5154605,0.40,low,0,0,,INV-H4-000358#0,"H4-L00358-14: 'GI - transfusion SVC /CW-9161' is unresolved (missing_discriminator): the only contracted service it fits is Continuous Gastrointestinal Transfusion Service, but the text does not rule out an uncontracted service ; a provisional total of 5154605 was computed but is not contractually defensible, so no corrected total is submitted ; not flagged, but some lines could not be identified, so not every rule could be checked",5154605
INV-H4-000359,0,,1946150,1946150,0.85,high,1,1,1946150,INV-H4-000359#0,not flagged; every line identified from text and priced exactly,1946150
INV-H4-000360,0,,,4291045,0.40,low,0,0,,INV-H4-000360#0,"H4-L00360-07: 'REN - wd BD occ /CW-4382' is unresolved (missing_discriminator): the only contracted service it fits is Extended Renal Ward Bed Occupancy, but the text does not rule out an uncontracted service ; H4-L00360-11: 'ortho - ANAES admin /CW-8548' is unresolved (missing_discriminator): the only contracted service it fits is Inpatient Orthopaedic Anaesthesia Administration, but the text does not rule out an uncontracted service ; H4-L00360-14: 'std - DIAL sess /CW-2606' is unresolved (missing_discriminator): the only contracted service it fits is Standard Paediatric Dialysis Session, but the text does not rule out an uncontracted service ; a provisional total of 4291045 was computed but is not contractually defensible, so no corrected total is submitted ; not flagged, but some lines could not be identified, so not every rule could be checked",4291045
INV-H4-000361,0,,,4042944,0.40,low,0,0,,INV-H4-000361#0,"H4-L00361-18: 'HEP - inf THERAPY' is unresolved (missing_discriminator): the only contracted service it fits is Standard Hepatic Infusion Therapy, but the text does not rule out an uncontracted service ; a provisional total of 4042944 was computed but is not contractually defensible, so no corrected total is submitted ; not flagged, but some lines could not be identified, so not every rule could be checked",4042944
INV-H4-000362,0,,,369425,0.40,low,0,0,,INV-H4-000362#0,"H4-L00362-05: 'prog CONT rehab /CW-3359' is unresolved (missing_discriminator): the only contracted service it fits is Continuous Psychiatric Rehabilitation Programme, but the text does not rule out an uncontracted service ; a provisional total of 369425 was computed but is not contractually defensible, so no corrected total is submitted ; not flagged, but some lines could not be identified, so not every rule could be checked",369425
INV-H4-000363,0,,,2873300,0.40,low,0,0,,INV-H4-000363#0,"H4-L00363-14: 'interp COMPR img /CW-6998' is unresolved (missing_discriminator): the only contracted service it fits is Comprehensive Urologic Imaging Interpretation, but the text does not rule out an uncontracted service ; a provisional total of 2873300 was computed but is not contractually defensible, so no corrected total is submitted ; not flagged, but some lines could not be identified, so not every rule could be checked",2873300
INV-H4-000364,0,,,2238755,0.40,low,0,0,,INV-H4-000364#0,"H4-L00364-08: 'std - DIAL sess /CW-2606' is unresolved (missing_discriminator): the only contracted service it fits is Standard Paediatric Dialysis Session, but the text does not rule out an uncontracted service ; a provisional total of 2238755 was computed but is not contractually defensible, so no corrected total is submitted ; not flagged, but some lines could not be identified, so not every rule could be checked",2238755
INV-H4-000365,0,,1747290,1747290,0.85,high,1,1,1747290,INV-H4-000365#0,not flagged; every line identified from text and priced exactly,1747290
INV-H4-000366,0,,,1394828,0.65,medium,0,0,,INV-H4-000366#0,"H4-L00366-06: cumulative utilisation of 'Standard Orthopaedic Critical Care Occupancy' before this line lies in [98, 125], straddling a discount threshold ; a provisional total of 1394828 was computed but is not contractually defensible, so no corrected total is submitted ; not flagged; identity rests partly on a unit-basis tie-break, or the total is not reconstructable",1394828
INV-H4-000367,0,,,2149531,0.40,low,0,0,,INV-H4-000367#0,"H4-L00367-07: 'IMMUN - spclst /CW-9956' is unresolved (missing_discriminator): the only contracted service it fits is Specialist Immunologic Consultation, but the text does not rule out an uncontracted service ; H4-L00367-08: bundle partner 'Specialist Immunologic Consultation' may have been delivered on 2024-12-06 (an unresolved description that day) ; a provisional total of 2149531 was computed but is not contractually defensible, so no corrected total is submitted ; not flagged, but some lines could not be identified, so not every rule could be checked",2149531
INV-H4-000368,0,,,3021850,0.40,low,0,0,,INV-H4-000368#0,"H4-L00368-09: 'ADMIN  - gi ANAES /CW-1500' is unresolved (missing_discriminator): the only contracted service it fits is Assisted Gastrointestinal Anaesthesia Administration, but the text does not rule out an uncontracted service ; a provisional total of 3021850 was computed but is not contractually defensible, so no corrected total is submitted ; not flagged, but some lines could not be identified, so not every rule could be checked",3021850
INV-H4-000369,0,,,2572650,0.40,low,0,0,,INV-H4-000369#0,"H4-L00369-06: 'ADMIN  - gi ANAES /CW-1500' is unresolved (missing_discriminator): the only contracted service it fits is Assisted Gastrointestinal Anaesthesia Administration, but the text does not rule out an uncontracted service ; a provisional total of 2572650 was computed but is not contractually defensible, so no corrected total is submitted ; not flagged, but some lines could not be identified, so not every rule could be checked",2572650
INV-H4-000370,0,,1554128,1554128,0.85,high,1,1,1554128,INV-H4-000370#0,not flagged; every line identified from text and priced exactly,1554128
INV-H4-000371,0,,,2884425,0.40,low,0,0,,INV-H4-000371#0,"H4-L00371-06: 'FOCUSED biop PROC' is unresolved (missing_discriminator): the only contracted service it fits is Focused Metabolic Biopsy Procedure, but the text does not rule out an uncontracted service ; H4-L00371-08: 'ELECT - nurs OBS' is unresolved (missing_discriminator): the only contracted service it fits is Elective Gastrointestinal Nursing Observation, but the text does not rule out an uncontracted service ; H4-L00371-09: 'conf - UROL cs /CW-3094' is unresolved (missing_discriminator): the only contracted service it fits is Focused Urologic Case Conference, but the text does not rule out an uncontracted service ; a provisional total of 2884425 was computed but is not contractually defensible, so no corrected total is submitted ; not flagged, but some lines could not be identified, so not every rule could be checked",2884425
INV-H4-000372,0,,474575,474575,0.85,high,1,1,474575,INV-H4-000372#0,not flagged; every line identified from text and priced exactly,474575
INV-H4-000373,0,,3625717,3625717,0.85,high,1,1,3625717,INV-H4-000373#0,not flagged; every line identified from text and priced exactly,3625717
INV-H4-000374,0,,,2910580,0.40,low,0,0,,INV-H4-000374#0,"H4-L00374-08: 'ortho  - ANAES admin /CW-7356' is unresolved (missing_discriminator): the only contracted service it fits is Inpatient Orthopaedic Anaesthesia Administration, but the text does not rule out an uncontracted service ; H4-L00374-09: bundle partner 'Specialist Immunologic Consultation' may have been delivered on 2024-12-14 (an unresolved description that day) ; H4-L00374-10: 'IMMUN - spclst /CW-9956' is unresolved (missing_discriminator): the only contracted service it fits is Specialist Immunologic Consultation, but the text does not rule out an uncontracted service ; a provisional total of 2910580 was computed but is not contractually defensible, so no corrected total is submitted ; not flagged, but some lines could not be identified, so not every rule could be checked",2910580
INV-H4-000375,0,,1582750,1582750,0.85,high,1,1,1582750,INV-H4-000375#0,not flagged; every line identified from text and priced exactly,1582750
INV-H4-000376,0,,462950,462950,0.85,high,1,1,462950,INV-H4-000376#0,not flagged; every line identified from text and priced exactly,462950
INV-H4-000377,0,,,3124106,0.40,low,0,0,,INV-H4-000377#0,"H4-L00377-02: 'SPCLST - consult' is unresolved (missing_discriminator): the only contracted service it fits is Specialist Immunologic Consultation, but the text does not rule out an uncontracted service ; H4-L00377-14: 'admin REN anaesthesia' is unresolved (missing_discriminator): the only contracted service it fits is Intermittent Renal Anaesthesia Administration, but the text does not rule out an uncontracted service ; a provisional total of 3124106 was computed but is not contractually defensible, so no corrected total is submitted ; not flagged, but some lines could not be identified, so not every rule could be checked",3124106
INV-H4-000378,0,,,3217278,0.40,low,0,0,,INV-H4-000378#0,"H4-L00378-04: cumulative utilisation of 'Standard Orthopaedic Critical Care Occupancy' before this line lies in [99, 126], straddling a discount threshold ; H4-L00378-16: 'GI - transfusion SVC /CW-9161' is unresolved (missing_discriminator): the only contracted service it fits is Continuous Gastrointestinal Transfusion Service, but the text does not rule out an uncontracted service ; a provisional total of 3217278 was computed but is not contractually defensible, so no corrected total is submitted ; not flagged, but some lines could not be identified, so not every rule could be checked",3217278
INV-H4-000379,0,,1395600,1395600,0.85,high,1,1,1395600,INV-H4-000379#0,not flagged; every line identified from text and priced exactly,1395600
INV-H4-000380,0,,,2664950,0.40,low,0,0,,INV-H4-000380#0,"H4-L00380-07: 'std - DIAL sess /CW-2606' is unresolved (missing_discriminator): the only contracted service it fits is Standard Paediatric Dialysis Session, but the text does not rule out an uncontracted service ; H4-L00380-12: 'msk - SPCM analysis' is unresolved (missing_discriminator): the only contracted service it fits is Ambulatory Musculoskeletal Specimen Analysis, but the text does not rule out an uncontracted service ; a provisional total of 2664950 was computed but is not contractually defensible, so no corrected total is submitted ; not flagged, but some lines could not be identified, so not every rule could be checked",2664950
INV-H4-000381,0,,2177615,2177615,0.85,high,1,1,2177615,INV-H4-000381#0,not flagged; every line identified from text and priced exactly,2177615
INV-H4-000382,0,,781425,781425,0.85,high,1,1,781425,INV-H4-000382#0,not flagged; every line identified from text and priced exactly,781425
INV-H4-000383,0,,,6154400,0.40,low,0,0,,INV-H4-000383#0,"H4-L00383-04: bundle partner 'Specialist Immunologic Consultation' may have been delivered on 2024-12-17 (an unresolved description that day) ; H4-L00383-05: 'SPCLST - consult' is unresolved (missing_discriminator): the only contracted service it fits is Specialist Immunologic Consultation, but the text does not rule out an uncontracted service ; H4-L00383-06: 'FOCUSED biop PROC' is unresolved (missing_discriminator): the only contracted service it fits is Focused Metabolic Biopsy Procedure, but the text does not rule out an uncontracted service ; H4-L00383-12: 'GI - transfusion SVC /CW-9161' is unresolved (missing_discriminator): the only contracted service it fits is Continuous Gastrointestinal Transfusion Service, but the text does not rule out an uncontracted service ; a provisional total of 6154400 was computed but is not contractually defensible, so no corrected total is submitted ; not flagged, but some lines could not be identified, so not every rule could be checked",6154400
INV-H4-000384,0,,,3817812,0.40,low,0,0,,INV-H4-000384#0,"H4-L00384-08: 'renal ANAES admin' is unresolved (missing_discriminator): the only contracted service it fits is Intermittent Renal Anaesthesia Administration, but the text does not rule out an uncontracted service ; H4-L00384-11: cumulative utilisation of 'Standard Orthopaedic Critical Care Occupancy' before this line lies in [113, 140], straddling a discount threshold ; a provisional total of 3817812 was computed but is not contractually defensible, so no corrected total is submitted ; not flagged, but some lines could not be identified, so not every rule could be checked",3817812
INV-H4-000385,0,,,3064130,0.40,low,0,0,,INV-H4-000385#0,"H4-L00385-11: 'INFECT - critical CARE occ' is unresolved (missing_discriminator): the only contracted service it fits is Continuous Infectious Critical Care Occupancy, but the text does not rule out an uncontracted service ; a provisional total of 3064130 was computed but is not contractually defensible, so no corrected total is submitted ; not flagged, but some lines could not be identified, so not every rule could be checked",3064130
INV-H4-000386,0,,,3023171,0.40,low,0,0,,INV-H4-000386#0,"H4-L00386-03: 'gi - IMG interp' is unresolved (missing_discriminator): the only contracted service it fits is Specialist Gastrointestinal Imaging Interpretation, but the text does not rule out an uncontracted service ; H4-L00386-13: cumulative utilisation of 'Standard Orthopaedic Critical Care Occupancy' before this line lies in [105, 132], straddling a discount threshold ; a provisional total of 3023171 was computed but is not contractually defensible, so no corrected total is submitted ; not flagged, but some lines could not be identified, so not every rule could be checked",3023171
INV-H4-000387,0,,,2340374,0.65,medium,0,0,,INV-H4-000387#0,"H4-L00387-06: cumulative utilisation of 'Standard Orthopaedic Critical Care Occupancy' before this line lies in [107, 134], straddling a discount threshold ; a provisional total of 2340374 was computed but is not contractually defensible, so no corrected total is submitted ; not flagged; identity rests partly on a unit-basis tie-break, or the total is not reconstructable",2340374
INV-H4-000388,0,,,3044800,0.40,low,0,0,,INV-H4-000388#0,"H4-L00388-07: 'interpretation - COMPR img /CW-2951' is unresolved (missing_discriminator): the only contracted service it fits is Comprehensive Urologic Imaging Interpretation, but the text does not rule out an uncontracted service ; H4-L00388-10: 'plng EXT disch /CW-9928' is unresolved (missing_discriminator): the only contracted service it fits is Extended Hepatic Discharge Planning, but the text does not rule out an uncontracted service ; a provisional total of 3044800 was computed but is not contractually defensible, so no corrected total is submitted ; not flagged, but some lines could not be identified, so not every rule could be checked",3044800
INV-H4-000389,0,,,935125,0.40,low,0,0,,INV-H4-000389#0,"H4-L00389-06: 'msk - SPCM analysis' is unresolved (missing_discriminator): the only contracted service it fits is Ambulatory Musculoskeletal Specimen Analysis, but the text does not rule out an uncontracted service ; a provisional total of 935125 was computed but is not contractually defensible, so no corrected total is submitted ; not flagged, but some lines could not be identified, so not every rule could be checked",935125
INV-H4-000390,0,,621475,621475,0.85,high,1,1,621475,INV-H4-000390#0,not flagged; every line identified from text and priced exactly,621475
INV-H4-000391,1,service_date_after_invoice_date,,1528764,0.85,high,0,0,,INV-H4-000391#0,"H4-L00391-10: 'renal ANAES admin' is unresolved (missing_discriminator): the only contracted service it fits is Intermittent Renal Anaesthesia Administration, but the text does not rule out an uncontracted service ; a provisional total of 1528764 was computed but is not contractually defensible, so no corrected total is submitted ; every finding follows from the invoice's own fields, independent of service identity",1528764
INV-H4-000392,0,,1904013,1904013,0.85,high,1,1,1904013,INV-H4-000392#0,not flagged; every line identified from text and priced exactly,1904013
INV-H4-000393,0,,,4520912,0.40,low,0,0,,INV-H4-000393#0,"H4-L00393-11: 'OCC - std CRIT cr /CW-1779' is unresolved (missing_discriminator): the only contracted service it fits is Standard Orthopaedic Critical Care Occupancy, but the text does not rule out an uncontracted service ; a provisional total of 4520912 was computed but is not contractually defensible, so no corrected total is submitted ; not flagged, but some lines could not be identified, so not every rule could be checked",4520912
INV-H4-000394,0,,3995850,3995850,0.65,medium,1,1,3995850,INV-H4-000394#0,"not flagged; identity rests partly on a unit-basis tie-break, or the total is not reconstructable",3995850
INV-H4-000395,0,,,4153581,0.40,low,0,0,,INV-H4-000395#0,"H4-L00395-03: 'interp COMPR img /CW-6998' is unresolved (missing_discriminator): the only contracted service it fits is Comprehensive Urologic Imaging Interpretation, but the text does not rule out an uncontracted service ; a provisional total of 4153581 was computed but is not contractually defensible, so no corrected total is submitted ; not flagged, but some lines could not be identified, so not every rule could be checked",4153581
INV-H4-000396,0,,,4456925,0.40,low,0,0,,INV-H4-000396#0,"H4-L00396-11: 'GI - transfusion SVC /CW-9161' is unresolved (missing_discriminator): the only contracted service it fits is Continuous Gastrointestinal Transfusion Service, but the text does not rule out an uncontracted service ; a provisional total of 4456925 was computed but is not contractually defensible, so no corrected total is submitted ; not flagged, but some lines could not be identified, so not every rule could be checked",4456925
INV-H4-000397,0,,,4650248,0.40,low,0,0,,INV-H4-000397#0,"H4-L00397-07: 'ORTHOPAEDIC recov RM occupancy /CW-4525' is unresolved (missing_discriminator): the only contracted service it fits is Outpatient Orthopaedic Recovery Room Occupancy, but the text does not rule out an uncontracted service ; H4-L00397-16: 'conf - UROL cs /CW-3094' is unresolved (missing_discriminator): the only contracted service it fits is Focused Urologic Case Conference, but the text does not rule out an uncontracted service ; H4-L00397-18: 'conf - UROL cs /CW-3094' is unresolved (missing_discriminator): the only contracted service it fits is Focused Urologic Case Conference, but the text does not rule out an uncontracted service ; a provisional total of 4650248 was computed but is not contractually defensible, so no corrected total is submitted ; not flagged, but some lines could not be identified, so not every rule could be checked",4650248
INV-H4-000398,0,,,2575550,0.40,low,0,0,,INV-H4-000398#0,"H4-L00398-08: 'OUTPT recov RM occ' is unresolved (missing_discriminator): the only contracted service it fits is Outpatient Orthopaedic Recovery Room Occupancy, but the text does not rule out an uncontracted service ; H4-L00398-09: bundle partner 'Outpatient Orthopaedic Recovery Room Occupancy' may have been delivered on 2024-12-27 (an unresolved description that day) ; a provisional total of 2575550 was computed but is not contractually defensible, so no corrected total is submitted ; not flagged, but some lines could not be identified, so not every rule could be checked",2575550
INV-H4-000399,0,,,1243755,0.40,low,0,0,,INV-H4-000399#0,"H4-L00399-05: 'assisted - NUTR supp' is unresolved (missing_discriminator): the only contracted service it fits is Assisted Renal Nutritional Support, but the text does not rule out an uncontracted service ; H4-L00399-08: 'ELECT - nurs OBS' is unresolved (missing_discriminator): the only contracted service it fits is Elective Gastrointestinal Nursing Observation, but the text does not rule out an uncontracted service ; a provisional total of 1243755 was computed but is not contractually defensible, so no corrected total is submitted ; not flagged, but some lines could not be identified, so not every rule could be checked",1243755
INV-H4-000400,0,,,1668400,0.40,low,0,0,,INV-H4-000400#0,"H4-L00400-06: 'ortho - ANAES admin /CW-8548' is unresolved (missing_discriminator): the only contracted service it fits is Inpatient Orthopaedic Anaesthesia Administration, but the text does not rule out an uncontracted service ; a provisional total of 1668400 was computed but is not contractually defensible, so no corrected total is submitted ; not flagged, but some lines could not be identified, so not every rule could be checked",1668400
INV-H4-000401,0,,,2864175,0.40,low,0,0,,INV-H4-000401#0,"H4-L00401-02: 'occ PALLIATIVE recov RM' is unresolved (missing_discriminator): the only contracted service it fits is Postoperative Palliative Recovery Room Occupancy, but the text does not rule out an uncontracted service ; a provisional total of 2864175 was computed but is not contractually defensible, so no corrected total is submitted ; not flagged, but some lines could not be identified, so not every rule could be checked",2864175
INV-H4-000402,0,,,3624065,0.40,low,0,0,,INV-H4-000402#0,"H4-L00402-14: 'ortho - ANAES admin /CW-8548' is unresolved (missing_discriminator): the only contracted service it fits is Inpatient Orthopaedic Anaesthesia Administration, but the text does not rule out an uncontracted service ; a provisional total of 3624065 was computed but is not contractually defensible, so no corrected total is submitted ; not flagged, but some lines could not be identified, so not every rule could be checked",3624065
INV-H4-000403,0,,1411800,1411800,0.85,high,1,1,1411800,INV-H4-000403#0,not flagged; every line identified from text and priced exactly,1411800
INV-H4-000404,0,,1310900,1310900,0.85,high,1,1,1310900,INV-H4-000404#0,not flagged; every line identified from text and priced exactly,1310900
INV-H4-000405,0,,,5486439,0.40,low,0,0,,INV-H4-000405#0,"H4-L00405-08: 'INFECT - critical CARE occ' is unresolved (missing_discriminator): the only contracted service it fits is Continuous Infectious Critical Care Occupancy, but the text does not rule out an uncontracted service ; a provisional total of 5486439 was computed but is not contractually defensible, so no corrected total is submitted ; not flagged, but some lines could not be identified, so not every rule could be checked",5486439
INV-H4-000406,0,,,2188067,0.40,low,0,0,,INV-H4-000406#0,"H4-L00406-02: cumulative utilisation of 'Standard Orthopaedic Critical Care Occupancy' before this line lies in [117, 148], straddling a discount threshold ; H4-L00406-05: 'ortho - ANAES admin /CW-8548' is unresolved (missing_discriminator): the only contracted service it fits is Inpatient Orthopaedic Anaesthesia Administration, but the text does not rule out an uncontracted service ; a provisional total of 2188067 was computed but is not contractually defensible, so no corrected total is submitted ; not flagged, but some lines could not be identified, so not every rule could be checked",2188067
INV-H4-000407,0,,,4216218,0.40,low,0,0,,INV-H4-000407#0,"H4-L00407-02: bundle partner 'Outpatient Orthopaedic Recovery Room Occupancy' may have been delivered on 2025-01-01 (an unresolved description that day) ; H4-L00407-03: 'ORTHOPAEDIC recov RM occupancy /CW-4525' is unresolved (missing_discriminator): the only contracted service it fits is Outpatient Orthopaedic Recovery Room Occupancy, but the text does not rule out an uncontracted service ; H4-L00407-17: 'card  - HOME vst' is unresolved (tied_candidates) between Bedside Cardiac Home Visit, Routine Cardiac Home Visit ; H4-L00407-19: 'IMMUN - spclst /CW-9956' is unresolved (missing_discriminator): the only contracted service it fits is Specialist Immunologic Consultation, but the text does not rule out an uncontracted service ; H4-L00407-20: 'supv  - DIAL sess /CW-1782' is unresolved (missing_discriminator): the only contracted service it fits is Supervised Rheumatologic Dialysis Session, but the text does not rule out an uncontracted service ; a provisional total of 4216218 was computed but is not contractually defensible, so no corrected total is submitted ; not flagged, but some lines could not be identified, so not every rule could be checked",4216218
INV-H4-000408,0,,2092935,2092935,0.85,high,1,1,2092935,INV-H4-000408#0,not flagged; every line identified from text and priced exactly,2092935
INV-H4-000409,0,,,1705759,0.40,low,0,0,,INV-H4-000409#0,"H4-L00409-09: 'service - INTENS steril /CW-8257' is unresolved (missing_discriminator): the only contracted service it fits is Intensive Vascular Sterilisation Service, but the text does not rule out an uncontracted service ; a provisional total of 1705759 was computed but is not contractually defensible, so no corrected total is submitted ; not flagged, but some lines could not be identified, so not every rule could be checked",1705759
INV-H4-000410,0,,,2163081,0.40,low,0,0,,INV-H4-000410#0,"H4-L00410-10: 'postoperative CS conference /CW-1435' is unresolved (missing_discriminator): the only contracted service it fits is Postoperative Geriatric Case Conference, but the text does not rule out an uncontracted service ; a provisional total of 2163081 was computed but is not contractually defensible, so no corrected total is submitted ; not flagged, but some lines could not be identified, so not every rule could be checked",2163081
INV-H4-000411,0,,3196895,3196895,0.65,medium,1,1,3196895,INV-H4-000411#0,"not flagged; identity rests partly on a unit-basis tie-break, or the total is not reconstructable",3196895
INV-H4-000412,0,,3938725,3938725,0.85,high,1,1,3938725,INV-H4-000412#0,not flagged; every line identified from text and priced exactly,3938725
INV-H4-000413,0,,,2280850,0.40,low,0,0,,INV-H4-000413#0,"H4-L00413-01: bundle partner 'Supervised Rheumatologic Dialysis Session' may have been delivered on 2025-01-03 (an unresolved description that day) ; H4-L00413-02: 'supv  - DIAL sess /CW-1782' is unresolved (missing_discriminator): the only contracted service it fits is Supervised Rheumatologic Dialysis Session, but the text does not rule out an uncontracted service ; H4-L00413-07: 'REN - wd BD occ /CW-4382' is unresolved (missing_discriminator): the only contracted service it fits is Extended Renal Ward Bed Occupancy, but the text does not rule out an uncontracted service ; a provisional total of 2280850 was computed but is not contractually defensible, so no corrected total is submitted ; not flagged, but some lines could not be identified, so not every rule could be checked",2280850
INV-H4-000414,0,,,2775659,0.40,low,0,0,,INV-H4-000414#0,"H4-L00414-12: 'REN - wd BD occ /CW-4382' is unresolved (missing_discriminator): the only contracted service it fits is Extended Renal Ward Bed Occupancy, but the text does not rule out an uncontracted service ; a provisional total of 2775659 was computed but is not contractually defensible, so no corrected total is submitted ; not flagged, but some lines could not be identified, so not every rule could be checked",2775659
INV-H4-000415,0,,,1690850,0.40,low,0,0,,INV-H4-000415#0,"H4-L00415-08: bundle partner 'Outpatient Orthopaedic Recovery Room Occupancy' may have been delivered on 2025-01-03 (an unresolved description that day) ; H4-L00415-09: 'ORTHOPAEDIC recov RM occupancy /CW-4525' is unresolved (missing_discriminator): the only contracted service it fits is Outpatient Orthopaedic Recovery Room Occupancy, but the text does not rule out an uncontracted service ; a provisional total of 1690850 was computed but is not contractually defensible, so no corrected total is submitted ; not flagged, but some lines could not be identified, so not every rule could be checked",1690850
INV-H4-000416,0,,,5159604,0.40,low,0,0,,INV-H4-000416#0,"H4-L00416-19: 'ortho - ANAES administration' is unresolved (missing_discriminator): the only contracted service it fits is Inpatient Orthopaedic Anaesthesia Administration, but the text does not rule out an uncontracted service ; a provisional total of 5159604 was computed but is not contractually defensible, so no corrected total is submitted ; not flagged, but some lines could not be identified, so not every rule could be checked",5159604
INV-H4-000417,0,,,1244125,0.40,low,0,0,,INV-H4-000417#0,"H4-L00417-01: 'admin REN anaesthesia' is unresolved (missing_discriminator): the only contracted service it fits is Intermittent Renal Anaesthesia Administration, but the text does not rule out an uncontracted service ; H4-L00417-09: bundle partner 'Supervised Rheumatologic Dialysis Session' may have been delivered on 2025-01-05 (an unresolved description that day) ; H4-L00417-10: 'supv  - DIAL sess /CW-1782' is unresolved (missing_discriminator): the only contracted service it fits is Supervised Rheumatologic Dialysis Session, but the text does not rule out an uncontracted service ; a provisional total of 1244125 was computed but is not contractually defensible, so no corrected total is submitted ; not flagged, but some lines could not be identified, so not every rule could be checked",1244125
INV-H4-000419,0,,,1571162,0.40,low,0,0,,INV-H4-000419#0,"H4-L00419-03: 'ortho - ANAES admin /CW-8548' is unresolved (missing_discriminator): the only contracted service it fits is Inpatient Orthopaedic Anaesthesia Administration, but the text does not rule out an uncontracted service ; a provisional total of 1571162 was computed but is not contractually defensible, so no corrected total is submitted ; not flagged, but some lines could not be identified, so not every rule could be checked",1571162
INV-H4-000420,0,,,5508974,0.40,low,0,0,,INV-H4-000420#0,"H4-L00420-03: 'OCC - std CRIT cr /CW-1779' is unresolved (missing_discriminator): the only contracted service it fits is Standard Orthopaedic Critical Care Occupancy, but the text does not rule out an uncontracted service ; H4-L00420-04: 'occ PALLIATIVE recov RM' is unresolved (missing_discriminator): the only contracted service it fits is Postoperative Palliative Recovery Room Occupancy, but the text does not rule out an uncontracted service ; H4-L00420-05: 'prog CONT rehab /CW-3359' is unresolved (missing_discriminator): the only contracted service it fits is Continuous Psychiatric Rehabilitation Programme, but the text does not rule out an uncontracted service ; a provisional total of 5508974 was computed but is not contractually defensible, so no corrected total is submitted ; not flagged, but some lines could not be identified, so not every rule could be checked",5508974
INV-H4-000421,0,,,4161435,0.40,low,0,0,,INV-H4-000421#0,"H4-L00421-11: 'interp COMPR img /CW-6998' is unresolved (missing_discriminator): the only contracted service it fits is Comprehensive Urologic Imaging Interpretation, but the text does not rule out an uncontracted service ; a provisional total of 4161435 was computed but is not contractually defensible, so no corrected total is submitted ; not flagged, but some lines could not be identified, so not every rule could be checked",4161435
INV-H4-000422,0,,,3513640,0.40,low,0,0,,INV-H4-000422#0,"H4-L00422-02: 'ortho - ANAES administration' is unresolved (missing_discriminator): the only contracted service it fits is Inpatient Orthopaedic Anaesthesia Administration, but the text does not rule out an uncontracted service ; H4-L00422-03: 'OCC - std CRIT cr /CW-1779' is unresolved (missing_discriminator): the only contracted service it fits is Standard Orthopaedic Critical Care Occupancy, but the text does not rule out an uncontracted service ; H4-L00422-08: 'SUPP asst VENTILATION /CW-3888' is unresolved (missing_discriminator): the only contracted service it fits is Assisted Cardiac Ventilation Support, but the text does not rule out an uncontracted service ; a provisional total of 3513640 was computed but is not contractually defensible, so no corrected total is submitted ; not flagged, but some lines could not be identified, so not every rule could be checked",3513640
INV-H4-000423,0,,749180,749180,0.85,high,1,1,749180,INV-H4-000423#0,not flagged; every line identified from text and priced exactly,749180
INV-H4-000424,0,,,4621760,0.40,low,0,0,,INV-H4-000424#0,"H4-L00424-07: 'ortho - ANAES admin /CW-8548' is unresolved (missing_discriminator): the only contracted service it fits is Inpatient Orthopaedic Anaesthesia Administration, but the text does not rule out an uncontracted service ; H4-L00424-09: 'ORTHOPAEDIC recov RM occupancy /CW-4525' is unresolved (missing_discriminator): the only contracted service it fits is Outpatient Orthopaedic Recovery Room Occupancy, but the text does not rule out an uncontracted service ; H4-L00424-15: 'HEP - inf THERAPY' is unresolved (missing_discriminator): the only contracted service it fits is Standard Hepatic Infusion Therapy, but the text does not rule out an uncontracted service ; a provisional total of 4621760 was computed but is not contractually defensible, so no corrected total is submitted ; not flagged, but some lines could not be identified, so not every rule could be checked",4621760
INV-H4-000425,0,,,2500834,0.40,low,0,0,,INV-H4-000425#0,"H4-L00425-01: 'HEP - inf THERAPY' is unresolved (missing_discriminator): the only contracted service it fits is Standard Hepatic Infusion Therapy, but the text does not rule out an uncontracted service ; H4-L00425-02: 'plng EXT disch /CW-9928' is unresolved (missing_discriminator): the only contracted service it fits is Extended Hepatic Discharge Planning, but the text does not rule out an uncontracted service ; H4-L00425-10: 'renal ANAES admin' is unresolved (missing_discriminator): the only contracted service it fits is Intermittent Renal Anaesthesia Administration, but the text does not rule out an uncontracted service ; a provisional total of 2500834 was computed but is not contractually defensible, so no corrected total is submitted ; not flagged, but some lines could not be identified, so not every rule could be checked",2500834
INV-H4-000426,0,,,4417800,0.40,low,0,0,,INV-H4-000426#0,"H4-L00426-08: 'amb WD bed OCC /CW-2964' is unresolved (tied_candidates) between Ambulatory Cardiac Ward Bed Occupancy, Ambulatory Immunologic Ward Bed Occupancy ; H4-L00426-09: 'assisted - NUTR supp' is unresolved (missing_discriminator): the only contracted service it fits is Assisted Renal Nutritional Support, but the text does not rule out an uncontracted service ; H4-L00426-16: 'ortho - ANAES administration' is unresolved (missing_discriminator): the only contracted service it fits is Inpatient Orthopaedic Anaesthesia Administration, but the text does not rule out an uncontracted service ; a provisional total of 4417800 was computed but is not contractually defensible, so no corrected total is submitted ; not flagged, but some lines could not be identified, so not every rule could be checked",4417800
INV-H4-000427,0,,1194800,1194800,0.85,high,1,1,1194800,INV-H4-000427#0,not flagged; every line identified from text and priced exactly,1194800
INV-H4-000428,0,,1387328,1387328,0.85,high,1,1,1387328,INV-H4-000428#0,not flagged; every line identified from text and priced exactly,1387328
INV-H4-000429,0,,,4444055,0.40,low,0,0,,INV-H4-000429#0,"H4-L00429-01: 'OCC - std CRIT cr /CW-1779' is unresolved (missing_discriminator): the only contracted service it fits is Standard Orthopaedic Critical Care Occupancy, but the text does not rule out an uncontracted service ; H4-L00429-03: 'anly INTENS spcm' is unresolved (missing_discriminator): the only contracted service it fits is Intensive Urologic Specimen Analysis, but the text does not rule out an uncontracted service ; H4-L00429-10: 'SUPP asst VENTILATION /CW-3888' is unresolved (missing_discriminator): the only contracted service it fits is Assisted Cardiac Ventilation Support, but the text does not rule out an uncontracted service ; a provisional total of 4444055 was computed but is not contractually defensible, so no corrected total is submitted ; not flagged, but some lines could not be identified, so not every rule could be checked",4444055
INV-H4-000430,0,,1742210,1742210,0.85,high,1,1,1742210,INV-H4-000430#0,not flagged; every line identified from text and priced exactly,1742210
INV-H4-000431,1,duplicate_invoice_id|exclusion_window_violation,,1837700,0.40,low,0,0,,INV-H4-000431#0|INV-H4-000431#1,"H4-L00839-06: 'plng EXT disch /CW-9928' is unresolved (missing_discriminator): the only contracted service it fits is Extended Hepatic Discharge Planning, but the text does not rule out an uncontracted service ; invoice number reused: this row represents occurrence INV-H4-000431#1; earlier occurrence(s) INV-H4-000431#0 (0 finding(s)) are audited separately in findings.csv ; a provisional total of 1367225 was computed but is not contractually defensible, so no corrected total is submitted ; a finding rests on reading free text, or the corrected total cannot be reconstructed",1367225
INV-H4-000432,0,,1615914,1615914,0.85,high,1,1,1615914,INV-H4-000432#0,not flagged; every line identified from text and priced exactly,1615914
INV-H4-000433,0,,,5004761,0.40,low,0,0,,INV-H4-000433#0,"H4-L00433-06: 'assisted - NUTR supp' is unresolved (missing_discriminator): the only contracted service it fits is Assisted Renal Nutritional Support, but the text does not rule out an uncontracted service ; a provisional total of 5004761 was computed but is not contractually defensible, so no corrected total is submitted ; not flagged, but some lines could not be identified, so not every rule could be checked",5004761
INV-H4-000434,0,,,1919075,0.40,low,0,0,,INV-H4-000434#0,"H4-L00434-02: 'interp COMPR img /CW-6998' is unresolved (missing_discriminator): the only contracted service it fits is Comprehensive Urologic Imaging Interpretation, but the text does not rule out an uncontracted service ; a provisional total of 1919075 was computed but is not contractually defensible, so no corrected total is submitted ; not flagged, but some lines could not be identified, so not every rule could be checked",1919075
INV-H4-000435,0,,2717875,2717875,0.85,high,1,1,2717875,INV-H4-000435#0,not flagged; every line identified from text and priced exactly,2717875
INV-H4-000436,0,,2114075,2114075,0.85,high,1,1,2114075,INV-H4-000436#0,not flagged; every line identified from text and priced exactly,2114075
INV-H4-000437,0,,,2159768,0.40,low,0,0,,INV-H4-000437#0,"H4-L00437-08: 'OUTPT recov RM occ' is unresolved (missing_discriminator): the only contracted service it fits is Outpatient Orthopaedic Recovery Room Occupancy, but the text does not rule out an uncontracted service ; H4-L00437-09: bundle partner 'Outpatient Orthopaedic Recovery Room Occupancy' may have been delivered on 2025-01-20 (an unresolved description that day) ; H4-L00437-10: 'renal ANAES admin' is unresolved (missing_discriminator): the only contracted service it fits is Intermittent Renal Anaesthesia Administration, but the text does not rule out an uncontracted service ; H4-L00437-13: bundle partner 'Continuous Psychiatric Rehabilitation Programme' may have been delivered on 2025-01-18 (an unresolved description that day) ; H4-L00437-14: 'prog CONT rehab /CW-3359' is unresolved (missing_discriminator): the only contracted service it fits is Continuous Psychiatric Rehabilitation Programme, but the text does not rule out an uncontracted service ; a provisional total of 2159768 was computed but is not contractually defensible, so no corrected total is submitted ; not flagged, but some lines could not be identified, so not every rule could be checked",2159768
INV-H4-000438,0,,,5005975,0.40,low,0,0,,INV-H4-000438#0,"H4-L00438-17: 'SUPP asst VENTILATION /CW-3888' is unresolved (missing_discriminator): the only contracted service it fits is Assisted Cardiac Ventilation Support, but the text does not rule out an uncontracted service ; H4-L00438-19: 'ortho  - ANAES admin /CW-7356' is unresolved (missing_discriminator): the only contracted service it fits is Inpatient Orthopaedic Anaesthesia Administration, but the text does not rule out an uncontracted service ; a provisional total of 5005975 was computed but is not contractually defensible, so no corrected total is submitted ; not flagged, but some lines could not be identified, so not every rule could be checked",5005975
INV-H4-000439,0,,,2091075,0.40,low,0,0,,INV-H4-000439#0,"H4-L00439-09: 'ortho  - ANAES admin /CW-7356' is unresolved (missing_discriminator): the only contracted service it fits is Inpatient Orthopaedic Anaesthesia Administration, but the text does not rule out an uncontracted service ; a provisional total of 2091075 was computed but is not contractually defensible, so no corrected total is submitted ; not flagged, but some lines could not be identified, so not every rule could be checked",2091075
INV-H4-000440,0,,1999100,1999100,0.85,high,1,1,1999100,INV-H4-000440#0,not flagged; every line identified from text and priced exactly,1999100
INV-H4-000441,0,,,2691882,0.40,low,0,0,,INV-H4-000441#0,"H4-L00441-18: 'msk - SPCM analysis' is unresolved (missing_discriminator): the only contracted service it fits is Ambulatory Musculoskeletal Specimen Analysis, but the text does not rule out an uncontracted service ; a provisional total of 2691882 was computed but is not contractually defensible, so no corrected total is submitted ; not flagged, but some lines could not be identified, so not every rule could be checked",2691882
INV-H4-000442,0,,,2556305,0.40,low,0,0,,INV-H4-000442#0,"H4-L00442-01: 'haematology - TRANSF svc' is unresolved (missing_discriminator): the only contracted service it fits is Ambulatory Haematology Transfusion Service, but the text does not rule out an uncontracted service ; a provisional total of 2556305 was computed but is not contractually defensible, so no corrected total is submitted ; not flagged, but some lines could not be identified, so not every rule could be checked",2556305
INV-H4-000443,0,,,1949435,0.40,low,0,0,,INV-H4-000443#0,"H4-L00443-02: 'INFECT - critical CARE occ' is unresolved (missing_discriminator): the only contracted service it fits is Continuous Infectious Critical Care Occupancy, but the text does not rule out an uncontracted service ; a provisional total of 1949435 was computed but is not contractually defensible, so no corrected total is submitted ; not flagged, but some lines could not be identified, so not every rule could be checked",1949435
INV-H4-000444,0,,,1312964,0.40,low,0,0,,INV-H4-000444#0,"H4-L00444-01: 'service - INTENS steril /CW-8257' is unresolved (missing_discriminator): the only contracted service it fits is Intensive Vascular Sterilisation Service, but the text does not rule out an uncontracted service ; a provisional total of 1312964 was computed but is not contractually defensible, so no corrected total is submitted ; not flagged, but some lines could not be identified, so not every rule could be checked",1312964
INV-H4-000445,1,service_date_out_of_window,,3669725,0.85,high,0,0,,INV-H4-000445#0,"H4-L00445-02: 'std - DIAL sess /CW-2606' is unresolved (missing_discriminator): the only contracted service it fits is Standard Paediatric Dialysis Session, but the text does not rule out an uncontracted service ; H4-L00445-05: 'supv  - DIAL sess /CW-1782' is unresolved (missing_discriminator): the only contracted service it fits is Supervised Rheumatologic Dialysis Session, but the text does not rule out an uncontracted service ; H4-L00445-07: 'renal ANAES admin' is unresolved (missing_discriminator): the only contracted service it fits is Intermittent Renal Anaesthesia Administration, but the text does not rule out an uncontracted service ; H4-L00445-11: 'ortho - ANAES admin /CW-8548' is unresolved (missing_discriminator): the only contracted service it fits is Inpatient Orthopaedic Anaesthesia Administration, but the text does not rule out an uncontracted service ; a provisional total of 3669725 was computed but is not contractually defensible, so no corrected total is submitted ; every finding follows from the invoice's own fields, independent of service identity",3669725
INV-H4-000446,0,,1815828,1815828,0.85,high,1,1,1815828,INV-H4-000446#0,not flagged; every line identified from text and priced exactly,1815828
INV-H4-000447,0,,2036000,2036000,0.85,high,1,1,2036000,INV-H4-000447#0,not flagged; every line identified from text and priced exactly,2036000
INV-H4-000448,0,,,3450611,0.40,low,0,0,,INV-H4-000448#0,"H4-L00448-01: 'gi - IMG interp' is unresolved (missing_discriminator): the only contracted service it fits is Specialist Gastrointestinal Imaging Interpretation, but the text does not rule out an uncontracted service ; a provisional total of 3450611 was computed but is not contractually defensible, so no corrected total is submitted ; not flagged, but some lines could not be identified, so not every rule could be checked",3450611
INV-H4-000449,0,,,2992325,0.40,low,0,0,,INV-H4-000449#0,"H4-L00449-02: 'REN - wd BD occ /CW-4382' is unresolved (missing_discriminator): the only contracted service it fits is Extended Renal Ward Bed Occupancy, but the text does not rule out an uncontracted service ; H4-L00449-04: 'IMMUN - spclst /CW-9956' is unresolved (missing_discriminator): the only contracted service it fits is Specialist Immunologic Consultation, but the text does not rule out an uncontracted service ; H4-L00449-05: bundle partner 'Specialist Immunologic Consultation' may have been delivered on 2025-01-28 (an unresolved description that day) ; H4-L00449-08: 'renal ANAES admin' is unresolved (missing_discriminator): the only contracted service it fits is Intermittent Renal Anaesthesia Administration, but the text does not rule out an uncontracted service ; a provisional total of 2992325 was computed but is not contractually defensible, so no corrected total is submitted ; not flagged, but some lines could not be identified, so not every rule could be checked",2992325
INV-H4-000450,0,,,4647850,0.40,low,0,0,,INV-H4-000450#0,"H4-L00450-01: 'amb WD bed OCC /CW-2964' is unresolved (tied_candidates) between Ambulatory Cardiac Ward Bed Occupancy, Ambulatory Immunologic Ward Bed Occupancy ; H4-L00450-02: 'ASSISTED spcm ANALYSIS /CW-2232' is unresolved (missing_discriminator): the only contracted service it fits is Assisted Obstetric Specimen Analysis, but the text does not rule out an uncontracted service ; H4-L00450-07: 'rheum - RADIOTHERAPY fract /CW-5238' is unresolved (missing_discriminator): the only contracted service it fits is Intensive Rheumatologic Radiotherapy Fraction, but the text does not rule out an uncontracted service ; H4-L00450-12: 'admin REN anaesthesia' is unresolved (missing_discriminator): the only contracted service it fits is Intermittent Renal Anaesthesia Administration, but the text does not rule out an uncontracted service ; a provisional total of 4647850 was computed but is not contractually defensible, so no corrected total is submitted ; not flagged, but some lines could not be identified, so not every rule could be checked",4647850
INV-H4-000451,0,,,1500000,0.40,low,0,0,,INV-H4-000451#0,"H4-L00451-03: 'rheum - RADIOTHERAPY fract /CW-5238' is unresolved (missing_discriminator): the only contracted service it fits is Intensive Rheumatologic Radiotherapy Fraction, but the text does not rule out an uncontracted service ; H4-L00451-06: 'assisted - NUTR supp' is unresolved (missing_discriminator): the only contracted service it fits is Assisted Renal Nutritional Support, but the text does not rule out an uncontracted service ; a provisional total of 1500000 was computed but is not contractually defensible, so no corrected total is submitted ; not flagged, but some lines could not be identified, so not every rule could be checked",1500000
INV-H4-000452,0,,,4114000,0.40,low,0,0,,INV-H4-000452#0,"H4-L00452-07: 'anly INTENS spcm' is unresolved (missing_discriminator): the only contracted service it fits is Intensive Urologic Specimen Analysis, but the text does not rule out an uncontracted service ; H4-L00452-08: 'ortho - ANAES administration' is unresolved (missing_discriminator): the only contracted service it fits is Inpatient Orthopaedic Anaesthesia Administration, but the text does not rule out an uncontracted service ; H4-L00452-09: 'msk - SPCM analysis' is unresolved (missing_discriminator): the only contracted service it fits is Ambulatory Musculoskeletal Specimen Analysis, but the text does not rule out an uncontracted service ; H4-L00452-14: 'std - DIAL sess /CW-2606' is unresolved (missing_discriminator): the only contracted service it fits is Standard Paediatric Dialysis Session, but the text does not rule out an uncontracted service ; a provisional total of 4114000 was computed but is not contractually defensible, so no corrected total is submitted ; not flagged, but some lines could not be identified, so not every rule could be checked",4114000
INV-H4-000453,0,,,956575,0.40,low,0,0,,INV-H4-000453#0,"H4-L00453-05: 'interpretation - COMPR img /CW-2951' is unresolved (missing_discriminator): the only contracted service it fits is Comprehensive Urologic Imaging Interpretation, but the text does not rule out an uncontracted service ; a provisional total of 956575 was computed but is not contractually defensible, so no corrected total is submitted ; not flagged, but some lines could not be identified, so not every rule could be checked",956575
INV-H4-000454,0,,2528295,2528295,0.65,medium,1,1,2528295,INV-H4-000454#0,"not flagged; identity rests partly on a unit-basis tie-break, or the total is not reconstructable",2528295
INV-H4-000455,0,,4005775,4005775,0.85,high,1,1,4005775,INV-H4-000455#0,not flagged; every line identified from text and priced exactly,4005775
INV-H4-000456,0,,,1901874,0.40,low,0,0,,INV-H4-000456#0,"H4-L00456-04: 'GI - transfusion SVC /CW-9161' is unresolved (missing_discriminator): the only contracted service it fits is Continuous Gastrointestinal Transfusion Service, but the text does not rule out an uncontracted service ; H4-L00456-08: 'card  - HOME vst' is unresolved (tied_candidates) between Bedside Cardiac Home Visit, Routine Cardiac Home Visit ; a provisional total of 1901874 was computed but is not contractually defensible, so no corrected total is submitted ; not flagged, but some lines could not be identified, so not every rule could be checked",1901874
INV-H4-000457,0,,,4982560,0.40,low,0,0,,INV-H4-000457#0,"H4-L00457-05: 'admin REN anaesthesia' is unresolved (missing_discriminator): the only contracted service it fits is Intermittent Renal Anaesthesia Administration, but the text does not rule out an uncontracted service ; H4-L00457-09: 'gi - IMG interp' is unresolved (missing_discriminator): the only contracted service it fits is Specialist Gastrointestinal Imaging Interpretation, but the text does not rule out an uncontracted service ; H4-L00457-11: 'GI - transfusion SVC /CW-9161' is unresolved (missing_discriminator): the only contracted service it fits is Continuous Gastrointestinal Transfusion Service, but the text does not rule out an uncontracted service ; a provisional total of 4982560 was computed but is not contractually defensible, so no corrected total is submitted ; not flagged, but some lines could not be identified, so not every rule could be checked",4982560
INV-H4-000458,1,unknown_service|cross_invoice_duplicate,,1395600,0.40,low,0,0,,INV-H4-000458#0,"H4-L00458-02: 'assisted - NUTR supp' is unresolved (missing_discriminator): the only contracted service it fits is Assisted Renal Nutritional Support, but the text does not rule out an uncontracted service ; H4-L00458-08: service not contracted, so no contract price exists ; a provisional total of 1304850 was computed but is not contractually defensible, so no corrected total is submitted ; a finding rests on reading free text, or the corrected total cannot be reconstructed",1304850
INV-H4-000459,0,,,2130148,0.40,low,0,0,,INV-H4-000459#0,"H4-L00459-01: 'FOCUSED biop PROC' is unresolved (missing_discriminator): the only contracted service it fits is Focused Metabolic Biopsy Procedure, but the text does not rule out an uncontracted service ; a provisional total of 2130148 was computed but is not contractually defensible, so no corrected total is submitted ; not flagged, but some lines could not be identified, so not every rule could be checked",2130148
INV-H4-000460,0,,1423623,1423623,0.85,high,1,1,1423623,INV-H4-000460#0,not flagged; every line identified from text and priced exactly,1423623
INV-H4-000461,0,,,2918700,0.40,low,0,0,,INV-H4-000461#0,"H4-L00461-01: 'FOCUSED biop PROC' is unresolved (missing_discriminator): the only contracted service it fits is Focused Metabolic Biopsy Procedure, but the text does not rule out an uncontracted service ; a provisional total of 2918700 was computed but is not contractually defensible, so no corrected total is submitted ; not flagged, but some lines could not be identified, so not every rule could be checked",2918700
INV-H4-000462,0,,,3127525,0.40,low,0,0,,INV-H4-000462#0,"H4-L00462-11: 'SUPP asst VENTILATION /CW-3888' is unresolved (missing_discriminator): the only contracted service it fits is Assisted Cardiac Ventilation Support, but the text does not rule out an uncontracted service ; a provisional total of 3127525 was computed but is not contractually defensible, so no corrected total is submitted ; not flagged, but some lines could not be identified, so not every rule could be checked",3127525
INV-H4-000463,0,,,3150348,0.40,low,0,0,,INV-H4-000463#0,"H4-L00463-01: bundle partner 'Postoperative Palliative Recovery Room Occupancy' may have been delivered on 2025-02-15 (an unresolved description that day) ; H4-L00463-02: 'occ PALLIATIVE recov RM' is unresolved (missing_discriminator): the only contracted service it fits is Postoperative Palliative Recovery Room Occupancy, but the text does not rule out an uncontracted service ; H4-L00463-08: 'ADMIN  - gi ANAES /CW-1500' is unresolved (missing_discriminator): the only contracted service it fits is Assisted Gastrointestinal Anaesthesia Administration, but the text does not rule out an uncontracted service ; H4-L00463-14: 'HEP - inf THERAPY' is unresolved (missing_discriminator): the only contracted service it fits is Standard Hepatic Infusion Therapy, but the text does not rule out an uncontracted service ; a provisional total of 3150348 was computed but is not contractually defensible, so no corrected total is submitted ; not flagged, but some lines could not be identified, so not every rule could be checked",3150348
INV-H4-000464,0,,1815325,1815325,0.85,high,1,1,1815325,INV-H4-000464#0,not flagged; every line identified from text and priced exactly,1815325
INV-H4-000465,0,,813125,813125,0.85,high,1,1,813125,INV-H4-000465#0,not flagged; every line identified from text and priced exactly,813125
INV-H4-000466,0,,2165475,2165475,0.85,high,1,1,2165475,INV-H4-000466#0,not flagged; every line identified from text and priced exactly,2165475
INV-H4-000467,0,,1033045,1033045,0.85,high,1,1,1033045,INV-H4-000467#0,not flagged; every line identified from text and priced exactly,1033045
INV-H4-000468,0,,1610125,1610125,0.85,high,1,1,1610125,INV-H4-000468#0,not flagged; every line identified from text and priced exactly,1610125
INV-H4-000469,0,,4726099,4726099,0.85,high,1,1,4726099,INV-H4-000469#0,not flagged; every line identified from text and priced exactly,4726099
INV-H4-000470,0,,,1962575,0.40,low,0,0,,INV-H4-000470#0,"H4-L00470-11: 'ELECT - nurs OBS' is unresolved (missing_discriminator): the only contracted service it fits is Elective Gastrointestinal Nursing Observation, but the text does not rule out an uncontracted service ; a provisional total of 1962575 was computed but is not contractually defensible, so no corrected total is submitted ; not flagged, but some lines could not be identified, so not every rule could be checked",1962575
INV-H4-000471,0,,,3388150,0.40,low,0,0,,INV-H4-000471#0,"H4-L00471-02: 'amb WD bed OCC /CW-2964' is unresolved (tied_candidates) between Ambulatory Cardiac Ward Bed Occupancy, Ambulatory Immunologic Ward Bed Occupancy ; H4-L00471-07: 'rheum - RADIOTHERAPY fract /CW-5238' is unresolved (missing_discriminator): the only contracted service it fits is Intensive Rheumatologic Radiotherapy Fraction, but the text does not rule out an uncontracted service ; a provisional total of 3388150 was computed but is not contractually defensible, so no corrected total is submitted ; not flagged, but some lines could not be identified, so not every rule could be checked",3388150
INV-H4-000472,0,,,319075,0.40,low,0,0,,INV-H4-000472#0,"H4-L00472-05: 'FOCUSED biop PROC' is unresolved (missing_discriminator): the only contracted service it fits is Focused Metabolic Biopsy Procedure, but the text does not rule out an uncontracted service ; a provisional total of 319075 was computed but is not contractually defensible, so no corrected total is submitted ; not flagged, but some lines could not be identified, so not every rule could be checked",319075
INV-H4-000473,1,wrong_unit_basis|cross_invoice_duplicate|exclusion_window_violation,948675,2150500,0.65,medium,1,1,948675,INV-H4-000473#0,"findings apply contract rules to resolved services but depend on hospital-wide state, a recorded policy or a unit-basis tie-break",948675
INV-H4-000474,0,,,2328512,0.40,low,0,0,,INV-H4-000474#0,"H4-L00474-03: 'FOCUSED biop PROC' is unresolved (missing_discriminator): the only contracted service it fits is Focused Metabolic Biopsy Procedure, but the text does not rule out an uncontracted service ; a provisional total of 2328512 was computed but is not contractually defensible, so no corrected total is submitted ; not flagged, but some lines could not be identified, so not every rule could be checked",2328512
INV-H4-000475,0,,,2846850,0.40,low,0,0,,INV-H4-000475#0,"H4-L00475-10: 'gi - IMG interp' is unresolved (missing_discriminator): the only contracted service it fits is Specialist Gastrointestinal Imaging Interpretation, but the text does not rule out an uncontracted service ; a provisional total of 2846850 was computed but is not contractually defensible, so no corrected total is submitted ; not flagged, but some lines could not be identified, so not every rule could be checked",2846850
INV-H4-000476,0,,,3369415,0.40,low,0,0,,INV-H4-000476#0,"H4-L00476-10: 'OCC - std CRIT cr /CW-1779' is unresolved (missing_discriminator): the only contracted service it fits is Standard Orthopaedic Critical Care Occupancy, but the text does not rule out an uncontracted service ; a provisional total of 3369415 was computed but is not contractually defensible, so no corrected total is submitted ; not flagged, but some lines could not be identified, so not every rule could be checked",3369415
INV-H4-000477,0,,,3786510,0.40,low,0,0,,INV-H4-000477#0,"H4-L00477-01: 'assisted - NUTR supp' is unresolved (missing_discriminator): the only contracted service it fits is Assisted Renal Nutritional Support, but the text does not rule out an uncontracted service ; H4-L00477-03: 'gi - IMG interp' is unresolved (missing_discriminator): the only contracted service it fits is Specialist Gastrointestinal Imaging Interpretation, but the text does not rule out an uncontracted service ; H4-L00477-07: 'supv  - DIAL sess /CW-1782' is unresolved (missing_discriminator): the only contracted service it fits is Supervised Rheumatologic Dialysis Session, but the text does not rule out an uncontracted service ; a provisional total of 3786510 was computed but is not contractually defensible, so no corrected total is submitted ; not flagged, but some lines could not be identified, so not every rule could be checked",3786510
INV-H4-000478,0,,,745480,0.40,low,0,0,,INV-H4-000478#0,"H4-L00478-03: 'msk - SPCM analysis' is unresolved (missing_discriminator): the only contracted service it fits is Ambulatory Musculoskeletal Specimen Analysis, but the text does not rule out an uncontracted service ; H4-L00478-07: 'HEP - inf THERAPY' is unresolved (missing_discriminator): the only contracted service it fits is Standard Hepatic Infusion Therapy, but the text does not rule out an uncontracted service ; a provisional total of 745480 was computed but is not contractually defensible, so no corrected total is submitted ; not flagged, but some lines could not be identified, so not every rule could be checked",745480
INV-H4-000479,0,,2276637,2276637,0.65,medium,1,1,2276637,INV-H4-000479#0,"not flagged; identity rests partly on a unit-basis tie-break, or the total is not reconstructable",2276637
INV-H4-000480,0,,,3637753,0.40,low,0,0,,INV-H4-000480#0,"H4-L00480-08: 'OCC - std CRIT cr /CW-1779' is unresolved (missing_discriminator): the only contracted service it fits is Standard Orthopaedic Critical Care Occupancy, but the text does not rule out an uncontracted service ; a provisional total of 3637753 was computed but is not contractually defensible, so no corrected total is submitted ; not flagged, but some lines could not be identified, so not every rule could be checked",3637753
INV-H4-000481,0,,,4942445,0.40,low,0,0,,INV-H4-000481#0,"H4-L00481-03: 'haematology - TRANSF svc' is unresolved (missing_discriminator): the only contracted service it fits is Ambulatory Haematology Transfusion Service, but the text does not rule out an uncontracted service ; a provisional total of 4942445 was computed but is not contractually defensible, so no corrected total is submitted ; not flagged, but some lines could not be identified, so not every rule could be checked",4942445
INV-H4-000482,0,,,1482230,0.40,low,0,0,,INV-H4-000482#0,"H4-L00482-03: 'REN - wd BD occ /CW-4382' is unresolved (missing_discriminator): the only contracted service it fits is Extended Renal Ward Bed Occupancy, but the text does not rule out an uncontracted service ; a provisional total of 1482230 was computed but is not contractually defensible, so no corrected total is submitted ; not flagged, but some lines could not be identified, so not every rule could be checked",1482230
INV-H4-000483,1,invoice_total_mismatch|daily_cap_exceeded|volume_discount_omitted,1452965,1702575,0.65,medium,1,1,1452965,INV-H4-000483#0,"H4-L00483-04: 5 unit(s) above the clause 6.1 limit are not payable; payable quantity 8 ; findings apply contract rules to resolved services but depend on hospital-wide state, a recorded policy or a unit-basis tie-break",1452965
INV-H4-000484,0,,,1817505,0.40,low,0,0,,INV-H4-000484#0,"H4-L00484-10: 'IMMUN - spclst /CW-9956' is unresolved (missing_discriminator): the only contracted service it fits is Specialist Immunologic Consultation, but the text does not rule out an uncontracted service ; a provisional total of 1817505 was computed but is not contractually defensible, so no corrected total is submitted ; not flagged, but some lines could not be identified, so not every rule could be checked",1817505
INV-H4-000485,0,,,3201339,0.40,low,0,0,,INV-H4-000485#0,"H4-L00485-14: 'SPCLST - consult' is unresolved (missing_discriminator): the only contracted service it fits is Specialist Immunologic Consultation, but the text does not rule out an uncontracted service ; H4-L00485-15: bundle partner 'Specialist Immunologic Consultation' may have been delivered on 2025-03-12 (an unresolved description that day) ; a provisional total of 3201339 was computed but is not contractually defensible, so no corrected total is submitted ; not flagged, but some lines could not be identified, so not every rule could be checked",3201339
INV-H4-000486,0,,1222350,1222350,0.85,high,1,1,1222350,INV-H4-000486#0,not flagged; every line identified from text and priced exactly,1222350
INV-H4-000487,0,,,2159000,0.40,low,0,0,,INV-H4-000487#0,"H4-L00487-09: 'renal ANAES admin' is unresolved (missing_discriminator): the only contracted service it fits is Intermittent Renal Anaesthesia Administration, but the text does not rule out an uncontracted service ; a provisional total of 2159000 was computed but is not contractually defensible, so no corrected total is submitted ; not flagged, but some lines could not be identified, so not every rule could be checked",2159000
INV-H4-000488,0,,,2643175,0.40,low,0,0,,INV-H4-000488#0,"H4-L00488-01: 'ortho - ANAES admin /CW-8548' is unresolved (missing_discriminator): the only contracted service it fits is Inpatient Orthopaedic Anaesthesia Administration, but the text does not rule out an uncontracted service ; H4-L00488-03: 'anly INTENS spcm' is unresolved (missing_discriminator): the only contracted service it fits is Intensive Urologic Specimen Analysis, but the text does not rule out an uncontracted service ; H4-L00488-12: 'ortho - ANAES admin /CW-8548' is unresolved (missing_discriminator): the only contracted service it fits is Inpatient Orthopaedic Anaesthesia Administration, but the text does not rule out an uncontracted service ; a provisional total of 2643175 was computed but is not contractually defensible, so no corrected total is submitted ; not flagged, but some lines could not be identified, so not every rule could be checked",2643175
INV-H4-000489,0,,,2629490,0.40,low,0,0,,INV-H4-000489#0,"H4-L00489-02: 'haematology - TRANSF svc' is unresolved (missing_discriminator): the only contracted service it fits is Ambulatory Haematology Transfusion Service, but the text does not rule out an uncontracted service ; a provisional total of 2629490 was computed but is not contractually defensible, so no corrected total is submitted ; not flagged, but some lines could not be identified, so not every rule could be checked",2629490
INV-H4-000490,0,,,3143875,0.40,low,0,0,,INV-H4-000490#0,"H4-L00490-12: bundle partner 'Specialist Immunologic Consultation' may have been delivered on 2025-03-14 (an unresolved description that day) ; H4-L00490-13: 'SPCLST immunologic /CW-6493' is unresolved (missing_discriminator): the only contracted service it fits is Specialist Immunologic Consultation, but the text does not rule out an uncontracted service ; a provisional total of 3143875 was computed but is not contractually defensible, so no corrected total is submitted ; not flagged, but some lines could not be identified, so not every rule could be checked",3143875
INV-H4-000491,0,,2202350,2202350,0.85,high,1,1,2202350,INV-H4-000491#0,not flagged; every line identified from text and priced exactly,2202350
INV-H4-000492,0,,,1855775,0.40,low,0,0,,INV-H4-000492#0,"H4-L00492-05: 'interp COMPR img /CW-6998' is unresolved (missing_discriminator): the only contracted service it fits is Comprehensive Urologic Imaging Interpretation, but the text does not rule out an uncontracted service ; H4-L00492-08: 'renal ANAES admin' is unresolved (missing_discriminator): the only contracted service it fits is Intermittent Renal Anaesthesia Administration, but the text does not rule out an uncontracted service ; a provisional total of 1855775 was computed but is not contractually defensible, so no corrected total is submitted ; not flagged, but some lines could not be identified, so not every rule could be checked",1855775
INV-H4-000493,0,,,518750,0.40,low,0,0,,INV-H4-000493#0,"H4-L00493-04: 'card  - HOME vst' is unresolved (tied_candidates) between Bedside Cardiac Home Visit, Routine Cardiac Home Visit ; a provisional total of 518750 was computed but is not contractually defensible, so no corrected total is submitted ; not flagged, but some lines could not be identified, so not every rule could be checked",518750
INV-H4-000494,0,,3132199,3132199,0.65,medium,1,1,3132199,INV-H4-000494#0,"not flagged; identity rests partly on a unit-basis tie-break, or the total is not reconstructable",3132199
INV-H4-000495,0,,,3619538,0.40,low,0,0,,INV-H4-000495#0,"H4-L00495-05: 'ADMIN  - gi ANAES /CW-1500' is unresolved (missing_discriminator): the only contracted service it fits is Assisted Gastrointestinal Anaesthesia Administration, but the text does not rule out an uncontracted service ; H4-L00495-15: bundle partner 'Outpatient Orthopaedic Recovery Room Occupancy' may have been delivered on 2025-03-16 (an unresolved description that day) ; H4-L00495-16: 'OUTPT recov RM occ' is unresolved (missing_discriminator): the only contracted service it fits is Outpatient Orthopaedic Recovery Room Occupancy, but the text does not rule out an uncontracted service ; a provisional total of 3619538 was computed but is not contractually defensible, so no corrected total is submitted ; not flagged, but some lines could not be identified, so not every rule could be checked",3619538
INV-H4-000496,0,,,3774484,0.40,low,0,0,,INV-H4-000496#0,"H4-L00496-17: 'renal ANAES admin' is unresolved (missing_discriminator): the only contracted service it fits is Intermittent Renal Anaesthesia Administration, but the text does not rule out an uncontracted service ; a provisional total of 3774484 was computed but is not contractually defensible, so no corrected total is submitted ; not flagged, but some lines could not be identified, so not every rule could be checked",3774484
INV-H4-000497,0,,,1524750,0.40,low,0,0,,INV-H4-000497#0,"H4-L00497-03: 'rheum - RADIOTHERAPY fract /CW-5238' is unresolved (missing_discriminator): the only contracted service it fits is Intensive Rheumatologic Radiotherapy Fraction, but the text does not rule out an uncontracted service ; a provisional total of 1524750 was computed but is not contractually defensible, so no corrected total is submitted ; not flagged, but some lines could not be identified, so not every rule could be checked",1524750
INV-H4-000498,0,,,961550,0.40,low,0,0,,INV-H4-000498#0,"H4-L00498-01: bundle partner 'Supervised Rheumatologic Dialysis Session' may have been delivered on 2025-03-18 (an unresolved description that day) ; H4-L00498-02: 'supv  - DIAL sess /CW-1782' is unresolved (missing_discriminator): the only contracted service it fits is Supervised Rheumatologic Dialysis Session, but the text does not rule out an uncontracted service ; a provisional total of 961550 was computed but is not contractually defensible, so no corrected total is submitted ; not flagged, but some lines could not be identified, so not every rule could be checked",961550
INV-H4-000499,0,,,3995805,0.40,low,0,0,,INV-H4-000499#0,"H4-L00499-09: 'gi - IMG interp' is unresolved (missing_discriminator): the only contracted service it fits is Specialist Gastrointestinal Imaging Interpretation, but the text does not rule out an uncontracted service ; a provisional total of 3995805 was computed but is not contractually defensible, so no corrected total is submitted ; not flagged, but some lines could not be identified, so not every rule could be checked",3995805
INV-H4-000500,0,,1513950,1513950,0.85,high,1,1,1513950,INV-H4-000500#0,not flagged; every line identified from text and priced exactly,1513950
INV-H4-000501,0,,4523518,4523518,0.85,high,1,1,4523518,INV-H4-000501#0,not flagged; every line identified from text and priced exactly,4523518
INV-H4-000502,0,,,1999135,0.40,low,0,0,,INV-H4-000502#0,"H4-L00502-15: 'ortho - ANAES administration' is unresolved (missing_discriminator): the only contracted service it fits is Inpatient Orthopaedic Anaesthesia Administration, but the text does not rule out an uncontracted service ; H4-L00502-17: 'rheum - RADIOTHERAPY fract /CW-5238' is unresolved (missing_discriminator): the only contracted service it fits is Intensive Rheumatologic Radiotherapy Fraction, but the text does not rule out an uncontracted service ; a provisional total of 1999135 was computed but is not contractually defensible, so no corrected total is submitted ; not flagged, but some lines could not be identified, so not every rule could be checked",1999135
INV-H4-000503,0,,1712225,1712225,0.85,high,1,1,1712225,INV-H4-000503#0,not flagged; every line identified from text and priced exactly,1712225
INV-H4-000504,1,contract_number_mismatch|invoice_total_mismatch|wrong_unit_basis,,995875,0.40,low,0,0,,INV-H4-000504#0,"H4-L00504-06: 'SPCLST immunologic /CW-6493' is unresolved (missing_discriminator): the only contracted service it fits is Specialist Immunologic Consultation, but the text does not rule out an uncontracted service ; H4-L00504-08: 'ADMIN  - gi ANAES /CW-1500' is unresolved (missing_discriminator): the only contracted service it fits is Assisted Gastrointestinal Anaesthesia Administration, but the text does not rule out an uncontracted service ; a provisional total of 970875 was computed but is not contractually defensible, so no corrected total is submitted ; a finding rests on reading free text, or the corrected total cannot be reconstructed",970875
INV-H4-000505,0,,,869100,0.40,low,0,0,,INV-H4-000505#0,"H4-L00505-04: 'renal ANAES admin' is unresolved (missing_discriminator): the only contracted service it fits is Intermittent Renal Anaesthesia Administration, but the text does not rule out an uncontracted service ; a provisional total of 869100 was computed but is not contractually defensible, so no corrected total is submitted ; not flagged, but some lines could not be identified, so not every rule could be checked",869100
INV-H4-000506,0,,,2175025,0.40,low,0,0,,INV-H4-000506#0,"H4-L00506-04: 'ASSISTED spcm ANALYSIS /CW-2232' is unresolved (missing_discriminator): the only contracted service it fits is Assisted Obstetric Specimen Analysis, but the text does not rule out an uncontracted service ; a provisional total of 2175025 was computed but is not contractually defensible, so no corrected total is submitted ; not flagged, but some lines could not be identified, so not every rule could be checked",2175025
INV-H4-000507,0,,,2749023,0.40,low,0,0,,INV-H4-000507#0,"H4-L00507-03: 'service - INTENS steril /CW-8257' is unresolved (missing_discriminator): the only contracted service it fits is Intensive Vascular Sterilisation Service, but the text does not rule out an uncontracted service ; H4-L00507-15: bundle partner 'Specialist Immunologic Consultation' may have been delivered on 2025-03-24 (an unresolved description that day) ; H4-L00507-16: 'SPCLST - consult' is unresolved (missing_discriminator): the only contracted service it fits is Specialist Immunologic Consultation, but the text does not rule out an uncontracted service ; a provisional total of 2749023 was computed but is not contractually defensible, so no corrected total is submitted ; not flagged, but some lines could not be identified, so not every rule could be checked",2749023
INV-H4-000508,0,,,3608187,0.40,low,0,0,,INV-H4-000508#0,"H4-L00508-01: 'ortho - ANAES administration' is unresolved (missing_discriminator): the only contracted service it fits is Inpatient Orthopaedic Anaesthesia Administration, but the text does not rule out an uncontracted service ; a provisional total of 3608187 was computed but is not contractually defensible, so no corrected total is submitted ; not flagged, but some lines could not be identified, so not every rule could be checked",3608187
INV-H4-000509,0,,,4767372,0.40,low,0,0,,INV-H4-000509#0,"H4-L00509-03: 'renal ANAES admin' is unresolved (missing_discriminator): the only contracted service it fits is Intermittent Renal Anaesthesia Administration, but the text does not rule out an uncontracted service ; H4-L00509-05: 'rheum - RADIOTHERAPY fract /CW-5238' is unresolved (missing_discriminator): the only contracted service it fits is Intensive Rheumatologic Radiotherapy Fraction, but the text does not rule out an uncontracted service ; a provisional total of 4767372 was computed but is not contractually defensible, so no corrected total is submitted ; not flagged, but some lines could not be identified, so not every rule could be checked",4767372
INV-H4-000510,0,,,2136925,0.40,low,0,0,,INV-H4-000510#0,"H4-L00510-02: 'amb WD bed OCC /CW-2964' is unresolved (tied_candidates) between Ambulatory Cardiac Ward Bed Occupancy, Ambulatory Immunologic Ward Bed Occupancy ; a provisional total of 2136925 was computed but is not contractually defensible, so no corrected total is submitted ; not flagged, but some lines could not be identified, so not every rule could be checked",2136925
INV-H4-000511,0,,4246950,4246950,0.85,high,1,1,4246950,INV-H4-000511#0,not flagged; every line identified from text and priced exactly,4246950
INV-H4-000512,0,,,4873980,0.40,low,0,0,,INV-H4-000512#0,"H4-L00512-02: 'supv  - DIAL sess /CW-1782' is unresolved (missing_discriminator): the only contracted service it fits is Supervised Rheumatologic Dialysis Session, but the text does not rule out an uncontracted service ; H4-L00512-03: 'SPCLST - consult' is unresolved (missing_discriminator): the only contracted service it fits is Specialist Immunologic Consultation, but the text does not rule out an uncontracted service ; H4-L00512-08: 'REN - wd BD occ /CW-4382' is unresolved (missing_discriminator): the only contracted service it fits is Extended Renal Ward Bed Occupancy, but the text does not rule out an uncontracted service ; a provisional total of 4873980 was computed but is not contractually defensible, so no corrected total is submitted ; not flagged, but some lines could not be identified, so not every rule could be checked",4873980
INV-H4-000513,0,,,1561425,0.40,low,0,0,,INV-H4-000513#0,"H4-L00513-03: 'prog CONT rehab /CW-3359' is unresolved (missing_discriminator): the only contracted service it fits is Continuous Psychiatric Rehabilitation Programme, but the text does not rule out an uncontracted service ; H4-L00513-04: bundle partner 'Continuous Psychiatric Rehabilitation Programme' may have been delivered on 2025-04-04 (an unresolved description that day) ; a provisional total of 1561425 was computed but is not contractually defensible, so no corrected total is submitted ; not flagged, but some lines could not be identified, so not every rule could be checked",1561425
INV-H4-000514,0,,,4107575,0.40,low,0,0,,INV-H4-000514#0,"H4-L00514-11: 'SUPP asst VENTILATION /CW-3888' is unresolved (missing_discriminator): the only contracted service it fits is Assisted Cardiac Ventilation Support, but the text does not rule out an uncontracted service ; H4-L00514-13: bundle partner 'Outpatient Orthopaedic Recovery Room Occupancy' may have been delivered on 2025-04-06 (an unresolved description that day) ; H4-L00514-14: 'OUTPT recov RM occ' is unresolved (missing_discriminator): the only contracted service it fits is Outpatient Orthopaedic Recovery Room Occupancy, but the text does not rule out an uncontracted service ; a provisional total of 4107575 was computed but is not contractually defensible, so no corrected total is submitted ; not flagged, but some lines could not be identified, so not every rule could be checked",4107575
INV-H4-000515,0,,,2782225,0.40,low,0,0,,INV-H4-000515#0,"H4-L00515-03: 'ortho - ANAES administration' is unresolved (missing_discriminator): the only contracted service it fits is Inpatient Orthopaedic Anaesthesia Administration, but the text does not rule out an uncontracted service ; H4-L00515-04: 'ORTHOPAEDIC recov RM occupancy /CW-4525' is unresolved (missing_discriminator): the only contracted service it fits is Outpatient Orthopaedic Recovery Room Occupancy, but the text does not rule out an uncontracted service ; H4-L00515-09: bundle partner 'Specialist Immunologic Consultation' may have been delivered on 2025-04-05 (an unresolved description that day) ; H4-L00515-10: 'SPCLST immunologic /CW-6493' is unresolved (missing_discriminator): the only contracted service it fits is Specialist Immunologic Consultation, but the text does not rule out an uncontracted service ; a provisional total of 2782225 was computed but is not contractually defensible, so no corrected total is submitted ; not flagged, but some lines could not be identified, so not every rule could be checked",2782225
INV-H4-000516,0,,,3061500,0.40,low,0,0,,INV-H4-000516#0,"H4-L00516-02: 'std - DIAL sess /CW-2606' is unresolved (missing_discriminator): the only contracted service it fits is Standard Paediatric Dialysis Session, but the text does not rule out an uncontracted service ; a provisional total of 3061500 was computed but is not contractually defensible, so no corrected total is submitted ; not flagged, but some lines could not be identified, so not every rule could be checked",3061500
INV-H4-000518,0,,4478075,4478075,0.85,high,1,1,4478075,INV-H4-000518#0,not flagged; every line identified from text and priced exactly,4478075
INV-H4-000519,0,,,1958225,0.40,low,0,0,,INV-H4-000519#0,"H4-L00519-05: 'ADMIN  - gi ANAES /CW-1500' is unresolved (missing_discriminator): the only contracted service it fits is Assisted Gastrointestinal Anaesthesia Administration, but the text does not rule out an uncontracted service ; a provisional total of 1958225 was computed but is not contractually defensible, so no corrected total is submitted ; not flagged, but some lines could not be identified, so not every rule could be checked",1958225
INV-H4-000520,0,,,2382850,0.40,low,0,0,,INV-H4-000520#0,"H4-L00520-02: 'service - INTENS steril /CW-8257' is unresolved (missing_discriminator): the only contracted service it fits is Intensive Vascular Sterilisation Service, but the text does not rule out an uncontracted service ; a provisional total of 2382850 was computed but is not contractually defensible, so no corrected total is submitted ; not flagged, but some lines could not be identified, so not every rule could be checked",2382850
INV-H4-000521,0,,3804725,3804725,0.85,high,1,1,3804725,INV-H4-000521#0,not flagged; every line identified from text and priced exactly,3804725
INV-H4-000522,0,,,4733237,0.40,low,0,0,,INV-H4-000522#0,"H4-L00522-03: 'SPCLST - consult' is unresolved (missing_discriminator): the only contracted service it fits is Specialist Immunologic Consultation, but the text does not rule out an uncontracted service ; H4-L00522-05: 'admin REN anaesthesia' is unresolved (missing_discriminator): the only contracted service it fits is Intermittent Renal Anaesthesia Administration, but the text does not rule out an uncontracted service ; H4-L00522-11: 'ortho  - ANAES admin /CW-7356' is unresolved (missing_discriminator): the only contracted service it fits is Inpatient Orthopaedic Anaesthesia Administration, but the text does not rule out an uncontracted service ; H4-L00522-17: 'haematology - TRANSF svc' is unresolved (missing_discriminator): the only contracted service it fits is Ambulatory Haematology Transfusion Service, but the text does not rule out an uncontracted service ; H4-L00522-18: 'FOCUSED biop PROC' is unresolved (missing_discriminator): the only contracted service it fits is Focused Metabolic Biopsy Procedure, but the text does not rule out an uncontracted service ; a provisional total of 4733237 was computed but is not contractually defensible, so no corrected total is submitted ; not flagged, but some lines could not be identified, so not every rule could be checked",4733237
INV-H4-000523,0,,,4206639,0.40,low,0,0,,INV-H4-000523#0,"H4-L00523-09: 'supv  NURSING obs' is unresolved (missing_discriminator): the only contracted service it fits is Supervised Gastrointestinal Nursing Observation, but the text does not rule out an uncontracted service ; H4-L00523-14: 'prog CONT rehab /CW-3359' is unresolved (missing_discriminator): the only contracted service it fits is Continuous Psychiatric Rehabilitation Programme, but the text does not rule out an uncontracted service ; H4-L00523-15: bundle partner 'Continuous Psychiatric Rehabilitation Programme' may have been delivered on 2025-04-13 (an unresolved description that day) ; a provisional total of 4206639 was computed but is not contractually defensible, so no corrected total is submitted ; not flagged, but some lines could not be identified, so not every rule could be checked",4206639
INV-H4-000524,0,,,3601709,0.40,low,0,0,,INV-H4-000524#0,"H4-L00524-12: 'interpretation - COMPR img /CW-2951' is unresolved (missing_discriminator): the only contracted service it fits is Comprehensive Urologic Imaging Interpretation, but the text does not rule out an uncontracted service ; H4-L00524-18: 'SPCLST - consult' is unresolved (missing_discriminator): the only contracted service it fits is Specialist Immunologic Consultation, but the text does not rule out an uncontracted service ; a provisional total of 3601709 was computed but is not contractually defensible, so no corrected total is submitted ; not flagged, but some lines could not be identified, so not every rule could be checked",3601709
INV-H4-000525,0,,1219975,1219975,0.85,high,1,1,1219975,INV-H4-000525#0,not flagged; every line identified from text and priced exactly,1219975
INV-H4-000526,0,,3121875,3121875,0.65,medium,1,1,3121875,INV-H4-000526#0,"not flagged; identity rests partly on a unit-basis tie-break, or the total is not reconstructable",3121875
INV-H4-000527,0,,1093975,1093975,0.85,high,1,1,1093975,INV-H4-000527#0,not flagged; every line identified from text and priced exactly,1093975
INV-H4-000528,1,bundle_not_applied|malformed_service_date|volume_discount_omitted,,4855400,0.65,medium,1,0,4814880,INV-H4-000528#0,"H4-L00528-13: malformed service date, so the Service Day rules cannot be evaluated with certainty ; a provisional total of 4814880 was computed but is not contractually defensible, so no corrected total is submitted ; findings apply contract rules to resolved services but depend on hospital-wide state, a recorded policy or a unit-basis tie-break",4814880
INV-H4-000529,0,,,3951350,0.40,low,0,0,,INV-H4-000529#0,"H4-L00529-05: 'ortho  - ANAES admin /CW-7356' is unresolved (missing_discriminator): the only contracted service it fits is Inpatient Orthopaedic Anaesthesia Administration, but the text does not rule out an uncontracted service ; a provisional total of 3951350 was computed but is not contractually defensible, so no corrected total is submitted ; not flagged, but some lines could not be identified, so not every rule could be checked",3951350
INV-H4-000530,0,,,1279875,0.40,low,0,0,,INV-H4-000530#0,"H4-L00530-04: 'supv  - DIAL sess /CW-1782' is unresolved (missing_discriminator): the only contracted service it fits is Supervised Rheumatologic Dialysis Session, but the text does not rule out an uncontracted service ; H4-L00530-05: bundle partner 'Supervised Rheumatologic Dialysis Session' may have been delivered on 2025-04-16 (an unresolved description that day) ; a provisional total of 1279875 was computed but is not contractually defensible, so no corrected total is submitted ; not flagged, but some lines could not be identified, so not every rule could be checked",1279875
INV-H4-000531,0,,,3067035,0.40,low,0,0,,INV-H4-000531#0,"H4-L00531-05: 'card  - HOME vst' is unresolved (tied_candidates) between Bedside Cardiac Home Visit, Routine Cardiac Home Visit ; H4-L00531-10: 'rheum - RADIOTHERAPY fract /CW-5238' is unresolved (missing_discriminator): the only contracted service it fits is Intensive Rheumatologic Radiotherapy Fraction, but the text does not rule out an uncontracted service ; a provisional total of 3067035 was computed but is not contractually defensible, so no corrected total is submitted ; not flagged, but some lines could not be identified, so not every rule could be checked",3067035
INV-H4-000532,0,,,4765600,0.40,low,0,0,,INV-H4-000532#0,"H4-L00532-04: 'std - DIAL sess /CW-2606' is unresolved (missing_discriminator): the only contracted service it fits is Standard Paediatric Dialysis Session, but the text does not rule out an uncontracted service ; H4-L00532-08: 'occ PALLIATIVE recov RM' is unresolved (missing_discriminator): the only contracted service it fits is Postoperative Palliative Recovery Room Occupancy, but the text does not rule out an uncontracted service ; H4-L00532-09: bundle partner 'Postoperative Palliative Recovery Room Occupancy' may have been delivered on 2025-04-18 (an unresolved description that day) ; a provisional total of 4765600 was computed but is not contractually defensible, so no corrected total is submitted ; not flagged, but some lines could not be identified, so not every rule could be checked",4765600
INV-H4-000533,0,,,2634137,0.40,low,0,0,,INV-H4-000533#0,"H4-L00533-02: 'amb WD bed OCC /CW-2964' is unresolved (tied_candidates) between Ambulatory Cardiac Ward Bed Occupancy, Ambulatory Immunologic Ward Bed Occupancy ; a provisional total of 2634137 was computed but is not contractually defensible, so no corrected total is submitted ; not flagged, but some lines could not be identified, so not every rule could be checked",2634137
INV-H4-000534,0,,,3648900,0.40,low,0,0,,INV-H4-000534#0,"H4-L00534-10: 'ortho - ANAES administration' is unresolved (missing_discriminator): the only contracted service it fits is Inpatient Orthopaedic Anaesthesia Administration, but the text does not rule out an uncontracted service ; H4-L00534-13: 'SUPP asst VENTILATION /CW-3888' is unresolved (missing_discriminator): the only contracted service it fits is Assisted Cardiac Ventilation Support, but the text does not rule out an uncontracted service ; a provisional total of 3648900 was computed but is not contractually defensible, so no corrected total is submitted ; not flagged, but some lines could not be identified, so not every rule could be checked",3648900
INV-H4-000535,0,,1740400,1740400,0.85,high,1,1,1740400,INV-H4-000535#0,not flagged; every line identified from text and priced exactly,1740400
INV-H4-000536,0,,,4072209,0.40,low,0,0,,INV-H4-000536#0,"H4-L00536-05: 'occ PALLIATIVE recov RM' is unresolved (missing_discriminator): the only contracted service it fits is Postoperative Palliative Recovery Room Occupancy, but the text does not rule out an uncontracted service ; H4-L00536-06: bundle partner 'Postoperative Palliative Recovery Room Occupancy' may have been delivered on 2025-04-22 (an unresolved description that day) ; a provisional total of 4072209 was computed but is not contractually defensible, so no corrected total is submitted ; not flagged, but some lines could not be identified, so not every rule could be checked",4072209
INV-H4-000537,0,,,3505975,0.40,low,0,0,,INV-H4-000537#0,"H4-L00537-07: 'haematology - TRANSF svc' is unresolved (missing_discriminator): the only contracted service it fits is Ambulatory Haematology Transfusion Service, but the text does not rule out an uncontracted service ; a provisional total of 3505975 was computed but is not contractually defensible, so no corrected total is submitted ; not flagged, but some lines could not be identified, so not every rule could be checked",3505975
INV-H4-000538,0,,,4808825,0.40,low,0,0,,INV-H4-000538#0,"H4-L00538-09: 'interpretation - COMPR img /CW-2951' is unresolved (missing_discriminator): the only contracted service it fits is Comprehensive Urologic Imaging Interpretation, but the text does not rule out an uncontracted service ; H4-L00538-19: 'OUTPT recov RM occ' is unresolved (missing_discriminator): the only contracted service it fits is Outpatient Orthopaedic Recovery Room Occupancy, but the text does not rule out an uncontracted service ; a provisional total of 4808825 was computed but is not contractually defensible, so no corrected total is submitted ; not flagged, but some lines could not be identified, so not every rule could be checked",4808825
INV-H4-000539,0,,,2899642,0.40,low,0,0,,INV-H4-000539#0,"H4-L00539-07: 'supv  NURSING obs' is unresolved (missing_discriminator): the only contracted service it fits is Supervised Gastrointestinal Nursing Observation, but the text does not rule out an uncontracted service ; a provisional total of 2899642 was computed but is not contractually defensible, so no corrected total is submitted ; not flagged, but some lines could not be identified, so not every rule could be checked",2899642
INV-H4-000540,1,contract_number_mismatch|daily_cap_exceeded,2120125,2195250,0.65,medium,1,1,2120125,INV-H4-000540#0,"H4-L00540-02: 5 unit(s) above the clause 6.1 limit are not payable; payable quantity 8 ; findings apply contract rules to resolved services but depend on hospital-wide state, a recorded policy or a unit-basis tie-break",2120125
INV-H4-000541,1,wrong_unit_basis,,508925,0.40,low,0,0,,INV-H4-000541#0,"H4-L00541-01: 'ortho - ANAES admin /CW-8548' is unresolved (missing_discriminator): the only contracted service it fits is Inpatient Orthopaedic Anaesthesia Administration, but the text does not rule out an uncontracted service ; a provisional total of 508925 was computed but is not contractually defensible, so no corrected total is submitted ; a finding rests on reading free text, or the corrected total cannot be reconstructed",508925
INV-H4-000542,0,,,3515306,0.40,low,0,0,,INV-H4-000542#0,"H4-L00542-14: 'conf - UROL cs /CW-3094' is unresolved (missing_discriminator): the only contracted service it fits is Focused Urologic Case Conference, but the text does not rule out an uncontracted service ; a provisional total of 3515306 was computed but is not contractually defensible, so no corrected total is submitted ; not flagged, but some lines could not be identified, so not every rule could be checked",3515306
INV-H4-000543,0,,2661825,2661825,0.85,high,1,1,2661825,INV-H4-000543#0,not flagged; every line identified from text and priced exactly,2661825
INV-H4-000544,0,,,850425,0.40,low,0,0,,INV-H4-000544#0,"H4-L00544-08: 'ELECT - nurs OBS' is unresolved (missing_discriminator): the only contracted service it fits is Elective Gastrointestinal Nursing Observation, but the text does not rule out an uncontracted service ; a provisional total of 850425 was computed but is not contractually defensible, so no corrected total is submitted ; not flagged, but some lines could not be identified, so not every rule could be checked",850425
INV-H4-000545,0,,2188725,2188725,0.65,medium,1,1,2188725,INV-H4-000545#0,"not flagged; identity rests partly on a unit-basis tie-break, or the total is not reconstructable",2188725
INV-H4-000546,0,,,5170740,0.40,low,0,0,,INV-H4-000546#0,"H4-L00546-04: 'INFECT - critical CARE occ' is unresolved (missing_discriminator): the only contracted service it fits is Continuous Infectious Critical Care Occupancy, but the text does not rule out an uncontracted service ; H4-L00546-16: 'haematology - TRANSF svc' is unresolved (missing_discriminator): the only contracted service it fits is Ambulatory Haematology Transfusion Service, but the text does not rule out an uncontracted service ; a provisional total of 5170740 was computed but is not contractually defensible, so no corrected total is submitted ; not flagged, but some lines could not be identified, so not every rule could be checked",5170740
INV-H4-000547,0,,,2848500,0.40,low,0,0,,INV-H4-000547#0,"H4-L00547-05: 'supv  - DIAL sess /CW-1782' is unresolved (missing_discriminator): the only contracted service it fits is Supervised Rheumatologic Dialysis Session, but the text does not rule out an uncontracted service ; H4-L00547-06: 'SPCLST immunologic /CW-6493' is unresolved (missing_discriminator): the only contracted service it fits is Specialist Immunologic Consultation, but the text does not rule out an uncontracted service ; H4-L00547-12: 'msk - SPCM analysis' is unresolved (missing_discriminator): the only contracted service it fits is Ambulatory Musculoskeletal Specimen Analysis, but the text does not rule out an uncontracted service ; a provisional total of 2848500 was computed but is not contractually defensible, so no corrected total is submitted ; not flagged, but some lines could not be identified, so not every rule could be checked",2848500
INV-H4-000548,0,,,2150750,0.40,low,0,0,,INV-H4-000548#0,"H4-L00548-07: 'admin REN anaesthesia' is unresolved (missing_discriminator): the only contracted service it fits is Intermittent Renal Anaesthesia Administration, but the text does not rule out an uncontracted service ; H4-L00548-11: 'ASSISTED spcm ANALYSIS /CW-2232' is unresolved (missing_discriminator): the only contracted service it fits is Assisted Obstetric Specimen Analysis, but the text does not rule out an uncontracted service ; a provisional total of 2150750 was computed but is not contractually defensible, so no corrected total is submitted ; not flagged, but some lines could not be identified, so not every rule could be checked",2150750
INV-H4-000549,0,,1314045,1314045,0.65,medium,1,1,1314045,INV-H4-000549#0,"not flagged; identity rests partly on a unit-basis tie-break, or the total is not reconstructable",1314045
INV-H4-000550,0,,,2718675,0.40,low,0,0,,INV-H4-000550#0,"H4-L00550-09: 'assisted - NUTR supp' is unresolved (missing_discriminator): the only contracted service it fits is Assisted Renal Nutritional Support, but the text does not rule out an uncontracted service ; a provisional total of 2718675 was computed but is not contractually defensible, so no corrected total is submitted ; not flagged, but some lines could not be identified, so not every rule could be checked",2718675
INV-H4-000551,0,,,4726470,0.40,low,0,0,,INV-H4-000551#0,"H4-L00551-05: bundle partner 'Outpatient Orthopaedic Recovery Room Occupancy' may have been delivered on 2025-05-04 (an unresolved description that day) ; H4-L00551-06: 'ORTHOPAEDIC recov RM occupancy /CW-4525' is unresolved (missing_discriminator): the only contracted service it fits is Outpatient Orthopaedic Recovery Room Occupancy, but the text does not rule out an uncontracted service ; a provisional total of 4726470 was computed but is not contractually defensible, so no corrected total is submitted ; not flagged, but some lines could not be identified, so not every rule could be checked",4726470
INV-H4-000552,0,,2613670,2613670,0.65,medium,1,1,2613670,INV-H4-000552#0,"not flagged; identity rests partly on a unit-basis tie-break, or the total is not reconstructable",2613670
INV-H4-000553,0,,,1389823,0.40,low,0,0,,INV-H4-000553#0,"H4-L00553-06: 'postoperative CS conference /CW-1435' is unresolved (missing_discriminator): the only contracted service it fits is Postoperative Geriatric Case Conference, but the text does not rule out an uncontracted service ; a provisional total of 1389823 was computed but is not contractually defensible, so no corrected total is submitted ; not flagged, but some lines could not be identified, so not every rule could be checked",1389823
INV-H4-000554,1,invoice_total_mismatch|daily_cap_exceeded,3465160,3608010,0.65,medium,1,1,3465160,INV-H4-000554#0,"H4-L00554-08: 2 unit(s) above the clause 6.1 limit are not payable; payable quantity 6 ; findings apply contract rules to resolved services but depend on hospital-wide state, a recorded policy or a unit-basis tie-break",3465160
INV-H4-000555,0,,3037600,3037600,0.65,medium,1,1,3037600,INV-H4-000555#0,"not flagged; identity rests partly on a unit-basis tie-break, or the total is not reconstructable",3037600
INV-H4-000556,0,,2462025,2462025,0.85,high,1,1,2462025,INV-H4-000556#0,not flagged; every line identified from text and priced exactly,2462025
INV-H4-000557,0,,885100,885100,0.85,high,1,1,885100,INV-H4-000557#0,not flagged; every line identified from text and priced exactly,885100
INV-H4-000558,0,,,780300,0.40,low,0,0,,INV-H4-000558#0,"H4-L00558-06: 'gi - IMG interp' is unresolved (missing_discriminator): the only contracted service it fits is Specialist Gastrointestinal Imaging Interpretation, but the text does not rule out an uncontracted service ; a provisional total of 780300 was computed but is not contractually defensible, so no corrected total is submitted ; not flagged, but some lines could not be identified, so not every rule could be checked",780300
INV-H4-000559,0,,,2734650,0.40,low,0,0,,INV-H4-000559#0,"H4-L00559-02: 'interp COMPR img /CW-6998' is unresolved (missing_discriminator): the only contracted service it fits is Comprehensive Urologic Imaging Interpretation, but the text does not rule out an uncontracted service ; H4-L00559-10: 'renal ANAES admin' is unresolved (missing_discriminator): the only contracted service it fits is Intermittent Renal Anaesthesia Administration, but the text does not rule out an uncontracted service ; a provisional total of 2734650 was computed but is not contractually defensible, so no corrected total is submitted ; not flagged, but some lines could not be identified, so not every rule could be checked",2734650
INV-H4-000560,0,,1908715,1908715,0.85,high,1,1,1908715,INV-H4-000560#0,not flagged; every line identified from text and priced exactly,1908715
INV-H4-000561,0,,,2180950,0.40,low,0,0,,INV-H4-000561#0,"H4-L00561-07: 'SUPP asst VENTILATION /CW-3888' is unresolved (missing_discriminator): the only contracted service it fits is Assisted Cardiac Ventilation Support, but the text does not rule out an uncontracted service ; a provisional total of 2180950 was computed but is not contractually defensible, so no corrected total is submitted ; not flagged, but some lines could not be identified, so not every rule could be checked",2180950
INV-H4-000562,0,,,3083459,0.40,low,0,0,,INV-H4-000562#0,"H4-L00562-06: bundle partner 'Outpatient Orthopaedic Recovery Room Occupancy' may have been delivered on 2025-05-11 (an unresolved description that day) ; H4-L00562-07: 'ORTHOPAEDIC recov RM occupancy /CW-4525' is unresolved (missing_discriminator): the only contracted service it fits is Outpatient Orthopaedic Recovery Room Occupancy, but the text does not rule out an uncontracted service ; H4-L00562-09: 'SUPP asst VENTILATION /CW-3888' is unresolved (missing_discriminator): the only contracted service it fits is Assisted Cardiac Ventilation Support, but the text does not rule out an uncontracted service ; a provisional total of 3083459 was computed but is not contractually defensible, so no corrected total is submitted ; not flagged, but some lines could not be identified, so not every rule could be checked",3083459
INV-H4-000563,0,,,2708470,0.40,low,0,0,,INV-H4-000563#0,"H4-L00563-06: 'service - INTENS steril /CW-8257' is unresolved (missing_discriminator): the only contracted service it fits is Intensive Vascular Sterilisation Service, but the text does not rule out an uncontracted service ; a provisional total of 2708470 was computed but is not contractually defensible, so no corrected total is submitted ; not flagged, but some lines could not be identified, so not every rule could be checked",2708470
INV-H4-000564,0,,,7493231,0.40,low,0,0,,INV-H4-000564#0,"H4-L00564-04: 'admin REN anaesthesia' is unresolved (missing_discriminator): the only contracted service it fits is Intermittent Renal Anaesthesia Administration, but the text does not rule out an uncontracted service ; H4-L00564-06: 'SUPP asst VENTILATION /CW-3888' is unresolved (missing_discriminator): the only contracted service it fits is Assisted Cardiac Ventilation Support, but the text does not rule out an uncontracted service ; H4-L00564-13: 'interp COMPR img /CW-6998' is unresolved (missing_discriminator): the only contracted service it fits is Comprehensive Urologic Imaging Interpretation, but the text does not rule out an uncontracted service ; a provisional total of 7493231 was computed but is not contractually defensible, so no corrected total is submitted ; not flagged, but some lines could not be identified, so not every rule could be checked",7493231
INV-H4-000565,0,,2389019,2389019,0.85,high,1,1,2389019,INV-H4-000565#0,not flagged; every line identified from text and priced exactly,2389019
INV-H4-000566,0,,,1810875,0.40,low,0,0,,INV-H4-000566#0,"H4-L00566-02: 'assisted - NUTR supp' is unresolved (missing_discriminator): the only contracted service it fits is Assisted Renal Nutritional Support, but the text does not rule out an uncontracted service ; a provisional total of 1810875 was computed but is not contractually defensible, so no corrected total is submitted ; not flagged, but some lines could not be identified, so not every rule could be checked",1810875
INV-H4-000567,0,,,4243042,0.40,low,0,0,,INV-H4-000567#0,"H4-L00567-11: 'GI - transfusion SVC /CW-9161' is unresolved (missing_discriminator): the only contracted service it fits is Continuous Gastrointestinal Transfusion Service, but the text does not rule out an uncontracted service ; a provisional total of 4243042 was computed but is not contractually defensible, so no corrected total is submitted ; not flagged, but some lines could not be identified, so not every rule could be checked",4243042
INV-H4-000568,0,,3273649,3273649,0.85,high,1,1,3273649,INV-H4-000568#0,not flagged; every line identified from text and priced exactly,3273649
INV-H4-000569,0,,1209815,1209815,0.85,high,1,1,1209815,INV-H4-000569#0,not flagged; every line identified from text and priced exactly,1209815
INV-H4-000570,0,,,2001370,0.40,low,0,0,,INV-H4-000570#0,"H4-L00570-08: 'prog CONT rehab /CW-3359' is unresolved (missing_discriminator): the only contracted service it fits is Continuous Psychiatric Rehabilitation Programme, but the text does not rule out an uncontracted service ; H4-L00570-09: 'occ PALLIATIVE recov RM' is unresolved (missing_discriminator): the only contracted service it fits is Postoperative Palliative Recovery Room Occupancy, but the text does not rule out an uncontracted service ; a provisional total of 2001370 was computed but is not contractually defensible, so no corrected total is submitted ; not flagged, but some lines could not be identified, so not every rule could be checked",2001370
INV-H4-000571,0,,,3271200,0.40,low,0,0,,INV-H4-000571#0,"H4-L00571-03: 'ortho - ANAES admin /CW-8548' is unresolved (missing_discriminator): the only contracted service it fits is Inpatient Orthopaedic Anaesthesia Administration, but the text does not rule out an uncontracted service ; H4-L00571-08: 'ORTHOPAEDIC recov RM occupancy /CW-4525' is unresolved (missing_discriminator): the only contracted service it fits is Outpatient Orthopaedic Recovery Room Occupancy, but the text does not rule out an uncontracted service ; H4-L00571-09: bundle partner 'Outpatient Orthopaedic Recovery Room Occupancy' may have been delivered on 2025-05-18 (an unresolved description that day) ; a provisional total of 3271200 was computed but is not contractually defensible, so no corrected total is submitted ; not flagged, but some lines could not be identified, so not every rule could be checked",3271200
INV-H4-000572,0,,,3946500,0.40,low,0,0,,INV-H4-000572#0,"H4-L00572-11: 'conf - UROL cs /CW-3094' is unresolved (missing_discriminator): the only contracted service it fits is Focused Urologic Case Conference, but the text does not rule out an uncontracted service ; H4-L00572-14: 'haematology - TRANSF svc' is unresolved (missing_discriminator): the only contracted service it fits is Ambulatory Haematology Transfusion Service, but the text does not rule out an uncontracted service ; a provisional total of 3946500 was computed but is not contractually defensible, so no corrected total is submitted ; not flagged, but some lines could not be identified, so not every rule could be checked",3946500
INV-H4-000573,0,,,2637500,0.40,low,0,0,,INV-H4-000573#0,"H4-L00573-02: 'REN - wd BD occ /CW-4382' is unresolved (missing_discriminator): the only contracted service it fits is Extended Renal Ward Bed Occupancy, but the text does not rule out an uncontracted service ; a provisional total of 2637500 was computed but is not contractually defensible, so no corrected total is submitted ; not flagged, but some lines could not be identified, so not every rule could be checked",2637500
INV-H4-000574,0,,2526375,2526375,0.85,high,1,1,2526375,INV-H4-000574#0,not flagged; every line identified from text and priced exactly,2526375
INV-H4-000575,0,,,3853715,0.40,low,0,0,,INV-H4-000575#0,"H4-L00575-08: 'SPCLST - consult' is unresolved (missing_discriminator): the only contracted service it fits is Specialist Immunologic Consultation, but the text does not rule out an uncontracted service ; a provisional total of 3853715 was computed but is not contractually defensible, so no corrected total is submitted ; not flagged, but some lines could not be identified, so not every rule could be checked",3853715
INV-H4-000576,1,malformed_service_date|bundle_not_applied|daily_cap_exceeded,,5976355,0.40,low,0,0,,INV-H4-000576#0,"H4-L00576-05: malformed service date, so the Service Day rules cannot be evaluated with certainty ; H4-L00576-15: 1 unit(s) above the clause 6.1 limit are not payable; payable quantity 12 ; H4-L00576-16: 'assisted - NUTR supp' is unresolved (missing_discriminator): the only contracted service it fits is Assisted Renal Nutritional Support, but the text does not rule out an uncontracted service ; a provisional total of 5777455 was computed but is not contractually defensible, so no corrected total is submitted ; a finding rests on reading free text, or the corrected total cannot be reconstructed",5777455
INV-H4-000577,0,,4553440,4553440,0.85,high,1,1,4553440,INV-H4-000577#0,not flagged; every line identified from text and priced exactly,4553440
INV-H4-000578,0,,2235025,2235025,0.85,high,1,1,2235025,INV-H4-000578#0,not flagged; every line identified from text and priced exactly,2235025
INV-H4-000579,0,,,2424905,0.40,low,0,0,,INV-H4-000579#0,"H4-L00579-06: 'ASSISTED spcm ANALYSIS /CW-2232' is unresolved (missing_discriminator): the only contracted service it fits is Assisted Obstetric Specimen Analysis, but the text does not rule out an uncontracted service ; H4-L00579-07: 'ELECT - nurs OBS' is unresolved (missing_discriminator): the only contracted service it fits is Elective Gastrointestinal Nursing Observation, but the text does not rule out an uncontracted service ; a provisional total of 2424905 was computed but is not contractually defensible, so no corrected total is submitted ; not flagged, but some lines could not be identified, so not every rule could be checked",2424905
INV-H4-000580,0,,1117339,1117339,0.85,high,1,1,1117339,INV-H4-000580#0,not flagged; every line identified from text and priced exactly,1117339
INV-H4-000581,1,volume_discount_omitted,2268205,2302975,0.65,medium,1,1,2268205,INV-H4-000581#0,"findings apply contract rules to resolved services but depend on hospital-wide state, a recorded policy or a unit-basis tie-break",2268205
INV-H4-000582,0,,,4708705,0.40,low,0,0,,INV-H4-000582#0,"H4-L00582-04: 'conf - UROL cs /CW-3094' is unresolved (missing_discriminator): the only contracted service it fits is Focused Urologic Case Conference, but the text does not rule out an uncontracted service ; H4-L00582-05: 'ELECT - nurs OBS' is unresolved (missing_discriminator): the only contracted service it fits is Elective Gastrointestinal Nursing Observation, but the text does not rule out an uncontracted service ; H4-L00582-07: 'REN - wd BD occ /CW-4382' is unresolved (missing_discriminator): the only contracted service it fits is Extended Renal Ward Bed Occupancy, but the text does not rule out an uncontracted service ; H4-L00582-11: 'plng EXT disch /CW-9928' is unresolved (missing_discriminator): the only contracted service it fits is Extended Hepatic Discharge Planning, but the text does not rule out an uncontracted service ; H4-L00582-12: 'IMMUN - spclst /CW-9956' is unresolved (missing_discriminator): the only contracted service it fits is Specialist Immunologic Consultation, but the text does not rule out an uncontracted service ; H4-L00582-13: bundle partner 'Specialist Immunologic Consultation' may have been delivered on 2025-05-28 (an unresolved description that day) ; a provisional total of 4708705 was computed but is not contractually defensible, so no corrected total is submitted ; not flagged, but some lines could not be identified, so not every rule could be checked",4708705
INV-H4-000583,1,bundle_not_applied|unit_price_mismatch,819575,947375,0.65,medium,1,1,819575,INV-H4-000583#0,"findings apply contract rules to resolved services but depend on hospital-wide state, a recorded policy or a unit-basis tie-break",819575
INV-H4-000584,0,,,1647943,0.40,low,0,0,,INV-H4-000584#0,"H4-L00584-02: 'INFECT - critical CARE occ' is unresolved (missing_discriminator): the only contracted service it fits is Continuous Infectious Critical Care Occupancy, but the text does not rule out an uncontracted service ; H4-L00584-03: 'FOCUSED biop PROC' is unresolved (missing_discriminator): the only contracted service it fits is Focused Metabolic Biopsy Procedure, but the text does not rule out an uncontracted service ; H4-L00584-06: 'OCC - std CRIT cr /CW-1779' is unresolved (missing_discriminator): the only contracted service it fits is Standard Orthopaedic Critical Care Occupancy, but the text does not rule out an uncontracted service ; H4-L00584-07: bundle partner 'Outpatient Orthopaedic Recovery Room Occupancy' may have been delivered on 2025-05-27 (an unresolved description that day) ; H4-L00584-08: 'ORTHOPAEDIC recov RM occupancy /CW-4525' is unresolved (missing_discriminator): the only contracted service it fits is Outpatient Orthopaedic Recovery Room Occupancy, but the text does not rule out an uncontracted service ; a provisional total of 1647943 was computed but is not contractually defensible, so no corrected total is submitted ; not flagged, but some lines could not be identified, so not every rule could be checked",1647943
INV-H4-000585,0,,,1713400,0.40,low,0,0,,INV-H4-000585#0,"H4-L00585-04: 'SPCLST immunologic /CW-6493' is unresolved (missing_discriminator): the only contracted service it fits is Specialist Immunologic Consultation, but the text does not rule out an uncontracted service ; H4-L00585-05: bundle partner 'Specialist Immunologic Consultation' may have been delivered on 2025-05-30 (an unresolved description that day) ; H4-L00585-07: bundle partner 'Postoperative Palliative Recovery Room Occupancy' may have been delivered on 2025-05-28 (an unresolved description that day) ; H4-L00585-08: 'occ PALLIATIVE recov RM' is unresolved (missing_discriminator): the only contracted service it fits is Postoperative Palliative Recovery Room Occupancy, but the text does not rule out an uncontracted service ; a provisional total of 1713400 was computed but is not contractually defensible, so no corrected total is submitted ; not flagged, but some lines could not be identified, so not every rule could be checked",1713400
INV-H4-000586,0,,,444550,0.40,low,0,0,,INV-H4-000586#0,"H4-L00586-06: 'interpretation - COMPR img /CW-2951' is unresolved (missing_discriminator): the only contracted service it fits is Comprehensive Urologic Imaging Interpretation, but the text does not rule out an uncontracted service ; a provisional total of 444550 was computed but is not contractually defensible, so no corrected total is submitted ; not flagged, but some lines could not be identified, so not every rule could be checked",444550
INV-H4-000587,0,,,2443681,0.40,low,0,0,,INV-H4-000587#0,"H4-L00587-01: 'card  - HOME vst' is unresolved (tied_candidates) between Bedside Cardiac Home Visit, Routine Cardiac Home Visit ; a provisional total of 2443681 was computed but is not contractually defensible, so no corrected total is submitted ; not flagged, but some lines could not be identified, so not every rule could be checked",2443681
INV-H4-000588,0,,,1840275,0.40,low,0,0,,INV-H4-000588#0,"H4-L00588-03: 'SPCLST immunologic /CW-6493' is unresolved (missing_discriminator): the only contracted service it fits is Specialist Immunologic Consultation, but the text does not rule out an uncontracted service ; H4-L00588-04: bundle partner 'Specialist Immunologic Consultation' may have been delivered on 2025-05-30 (an unresolved description that day) ; a provisional total of 1840275 was computed but is not contractually defensible, so no corrected total is submitted ; not flagged, but some lines could not be identified, so not every rule could be checked",1840275
INV-H4-000589,0,,,3425185,0.40,low,0,0,,INV-H4-000589#0,"H4-L00589-10: 'FOCUSED biop PROC' is unresolved (missing_discriminator): the only contracted service it fits is Focused Metabolic Biopsy Procedure, but the text does not rule out an uncontracted service ; H4-L00589-12: 'plng EXT disch /CW-9928' is unresolved (missing_discriminator): the only contracted service it fits is Extended Hepatic Discharge Planning, but the text does not rule out an uncontracted service ; H4-L00589-13: 'occ PALLIATIVE recov RM' is unresolved (missing_discriminator): the only contracted service it fits is Postoperative Palliative Recovery Room Occupancy, but the text does not rule out an uncontracted service ; H4-L00589-14: bundle partner 'Postoperative Palliative Recovery Room Occupancy' may have been delivered on 2025-05-30 (an unresolved description that day) ; a provisional total of 3425185 was computed but is not contractually defensible, so no corrected total is submitted ; not flagged, but some lines could not be identified, so not every rule could be checked",3425185
INV-H4-000590,0,,,3595040,0.40,low,0,0,,INV-H4-000590#0,"H4-L00590-11: 'supv  NURSING obs' is unresolved (missing_discriminator): the only contracted service it fits is Supervised Gastrointestinal Nursing Observation, but the text does not rule out an uncontracted service ; a provisional total of 3595040 was computed but is not contractually defensible, so no corrected total is submitted ; not flagged, but some lines could not be identified, so not every rule could be checked",3595040
INV-H4-000591,0,,,1112500,0.40,low,0,0,,INV-H4-000591#0,"H4-L00591-05: 'haematology - TRANSF svc' is unresolved (missing_discriminator): the only contracted service it fits is Ambulatory Haematology Transfusion Service, but the text does not rule out an uncontracted service ; a provisional total of 1112500 was computed but is not contractually defensible, so no corrected total is submitted ; not flagged, but some lines could not be identified, so not every rule could be checked",1112500
INV-H4-000592,0,,,4009573,0.40,low,0,0,,INV-H4-000592#0,"H4-L00592-03: 'rheum - RADIOTHERAPY fract /CW-5238' is unresolved (missing_discriminator): the only contracted service it fits is Intensive Rheumatologic Radiotherapy Fraction, but the text does not rule out an uncontracted service ; a provisional total of 4009573 was computed but is not contractually defensible, so no corrected total is submitted ; not flagged, but some lines could not be identified, so not every rule could be checked",4009573
INV-H4-000593,0,,,3851318,0.40,low,0,0,,INV-H4-000593#0,"H4-L00593-12: 'std - DIAL sess /CW-2606' is unresolved (missing_discriminator): the only contracted service it fits is Standard Paediatric Dialysis Session, but the text does not rule out an uncontracted service ; a provisional total of 3851318 was computed but is not contractually defensible, so no corrected total is submitted ; not flagged, but some lines could not be identified, so not every rule could be checked",3851318
INV-H4-000594,0,,1837253,1837253,0.85,high,1,1,1837253,INV-H4-000594#0,not flagged; every line identified from text and priced exactly,1837253
INV-H4-000595,0,,,2082855,0.40,low,0,0,,INV-H4-000595#0,"H4-L00595-10: 'SPCLST - consult' is unresolved (missing_discriminator): the only contracted service it fits is Specialist Immunologic Consultation, but the text does not rule out an uncontracted service ; a provisional total of 2082855 was computed but is not contractually defensible, so no corrected total is submitted ; not flagged, but some lines could not be identified, so not every rule could be checked",2082855
INV-H4-000596,0,,,2855821,0.40,low,0,0,,INV-H4-000596#0,"H4-L00596-06: 'ortho - ANAES admin /CW-8548' is unresolved (missing_discriminator): the only contracted service it fits is Inpatient Orthopaedic Anaesthesia Administration, but the text does not rule out an uncontracted service ; H4-L00596-08: 'prog CONT rehab /CW-3359' is unresolved (missing_discriminator): the only contracted service it fits is Continuous Psychiatric Rehabilitation Programme, but the text does not rule out an uncontracted service ; H4-L00596-09: bundle partner 'Continuous Psychiatric Rehabilitation Programme' may have been delivered on 2025-06-08 (an unresolved description that day) ; H4-L00596-11: 'service - INTENS steril /CW-8257' is unresolved (missing_discriminator): the only contracted service it fits is Intensive Vascular Sterilisation Service, but the text does not rule out an uncontracted service ; a provisional total of 2855821 was computed but is not contractually defensible, so no corrected total is submitted ; not flagged, but some lines could not be identified, so not every rule could be checked",2855821
INV-H4-000597,0,,2486830,2486830,0.85,high,1,1,2486830,INV-H4-000597#0,not flagged; every line identified from text and priced exactly,2486830
INV-H4-000598,0,,,4099350,0.40,low,0,0,,INV-H4-000598#0,"H4-L00598-05: 'prog CONT rehab /CW-3359' is unresolved (missing_discriminator): the only contracted service it fits is Continuous Psychiatric Rehabilitation Programme, but the text does not rule out an uncontracted service ; H4-L00598-06: bundle partner 'Continuous Psychiatric Rehabilitation Programme' may have been delivered on 2025-06-07 (an unresolved description that day) ; H4-L00598-15: 'ELECT - nurs OBS' is unresolved (missing_discriminator): the only contracted service it fits is Elective Gastrointestinal Nursing Observation, but the text does not rule out an uncontracted service ; a provisional total of 4099350 was computed but is not contractually defensible, so no corrected total is submitted ; not flagged, but some lines could not be identified, so not every rule could be checked",4099350
INV-H4-000599,0,,2096500,2096500,0.85,high,1,1,2096500,INV-H4-000599#0,not flagged; every line identified from text and priced exactly,2096500
INV-H4-000600,0,,,3565575,0.40,low,0,0,,INV-H4-000600#0,"H4-L00600-09: 'ASSISTED spcm ANALYSIS /CW-2232' is unresolved (missing_discriminator): the only contracted service it fits is Assisted Obstetric Specimen Analysis, but the text does not rule out an uncontracted service ; a provisional total of 3565575 was computed but is not contractually defensible, so no corrected total is submitted ; not flagged, but some lines could not be identified, so not every rule could be checked",3565575
INV-H4-000601,0,,,3781810,0.40,low,0,0,,INV-H4-000601#0,"H4-L00601-05: 'INFECT - critical CARE occ' is unresolved (missing_discriminator): the only contracted service it fits is Continuous Infectious Critical Care Occupancy, but the text does not rule out an uncontracted service ; H4-L00601-14: 'assisted - NUTR supp' is unresolved (missing_discriminator): the only contracted service it fits is Assisted Renal Nutritional Support, but the text does not rule out an uncontracted service ; a provisional total of 3781810 was computed but is not contractually defensible, so no corrected total is submitted ; not flagged, but some lines could not be identified, so not every rule could be checked",3781810
INV-H4-000602,0,,,2142825,0.40,low,0,0,,INV-H4-000602#0,"H4-L00602-03: 'plng EXT disch /CW-9928' is unresolved (missing_discriminator): the only contracted service it fits is Extended Hepatic Discharge Planning, but the text does not rule out an uncontracted service ; H4-L00602-06: 'SUPP asst VENTILATION /CW-3888' is unresolved (missing_discriminator): the only contracted service it fits is Assisted Cardiac Ventilation Support, but the text does not rule out an uncontracted service ; a provisional total of 2142825 was computed but is not contractually defensible, so no corrected total is submitted ; not flagged, but some lines could not be identified, so not every rule could be checked",2142825
INV-H4-000603,0,,,3770800,0.40,low,0,0,,INV-H4-000603#0,"H4-L00603-03: 'service - INTENS steril /CW-8257' is unresolved (missing_discriminator): the only contracted service it fits is Intensive Vascular Sterilisation Service, but the text does not rule out an uncontracted service ; H4-L00603-11: 'std - DIAL sess /CW-2606' is unresolved (missing_discriminator): the only contracted service it fits is Standard Paediatric Dialysis Session, but the text does not rule out an uncontracted service ; a provisional total of 3770800 was computed but is not contractually defensible, so no corrected total is submitted ; not flagged, but some lines could not be identified, so not every rule could be checked",3770800
INV-H4-000604,0,,1621650,1621650,0.85,high,1,1,1621650,INV-H4-000604#0,not flagged; every line identified from text and priced exactly,1621650
INV-H4-000605,0,,3585475,3585475,0.85,high,1,1,3585475,INV-H4-000605#0,not flagged; every line identified from text and priced exactly,3585475
INV-H4-000606,0,,,1507055,0.40,low,0,0,,INV-H4-000606#0,"H4-L00606-03: 'std - DIAL sess /CW-2606' is unresolved (missing_discriminator): the only contracted service it fits is Standard Paediatric Dialysis Session, but the text does not rule out an uncontracted service ; a provisional total of 1507055 was computed but is not contractually defensible, so no corrected total is submitted ; not flagged, but some lines could not be identified, so not every rule could be checked",1507055
INV-H4-000607,1,duplicate_invoice_id,1108400,1108400,0.85,high,1,1,1108400,INV-H4-000607#0|INV-H4-000607#1,"invoice number reused: this row represents occurrence INV-H4-000607#1; earlier occurrence(s) INV-H4-000607#0 (0 finding(s)) are audited separately in findings.csv ; every finding follows from the invoice's own fields, independent of service identity",1108400
INV-H4-000608,0,,,1664239,0.40,low,0,0,,INV-H4-000608#0,"H4-L00608-05: 'ortho - ANAES admin /CW-8548' is unresolved (missing_discriminator): the only contracted service it fits is Inpatient Orthopaedic Anaesthesia Administration, but the text does not rule out an uncontracted service ; a provisional total of 1664239 was computed but is not contractually defensible, so no corrected total is submitted ; not flagged, but some lines could not be identified, so not every rule could be checked",1664239
INV-H4-000609,1,daily_cap_exceeded,,5398250,0.40,low,0,0,,INV-H4-000609#0,"H4-L00609-15: 3 unit(s) above the clause 6.1 limit are not payable; payable quantity 12 ; H4-L00609-18: 'admin REN anaesthesia' is unresolved (missing_discriminator): the only contracted service it fits is Intermittent Renal Anaesthesia Administration, but the text does not rule out an uncontracted service ; a provisional total of 4963775 was computed but is not contractually defensible, so no corrected total is submitted ; a finding rests on reading free text, or the corrected total cannot be reconstructed",4963775
INV-H4-000610,1,bundle_not_applied|line_total_arithmetic,4533825,4561975,0.65,medium,1,1,4533825,INV-H4-000610#0,"findings apply contract rules to resolved services but depend on hospital-wide state, a recorded policy or a unit-basis tie-break",4533825
INV-H4-000611,0,,3332930,3332930,0.85,high,1,1,3332930,INV-H4-000611#0,not flagged; every line identified from text and priced exactly,3332930
INV-H4-000612,0,,,2471840,0.40,low,0,0,,INV-H4-000612#0,"H4-L00612-04: 'anly INTENS spcm' is unresolved (missing_discriminator): the only contracted service it fits is Intensive Urologic Specimen Analysis, but the text does not rule out an uncontracted service ; a provisional total of 2471840 was computed but is not contractually defensible, so no corrected total is submitted ; not flagged, but some lines could not be identified, so not every rule could be checked",2471840
INV-H4-000613,0,,,2217730,0.40,low,0,0,,INV-H4-000613#0,"H4-L00613-01: 'INFECT - critical CARE occ' is unresolved (missing_discriminator): the only contracted service it fits is Continuous Infectious Critical Care Occupancy, but the text does not rule out an uncontracted service ; a provisional total of 2217730 was computed but is not contractually defensible, so no corrected total is submitted ; not flagged, but some lines could not be identified, so not every rule could be checked",2217730
INV-H4-000614,0,,4461675,4461675,0.85,high,1,1,4461675,INV-H4-000614#0,not flagged; every line identified from text and priced exactly,4461675
INV-H4-000615,0,,,4244409,0.40,low,0,0,,INV-H4-000615#0,"H4-L00615-02: 'interp COMPR img /CW-6998' is unresolved (missing_discriminator): the only contracted service it fits is Comprehensive Urologic Imaging Interpretation, but the text does not rule out an uncontracted service ; a provisional total of 4244409 was computed but is not contractually defensible, so no corrected total is submitted ; not flagged, but some lines could not be identified, so not every rule could be checked",4244409
INV-H4-000616,0,,3279536,3279536,0.65,medium,1,1,3279536,INV-H4-000616#0,"not flagged; identity rests partly on a unit-basis tie-break, or the total is not reconstructable",3279536
INV-H4-000617,0,,2334775,2334775,0.85,high,1,1,2334775,INV-H4-000617#0,not flagged; every line identified from text and priced exactly,2334775
INV-H4-000618,0,,,3254675,0.40,low,0,0,,INV-H4-000618#0,"H4-L00618-03: 'plng EXT disch /CW-9928' is unresolved (missing_discriminator): the only contracted service it fits is Extended Hepatic Discharge Planning, but the text does not rule out an uncontracted service ; H4-L00618-13: 'std - DIAL sess /CW-2606' is unresolved (missing_discriminator): the only contracted service it fits is Standard Paediatric Dialysis Session, but the text does not rule out an uncontracted service ; a provisional total of 3254675 was computed but is not contractually defensible, so no corrected total is submitted ; not flagged, but some lines could not be identified, so not every rule could be checked",3254675
INV-H4-000619,0,,3328475,3328475,0.85,high,1,1,3328475,INV-H4-000619#0,not flagged; every line identified from text and priced exactly,3328475
INV-H4-000620,0,,1083025,1083025,0.85,high,1,1,1083025,INV-H4-000620#0,not flagged; every line identified from text and priced exactly,1083025
INV-H4-000621,0,,1560911,1560911,0.85,high,1,1,1560911,INV-H4-000621#0,not flagged; every line identified from text and priced exactly,1560911
INV-H4-000622,0,,,1257650,0.40,low,0,0,,INV-H4-000622#0,"H4-L00622-04: 'ASSISTED spcm ANALYSIS /CW-2232' is unresolved (missing_discriminator): the only contracted service it fits is Assisted Obstetric Specimen Analysis, but the text does not rule out an uncontracted service ; a provisional total of 1257650 was computed but is not contractually defensible, so no corrected total is submitted ; not flagged, but some lines could not be identified, so not every rule could be checked",1257650
INV-H4-000623,0,,884450,884450,0.85,high,1,1,884450,INV-H4-000623#0,not flagged; every line identified from text and priced exactly,884450
INV-H4-000624,1,premium_omitted,,2910328,0.40,low,0,0,,INV-H4-000624#0,"H4-L00624-08: 'IMMUN - spclst /CW-9956' is unresolved (missing_discriminator): the only contracted service it fits is Specialist Immunologic Consultation, but the text does not rule out an uncontracted service ; a provisional total of 2922222 was computed but is not contractually defensible, so no corrected total is submitted ; a finding rests on reading free text, or the corrected total cannot be reconstructed",2922222
INV-H4-000625,0,,1569900,1569900,0.85,high,1,1,1569900,INV-H4-000625#0,not flagged; every line identified from text and priced exactly,1569900
INV-H4-000626,0,,3093825,3093825,0.65,medium,1,1,3093825,INV-H4-000626#0,"not flagged; identity rests partly on a unit-basis tie-break, or the total is not reconstructable",3093825
INV-H4-000627,0,,,969075,0.40,low,0,0,,INV-H4-000627#0,"H4-L00627-01: 'renal ANAES admin' is unresolved (missing_discriminator): the only contracted service it fits is Intermittent Renal Anaesthesia Administration, but the text does not rule out an uncontracted service ; a provisional total of 969075 was computed but is not contractually defensible, so no corrected total is submitted ; not flagged, but some lines could not be identified, so not every rule could be checked",969075
INV-H4-000628,0,,,3304380,0.40,low,0,0,,INV-H4-000628#0,"H4-L00628-16: 'postoperative CS conference /CW-1435' is unresolved (missing_discriminator): the only contracted service it fits is Postoperative Geriatric Case Conference, but the text does not rule out an uncontracted service ; a provisional total of 3304380 was computed but is not contractually defensible, so no corrected total is submitted ; not flagged, but some lines could not be identified, so not every rule could be checked",3304380
INV-H4-000629,0,,2322425,2322425,0.85,high,1,1,2322425,INV-H4-000629#0,not flagged; every line identified from text and priced exactly,2322425
INV-H4-000630,0,,,3730150,0.40,low,0,0,,INV-H4-000630#0,"H4-L00630-18: 'ASSISTED spcm ANALYSIS /CW-2232' is unresolved (missing_discriminator): the only contracted service it fits is Assisted Obstetric Specimen Analysis, but the text does not rule out an uncontracted service ; a provisional total of 3730150 was computed but is not contractually defensible, so no corrected total is submitted ; not flagged, but some lines could not be identified, so not every rule could be checked",3730150
INV-H4-000631,0,,,562550,0.40,low,0,0,,INV-H4-000631#0,"H4-L00631-04: 'rheum - RADIOTHERAPY fract /CW-5238' is unresolved (missing_discriminator): the only contracted service it fits is Intensive Rheumatologic Radiotherapy Fraction, but the text does not rule out an uncontracted service ; a provisional total of 562550 was computed but is not contractually defensible, so no corrected total is submitted ; not flagged, but some lines could not be identified, so not every rule could be checked",562550
INV-H4-000632,0,,,1680900,0.40,low,0,0,,INV-H4-000632#0,"H4-L00632-12: 'admin REN anaesthesia' is unresolved (missing_discriminator): the only contracted service it fits is Intermittent Renal Anaesthesia Administration, but the text does not rule out an uncontracted service ; a provisional total of 1680900 was computed but is not contractually defensible, so no corrected total is submitted ; not flagged, but some lines could not be identified, so not every rule could be checked",1680900
INV-H4-000633,0,,1744140,1744140,0.85,high,1,1,1744140,INV-H4-000633#0,not flagged; every line identified from text and priced exactly,1744140
INV-H4-000634,0,,1176432,1176432,0.85,high,1,1,1176432,INV-H4-000634#0,not flagged; every line identified from text and priced exactly,1176432
INV-H4-000635,0,,,2084625,0.40,low,0,0,,INV-H4-000635#0,"H4-L00635-02: 'amb WD bed OCC /CW-2964' is unresolved (tied_candidates) between Ambulatory Cardiac Ward Bed Occupancy, Ambulatory Immunologic Ward Bed Occupancy ; H4-L00635-07: 'SPCLST immunologic /CW-6493' is unresolved (missing_discriminator): the only contracted service it fits is Specialist Immunologic Consultation, but the text does not rule out an uncontracted service ; a provisional total of 2084625 was computed but is not contractually defensible, so no corrected total is submitted ; not flagged, but some lines could not be identified, so not every rule could be checked",2084625
INV-H4-000636,0,,,4257325,0.40,low,0,0,,INV-H4-000636#0,"H4-L00636-07: 'prog CONT rehab /CW-3359' is unresolved (missing_discriminator): the only contracted service it fits is Continuous Psychiatric Rehabilitation Programme, but the text does not rule out an uncontracted service ; a provisional total of 4257325 was computed but is not contractually defensible, so no corrected total is submitted ; not flagged, but some lines could not be identified, so not every rule could be checked",4257325
INV-H4-000637,0,,1806775,1806775,0.65,medium,1,1,1806775,INV-H4-000637#0,"not flagged; identity rests partly on a unit-basis tie-break, or the total is not reconstructable",1806775
INV-H4-000638,0,,,2369312,0.40,low,0,0,,INV-H4-000638#0,"H4-L00638-07: 'card  - HOME vst' is unresolved (tied_candidates) between Bedside Cardiac Home Visit, Routine Cardiac Home Visit ; H4-L00638-12: 'HEP - inf THERAPY' is unresolved (missing_discriminator): the only contracted service it fits is Standard Hepatic Infusion Therapy, but the text does not rule out an uncontracted service ; H4-L00638-16: 'postoperative CS conference /CW-1435' is unresolved (missing_discriminator): the only contracted service it fits is Postoperative Geriatric Case Conference, but the text does not rule out an uncontracted service ; a provisional total of 2369312 was computed but is not contractually defensible, so no corrected total is submitted ; not flagged, but some lines could not be identified, so not every rule could be checked",2369312
INV-H4-000639,0,,1240762,1240762,0.85,high,1,1,1240762,INV-H4-000639#0,not flagged; every line identified from text and priced exactly,1240762
INV-H4-000640,0,,,2887285,0.40,low,0,0,,INV-H4-000640#0,"H4-L00640-03: 'haematology - TRANSF svc' is unresolved (missing_discriminator): the only contracted service it fits is Ambulatory Haematology Transfusion Service, but the text does not rule out an uncontracted service ; a provisional total of 2887285 was computed but is not contractually defensible, so no corrected total is submitted ; not flagged, but some lines could not be identified, so not every rule could be checked",2887285
INV-H4-000641,0,,,2581878,0.40,low,0,0,,INV-H4-000641#0,"H4-L00641-14: 'ortho - ANAES administration' is unresolved (missing_discriminator): the only contracted service it fits is Inpatient Orthopaedic Anaesthesia Administration, but the text does not rule out an uncontracted service ; H4-L00641-18: 'ortho  - ANAES admin /CW-7356' is unresolved (missing_discriminator): the only contracted service it fits is Inpatient Orthopaedic Anaesthesia Administration, but the text does not rule out an uncontracted service ; a provisional total of 2581878 was computed but is not contractually defensible, so no corrected total is submitted ; not flagged, but some lines could not be identified, so not every rule could be checked",2581878
INV-H4-000642,0,,1023125,1023125,0.85,high,1,1,1023125,INV-H4-000642#0,not flagged; every line identified from text and priced exactly,1023125
INV-H4-000643,0,,,3115925,0.40,low,0,0,,INV-H4-000643#0,"H4-L00643-10: 'REN - wd BD occ /CW-4382' is unresolved (missing_discriminator): the only contracted service it fits is Extended Renal Ward Bed Occupancy, but the text does not rule out an uncontracted service ; a provisional total of 3115925 was computed but is not contractually defensible, so no corrected total is submitted ; not flagged, but some lines could not be identified, so not every rule could be checked",3115925
INV-H4-000644,0,,,4183193,0.40,low,0,0,,INV-H4-000644#0,"H4-L00644-03: 'rheum - RADIOTHERAPY fract /CW-5238' is unresolved (missing_discriminator): the only contracted service it fits is Intensive Rheumatologic Radiotherapy Fraction, but the text does not rule out an uncontracted service ; H4-L00644-12: 'SUPP asst VENTILATION /CW-3888' is unresolved (missing_discriminator): the only contracted service it fits is Assisted Cardiac Ventilation Support, but the text does not rule out an uncontracted service ; a provisional total of 4183193 was computed but is not contractually defensible, so no corrected total is submitted ; not flagged, but some lines could not be identified, so not every rule could be checked",4183193
INV-H4-000645,1,premium_omitted|unit_price_mismatch,,2403195,0.40,low,0,0,,INV-H4-000645#0,"H4-L00645-07: 'ortho - ANAES administration' is unresolved (missing_discriminator): the only contracted service it fits is Inpatient Orthopaedic Anaesthesia Administration, but the text does not rule out an uncontracted service ; H4-L00645-14: 'anly INTENS spcm' is unresolved (missing_discriminator): the only contracted service it fits is Intensive Urologic Specimen Analysis, but the text does not rule out an uncontracted service ; a provisional total of 2426707 was computed but is not contractually defensible, so no corrected total is submitted ; a finding rests on reading free text, or the corrected total cannot be reconstructed",2426707
INV-H4-000646,0,,,3805850,0.40,low,0,0,,INV-H4-000646#0,"H4-L00646-04: bundle partner 'Specialist Immunologic Consultation' may have been delivered on 2025-07-06 (an unresolved description that day) ; H4-L00646-05: 'SPCLST immunologic /CW-6493' is unresolved (missing_discriminator): the only contracted service it fits is Specialist Immunologic Consultation, but the text does not rule out an uncontracted service ; H4-L00646-14: 'ortho  - ANAES admin /CW-7356' is unresolved (missing_discriminator): the only contracted service it fits is Inpatient Orthopaedic Anaesthesia Administration, but the text does not rule out an uncontracted service ; a provisional total of 3805850 was computed but is not contractually defensible, so no corrected total is submitted ; not flagged, but some lines could not be identified, so not every rule could be checked",3805850
INV-H4-000647,0,,,2026415,0.40,low,0,0,,INV-H4-000647#0,"H4-L00647-12: 'SPCLST - consult' is unresolved (missing_discriminator): the only contracted service it fits is Specialist Immunologic Consultation, but the text does not rule out an uncontracted service ; a provisional total of 2026415 was computed but is not contractually defensible, so no corrected total is submitted ; not flagged, but some lines could not be identified, so not every rule could be checked",2026415
INV-H4-000648,1,volume_discount_omitted|unit_price_mismatch|wrong_unit_basis,1764143,1874237,0.65,medium,1,1,1764143,INV-H4-000648#0,"findings apply contract rules to resolved services but depend on hospital-wide state, a recorded policy or a unit-basis tie-break",1764143
INV-H4-000649,0,,,2106550,0.40,low,0,0,,INV-H4-000649#0,"H4-L00649-10: 'ASSISTED spcm ANALYSIS /CW-2232' is unresolved (missing_discriminator): the only contracted service it fits is Assisted Obstetric Specimen Analysis, but the text does not rule out an uncontracted service ; a provisional total of 2106550 was computed but is not contractually defensible, so no corrected total is submitted ; not flagged, but some lines could not be identified, so not every rule could be checked",2106550
INV-H4-000650,0,,2116750,2116750,0.85,high,1,1,2116750,INV-H4-000650#0,not flagged; every line identified from text and priced exactly,2116750
INV-H4-000651,0,,,977050,0.40,low,0,0,,INV-H4-000651#0,"H4-L00651-03: bundle partner 'Specialist Immunologic Consultation' may have been delivered on 2025-07-12 (an unresolved description that day) ; H4-L00651-04: 'SPCLST - consult' is unresolved (missing_discriminator): the only contracted service it fits is Specialist Immunologic Consultation, but the text does not rule out an uncontracted service ; a provisional total of 977050 was computed but is not contractually defensible, so no corrected total is submitted ; not flagged, but some lines could not be identified, so not every rule could be checked",977050
INV-H4-000652,0,,,1492585,0.40,low,0,0,,INV-H4-000652#0,"H4-L00652-05: 'prog CONT rehab /CW-3359' is unresolved (missing_discriminator): the only contracted service it fits is Continuous Psychiatric Rehabilitation Programme, but the text does not rule out an uncontracted service ; a provisional total of 1492585 was computed but is not contractually defensible, so no corrected total is submitted ; not flagged, but some lines could not be identified, so not every rule could be checked",1492585
INV-H4-000653,0,,,2666650,0.40,low,0,0,,INV-H4-000653#0,"H4-L00653-03: 'SUPP asst VENTILATION /CW-3888' is unresolved (missing_discriminator): the only contracted service it fits is Assisted Cardiac Ventilation Support, but the text does not rule out an uncontracted service ; H4-L00653-07: 'IMMUN - spclst /CW-9956' is unresolved (missing_discriminator): the only contracted service it fits is Specialist Immunologic Consultation, but the text does not rule out an uncontracted service ; H4-L00653-08: bundle partner 'Specialist Immunologic Consultation' may have been delivered on 2025-07-14 (an unresolved description that day) ; H4-L00653-14: 'SPCLST immunologic /CW-6493' is unresolved (missing_discriminator): the only contracted service it fits is Specialist Immunologic Consultation, but the text does not rule out an uncontracted service ; a provisional total of 2666650 was computed but is not contractually defensible, so no corrected total is submitted ; not flagged, but some lines could not be identified, so not every rule could be checked",2666650
INV-H4-000654,0,,,3748150,0.40,low,0,0,,INV-H4-000654#0,"H4-L00654-05: bundle partner 'Specialist Immunologic Consultation' may have been delivered on 2025-07-15 (an unresolved description that day) ; H4-L00654-06: 'IMMUN - spclst /CW-9956' is unresolved (missing_discriminator): the only contracted service it fits is Specialist Immunologic Consultation, but the text does not rule out an uncontracted service ; a provisional total of 3748150 was computed but is not contractually defensible, so no corrected total is submitted ; not flagged, but some lines could not be identified, so not every rule could be checked",3748150
INV-H4-000655,0,,,4162200,0.40,low,0,0,,INV-H4-000655#0,"H4-L00655-06: 'ELECT - nurs OBS' is unresolved (missing_discriminator): the only contracted service it fits is Elective Gastrointestinal Nursing Observation, but the text does not rule out an uncontracted service ; H4-L00655-12: 'occ PALLIATIVE recov RM' is unresolved (missing_discriminator): the only contracted service it fits is Postoperative Palliative Recovery Room Occupancy, but the text does not rule out an uncontracted service ; H4-L00655-13: bundle partner 'Postoperative Palliative Recovery Room Occupancy' may have been delivered on 2025-07-15 (an unresolved description that day) ; a provisional total of 4162200 was computed but is not contractually defensible, so no corrected total is submitted ; not flagged, but some lines could not be identified, so not every rule could be checked",4162200
INV-H4-000656,0,,1691450,1691450,0.85,high,1,1,1691450,INV-H4-000656#0,not flagged; every line identified from text and priced exactly,1691450
INV-H4-000657,0,,,4346156,0.40,low,0,0,,INV-H4-000657#0,"H4-L00657-03: 'SUPP asst VENTILATION /CW-3888' is unresolved (missing_discriminator): the only contracted service it fits is Assisted Cardiac Ventilation Support, but the text does not rule out an uncontracted service ; H4-L00657-06: 'postoperative CS conference /CW-1435' is unresolved (missing_discriminator): the only contracted service it fits is Postoperative Geriatric Case Conference, but the text does not rule out an uncontracted service ; H4-L00657-15: 'msk - SPCM analysis' is unresolved (missing_discriminator): the only contracted service it fits is Ambulatory Musculoskeletal Specimen Analysis, but the text does not rule out an uncontracted service ; a provisional total of 4346156 was computed but is not contractually defensible, so no corrected total is submitted ; not flagged, but some lines could not be identified, so not every rule could be checked",4346156
INV-H4-000658,1,wrong_unit_basis|unit_price_mismatch|exclusion_window_violation,,3976687,0.40,low,0,0,,INV-H4-000658#0,"H4-L00658-05: 'conf - UROL cs /CW-3094' is unresolved (missing_discriminator): the only contracted service it fits is Focused Urologic Case Conference, but the text does not rule out an uncontracted service ; H4-L00658-08: 'supv  NURSING obs' is unresolved (missing_discriminator): the only contracted service it fits is Supervised Gastrointestinal Nursing Observation, but the text does not rule out an uncontracted service ; a finding rests on reading free text, or the corrected total cannot be reconstructed",
INV-H4-000659,0,,,2713235,0.40,low,0,0,,INV-H4-000659#0,"H4-L00659-05: 'INFECT - critical CARE occ' is unresolved (missing_discriminator): the only contracted service it fits is Continuous Infectious Critical Care Occupancy, but the text does not rule out an uncontracted service ; H4-L00659-14: 'ELECT - nurs OBS' is unresolved (missing_discriminator): the only contracted service it fits is Elective Gastrointestinal Nursing Observation, but the text does not rule out an uncontracted service ; a provisional total of 2713235 was computed but is not contractually defensible, so no corrected total is submitted ; not flagged, but some lines could not be identified, so not every rule could be checked",2713235
INV-H4-000660,0,,2015770,2015770,0.85,high,1,1,2015770,INV-H4-000660#0,not flagged; every line identified from text and priced exactly,2015770
INV-H4-000661,0,,3400815,3400815,0.85,high,1,1,3400815,INV-H4-000661#0,not flagged; every line identified from text and priced exactly,3400815
INV-H4-000662,0,,,1487887,0.40,low,0,0,,INV-H4-000662#0,"H4-L00662-02: 'interpretation - COMPR img /CW-2951' is unresolved (missing_discriminator): the only contracted service it fits is Comprehensive Urologic Imaging Interpretation, but the text does not rule out an uncontracted service ; a provisional total of 1487887 was computed but is not contractually defensible, so no corrected total is submitted ; not flagged, but some lines could not be identified, so not every rule could be checked",1487887
INV-H4-000663,0,,,1160487,0.40,low,0,0,,INV-H4-000663#0,"H4-L00663-04: 'assisted - NUTR supp' is unresolved (missing_discriminator): the only contracted service it fits is Assisted Renal Nutritional Support, but the text does not rule out an uncontracted service ; H4-L00663-06: 'OCC - std CRIT cr /CW-1779' is unresolved (missing_discriminator): the only contracted service it fits is Standard Orthopaedic Critical Care Occupancy, but the text does not rule out an uncontracted service ; a provisional total of 1160487 was computed but is not contractually defensible, so no corrected total is submitted ; not flagged, but some lines could not be identified, so not every rule could be checked",1160487
INV-H4-000664,0,,,4715005,0.40,low,0,0,,INV-H4-000664#0,"H4-L00664-13: 'supv  - DIAL sess /CW-1782' is unresolved (missing_discriminator): the only contracted service it fits is Supervised Rheumatologic Dialysis Session, but the text does not rule out an uncontracted service ; a provisional total of 4715005 was computed but is not contractually defensible, so no corrected total is submitted ; not flagged, but some lines could not be identified, so not every rule could be checked",4715005
INV-H4-000665,1,premium_omitted|bundle_not_applied,,3833775,0.40,low,0,0,,INV-H4-000665#0,"H4-L00665-05: 'conf - UROL cs /CW-3094' is unresolved (missing_discriminator): the only contracted service it fits is Focused Urologic Case Conference, but the text does not rule out an uncontracted service ; H4-L00665-08: 'haematology - TRANSF svc' is unresolved (missing_discriminator): the only contracted service it fits is Ambulatory Haematology Transfusion Service, but the text does not rule out an uncontracted service ; a provisional total of 3801435 was computed but is not contractually defensible, so no corrected total is submitted ; a finding rests on reading free text, or the corrected total cannot be reconstructed",3801435
INV-H4-000666,0,,,2705900,0.40,low,0,0,,INV-H4-000666#0,"H4-L00666-01: 'std - DIAL sess /CW-2606' is unresolved (missing_discriminator): the only contracted service it fits is Standard Paediatric Dialysis Session, but the text does not rule out an uncontracted service ; H4-L00666-07: 'admin REN anaesthesia' is unresolved (missing_discriminator): the only contracted service it fits is Intermittent Renal Anaesthesia Administration, but the text does not rule out an uncontracted service ; a provisional total of 2705900 was computed but is not contractually defensible, so no corrected total is submitted ; not flagged, but some lines could not be identified, so not every rule could be checked",2705900
INV-H4-000667,0,,1037685,1037685,0.85,high,1,1,1037685,INV-H4-000667#0,not flagged; every line identified from text and priced exactly,1037685
INV-H4-000668,0,,,3767380,0.40,low,0,0,,INV-H4-000668#0,"H4-L00668-10: 'assisted - NUTR supp' is unresolved (missing_discriminator): the only contracted service it fits is Assisted Renal Nutritional Support, but the text does not rule out an uncontracted service ; a provisional total of 3767380 was computed but is not contractually defensible, so no corrected total is submitted ; not flagged, but some lines could not be identified, so not every rule could be checked",3767380
INV-H4-000669,0,,2036050,2036050,0.85,high,1,1,2036050,INV-H4-000669#0,not flagged; every line identified from text and priced exactly,2036050
INV-H4-000670,0,,2221300,2221300,0.85,high,1,1,2221300,INV-H4-000670#0,not flagged; every line identified from text and priced exactly,2221300
INV-H4-000671,0,,2843843,2843843,0.85,high,1,1,2843843,INV-H4-000671#0,not flagged; every line identified from text and priced exactly,2843843
INV-H4-000672,0,,,1800325,0.40,low,0,0,,INV-H4-000672#0,"H4-L00672-08: bundle partner 'Outpatient Orthopaedic Recovery Room Occupancy' may have been delivered on 2025-07-28 (an unresolved description that day) ; H4-L00672-09: 'OUTPT recov RM occ' is unresolved (missing_discriminator): the only contracted service it fits is Outpatient Orthopaedic Recovery Room Occupancy, but the text does not rule out an uncontracted service ; a provisional total of 1800325 was computed but is not contractually defensible, so no corrected total is submitted ; not flagged, but some lines could not be identified, so not every rule could be checked",1800325
INV-H4-000673,0,,,3223381,0.40,low,0,0,,INV-H4-000673#0,"H4-L00673-03: 'gi - IMG interp' is unresolved (missing_discriminator): the only contracted service it fits is Specialist Gastrointestinal Imaging Interpretation, but the text does not rule out an uncontracted service ; a provisional total of 3223381 was computed but is not contractually defensible, so no corrected total is submitted ; not flagged, but some lines could not be identified, so not every rule could be checked",3223381
INV-H4-000674,0,,2906505,2906505,0.85,high,1,1,2906505,INV-H4-000674#0,not flagged; every line identified from text and priced exactly,2906505
INV-H4-000675,0,,,1600225,0.40,low,0,0,,INV-H4-000675#0,"H4-L00675-09: 'FOCUSED biop PROC' is unresolved (missing_discriminator): the only contracted service it fits is Focused Metabolic Biopsy Procedure, but the text does not rule out an uncontracted service ; a provisional total of 1600225 was computed but is not contractually defensible, so no corrected total is submitted ; not flagged, but some lines could not be identified, so not every rule could be checked",1600225
INV-H4-000676,0,,,2990973,0.40,low,0,0,,INV-H4-000676#0,"H4-L00676-01: 'ortho - ANAES admin /CW-8548' is unresolved (missing_discriminator): the only contracted service it fits is Inpatient Orthopaedic Anaesthesia Administration, but the text does not rule out an uncontracted service ; H4-L00676-02: bundle partner 'Outpatient Orthopaedic Recovery Room Occupancy' may have been delivered on 2025-08-02 (an unresolved description that day) ; H4-L00676-03: 'ORTHOPAEDIC recov RM occupancy /CW-4525' is unresolved (missing_discriminator): the only contracted service it fits is Outpatient Orthopaedic Recovery Room Occupancy, but the text does not rule out an uncontracted service ; H4-L00676-11: 'ADMIN  - gi ANAES /CW-1500' is unresolved (missing_discriminator): the only contracted service it fits is Assisted Gastrointestinal Anaesthesia Administration, but the text does not rule out an uncontracted service ; H4-L00676-13: 'ortho  - ANAES admin /CW-7356' is unresolved (missing_discriminator): the only contracted service it fits is Inpatient Orthopaedic Anaesthesia Administration, but the text does not rule out an uncontracted service ; a provisional total of 2990973 was computed but is not contractually defensible, so no corrected total is submitted ; not flagged, but some lines could not be identified, so not every rule could be checked",2990973
INV-H4-000677,0,,2040712,2040712,0.85,high,1,1,2040712,INV-H4-000677#0,not flagged; every line identified from text and priced exactly,2040712
INV-H4-000678,1,malformed_service_date|service_date_after_invoice_date,,3039017,0.85,high,0,0,,INV-H4-000678#0,"H4-L00678-04: 'prog CONT rehab /CW-3359' is unresolved (missing_discriminator): the only contracted service it fits is Continuous Psychiatric Rehabilitation Programme, but the text does not rule out an uncontracted service ; H4-L00678-05: 'occ PALLIATIVE recov RM' is unresolved (missing_discriminator): the only contracted service it fits is Postoperative Palliative Recovery Room Occupancy, but the text does not rule out an uncontracted service ; H4-L00678-08: malformed service date, so the Service Day rules cannot be evaluated with certainty ; a provisional total of 3039017 was computed but is not contractually defensible, so no corrected total is submitted ; every finding follows from the invoice's own fields, independent of service identity",3039017
INV-H4-000679,0,,,3569404,0.40,low,0,0,,INV-H4-000679#0,"H4-L00679-01: 'prog CONT rehab /CW-3359' is unresolved (missing_discriminator): the only contracted service it fits is Continuous Psychiatric Rehabilitation Programme, but the text does not rule out an uncontracted service ; a provisional total of 3569404 was computed but is not contractually defensible, so no corrected total is submitted ; not flagged, but some lines could not be identified, so not every rule could be checked",3569404
INV-H4-000680,0,,3846725,3846725,0.65,medium,1,1,3846725,INV-H4-000680#0,"not flagged; identity rests partly on a unit-basis tie-break, or the total is not reconstructable",3846725
INV-H4-000681,0,,,2447300,0.40,low,0,0,,INV-H4-000681#0,"H4-L00681-01: 'anly INTENS spcm' is unresolved (missing_discriminator): the only contracted service it fits is Intensive Urologic Specimen Analysis, but the text does not rule out an uncontracted service ; H4-L00681-12: 'REN - wd BD occ /CW-4382' is unresolved (missing_discriminator): the only contracted service it fits is Extended Renal Ward Bed Occupancy, but the text does not rule out an uncontracted service ; a provisional total of 2447300 was computed but is not contractually defensible, so no corrected total is submitted ; not flagged, but some lines could not be identified, so not every rule could be checked",2447300
INV-H4-000682,0,,,2394425,0.40,low,0,0,,INV-H4-000682#0,"H4-L00682-05: 'ASSISTED spcm ANALYSIS /CW-2232' is unresolved (missing_discriminator): the only contracted service it fits is Assisted Obstetric Specimen Analysis, but the text does not rule out an uncontracted service ; a provisional total of 2394425 was computed but is not contractually defensible, so no corrected total is submitted ; not flagged, but some lines could not be identified, so not every rule could be checked",2394425
INV-H4-000683,0,,3566465,3566465,0.85,high,1,1,3566465,INV-H4-000683#0,not flagged; every line identified from text and priced exactly,3566465
INV-H4-000684,0,,2758763,2758763,0.85,high,1,1,2758763,INV-H4-000684#0,not flagged; every line identified from text and priced exactly,2758763
INV-H4-000685,0,,888575,888575,0.85,high,1,1,888575,INV-H4-000685#0,not flagged; every line identified from text and priced exactly,888575
INV-H4-000686,0,,993150,993150,0.65,medium,1,1,993150,INV-H4-000686#0,"not flagged; identity rests partly on a unit-basis tie-break, or the total is not reconstructable",993150
INV-H4-000687,0,,2130175,2130175,0.85,high,1,1,2130175,INV-H4-000687#0,not flagged; every line identified from text and priced exactly,2130175
INV-H4-000688,0,,2147980,2147980,0.85,high,1,1,2147980,INV-H4-000688#0,not flagged; every line identified from text and priced exactly,2147980
INV-H4-000689,0,,311150,311150,0.85,high,1,1,311150,INV-H4-000689#0,not flagged; every line identified from text and priced exactly,311150
INV-H4-000690,0,,,2240395,0.40,low,0,0,,INV-H4-000690#0,"H4-L00690-04: 'REN - wd BD occ /CW-4382' is unresolved (missing_discriminator): the only contracted service it fits is Extended Renal Ward Bed Occupancy, but the text does not rule out an uncontracted service ; a provisional total of 2240395 was computed but is not contractually defensible, so no corrected total is submitted ; not flagged, but some lines could not be identified, so not every rule could be checked",2240395
INV-H4-000691,1,service_date_after_invoice_date|wrong_unit_basis|bundle_not_applied,,4074340,0.40,low,0,0,,INV-H4-000691#0,"H4-L00691-13: 'amb WD bed OCC /CW-2964' is unresolved (tied_candidates) between Ambulatory Cardiac Ward Bed Occupancy, Ambulatory Immunologic Ward Bed Occupancy ; H4-L00691-16: 'assisted - NUTR supp' is unresolved (missing_discriminator): the only contracted service it fits is Assisted Renal Nutritional Support, but the text does not rule out an uncontracted service ; a provisional total of 4044490 was computed but is not contractually defensible, so no corrected total is submitted ; a finding rests on reading free text, or the corrected total cannot be reconstructed",4044490
INV-H4-000692,1,unit_price_mismatch|premium_omitted,862739,852437,0.65,medium,1,1,862739,INV-H4-000692#0,"findings apply contract rules to resolved services but depend on hospital-wide state, a recorded policy or a unit-basis tie-break",862739
INV-H4-000693,1,service_date_out_of_window|cross_invoice_duplicate,,1856825,0.40,low,0,0,,INV-H4-000693#0,"H4-L00693-05: 'SPCLST immunologic /CW-6493' is unresolved (missing_discriminator): the only contracted service it fits is Specialist Immunologic Consultation, but the text does not rule out an uncontracted service ; H4-L00693-09: 'ORTHOPAEDIC recov RM occupancy /CW-4525' is unresolved (missing_discriminator): the only contracted service it fits is Outpatient Orthopaedic Recovery Room Occupancy, but the text does not rule out an uncontracted service ; H4-L00693-14: 'postoperative CS conference /CW-1435' is unresolved (missing_discriminator): the only contracted service it fits is Postoperative Geriatric Case Conference, but the text does not rule out an uncontracted service ; a provisional total of 1713825 was computed but is not contractually defensible, so no corrected total is submitted ; a finding rests on reading free text, or the corrected total cannot be reconstructed",1713825
INV-H4-000694,0,,2726750,2726750,0.85,high,1,1,2726750,INV-H4-000694#0,not flagged; every line identified from text and priced exactly,2726750
INV-H4-000695,0,,,2497850,0.40,low,0,0,,INV-H4-000695#0,"H4-L00695-01: 'card  - HOME vst' is unresolved (tied_candidates) between Bedside Cardiac Home Visit, Routine Cardiac Home Visit ; a provisional total of 2497850 was computed but is not contractually defensible, so no corrected total is submitted ; not flagged, but some lines could not be identified, so not every rule could be checked",2497850
INV-H4-000696,0,,,3217300,0.40,low,0,0,,INV-H4-000696#0,"H4-L00696-05: 'ORTHOPAEDIC recov RM occupancy /CW-4525' is unresolved (missing_discriminator): the only contracted service it fits is Outpatient Orthopaedic Recovery Room Occupancy, but the text does not rule out an uncontracted service ; a provisional total of 3217300 was computed but is not contractually defensible, so no corrected total is submitted ; not flagged, but some lines could not be identified, so not every rule could be checked",3217300
INV-H4-000697,0,,654798,654798,0.85,high,1,1,654798,INV-H4-000697#0,not flagged; every line identified from text and priced exactly,654798
INV-H4-000698,0,,2551180,2551180,0.65,medium,1,1,2551180,INV-H4-000698#0,"not flagged; identity rests partly on a unit-basis tie-break, or the total is not reconstructable",2551180
INV-H4-000699,0,,,2322125,0.40,low,0,0,,INV-H4-000699#0,"H4-L00699-06: 'occ PALLIATIVE recov RM' is unresolved (missing_discriminator): the only contracted service it fits is Postoperative Palliative Recovery Room Occupancy, but the text does not rule out an uncontracted service ; H4-L00699-07: 'INFECT - critical CARE occ' is unresolved (missing_discriminator): the only contracted service it fits is Continuous Infectious Critical Care Occupancy, but the text does not rule out an uncontracted service ; a provisional total of 2322125 was computed but is not contractually defensible, so no corrected total is submitted ; not flagged, but some lines could not be identified, so not every rule could be checked",2322125
INV-H4-000700,1,unknown_service|malformed_service_date,,1300625,0.40,low,0,0,,INV-H4-000700#0,"H4-L00700-03: 'IMMUN - spclst /CW-9956' is unresolved (missing_discriminator): the only contracted service it fits is Specialist Immunologic Consultation, but the text does not rule out an uncontracted service ; H4-L00700-04: bundle partner 'Specialist Immunologic Consultation' may have been delivered on 2025-08-26 (an unresolved description that day) ; H4-L00700-05: service not contracted, so no contract price exists ; H4-L00700-06: malformed service date, so the Service Day rules cannot be evaluated with certainty ; H4-L00700-06: 'std - DIAL sess /CW-2606' is unresolved (missing_discriminator): the only contracted service it fits is Standard Paediatric Dialysis Session, but the text does not rule out an uncontracted service ; a provisional total of 1300625 was computed but is not contractually defensible, so no corrected total is submitted ; a finding rests on reading free text, or the corrected total cannot be reconstructed",1300625
INV-H4-000701,0,,3883275,3883275,0.65,medium,1,1,3883275,INV-H4-000701#0,"not flagged; identity rests partly on a unit-basis tie-break, or the total is not reconstructable",3883275
INV-H4-000702,0,,,3624763,0.40,low,0,0,,INV-H4-000702#0,"H4-L00702-06: 'ELECT - nurs OBS' is unresolved (missing_discriminator): the only contracted service it fits is Elective Gastrointestinal Nursing Observation, but the text does not rule out an uncontracted service ; H4-L00702-07: 'anly INTENS spcm' is unresolved (missing_discriminator): the only contracted service it fits is Intensive Urologic Specimen Analysis, but the text does not rule out an uncontracted service ; H4-L00702-09: 'admin REN anaesthesia' is unresolved (missing_discriminator): the only contracted service it fits is Intermittent Renal Anaesthesia Administration, but the text does not rule out an uncontracted service ; H4-L00702-14: 'service - INTENS steril /CW-8257' is unresolved (missing_discriminator): the only contracted service it fits is Intensive Vascular Sterilisation Service, but the text does not rule out an uncontracted service ; a provisional total of 3624763 was computed but is not contractually defensible, so no corrected total is submitted ; not flagged, but some lines could not be identified, so not every rule could be checked",3624763
INV-H4-000703,0,,,1270725,0.40,low,0,0,,INV-H4-000703#0,"H4-L00703-12: 'plng EXT disch /CW-9928' is unresolved (missing_discriminator): the only contracted service it fits is Extended Hepatic Discharge Planning, but the text does not rule out an uncontracted service ; a provisional total of 1270725 was computed but is not contractually defensible, so no corrected total is submitted ; not flagged, but some lines could not be identified, so not every rule could be checked",1270725
INV-H4-000704,0,,,2061525,0.40,low,0,0,,INV-H4-000704#0,"H4-L00704-04: 'assisted - NUTR supp' is unresolved (missing_discriminator): the only contracted service it fits is Assisted Renal Nutritional Support, but the text does not rule out an uncontracted service ; H4-L00704-06: 'gi - IMG interp' is unresolved (missing_discriminator): the only contracted service it fits is Specialist Gastrointestinal Imaging Interpretation, but the text does not rule out an uncontracted service ; H4-L00704-12: 'ASSISTED spcm ANALYSIS /CW-2232' is unresolved (missing_discriminator): the only contracted service it fits is Assisted Obstetric Specimen Analysis, but the text does not rule out an uncontracted service ; a provisional total of 2061525 was computed but is not contractually defensible, so no corrected total is submitted ; not flagged, but some lines could not be identified, so not every rule could be checked",2061525
INV-H4-000705,0,,3597659,3597659,0.85,high,1,1,3597659,INV-H4-000705#0,not flagged; every line identified from text and priced exactly,3597659
INV-H4-000706,0,,,3315425,0.40,low,0,0,,INV-H4-000706#0,"H4-L00706-04: 'card  - HOME vst' is unresolved (tied_candidates) between Bedside Cardiac Home Visit, Routine Cardiac Home Visit ; H4-L00706-11: 'REN - wd BD occ /CW-4382' is unresolved (missing_discriminator): the only contracted service it fits is Extended Renal Ward Bed Occupancy, but the text does not rule out an uncontracted service ; a provisional total of 3315425 was computed but is not contractually defensible, so no corrected total is submitted ; not flagged, but some lines could not be identified, so not every rule could be checked",3315425
INV-H4-000707,0,,,3779025,0.40,low,0,0,,INV-H4-000707#0,"H4-L00707-13: 'admin REN anaesthesia' is unresolved (missing_discriminator): the only contracted service it fits is Intermittent Renal Anaesthesia Administration, but the text does not rule out an uncontracted service ; a provisional total of 3779025 was computed but is not contractually defensible, so no corrected total is submitted ; not flagged, but some lines could not be identified, so not every rule could be checked",3779025
INV-H4-000708,0,,,1879075,0.40,low,0,0,,INV-H4-000708#0,"H4-L00708-02: 'gi - IMG interp' is unresolved (missing_discriminator): the only contracted service it fits is Specialist Gastrointestinal Imaging Interpretation, but the text does not rule out an uncontracted service ; H4-L00708-04: 'anly INTENS spcm' is unresolved (missing_discriminator): the only contracted service it fits is Intensive Urologic Specimen Analysis, but the text does not rule out an uncontracted service ; H4-L00708-15: 'ASSISTED spcm ANALYSIS /CW-2232' is unresolved (missing_discriminator): the only contracted service it fits is Assisted Obstetric Specimen Analysis, but the text does not rule out an uncontracted service ; a provisional total of 1879075 was computed but is not contractually defensible, so no corrected total is submitted ; not flagged, but some lines could not be identified, so not every rule could be checked",1879075
INV-H4-000709,0,,,4613225,0.40,low,0,0,,INV-H4-000709#0,"H4-L00709-02: 'msk - SPCM analysis' is unresolved (missing_discriminator): the only contracted service it fits is Ambulatory Musculoskeletal Specimen Analysis, but the text does not rule out an uncontracted service ; a provisional total of 4613225 was computed but is not contractually defensible, so no corrected total is submitted ; not flagged, but some lines could not be identified, so not every rule could be checked",4613225
INV-H4-000710,0,,,508550,0.40,low,0,0,,INV-H4-000710#0,"H4-L00710-03: 'interp COMPR img /CW-6998' is unresolved (missing_discriminator): the only contracted service it fits is Comprehensive Urologic Imaging Interpretation, but the text does not rule out an uncontracted service ; a provisional total of 508550 was computed but is not contractually defensible, so no corrected total is submitted ; not flagged, but some lines could not be identified, so not every rule could be checked",508550
INV-H4-000711,0,,,4676031,0.40,low,0,0,,INV-H4-000711#0,"H4-L00711-14: 'service - INTENS steril /CW-8257' is unresolved (missing_discriminator): the only contracted service it fits is Intensive Vascular Sterilisation Service, but the text does not rule out an uncontracted service ; a provisional total of 4676031 was computed but is not contractually defensible, so no corrected total is submitted ; not flagged, but some lines could not be identified, so not every rule could be checked",4676031
INV-H4-000712,0,,,2480463,0.40,low,0,0,,INV-H4-000712#0,"H4-L00712-11: 'HEP - inf THERAPY' is unresolved (missing_discriminator): the only contracted service it fits is Standard Hepatic Infusion Therapy, but the text does not rule out an uncontracted service ; a provisional total of 2480463 was computed but is not contractually defensible, so no corrected total is submitted ; not flagged, but some lines could not be identified, so not every rule could be checked",2480463
INV-H4-000713,0,,2609056,2609056,0.65,medium,1,1,2609056,INV-H4-000713#0,"not flagged; identity rests partly on a unit-basis tie-break, or the total is not reconstructable",2609056
INV-H4-000714,0,,,1716180,0.40,low,0,0,,INV-H4-000714#0,"H4-L00714-05: 'ortho  - ANAES admin /CW-7356' is unresolved (missing_discriminator): the only contracted service it fits is Inpatient Orthopaedic Anaesthesia Administration, but the text does not rule out an uncontracted service ; a provisional total of 1716180 was computed but is not contractually defensible, so no corrected total is submitted ; not flagged, but some lines could not be identified, so not every rule could be checked",1716180
INV-H4-000715,0,,,3523710,0.40,low,0,0,,INV-H4-000715#0,"H4-L00715-09: 'IMMUN - spclst /CW-9956' is unresolved (missing_discriminator): the only contracted service it fits is Specialist Immunologic Consultation, but the text does not rule out an uncontracted service ; H4-L00715-10: bundle partner 'Specialist Immunologic Consultation' may have been delivered on 2025-09-09 (an unresolved description that day) ; H4-L00715-13: 'occ PALLIATIVE recov RM' is unresolved (missing_discriminator): the only contracted service it fits is Postoperative Palliative Recovery Room Occupancy, but the text does not rule out an uncontracted service ; H4-L00715-14: bundle partner 'Postoperative Palliative Recovery Room Occupancy' may have been delivered on 2025-09-12 (an unresolved description that day) ; a provisional total of 3523710 was computed but is not contractually defensible, so no corrected total is submitted ; not flagged, but some lines could not be identified, so not every rule could be checked",3523710
INV-H4-000716,0,,,2696280,0.40,low,0,0,,INV-H4-000716#0,"H4-L00716-07: 'anly INTENS spcm' is unresolved (missing_discriminator): the only contracted service it fits is Intensive Urologic Specimen Analysis, but the text does not rule out an uncontracted service ; a provisional total of 2696280 was computed but is not contractually defensible, so no corrected total is submitted ; not flagged, but some lines could not be identified, so not every rule could be checked",2696280
INV-H4-000717,0,,475025,475025,0.85,high,1,1,475025,INV-H4-000717#0,not flagged; every line identified from text and priced exactly,475025
INV-H4-000718,0,,1570300,1570300,0.85,high,1,1,1570300,INV-H4-000718#0,not flagged; every line identified from text and priced exactly,1570300
INV-H4-000719,1,line_total_arithmetic,,2370128,0.85,high,0,0,,INV-H4-000719#0,"H4-L00719-04: 'SPCLST immunologic /CW-6493' is unresolved (missing_discriminator): the only contracted service it fits is Specialist Immunologic Consultation, but the text does not rule out an uncontracted service ; a provisional total of 2371128 was computed but is not contractually defensible, so no corrected total is submitted ; every finding follows from the invoice's own fields, independent of service identity",2371128
INV-H4-000720,0,,,576907,0.40,low,0,0,,INV-H4-000720#0,"H4-L00720-06: 'admin REN anaesthesia' is unresolved (missing_discriminator): the only contracted service it fits is Intermittent Renal Anaesthesia Administration, but the text does not rule out an uncontracted service ; a provisional total of 576907 was computed but is not contractually defensible, so no corrected total is submitted ; not flagged, but some lines could not be identified, so not every rule could be checked",576907
INV-H4-000721,0,,3096676,3096676,0.85,high,1,1,3096676,INV-H4-000721#0,not flagged; every line identified from text and priced exactly,3096676
INV-H4-000722,0,,4852900,4852900,0.85,high,1,1,4852900,INV-H4-000722#0,not flagged; every line identified from text and priced exactly,4852900
INV-H4-000723,0,,,3752837,0.40,low,0,0,,INV-H4-000723#0,"H4-L00723-01: 'ortho - ANAES administration' is unresolved (missing_discriminator): the only contracted service it fits is Inpatient Orthopaedic Anaesthesia Administration, but the text does not rule out an uncontracted service ; H4-L00723-16: 'REN - wd BD occ /CW-4382' is unresolved (missing_discriminator): the only contracted service it fits is Extended Renal Ward Bed Occupancy, but the text does not rule out an uncontracted service ; a provisional total of 3752837 was computed but is not contractually defensible, so no corrected total is submitted ; not flagged, but some lines could not be identified, so not every rule could be checked",3752837
INV-H4-000724,1,wrong_unit_basis|bundle_not_applied|service_date_out_of_window,,3060765,0.40,low,0,0,,INV-H4-000724#0,"H4-L00724-02: 'hep - DISCHARGE plng /CW-2290' is unresolved (tied_candidates) between Extended Hepatic Discharge Planning, Specialist Hepatic Discharge Planning ; H4-L00724-04: 'ortho  - ANAES admin /CW-7356' is unresolved (missing_discriminator): the only contracted service it fits is Inpatient Orthopaedic Anaesthesia Administration, but the text does not rule out an uncontracted service ; H4-L00724-06: 'INFECT - critical CARE occ' is unresolved (missing_discriminator): the only contracted service it fits is Continuous Infectious Critical Care Occupancy, but the text does not rule out an uncontracted service ; a provisional total of 3027440 was computed but is not contractually defensible, so no corrected total is submitted ; a finding rests on reading free text, or the corrected total cannot be reconstructed",3027440
INV-H4-000725,0,,,2760625,0.40,low,0,0,,INV-H4-000725#0,"H4-L00725-13: 'postoperative CS conference /CW-1435' is unresolved (missing_discriminator): the only contracted service it fits is Postoperative Geriatric Case Conference, but the text does not rule out an uncontracted service ; a provisional total of 2760625 was computed but is not contractually defensible, so no corrected total is submitted ; not flagged, but some lines could not be identified, so not every rule could be checked",2760625
INV-H4-000726,0,,,2226275,0.40,low,0,0,,INV-H4-000726#0,"H4-L00726-09: 'ADMIN  - gi ANAES /CW-1500' is unresolved (missing_discriminator): the only contracted service it fits is Assisted Gastrointestinal Anaesthesia Administration, but the text does not rule out an uncontracted service ; a provisional total of 2226275 was computed but is not contractually defensible, so no corrected total is submitted ; not flagged, but some lines could not be identified, so not every rule could be checked",2226275
INV-H4-000727,0,,,3550960,0.40,low,0,0,,INV-H4-000727#0,"H4-L00727-01: 'supv  - DIAL sess /CW-1782' is unresolved (missing_discriminator): the only contracted service it fits is Supervised Rheumatologic Dialysis Session, but the text does not rule out an uncontracted service ; H4-L00727-17: 'std - DIAL sess /CW-2606' is unresolved (missing_discriminator): the only contracted service it fits is Standard Paediatric Dialysis Session, but the text does not rule out an uncontracted service ; a provisional total of 3550960 was computed but is not contractually defensible, so no corrected total is submitted ; not flagged, but some lines could not be identified, so not every rule could be checked",3550960
INV-H4-000728,0,,988325,988325,0.85,high,1,1,988325,INV-H4-000728#0,not flagged; every line identified from text and priced exactly,988325
INV-H4-000729,0,,3571570,3571570,0.65,medium,1,1,3571570,INV-H4-000729#0,"not flagged; identity rests partly on a unit-basis tie-break, or the total is not reconstructable",3571570
INV-H4-000730,0,,3828225,3828225,0.85,high,1,1,3828225,INV-H4-000730#0,not flagged; every line identified from text and priced exactly,3828225
INV-H4-000731,0,,1739600,1739600,0.85,high,1,1,1739600,INV-H4-000731#0,not flagged; every line identified from text and priced exactly,1739600
INV-H4-000732,0,,2127850,2127850,0.85,high,1,1,2127850,INV-H4-000732#0,not flagged; every line identified from text and priced exactly,2127850
INV-H4-000733,0,,,1170500,0.40,low,0,0,,INV-H4-000733#0,"H4-L00733-02: 'supv  NURSING obs' is unresolved (missing_discriminator): the only contracted service it fits is Supervised Gastrointestinal Nursing Observation, but the text does not rule out an uncontracted service ; H4-L00733-05: bundle partner 'Specialist Immunologic Consultation' may have been delivered on 2025-09-27 (an unresolved description that day) ; H4-L00733-06: 'SPCLST - consult' is unresolved (missing_discriminator): the only contracted service it fits is Specialist Immunologic Consultation, but the text does not rule out an uncontracted service ; a provisional total of 1170500 was computed but is not contractually defensible, so no corrected total is submitted ; not flagged, but some lines could not be identified, so not every rule could be checked",1170500
INV-H4-000734,0,,,1957634,0.40,low,0,0,,INV-H4-000734#0,"H4-L00734-08: 'FOCUSED biop PROC' is unresolved (missing_discriminator): the only contracted service it fits is Focused Metabolic Biopsy Procedure, but the text does not rule out an uncontracted service ; a provisional total of 1957634 was computed but is not contractually defensible, so no corrected total is submitted ; not flagged, but some lines could not be identified, so not every rule could be checked",1957634
INV-H4-000735,0,,402050,402050,0.85,high,1,1,402050,INV-H4-000735#0,not flagged; every line identified from text and priced exactly,402050
INV-H4-000736,0,,,1610150,0.40,low,0,0,,INV-H4-000736#0,"H4-L00736-04: 'service - INTENS steril /CW-8257' is unresolved (missing_discriminator): the only contracted service it fits is Intensive Vascular Sterilisation Service, but the text does not rule out an uncontracted service ; a provisional total of 1610150 was computed but is not contractually defensible, so no corrected total is submitted ; not flagged, but some lines could not be identified, so not every rule could be checked",1610150
INV-H4-000737,0,,2255325,2255325,0.85,high,1,1,2255325,INV-H4-000737#0,not flagged; every line identified from text and priced exactly,2255325
INV-H4-000738,0,,1984399,1984399,0.85,high,1,1,1984399,INV-H4-000738#0,not flagged; every line identified from text and priced exactly,1984399
INV-H4-000739,0,,,5045945,0.40,low,0,0,,INV-H4-000739#0,"H4-L00739-13: 'GI - transfusion SVC /CW-9161' is unresolved (missing_discriminator): the only contracted service it fits is Continuous Gastrointestinal Transfusion Service, but the text does not rule out an uncontracted service ; a provisional total of 5045945 was computed but is not contractually defensible, so no corrected total is submitted ; not flagged, but some lines could not be identified, so not every rule could be checked",5045945
INV-H4-000740,0,,3097325,3097325,0.85,high,1,1,3097325,INV-H4-000740#0,not flagged; every line identified from text and priced exactly,3097325
INV-H4-000741,0,,,3319825,0.40,low,0,0,,INV-H4-000741#0,"H4-L00741-01: bundle partner 'Specialist Immunologic Consultation' may have been delivered on 2025-10-06 (an unresolved description that day) ; H4-L00741-02: 'SPCLST immunologic /CW-6493' is unresolved (missing_discriminator): the only contracted service it fits is Specialist Immunologic Consultation, but the text does not rule out an uncontracted service ; H4-L00741-06: 'occ PALLIATIVE recov RM' is unresolved (missing_discriminator): the only contracted service it fits is Postoperative Palliative Recovery Room Occupancy, but the text does not rule out an uncontracted service ; H4-L00741-07: bundle partner 'Postoperative Palliative Recovery Room Occupancy' may have been delivered on 2025-10-05 (an unresolved description that day) ; H4-L00741-17: 'assisted - NUTR supp' is unresolved (missing_discriminator): the only contracted service it fits is Assisted Renal Nutritional Support, but the text does not rule out an uncontracted service ; a provisional total of 3319825 was computed but is not contractually defensible, so no corrected total is submitted ; not flagged, but some lines could not be identified, so not every rule could be checked",3319825
INV-H4-000742,0,,,2724195,0.40,low,0,0,,INV-H4-000742#0,"H4-L00742-04: 'supv  NURSING obs' is unresolved (missing_discriminator): the only contracted service it fits is Supervised Gastrointestinal Nursing Observation, but the text does not rule out an uncontracted service ; a provisional total of 2724195 was computed but is not contractually defensible, so no corrected total is submitted ; not flagged, but some lines could not be identified, so not every rule could be checked",2724195
INV-H4-000743,0,,3407070,3407070,0.65,medium,1,1,3407070,INV-H4-000743#0,"not flagged; identity rests partly on a unit-basis tie-break, or the total is not reconstructable",3407070
INV-H4-000744,0,,2601325,2601325,0.85,high,1,1,2601325,INV-H4-000744#0,not flagged; every line identified from text and priced exactly,2601325
INV-H4-000745,0,,1792890,1792890,0.85,high,1,1,1792890,INV-H4-000745#0,not flagged; every line identified from text and priced exactly,1792890
INV-H4-000746,0,,,3566609,0.40,low,0,0,,INV-H4-000746#0,"H4-L00746-03: 'supv  - DIAL sess /CW-1782' is unresolved (missing_discriminator): the only contracted service it fits is Supervised Rheumatologic Dialysis Session, but the text does not rule out an uncontracted service ; H4-L00746-04: 'SPCLST immunologic /CW-6493' is unresolved (missing_discriminator): the only contracted service it fits is Specialist Immunologic Consultation, but the text does not rule out an uncontracted service ; a provisional total of 3566609 was computed but is not contractually defensible, so no corrected total is submitted ; not flagged, but some lines could not be identified, so not every rule could be checked",3566609
INV-H4-000747,0,,,805650,0.40,low,0,0,,INV-H4-000747#0,"H4-L00747-06: 'ortho - ANAES admin /CW-8548' is unresolved (missing_discriminator): the only contracted service it fits is Inpatient Orthopaedic Anaesthesia Administration, but the text does not rule out an uncontracted service ; a provisional total of 805650 was computed but is not contractually defensible, so no corrected total is submitted ; not flagged, but some lines could not be identified, so not every rule could be checked",805650
INV-H4-000748,0,,1131650,1131650,0.85,high,1,1,1131650,INV-H4-000748#0,not flagged; every line identified from text and priced exactly,1131650
INV-H4-000749,0,,,3224700,0.40,low,0,0,,INV-H4-000749#0,"H4-L00749-03: 'ELECT - nurs OBS' is unresolved (missing_discriminator): the only contracted service it fits is Elective Gastrointestinal Nursing Observation, but the text does not rule out an uncontracted service ; a provisional total of 3224700 was computed but is not contractually defensible, so no corrected total is submitted ; not flagged, but some lines could not be identified, so not every rule could be checked",3224700
INV-H4-000750,0,,,1496250,0.40,low,0,0,,INV-H4-000750#0,"H4-L00750-01: 'SPCLST immunologic /CW-6493' is unresolved (missing_discriminator): the only contracted service it fits is Specialist Immunologic Consultation, but the text does not rule out an uncontracted service ; H4-L00750-02: bundle partner 'Specialist Immunologic Consultation' may have been delivered on 2025-10-14 (an unresolved description that day) ; a provisional total of 1496250 was computed but is not contractually defensible, so no corrected total is submitted ; not flagged, but some lines could not be identified, so not every rule could be checked",1496250
INV-H4-000751,0,,2840731,2840731,0.85,high,1,1,2840731,INV-H4-000751#0,not flagged; every line identified from text and priced exactly,2840731
INV-H4-000752,0,,990930,990930,0.85,high,1,1,990930,INV-H4-000752#0,not flagged; every line identified from text and priced exactly,990930
INV-H4-000753,0,,3517100,3517100,0.85,high,1,1,3517100,INV-H4-000753#0,not flagged; every line identified from text and priced exactly,3517100
INV-H4-000754,0,,,2006700,0.40,low,0,0,,INV-H4-000754#0,"H4-L00754-05: 'gi - IMG interp' is unresolved (missing_discriminator): the only contracted service it fits is Specialist Gastrointestinal Imaging Interpretation, but the text does not rule out an uncontracted service ; a provisional total of 2006700 was computed but is not contractually defensible, so no corrected total is submitted ; not flagged, but some lines could not be identified, so not every rule could be checked",2006700
INV-H4-000755,0,,2406204,2406204,0.85,high,1,1,2406204,INV-H4-000755#0,not flagged; every line identified from text and priced exactly,2406204
INV-H4-000756,0,,3326915,3326915,0.85,high,1,1,3326915,INV-H4-000756#0,not flagged; every line identified from text and priced exactly,3326915
INV-H4-000757,0,,,1616780,0.40,low,0,0,,INV-H4-000757#0,"H4-L00757-05: 'gi - IMG interp' is unresolved (missing_discriminator): the only contracted service it fits is Specialist Gastrointestinal Imaging Interpretation, but the text does not rule out an uncontracted service ; a provisional total of 1616780 was computed but is not contractually defensible, so no corrected total is submitted ; not flagged, but some lines could not be identified, so not every rule could be checked",1616780
INV-H4-000758,0,,,3047730,0.40,low,0,0,,INV-H4-000758#0,"H4-L00758-02: bundle partner 'Postoperative Palliative Recovery Room Occupancy' may have been delivered on 2025-10-18 (an unresolved description that day) ; H4-L00758-03: 'occ PALLIATIVE recov RM' is unresolved (missing_discriminator): the only contracted service it fits is Postoperative Palliative Recovery Room Occupancy, but the text does not rule out an uncontracted service ; H4-L00758-10: 'amb WD bed OCC /CW-2964' is unresolved (tied_candidates) between Ambulatory Cardiac Ward Bed Occupancy, Ambulatory Immunologic Ward Bed Occupancy ; a provisional total of 3047730 was computed but is not contractually defensible, so no corrected total is submitted ; not flagged, but some lines could not be identified, so not every rule could be checked",3047730
INV-H4-000759,0,,,2824475,0.40,low,0,0,,INV-H4-000759#0,"H4-L00759-07: 'SUPP asst VENTILATION /CW-3888' is unresolved (missing_discriminator): the only contracted service it fits is Assisted Cardiac Ventilation Support, but the text does not rule out an uncontracted service ; H4-L00759-09: 'ortho  - ANAES admin /CW-7356' is unresolved (missing_discriminator): the only contracted service it fits is Inpatient Orthopaedic Anaesthesia Administration, but the text does not rule out an uncontracted service ; a provisional total of 2824475 was computed but is not contractually defensible, so no corrected total is submitted ; not flagged, but some lines could not be identified, so not every rule could be checked",2824475
INV-H4-000760,0,,,2061425,0.40,low,0,0,,INV-H4-000760#0,"H4-L00760-05: 'supv  - DIAL sess /CW-1782' is unresolved (missing_discriminator): the only contracted service it fits is Supervised Rheumatologic Dialysis Session, but the text does not rule out an uncontracted service ; H4-L00760-06: bundle partner 'Supervised Rheumatologic Dialysis Session' may have been delivered on 2025-10-20 (an unresolved description that day) ; a provisional total of 2061425 was computed but is not contractually defensible, so no corrected total is submitted ; not flagged, but some lines could not be identified, so not every rule could be checked",2061425
INV-H4-000761,0,,,3057850,0.40,low,0,0,,INV-H4-000761#0,"H4-L00761-05: 'GI - transfusion SVC /CW-9161' is unresolved (missing_discriminator): the only contracted service it fits is Continuous Gastrointestinal Transfusion Service, but the text does not rule out an uncontracted service ; a provisional total of 3057850 was computed but is not contractually defensible, so no corrected total is submitted ; not flagged, but some lines could not be identified, so not every rule could be checked",3057850
INV-H4-000762,0,,,1098550,0.40,low,0,0,,INV-H4-000762#0,"H4-L00762-06: 'admin REN anaesthesia' is unresolved (missing_discriminator): the only contracted service it fits is Intermittent Renal Anaesthesia Administration, but the text does not rule out an uncontracted service ; a provisional total of 1098550 was computed but is not contractually defensible, so no corrected total is submitted ; not flagged, but some lines could not be identified, so not every rule could be checked",1098550
INV-H4-000763,0,,,3228059,0.40,low,0,0,,INV-H4-000763#0,"H4-L00763-03: 'service - INTENS steril /CW-8257' is unresolved (missing_discriminator): the only contracted service it fits is Intensive Vascular Sterilisation Service, but the text does not rule out an uncontracted service ; a provisional total of 3228059 was computed but is not contractually defensible, so no corrected total is submitted ; not flagged, but some lines could not be identified, so not every rule could be checked",3228059
INV-H4-000764,0,,4144255,4144255,0.85,high,1,1,4144255,INV-H4-000764#0,not flagged; every line identified from text and priced exactly,4144255
INV-H4-000765,0,,2605360,2605360,0.65,medium,1,1,2605360,INV-H4-000765#0,"not flagged; identity rests partly on a unit-basis tie-break, or the total is not reconstructable",2605360
INV-H4-000766,0,,2817475,2817475,0.65,medium,1,1,2817475,INV-H4-000766#0,"not flagged; identity rests partly on a unit-basis tie-break, or the total is not reconstructable",2817475
INV-H4-000767,0,,,2274835,0.40,low,0,0,,INV-H4-000767#0,"H4-L00767-04: 'INFECT - critical CARE occ' is unresolved (missing_discriminator): the only contracted service it fits is Continuous Infectious Critical Care Occupancy, but the text does not rule out an uncontracted service ; H4-L00767-10: 'SPCLST immunologic /CW-6493' is unresolved (missing_discriminator): the only contracted service it fits is Specialist Immunologic Consultation, but the text does not rule out an uncontracted service ; H4-L00767-11: bundle partner 'Specialist Immunologic Consultation' may have been delivered on 2025-10-25 (an unresolved description that day) ; H4-L00767-14: 'assisted - NUTR supp' is unresolved (missing_discriminator): the only contracted service it fits is Assisted Renal Nutritional Support, but the text does not rule out an uncontracted service ; H4-L00767-16: 'assisted - NUTR supp' is unresolved (missing_discriminator): the only contracted service it fits is Assisted Renal Nutritional Support, but the text does not rule out an uncontracted service ; a provisional total of 2274835 was computed but is not contractually defensible, so no corrected total is submitted ; not flagged, but some lines could not be identified, so not every rule could be checked",2274835
INV-H4-000768,0,,,1314300,0.40,low,0,0,,INV-H4-000768#0,"H4-L00768-03: 'SPCLST immunologic /CW-6493' is unresolved (missing_discriminator): the only contracted service it fits is Specialist Immunologic Consultation, but the text does not rule out an uncontracted service ; a provisional total of 1314300 was computed but is not contractually defensible, so no corrected total is submitted ; not flagged, but some lines could not be identified, so not every rule could be checked",1314300
INV-H4-000769,0,,,1986350,0.40,low,0,0,,INV-H4-000769#0,"H4-L00769-11: bundle partner 'Specialist Immunologic Consultation' may have been delivered on 2025-10-26 (an unresolved description that day) ; H4-L00769-12: 'IMMUN - spclst /CW-9956' is unresolved (missing_discriminator): the only contracted service it fits is Specialist Immunologic Consultation, but the text does not rule out an uncontracted service ; a provisional total of 1986350 was computed but is not contractually defensible, so no corrected total is submitted ; not flagged, but some lines could not be identified, so not every rule could be checked",1986350
INV-H4-000770,0,,,2739165,0.40,low,0,0,,INV-H4-000770#0,"H4-L00770-14: 'postoperative CS conference /CW-1435' is unresolved (missing_discriminator): the only contracted service it fits is Postoperative Geriatric Case Conference, but the text does not rule out an uncontracted service ; H4-L00770-15: bundle partner 'Supervised Rheumatologic Dialysis Session' may have been delivered on 2025-11-01 (an unresolved description that day) ; H4-L00770-16: 'supv  - DIAL sess /CW-1782' is unresolved (missing_discriminator): the only contracted service it fits is Supervised Rheumatologic Dialysis Session, but the text does not rule out an uncontracted service ; a provisional total of 2739165 was computed but is not contractually defensible, so no corrected total is submitted ; not flagged, but some lines could not be identified, so not every rule could be checked",2739165
INV-H4-000771,0,,1482775,1482775,0.85,high,1,1,1482775,INV-H4-000771#0,not flagged; every line identified from text and priced exactly,1482775
INV-H4-000772,0,,4537660,4537660,0.85,high,1,1,4537660,INV-H4-000772#0,not flagged; every line identified from text and priced exactly,4537660
INV-H4-000773,0,,,2910695,0.40,low,0,0,,INV-H4-000773#0,"H4-L00773-02: 'occ PALLIATIVE recov RM' is unresolved (missing_discriminator): the only contracted service it fits is Postoperative Palliative Recovery Room Occupancy, but the text does not rule out an uncontracted service ; a provisional total of 2910695 was computed but is not contractually defensible, so no corrected total is submitted ; not flagged, but some lines could not be identified, so not every rule could be checked",2910695
INV-H4-000774,0,,,1531025,0.40,low,0,0,,INV-H4-000774#0,"H4-L00774-01: 'amb WD bed OCC /CW-2964' is unresolved (tied_candidates) between Ambulatory Cardiac Ward Bed Occupancy, Ambulatory Immunologic Ward Bed Occupancy ; H4-L00774-02: 'assisted - NUTR supp' is unresolved (missing_discriminator): the only contracted service it fits is Assisted Renal Nutritional Support, but the text does not rule out an uncontracted service ; H4-L00774-15: 'renal ANAES admin' is unresolved (missing_discriminator): the only contracted service it fits is Intermittent Renal Anaesthesia Administration, but the text does not rule out an uncontracted service ; a provisional total of 1531025 was computed but is not contractually defensible, so no corrected total is submitted ; not flagged, but some lines could not be identified, so not every rule could be checked",1531025
INV-H4-000775,0,,,974850,0.40,low,0,0,,INV-H4-000775#0,"H4-L00775-07: 'ELECT - nurs OBS' is unresolved (missing_discriminator): the only contracted service it fits is Elective Gastrointestinal Nursing Observation, but the text does not rule out an uncontracted service ; a provisional total of 974850 was computed but is not contractually defensible, so no corrected total is submitted ; not flagged, but some lines could not be identified, so not every rule could be checked",974850
INV-H4-000776,0,,,3020525,0.40,low,0,0,,INV-H4-000776#0,"H4-L00776-13: 'supv  NURSING obs' is unresolved (missing_discriminator): the only contracted service it fits is Supervised Gastrointestinal Nursing Observation, but the text does not rule out an uncontracted service ; H4-L00776-14: 'postoperative CS conference /CW-1435' is unresolved (missing_discriminator): the only contracted service it fits is Postoperative Geriatric Case Conference, but the text does not rule out an uncontracted service ; a provisional total of 3020525 was computed but is not contractually defensible, so no corrected total is submitted ; not flagged, but some lines could not be identified, so not every rule could be checked",3020525
INV-H4-000777,1,volume_discount_omitted,,5973150,0.40,low,0,0,,INV-H4-000777#0,"H4-L00777-05: 'anly INTENS spcm' is unresolved (missing_discriminator): the only contracted service it fits is Intensive Urologic Specimen Analysis, but the text does not rule out an uncontracted service ; a provisional total of 5943356 was computed but is not contractually defensible, so no corrected total is submitted ; a finding rests on reading free text, or the corrected total cannot be reconstructed",5943356
INV-H4-000778,0,,,1645675,0.40,low,0,0,,INV-H4-000778#0,"H4-L00778-02: 'SPCLST immunologic /CW-6493' is unresolved (missing_discriminator): the only contracted service it fits is Specialist Immunologic Consultation, but the text does not rule out an uncontracted service ; H4-L00778-03: bundle partner 'Specialist Immunologic Consultation' may have been delivered on 2025-11-09 (an unresolved description that day) ; H4-L00778-04: 'ortho  - ANAES admin /CW-7356' is unresolved (missing_discriminator): the only contracted service it fits is Inpatient Orthopaedic Anaesthesia Administration, but the text does not rule out an uncontracted service ; a provisional total of 1645675 was computed but is not contractually defensible, so no corrected total is submitted ; not flagged, but some lines could not be identified, so not every rule could be checked",1645675
INV-H4-000779,0,,2932852,2932852,0.65,medium,1,1,2932852,INV-H4-000779#0,"not flagged; identity rests partly on a unit-basis tie-break, or the total is not reconstructable",2932852
INV-H4-000780,0,,,2060075,0.40,low,0,0,,INV-H4-000780#0,"H4-L00780-05: 'ELECT - nurs OBS' is unresolved (missing_discriminator): the only contracted service it fits is Elective Gastrointestinal Nursing Observation, but the text does not rule out an uncontracted service ; a provisional total of 2060075 was computed but is not contractually defensible, so no corrected total is submitted ; not flagged, but some lines could not be identified, so not every rule could be checked",2060075
INV-H4-000781,0,,,5140475,0.40,low,0,0,,INV-H4-000781#0,"H4-L00781-02: 'card  - HOME vst' is unresolved (tied_candidates) between Bedside Cardiac Home Visit, Routine Cardiac Home Visit ; a provisional total of 5140475 was computed but is not contractually defensible, so no corrected total is submitted ; not flagged, but some lines could not be identified, so not every rule could be checked",5140475
INV-H4-000782,0,,,3270350,0.40,low,0,0,,INV-H4-000782#0,"H4-L00782-11: 'supv  NURSING obs' is unresolved (missing_discriminator): the only contracted service it fits is Supervised Gastrointestinal Nursing Observation, but the text does not rule out an uncontracted service ; a provisional total of 3270350 was computed but is not contractually defensible, so no corrected total is submitted ; not flagged, but some lines could not be identified, so not every rule could be checked",3270350
INV-H4-000783,0,,,1637150,0.40,low,0,0,,INV-H4-000783#0,"H4-L00783-07: 'conf - UROL cs /CW-3094' is unresolved (missing_discriminator): the only contracted service it fits is Focused Urologic Case Conference, but the text does not rule out an uncontracted service ; H4-L00783-08: 'postoperative CS conference /CW-1435' is unresolved (missing_discriminator): the only contracted service it fits is Postoperative Geriatric Case Conference, but the text does not rule out an uncontracted service ; a provisional total of 1637150 was computed but is not contractually defensible, so no corrected total is submitted ; not flagged, but some lines could not be identified, so not every rule could be checked",1637150
INV-H4-000784,0,,,5672100,0.40,low,0,0,,INV-H4-000784#0,"H4-L00784-05: 'gi - IMG interp' is unresolved (missing_discriminator): the only contracted service it fits is Specialist Gastrointestinal Imaging Interpretation, but the text does not rule out an uncontracted service ; a provisional total of 5672100 was computed but is not contractually defensible, so no corrected total is submitted ; not flagged, but some lines could not be identified, so not every rule could be checked",5672100
INV-H4-000785,0,,,1734650,0.40,low,0,0,,INV-H4-000785#0,"H4-L00785-10: 'supv  - DIAL sess /CW-1782' is unresolved (missing_discriminator): the only contracted service it fits is Supervised Rheumatologic Dialysis Session, but the text does not rule out an uncontracted service ; H4-L00785-11: bundle partner 'Supervised Rheumatologic Dialysis Session' may have been delivered on 2025-11-12 (an unresolved description that day) ; a provisional total of 1734650 was computed but is not contractually defensible, so no corrected total is submitted ; not flagged, but some lines could not be identified, so not every rule could be checked",1734650
INV-H4-000786,0,,,3089870,0.40,low,0,0,,INV-H4-000786#0,"H4-L00786-09: 'ortho  - ANAES admin /CW-7356' is unresolved (missing_discriminator): the only contracted service it fits is Inpatient Orthopaedic Anaesthesia Administration, but the text does not rule out an uncontracted service ; H4-L00786-14: 'assisted - NUTR supp' is unresolved (missing_discriminator): the only contracted service it fits is Assisted Renal Nutritional Support, but the text does not rule out an uncontracted service ; a provisional total of 3089870 was computed but is not contractually defensible, so no corrected total is submitted ; not flagged, but some lines could not be identified, so not every rule could be checked",3089870
INV-H4-000788,0,,,1575550,0.40,low,0,0,,INV-H4-000788#0,"H4-L00788-06: 'std - DIAL sess /CW-2606' is unresolved (missing_discriminator): the only contracted service it fits is Standard Paediatric Dialysis Session, but the text does not rule out an uncontracted service ; a provisional total of 1575550 was computed but is not contractually defensible, so no corrected total is submitted ; not flagged, but some lines could not be identified, so not every rule could be checked",1575550
INV-H4-000789,0,,,4974786,0.40,low,0,0,,INV-H4-000789#0,"H4-L00789-06: 'interp COMPR img /CW-6998' is unresolved (missing_discriminator): the only contracted service it fits is Comprehensive Urologic Imaging Interpretation, but the text does not rule out an uncontracted service ; a provisional total of 4974786 was computed but is not contractually defensible, so no corrected total is submitted ; not flagged, but some lines could not be identified, so not every rule could be checked",4974786
INV-H4-000790,0,,1579048,1579048,0.85,high,1,1,1579048,INV-H4-000790#0,not flagged; every line identified from text and priced exactly,1579048
INV-H4-000791,0,,,4221708,0.40,low,0,0,,INV-H4-000791#0,"H4-L00791-03: 'ortho  - ANAES admin /CW-7356' is unresolved (missing_discriminator): the only contracted service it fits is Inpatient Orthopaedic Anaesthesia Administration, but the text does not rule out an uncontracted service ; a provisional total of 4221708 was computed but is not contractually defensible, so no corrected total is submitted ; not flagged, but some lines could not be identified, so not every rule could be checked",4221708
INV-H4-000792,0,,2301500,2301500,0.85,high,1,1,2301500,INV-H4-000792#0,not flagged; every line identified from text and priced exactly,2301500
INV-H4-000793,0,,,2204775,0.40,low,0,0,,INV-H4-000793#0,"H4-L00793-05: 'haematology - TRANSF svc' is unresolved (missing_discriminator): the only contracted service it fits is Ambulatory Haematology Transfusion Service, but the text does not rule out an uncontracted service ; a provisional total of 2204775 was computed but is not contractually defensible, so no corrected total is submitted ; not flagged, but some lines could not be identified, so not every rule could be checked",2204775
INV-H4-000794,0,,,785665,0.40,low,0,0,,INV-H4-000794#0,"H4-L00794-04: 'SPCLST immunologic /CW-6493' is unresolved (missing_discriminator): the only contracted service it fits is Specialist Immunologic Consultation, but the text does not rule out an uncontracted service ; a provisional total of 785665 was computed but is not contractually defensible, so no corrected total is submitted ; not flagged, but some lines could not be identified, so not every rule could be checked",785665
INV-H4-000795,1,unknown_service,,5008875,0.40,low,0,0,,INV-H4-000795#0,"H4-L00795-02: service not contracted, so no contract price exists ; H4-L00795-13: service not contracted, so no contract price exists ; H4-L00795-15: 'ortho  - ANAES admin /CW-7356' is unresolved (missing_discriminator): the only contracted service it fits is Inpatient Orthopaedic Anaesthesia Administration, but the text does not rule out an uncontracted service ; a provisional total of 5008875 was computed but is not contractually defensible, so no corrected total is submitted ; a finding rests on reading free text, or the corrected total cannot be reconstructed",5008875
INV-H4-000796,0,,2077075,2077075,0.85,high,1,1,2077075,INV-H4-000796#0,not flagged; every line identified from text and priced exactly,2077075
INV-H4-000797,0,,2429475,2429475,0.85,high,1,1,2429475,INV-H4-000797#0,not flagged; every line identified from text and priced exactly,2429475
INV-H4-000798,0,,,3689755,0.40,low,0,0,,INV-H4-000798#0,"H4-L00798-08: 'rheum - RADIOTHERAPY fract /CW-5238' is unresolved (missing_discriminator): the only contracted service it fits is Intensive Rheumatologic Radiotherapy Fraction, but the text does not rule out an uncontracted service ; a provisional total of 3689755 was computed but is not contractually defensible, so no corrected total is submitted ; not flagged, but some lines could not be identified, so not every rule could be checked",3689755
INV-H4-000799,0,,,2573075,0.40,low,0,0,,INV-H4-000799#0,"H4-L00799-04: 'admin REN anaesthesia' is unresolved (missing_discriminator): the only contracted service it fits is Intermittent Renal Anaesthesia Administration, but the text does not rule out an uncontracted service ; H4-L00799-10: 'std - DIAL sess /CW-2606' is unresolved (missing_discriminator): the only contracted service it fits is Standard Paediatric Dialysis Session, but the text does not rule out an uncontracted service ; a provisional total of 2573075 was computed but is not contractually defensible, so no corrected total is submitted ; not flagged, but some lines could not be identified, so not every rule could be checked",2573075
INV-H4-000800,0,,1103000,1103000,0.85,high,1,1,1103000,INV-H4-000800#0,not flagged; every line identified from text and priced exactly,1103000
INV-H4-000801,0,,933981,933981,0.85,high,1,1,933981,INV-H4-000801#0,not flagged; every line identified from text and priced exactly,933981
INV-H4-000802,0,,3248500,3248500,0.85,high,1,1,3248500,INV-H4-000802#0,not flagged; every line identified from text and priced exactly,3248500
INV-H4-000803,0,,,1133514,0.40,low,0,0,,INV-H4-000803#0,"H4-L00803-05: 'ORTHOPAEDIC recov RM occupancy /CW-4525' is unresolved (missing_discriminator): the only contracted service it fits is Outpatient Orthopaedic Recovery Room Occupancy, but the text does not rule out an uncontracted service ; a provisional total of 1133514 was computed but is not contractually defensible, so no corrected total is submitted ; not flagged, but some lines could not be identified, so not every rule could be checked",1133514
INV-H4-000804,0,,,3283325,0.40,low,0,0,,INV-H4-000804#0,"H4-L00804-13: 'ELECT - nurs OBS' is unresolved (missing_discriminator): the only contracted service it fits is Elective Gastrointestinal Nursing Observation, but the text does not rule out an uncontracted service ; H4-L00804-14: 'gi - IMG interp' is unresolved (missing_discriminator): the only contracted service it fits is Specialist Gastrointestinal Imaging Interpretation, but the text does not rule out an uncontracted service ; a provisional total of 3283325 was computed but is not contractually defensible, so no corrected total is submitted ; not flagged, but some lines could not be identified, so not every rule could be checked",3283325
INV-H4-000805,0,,,3568400,0.40,low,0,0,,INV-H4-000805#0,"H4-L00805-05: 'std - DIAL sess /CW-2606' is unresolved (missing_discriminator): the only contracted service it fits is Standard Paediatric Dialysis Session, but the text does not rule out an uncontracted service ; H4-L00805-06: 'GI - transfusion SVC /CW-9161' is unresolved (missing_discriminator): the only contracted service it fits is Continuous Gastrointestinal Transfusion Service, but the text does not rule out an uncontracted service ; a provisional total of 3568400 was computed but is not contractually defensible, so no corrected total is submitted ; not flagged, but some lines could not be identified, so not every rule could be checked",3568400
INV-H4-000806,0,,,1996500,0.40,low,0,0,,INV-H4-000806#0,"H4-L00806-03: 'SUPP asst VENTILATION /CW-3888' is unresolved (missing_discriminator): the only contracted service it fits is Assisted Cardiac Ventilation Support, but the text does not rule out an uncontracted service ; H4-L00806-06: 'service - INTENS steril /CW-8257' is unresolved (missing_discriminator): the only contracted service it fits is Intensive Vascular Sterilisation Service, but the text does not rule out an uncontracted service ; a provisional total of 1996500 was computed but is not contractually defensible, so no corrected total is submitted ; not flagged, but some lines could not be identified, so not every rule could be checked",1996500
INV-H4-000807,0,,,3458819,0.40,low,0,0,,INV-H4-000807#0,"H4-L00807-04: 'interp COMPR img /CW-6998' is unresolved (missing_discriminator): the only contracted service it fits is Comprehensive Urologic Imaging Interpretation, but the text does not rule out an uncontracted service ; H4-L00807-09: 'INFECT - critical CARE occ' is unresolved (missing_discriminator): the only contracted service it fits is Continuous Infectious Critical Care Occupancy, but the text does not rule out an uncontracted service ; a provisional total of 3458819 was computed but is not contractually defensible, so no corrected total is submitted ; not flagged, but some lines could not be identified, so not every rule could be checked",3458819
INV-H4-000808,0,,,4322513,0.40,low,0,0,,INV-H4-000808#0,"H4-L00808-03: 'gi - IMG interp' is unresolved (missing_discriminator): the only contracted service it fits is Specialist Gastrointestinal Imaging Interpretation, but the text does not rule out an uncontracted service ; a provisional total of 4322513 was computed but is not contractually defensible, so no corrected total is submitted ; not flagged, but some lines could not be identified, so not every rule could be checked",4322513
INV-H4-000809,0,,,1522809,0.40,low,0,0,,INV-H4-000809#0,"H4-L00809-07: 'ortho - ANAES administration' is unresolved (missing_discriminator): the only contracted service it fits is Inpatient Orthopaedic Anaesthesia Administration, but the text does not rule out an uncontracted service ; a provisional total of 1522809 was computed but is not contractually defensible, so no corrected total is submitted ; not flagged, but some lines could not be identified, so not every rule could be checked",1522809
INV-H4-000810,0,,,2774093,0.40,low,0,0,,INV-H4-000810#0,"H4-L00810-06: 'IMMUN - spclst /CW-9956' is unresolved (missing_discriminator): the only contracted service it fits is Specialist Immunologic Consultation, but the text does not rule out an uncontracted service ; H4-L00810-09: 'supv  NURSING obs' is unresolved (missing_discriminator): the only contracted service it fits is Supervised Gastrointestinal Nursing Observation, but the text does not rule out an uncontracted service ; H4-L00810-16: 'interp COMPR img /CW-6998' is unresolved (missing_discriminator): the only contracted service it fits is Comprehensive Urologic Imaging Interpretation, but the text does not rule out an uncontracted service ; a provisional total of 2774093 was computed but is not contractually defensible, so no corrected total is submitted ; not flagged, but some lines could not be identified, so not every rule could be checked",2774093
INV-H4-000811,0,,,367825,0.40,low,0,0,,INV-H4-000811#0,"H4-L00811-02: bundle partner 'Specialist Immunologic Consultation' may have been delivered on 2025-11-30 (an unresolved description that day) ; H4-L00811-03: 'IMMUN - spclst /CW-9956' is unresolved (missing_discriminator): the only contracted service it fits is Specialist Immunologic Consultation, but the text does not rule out an uncontracted service ; a provisional total of 367825 was computed but is not contractually defensible, so no corrected total is submitted ; not flagged, but some lines could not be identified, so not every rule could be checked",367825
INV-H4-000812,0,,5447044,5447044,0.85,high,1,1,5447044,INV-H4-000812#0,not flagged; every line identified from text and priced exactly,5447044
INV-H4-000813,0,,,3503740,0.40,low,0,0,,INV-H4-000813#0,"H4-L00813-07: 'ortho - ANAES administration' is unresolved (missing_discriminator): the only contracted service it fits is Inpatient Orthopaedic Anaesthesia Administration, but the text does not rule out an uncontracted service ; a provisional total of 3503740 was computed but is not contractually defensible, so no corrected total is submitted ; not flagged, but some lines could not be identified, so not every rule could be checked",3503740
INV-H4-000814,0,,,3118300,0.40,low,0,0,,INV-H4-000814#0,"H4-L00814-01: 'assisted - NUTR supp' is unresolved (missing_discriminator): the only contracted service it fits is Assisted Renal Nutritional Support, but the text does not rule out an uncontracted service ; H4-L00814-03: 'postoperative CS conference /CW-1435' is unresolved (missing_discriminator): the only contracted service it fits is Postoperative Geriatric Case Conference, but the text does not rule out an uncontracted service ; a provisional total of 3118300 was computed but is not contractually defensible, so no corrected total is submitted ; not flagged, but some lines could not be identified, so not every rule could be checked",3118300
INV-H4-000815,0,,,3135844,0.40,low,0,0,,INV-H4-000815#0,"H4-L00815-01: 'card  - HOME vst' is unresolved (tied_candidates) between Bedside Cardiac Home Visit, Routine Cardiac Home Visit ; H4-L00815-09: 'SUPP asst VENTILATION /CW-3888' is unresolved (missing_discriminator): the only contracted service it fits is Assisted Cardiac Ventilation Support, but the text does not rule out an uncontracted service ; H4-L00815-11: bundle partner 'Specialist Immunologic Consultation' may have been delivered on 2025-12-08 (an unresolved description that day) ; H4-L00815-12: 'IMMUN - spclst /CW-9956' is unresolved (missing_discriminator): the only contracted service it fits is Specialist Immunologic Consultation, but the text does not rule out an uncontracted service ; a provisional total of 3135844 was computed but is not contractually defensible, so no corrected total is submitted ; not flagged, but some lines could not be identified, so not every rule could be checked",3135844
INV-H4-000816,0,,3280925,3280925,0.85,high,1,1,3280925,INV-H4-000816#0,not flagged; every line identified from text and priced exactly,3280925
INV-H4-000817,0,,2182000,2182000,0.65,medium,1,1,2182000,INV-H4-000817#0,"not flagged; identity rests partly on a unit-basis tie-break, or the total is not reconstructable",2182000
INV-H4-000818,0,,,3531472,0.40,low,0,0,,INV-H4-000818#0,"H4-L00818-06: 'OCC - std CRIT cr /CW-1779' is unresolved (missing_discriminator): the only contracted service it fits is Standard Orthopaedic Critical Care Occupancy, but the text does not rule out an uncontracted service ; a provisional total of 3531472 was computed but is not contractually defensible, so no corrected total is submitted ; not flagged, but some lines could not be identified, so not every rule could be checked",3531472
INV-H4-000819,0,,,3072630,0.40,low,0,0,,INV-H4-000819#0,"H4-L00819-10: 'gi - IMG interp' is unresolved (missing_discriminator): the only contracted service it fits is Specialist Gastrointestinal Imaging Interpretation, but the text does not rule out an uncontracted service ; a provisional total of 3072630 was computed but is not contractually defensible, so no corrected total is submitted ; not flagged, but some lines could not be identified, so not every rule could be checked",3072630
INV-H4-000820,0,,,2766785,0.40,low,0,0,,INV-H4-000820#0,"H4-L00820-08: 'renal ANAES admin' is unresolved (missing_discriminator): the only contracted service it fits is Intermittent Renal Anaesthesia Administration, but the text does not rule out an uncontracted service ; H4-L00820-14: 'gi - IMG interp' is unresolved (missing_discriminator): the only contracted service it fits is Specialist Gastrointestinal Imaging Interpretation, but the text does not rule out an uncontracted service ; a provisional total of 2766785 was computed but is not contractually defensible, so no corrected total is submitted ; not flagged, but some lines could not be identified, so not every rule could be checked",2766785
INV-H4-000821,0,,1685850,1685850,0.85,high,1,1,1685850,INV-H4-000821#0,not flagged; every line identified from text and priced exactly,1685850
INV-H4-000822,0,,,2784216,0.40,low,0,0,,INV-H4-000822#0,"H4-L00822-06: 'prog CONT rehab /CW-3359' is unresolved (missing_discriminator): the only contracted service it fits is Continuous Psychiatric Rehabilitation Programme, but the text does not rule out an uncontracted service ; a provisional total of 2784216 was computed but is not contractually defensible, so no corrected total is submitted ; not flagged, but some lines could not be identified, so not every rule could be checked",2784216
INV-H4-000823,0,,,2781425,0.40,low,0,0,,INV-H4-000823#0,"H4-L00823-02: 'SPCLST immunologic /CW-6493' is unresolved (missing_discriminator): the only contracted service it fits is Specialist Immunologic Consultation, but the text does not rule out an uncontracted service ; H4-L00823-03: bundle partner 'Specialist Immunologic Consultation' may have been delivered on 2025-12-11 (an unresolved description that day) ; H4-L00823-05: 'renal ANAES admin' is unresolved (missing_discriminator): the only contracted service it fits is Intermittent Renal Anaesthesia Administration, but the text does not rule out an uncontracted service ; H4-L00823-06: 'INFECT - critical CARE occ' is unresolved (missing_discriminator): the only contracted service it fits is Continuous Infectious Critical Care Occupancy, but the text does not rule out an uncontracted service ; H4-L00823-14: 'msk - SPCM analysis' is unresolved (missing_discriminator): the only contracted service it fits is Ambulatory Musculoskeletal Specimen Analysis, but the text does not rule out an uncontracted service ; a provisional total of 2781425 was computed but is not contractually defensible, so no corrected total is submitted ; not flagged, but some lines could not be identified, so not every rule could be checked",2781425
INV-H4-000824,0,,4084125,4084125,0.85,high,1,1,4084125,INV-H4-000824#0,not flagged; every line identified from text and priced exactly,4084125
INV-H4-000825,0,,,1076650,0.40,low,0,0,,INV-H4-000825#0,"H4-L00825-02: 'gi - IMG interp' is unresolved (missing_discriminator): the only contracted service it fits is Specialist Gastrointestinal Imaging Interpretation, but the text does not rule out an uncontracted service ; a provisional total of 1076650 was computed but is not contractually defensible, so no corrected total is submitted ; not flagged, but some lines could not be identified, so not every rule could be checked",1076650
INV-H4-000826,0,,1664025,1664025,0.85,high,1,1,1664025,INV-H4-000826#0,not flagged; every line identified from text and priced exactly,1664025
INV-H4-000827,0,,,5327380,0.40,low,0,0,,INV-H4-000827#0,"H4-L00827-01: 'ortho - ANAES admin /CW-8548' is unresolved (missing_discriminator): the only contracted service it fits is Inpatient Orthopaedic Anaesthesia Administration, but the text does not rule out an uncontracted service ; H4-L00827-03: 'plng EXT disch /CW-9928' is unresolved (missing_discriminator): the only contracted service it fits is Extended Hepatic Discharge Planning, but the text does not rule out an uncontracted service ; H4-L00827-19: 'INFECT - critical CARE occ' is unresolved (missing_discriminator): the only contracted service it fits is Continuous Infectious Critical Care Occupancy, but the text does not rule out an uncontracted service ; a provisional total of 5327380 was computed but is not contractually defensible, so no corrected total is submitted ; not flagged, but some lines could not be identified, so not every rule could be checked",5327380
INV-H4-000828,0,,,3552875,0.40,low,0,0,,INV-H4-000828#0,"H4-L00828-12: 'occ PALLIATIVE recov RM' is unresolved (missing_discriminator): the only contracted service it fits is Postoperative Palliative Recovery Room Occupancy, but the text does not rule out an uncontracted service ; a provisional total of 3552875 was computed but is not contractually defensible, so no corrected total is submitted ; not flagged, but some lines could not be identified, so not every rule could be checked",3552875
INV-H4-000829,0,,,1610375,0.40,low,0,0,,INV-H4-000829#0,"H4-L00829-04: 'GI - transfusion SVC /CW-9161' is unresolved (missing_discriminator): the only contracted service it fits is Continuous Gastrointestinal Transfusion Service, but the text does not rule out an uncontracted service ; H4-L00829-06: 'supv  - DIAL sess /CW-1782' is unresolved (missing_discriminator): the only contracted service it fits is Supervised Rheumatologic Dialysis Session, but the text does not rule out an uncontracted service ; a provisional total of 1610375 was computed but is not contractually defensible, so no corrected total is submitted ; not flagged, but some lines could not be identified, so not every rule could be checked",1610375
INV-H4-000830,0,,,2539580,0.40,low,0,0,,INV-H4-000830#0,"H4-L00830-07: 'haematology - TRANSF svc' is unresolved (missing_discriminator): the only contracted service it fits is Ambulatory Haematology Transfusion Service, but the text does not rule out an uncontracted service ; a provisional total of 2539580 was computed but is not contractually defensible, so no corrected total is submitted ; not flagged, but some lines could not be identified, so not every rule could be checked",2539580
INV-H4-000831,0,,2170420,2170420,0.85,high,1,1,2170420,INV-H4-000831#0,not flagged; every line identified from text and priced exactly,2170420
INV-H4-000832,0,,,2143525,0.40,low,0,0,,INV-H4-000832#0,"H4-L00832-11: 'ELECT - nurs OBS' is unresolved (missing_discriminator): the only contracted service it fits is Elective Gastrointestinal Nursing Observation, but the text does not rule out an uncontracted service ; a provisional total of 2143525 was computed but is not contractually defensible, so no corrected total is submitted ; not flagged, but some lines could not be identified, so not every rule could be checked",2143525
INV-H4-000833,0,,,2619940,0.40,low,0,0,,INV-H4-000833#0,"H4-L00833-02: 'ortho  - ANAES admin /CW-7356' is unresolved (missing_discriminator): the only contracted service it fits is Inpatient Orthopaedic Anaesthesia Administration, but the text does not rule out an uncontracted service ; H4-L00833-05: 'supv  - DIAL sess /CW-1782' is unresolved (missing_discriminator): the only contracted service it fits is Supervised Rheumatologic Dialysis Session, but the text does not rule out an uncontracted service ; H4-L00833-06: 'SPCLST immunologic /CW-6493' is unresolved (missing_discriminator): the only contracted service it fits is Specialist Immunologic Consultation, but the text does not rule out an uncontracted service ; a provisional total of 2619940 was computed but is not contractually defensible, so no corrected total is submitted ; not flagged, but some lines could not be identified, so not every rule could be checked",2619940
INV-H4-000834,0,,2226125,2226125,0.85,high,1,1,2226125,INV-H4-000834#0,not flagged; every line identified from text and priced exactly,2226125
INV-H4-000835,0,,,3111550,0.40,low,0,0,,INV-H4-000835#0,"H4-L00835-04: 'gi - IMG interp' is unresolved (missing_discriminator): the only contracted service it fits is Specialist Gastrointestinal Imaging Interpretation, but the text does not rule out an uncontracted service ; a provisional total of 3111550 was computed but is not contractually defensible, so no corrected total is submitted ; not flagged, but some lines could not be identified, so not every rule could be checked",3111550
INV-H4-000836,0,,4279600,4279600,0.85,high,1,1,4279600,INV-H4-000836#0,not flagged; every line identified from text and priced exactly,4279600
INV-H4-000837,0,,1498275,1498275,0.65,medium,1,1,1498275,INV-H4-000837#0,"not flagged; identity rests partly on a unit-basis tie-break, or the total is not reconstructable",1498275
INV-H4-000838,0,,1373870,1373870,0.85,high,1,1,1373870,INV-H4-000838#0,not flagged; every line identified from text and priced exactly,1373870
INV-H4-000840,0,,,3187825,0.40,low,0,0,,INV-H4-000840#0,"H4-L00840-08: 'ortho  - ANAES admin /CW-7356' is unresolved (missing_discriminator): the only contracted service it fits is Inpatient Orthopaedic Anaesthesia Administration, but the text does not rule out an uncontracted service ; a provisional total of 3187825 was computed but is not contractually defensible, so no corrected total is submitted ; not flagged, but some lines could not be identified, so not every rule could be checked",3187825
