invoice_id,flagged,error_category,expected_total_cents,billed_total_cents,confidence,confidence_band,pricing_complete,correction_reconstructable,maximum_contractually_payable_total_cents,physical_occurrence_ids,uncertainty_reasons,provisional_expected_total_cents,lines,lines_identity_resolved,lines_semantic_ambiguous_but_financially_resolved,lines_financially_ambiguous,lines_unknown_service,blank_reasons
INV-H5-000001,1,duplicate_invoice_id|line_total_arithmetic|service_date_after_invoice_date,1765346,1790346,0.85,high,1,1,1765346,INV-H5-000001#0|INV-H5-000001#1,"invoice number reused: this row represents occurrence INV-H5-000001#1; earlier occurrence(s) INV-H5-000001#0 (0 finding(s)) are audited separately in findings.csv ; every finding follows from the invoice's own fields, independent of service identity",,13,13,0,0,0,
INV-H5-000002,0,,4279378,4279378,0.65,medium,1,1,4279378,INV-H5-000002#0,"not flagged; every amount is proven, but some identity rests on review, a tie-break, or financial equivalence across candidates",,19,19,0,0,0,
INV-H5-000003,0,,3060861,3060861,0.85,high,1,1,3060861,INV-H5-000003#0,not flagged; every line identified from text and priced exactly,,9,9,0,0,0,
INV-H5-000004,0,,2394252,2394252,0.65,medium,1,1,2394252,INV-H5-000004#0,"not flagged; every amount is proven, but some identity rests on review, a tie-break, or financial equivalence across candidates",,10,10,0,0,0,
INV-H5-000005,0,,1284813,1284813,0.85,high,1,1,1284813,INV-H5-000005#0,not flagged; every line identified from text and priced exactly,,5,5,0,0,0,
INV-H5-000006,0,,3572873,3572873,0.65,medium,1,1,3572873,INV-H5-000006#0,"not flagged; every amount is proven, but some identity rests on review, a tie-break, or financial equivalence across candidates",,16,16,0,0,0,
INV-H5-000007,0,,5985654,5985654,0.65,medium,1,1,5985654,INV-H5-000007#0,"not flagged; every amount is proven, but some identity rests on review, a tie-break, or financial equivalence across candidates",,17,17,0,0,0,
INV-H5-000008,0,,2927504,2927504,0.65,medium,1,1,2927504,INV-H5-000008#0,"not flagged; every amount is proven, but some identity rests on review, a tie-break, or financial equivalence across candidates",,16,16,0,0,0,
INV-H5-000009,0,,4782919,4782919,0.65,medium,1,1,4782919,INV-H5-000009#0,"not flagged; every amount is proven, but some identity rests on review, a tie-break, or financial equivalence across candidates",,13,13,0,0,0,
INV-H5-000010,0,,2530893,2530893,0.65,medium,1,1,2530893,INV-H5-000010#0,"not flagged; every amount is proven, but some identity rests on review, a tie-break, or financial equivalence across candidates",,13,13,0,0,0,
INV-H5-000011,0,,2091174,2091174,0.65,medium,1,1,2091174,INV-H5-000011#0,"not flagged; every amount is proven, but some identity rests on review, a tie-break, or financial equivalence across candidates",,7,7,0,0,0,
INV-H5-000012,0,,2610439,2610439,0.85,high,1,1,2610439,INV-H5-000012#0,not flagged; every line identified from text and priced exactly,,18,18,0,0,0,
INV-H5-000013,0,,2370617,2370617,0.85,high,1,1,2370617,INV-H5-000013#0,not flagged; every line identified from text and priced exactly,,6,6,0,0,0,
INV-H5-000014,0,,,1013030,0.40,low,0,0,,INV-H5-000014#0,"H5-L00014-08: 'SUPERVISED SPCM ANLY /PH-7244' is unresolved (missing_discriminator) between Supervised Otolaryngologic Specimen Analysis or an uncontracted service ; blank: a line's description fits a contracted service only by omitting a word, and the review did not rule out an uncontracted service ; not flagged, but some line's corrected amount could not be proven, so not every rule could be checked",,8,7,0,1,0,"a line's description fits a contracted service only by omitting a word, and the review did not rule out an uncontracted service"
INV-H5-000015,1,premium_omitted|volume_discount_incorrectly_applied,3886032,3733765,0.65,medium,1,1,3886032,INV-H5-000015#0,"findings depend on hospital-wide state, a recorded policy, a reviewed or tie-broken identity, or a candidate set priced by financial equivalence",,17,17,0,0,0,
INV-H5-000016,0,,3197587,3197587,0.85,high,1,1,3197587,INV-H5-000016#0,not flagged; every line identified from text and priced exactly,,10,10,0,0,0,
INV-H5-000017,0,,1203384,1203384,0.65,medium,1,1,1203384,INV-H5-000017#0,"not flagged; every amount is proven, but some identity rests on review, a tie-break, or financial equivalence across candidates",,7,7,0,0,0,
INV-H5-000018,0,,2415728,2415728,0.65,medium,1,1,2415728,INV-H5-000018#0,"not flagged; every amount is proven, but some identity rests on review, a tie-break, or financial equivalence across candidates",,14,14,0,0,0,
INV-H5-000019,0,,,5587482,0.40,low,0,0,,INV-H5-000019#0,"H5-L00019-05: 'SUPERVISED SPCM ANLY /PH-7244' is unresolved (missing_discriminator) between Supervised Otolaryngologic Specimen Analysis or an uncontracted service ; H5-L00019-10: 'UROL HM VST /PH-1437' is unresolved (missing_discriminator) between Emergency Urologic Home Visit or an uncontracted service ; blank: a line's description fits a contracted service only by omitting a word, and the review did not rule out an uncontracted service ; not flagged, but some line's corrected amount could not be proven, so not every rule could be checked",,15,13,0,2,0,"a line's description fits a contracted service only by omitting a word, and the review did not rule out an uncontracted service"
INV-H5-000020,0,,2968274,2968274,0.65,medium,1,1,2968274,INV-H5-000020#0,"not flagged; every amount is proven, but some identity rests on review, a tie-break, or financial equivalence across candidates",,11,11,0,0,0,
INV-H5-000021,0,,3209579,3209579,0.85,high,1,1,3209579,INV-H5-000021#0,not flagged; every line identified from text and priced exactly,,17,17,0,0,0,
INV-H5-000022,0,,1706589,1706589,0.85,high,1,1,1706589,INV-H5-000022#0,not flagged; every line identified from text and priced exactly,,8,8,0,0,0,
INV-H5-000023,0,,1458945,1458945,0.85,high,1,1,1458945,INV-H5-000023#0,not flagged; every line identified from text and priced exactly,,5,5,0,0,0,
INV-H5-000024,0,,4015825,4015825,0.65,medium,1,1,4015825,INV-H5-000024#0,"not flagged; every amount is proven, but some identity rests on review, a tie-break, or financial equivalence across candidates",,13,13,0,0,0,
INV-H5-000025,0,,501836,501836,0.65,medium,1,1,501836,INV-H5-000025#0,"not flagged; every amount is proven, but some identity rests on review, a tie-break, or financial equivalence across candidates",,9,9,0,0,0,
INV-H5-000026,0,,3566663,3566663,0.65,medium,1,1,3566663,INV-H5-000026#0,"not flagged; every amount is proven, but some identity rests on review, a tie-break, or financial equivalence across candidates",,19,19,0,0,0,
INV-H5-000027,0,,,1617459,0.40,low,0,0,,INV-H5-000027#0,"H5-L00027-02: cumulative utilisation of 'Supervised Otolaryngologic Specimen Analysis' before this line lies in [56, 65], straddling a discount threshold ; H5-L00027-03: cumulative utilisation of 'Supervised Otolaryngologic Specimen Analysis' before this line lies in [53, 62], straddling a discount threshold ; blank: cumulative utilisation before a line straddles a discount tier ; not flagged, but some line's corrected amount could not be proven, so not every rule could be checked",,9,7,0,2,0,cumulative utilisation before a line straddles a discount tier
INV-H5-000028,0,,2631208,2631208,0.85,high,1,1,2631208,INV-H5-000028#0,not flagged; every line identified from text and priced exactly,,19,19,0,0,0,
INV-H5-000029,0,,3084149,3084149,0.65,medium,1,1,3084149,INV-H5-000029#0,"not flagged; every amount is proven, but some identity rests on review, a tie-break, or financial equivalence across candidates",,12,12,0,0,0,
INV-H5-000030,0,,1574328,1574328,0.85,high,1,1,1574328,INV-H5-000030#0,not flagged; every line identified from text and priced exactly,,7,7,0,0,0,
INV-H5-000031,0,,,2851887,0.40,low,0,0,,INV-H5-000031#0,"H5-L00031-14: 'SUPERVISED SPCM ANLY /PH-7244' is unresolved (missing_discriminator) between Supervised Otolaryngologic Specimen Analysis or an uncontracted service ; H5-L00031-14 as Supervised Otolaryngologic Specimen Analysis: cumulative utilisation of 'Supervised Otolaryngologic Specimen Analysis' before this line lies in [59, 68], straddling a discount threshold ; blank: a line's description fits a contracted service only by omitting a word, and the review did not rule out an uncontracted service ; blank: cumulative utilisation before a line straddles a discount tier ; not flagged, but some line's corrected amount could not be proven, so not every rule could be checked",,15,14,0,1,0,"a line's description fits a contracted service only by omitting a word, and the review did not rule out an uncontracted service | cumulative utilisation before a line straddles a discount tier"
INV-H5-000032,0,,3398235,3398235,0.65,medium,1,1,3398235,INV-H5-000032#0,"not flagged; every amount is proven, but some identity rests on review, a tie-break, or financial equivalence across candidates",,13,13,0,0,0,
INV-H5-000033,0,,1848070,1848070,0.65,medium,1,1,1848070,INV-H5-000033#0,"not flagged; every amount is proven, but some identity rests on review, a tie-break, or financial equivalence across candidates",,9,9,0,0,0,
INV-H5-000034,1,unknown_service|malformed_service_date|exclusion_window_violation,,1586458,0.40,low,0,0,,INV-H5-000034#0,"H5-L00034-04: service not contracted, so no contract price exists ; blank: a line names a service this agreement does not contract (no contract price) ; a finding rests on reading free text, or the corrected total cannot be proven",1388953,11,10,0,0,1,a line names a service this agreement does not contract (no contract price)
INV-H5-000035,0,,,2989060,0.40,low,0,0,,INV-H5-000035#0,"H5-L00035-03: cumulative utilisation of 'Supervised Otolaryngologic Specimen Analysis' before this line lies in [59, 74], straddling a discount threshold ; blank: cumulative utilisation before a line straddles a discount tier ; not flagged, but some line's corrected amount could not be proven, so not every rule could be checked",,17,16,0,1,0,cumulative utilisation before a line straddles a discount tier
INV-H5-000036,0,,1441175,1441175,0.85,high,1,1,1441175,INV-H5-000036#0,not flagged; every line identified from text and priced exactly,,5,5,0,0,0,
INV-H5-000037,0,,2358514,2358514,0.65,medium,1,1,2358514,INV-H5-000037#0,"not flagged; every amount is proven, but some identity rests on review, a tie-break, or financial equivalence across candidates",,9,9,0,0,0,
INV-H5-000038,0,,4032028,4032028,0.65,medium,1,1,4032028,INV-H5-000038#0,"not flagged; every amount is proven, but some identity rests on review, a tie-break, or financial equivalence across candidates",,18,18,0,0,0,
INV-H5-000039,0,,420880,420880,0.85,high,1,1,420880,INV-H5-000039#0,not flagged; every line identified from text and priced exactly,,5,5,0,0,0,
INV-H5-000040,0,,4637007,4637007,0.65,medium,1,1,4637007,INV-H5-000040#0,"not flagged; every amount is proven, but some identity rests on review, a tie-break, or financial equivalence across candidates",,20,20,0,0,0,
INV-H5-000041,0,,2994005,2994005,0.65,medium,1,1,2994005,INV-H5-000041#0,"not flagged; every amount is proven, but some identity rests on review, a tie-break, or financial equivalence across candidates",,15,15,0,0,0,
INV-H5-000042,0,,1736302,1736302,0.85,high,1,1,1736302,INV-H5-000042#0,not flagged; every line identified from text and priced exactly,,9,9,0,0,0,
INV-H5-000043,0,,884375,884375,0.85,high,1,1,884375,INV-H5-000043#0,not flagged; every line identified from text and priced exactly,,9,9,0,0,0,
INV-H5-000044,0,,3888004,3888004,0.65,medium,1,1,3888004,INV-H5-000044#0,"not flagged; every amount is proven, but some identity rests on review, a tie-break, or financial equivalence across candidates",,12,12,0,0,0,
INV-H5-000045,0,,,3095919,0.40,low,0,0,,INV-H5-000045#0,"H5-L00045-01: 'UROL HM VST /PH-1437' is unresolved (missing_discriminator) between Emergency Urologic Home Visit or an uncontracted service ; blank: a line's description fits a contracted service only by omitting a word, and the review did not rule out an uncontracted service ; not flagged, but some line's corrected amount could not be proven, so not every rule could be checked",,16,15,0,1,0,"a line's description fits a contracted service only by omitting a word, and the review did not rule out an uncontracted service"
INV-H5-000046,1,wrong_unit_basis|unknown_service,,2819235,0.40,low,0,0,,INV-H5-000046#0,"H5-L00046-12: service not contracted, so no contract price exists ; blank: a line names a service this agreement does not contract (no contract price) ; a finding rests on reading free text, or the corrected total cannot be proven",2819235,12,11,0,0,1,a line names a service this agreement does not contract (no contract price)
INV-H5-000047,0,,6286080,6286080,0.65,medium,1,1,6286080,INV-H5-000047#0,"not flagged; every amount is proven, but some identity rests on review, a tie-break, or financial equivalence across candidates",,17,17,0,0,0,
INV-H5-000048,0,,1377165,1377165,0.85,high,1,1,1377165,INV-H5-000048#0,not flagged; every line identified from text and priced exactly,,10,10,0,0,0,
INV-H5-000049,0,,2676455,2676455,0.65,medium,1,1,2676455,INV-H5-000049#0,"not flagged; every amount is proven, but some identity rests on review, a tie-break, or financial equivalence across candidates",,10,10,0,0,0,
INV-H5-000050,0,,5649146,5649146,0.65,medium,1,1,5649146,INV-H5-000050#0,"not flagged; every amount is proven, but some identity rests on review, a tie-break, or financial equivalence across candidates",,16,16,0,0,0,
INV-H5-000051,0,,1013625,1013625,0.65,medium,1,1,1013625,INV-H5-000051#0,"not flagged; every amount is proven, but some identity rests on review, a tie-break, or financial equivalence across candidates",,8,8,0,0,0,
INV-H5-000052,0,,3031372,3031372,0.85,high,1,1,3031372,INV-H5-000052#0,not flagged; every line identified from text and priced exactly,,15,15,0,0,0,
INV-H5-000053,0,,3546215,3546215,0.65,medium,1,1,3546215,INV-H5-000053#0,"not flagged; every amount is proven, but some identity rests on review, a tie-break, or financial equivalence across candidates",,18,18,0,0,0,
INV-H5-000054,0,,1736920,1736920,0.65,medium,1,1,1736920,INV-H5-000054#0,"not flagged; every amount is proven, but some identity rests on review, a tie-break, or financial equivalence across candidates",,10,10,0,0,0,
INV-H5-000055,0,,3080927,3080927,0.65,medium,1,1,3080927,INV-H5-000055#0,"not flagged; every amount is proven, but some identity rests on review, a tie-break, or financial equivalence across candidates",,9,9,0,0,0,
INV-H5-000056,0,,1386580,1386580,0.85,high,1,1,1386580,INV-H5-000056#0,not flagged; every line identified from text and priced exactly,,11,11,0,0,0,
INV-H5-000057,0,,1142125,1142125,0.65,medium,1,1,1142125,INV-H5-000057#0,"not flagged; every amount is proven, but some identity rests on review, a tie-break, or financial equivalence across candidates",,7,7,0,0,0,
INV-H5-000058,0,,1704563,1704563,0.65,medium,1,1,1704563,INV-H5-000058#0,"not flagged; every amount is proven, but some identity rests on review, a tie-break, or financial equivalence across candidates",,9,9,0,0,0,
INV-H5-000059,0,,1341728,1341728,0.85,high,1,1,1341728,INV-H5-000059#0,not flagged; every line identified from text and priced exactly,,9,9,0,0,0,
INV-H5-000060,0,,1840486,1840486,0.65,medium,1,1,1840486,INV-H5-000060#0,"not flagged; every amount is proven, but some identity rests on review, a tie-break, or financial equivalence across candidates",,7,7,0,0,0,
INV-H5-000061,0,,1191268,1191268,0.65,medium,1,1,1191268,INV-H5-000061#0,"not flagged; every amount is proven, but some identity rests on review, a tie-break, or financial equivalence across candidates",,5,5,0,0,0,
INV-H5-000062,0,,4173307,4173307,0.85,high,1,1,4173307,INV-H5-000062#0,not flagged; every line identified from text and priced exactly,,15,15,0,0,0,
INV-H5-000063,0,,7208783,7208783,0.85,high,1,1,7208783,INV-H5-000063#0,not flagged; every line identified from text and priced exactly,,20,20,0,0,0,
INV-H5-000064,0,,2780762,2780762,0.85,high,1,1,2780762,INV-H5-000064#0,not flagged; every line identified from text and priced exactly,,9,9,0,0,0,
INV-H5-000065,0,,2588563,2588563,0.65,medium,1,1,2588563,INV-H5-000065#0,"not flagged; every amount is proven, but some identity rests on review, a tie-break, or financial equivalence across candidates",,15,15,0,0,0,
INV-H5-000066,0,,3033515,3033515,0.65,medium,1,1,3033515,INV-H5-000066#0,"not flagged; every amount is proven, but some identity rests on review, a tie-break, or financial equivalence across candidates",,11,11,0,0,0,
INV-H5-000067,0,,1833897,1833897,0.65,medium,1,1,1833897,INV-H5-000067#0,"not flagged; every amount is proven, but some identity rests on review, a tie-break, or financial equivalence across candidates",,12,12,0,0,0,
INV-H5-000068,0,,,3548528,0.40,low,0,0,,INV-H5-000068#0,"H5-L00068-05: 'UROL HM VST /PH-1437' is unresolved (missing_discriminator) between Emergency Urologic Home Visit or an uncontracted service ; blank: a line's description fits a contracted service only by omitting a word, and the review did not rule out an uncontracted service ; not flagged, but some line's corrected amount could not be proven, so not every rule could be checked",,16,15,0,1,0,"a line's description fits a contracted service only by omitting a word, and the review did not rule out an uncontracted service"
INV-H5-000069,0,,2943997,2943997,0.65,medium,1,1,2943997,INV-H5-000069#0,"not flagged; every amount is proven, but some identity rests on review, a tie-break, or financial equivalence across candidates",,11,11,0,0,0,
INV-H5-000070,0,,3165698,3165698,0.65,medium,1,1,3165698,INV-H5-000070#0,"not flagged; every amount is proven, but some identity rests on review, a tie-break, or financial equivalence across candidates",,12,12,0,0,0,
INV-H5-000071,0,,1567731,1567731,0.85,high,1,1,1567731,INV-H5-000071#0,not flagged; every line identified from text and priced exactly,,5,5,0,0,0,
INV-H5-000072,0,,993866,993866,0.65,medium,1,1,993866,INV-H5-000072#0,"not flagged; every amount is proven, but some identity rests on review, a tie-break, or financial equivalence across candidates",,9,9,0,0,0,
INV-H5-000073,1,invoice_total_mismatch|unknown_service|unit_price_mismatch,,1718945,0.40,low,0,0,,INV-H5-000073#0,"H5-L00073-05: service not contracted, so no contract price exists ; blank: a line names a service this agreement does not contract (no contract price) ; a finding rests on reading free text, or the corrected total cannot be proven",1689586,10,9,0,0,1,a line names a service this agreement does not contract (no contract price)
INV-H5-000074,1,contract_number_mismatch|duplicate_invoice_id|service_date_out_of_window,,3046447,0.85,high,0,0,,INV-H5-000074#0|INV-H5-000074#1,"H5-L00829-08: 'SUPERVISED SPCM ANLY /PH-7244' is unresolved (missing_discriminator) between Supervised Otolaryngologic Specimen Analysis or an uncontracted service ; invoice number reused: this row represents occurrence INV-H5-000074#1; earlier occurrence(s) INV-H5-000074#0 (0 finding(s)) are audited separately in findings.csv ; blank: a line's description fits a contracted service only by omitting a word, and the review did not rule out an uncontracted service ; every finding follows from the invoice's own fields, independent of service identity",,19,18,0,1,0,"a line's description fits a contracted service only by omitting a word, and the review did not rule out an uncontracted service"
INV-H5-000075,0,,3593629,3593629,0.65,medium,1,1,3593629,INV-H5-000075#0,"not flagged; every amount is proven, but some identity rests on review, a tie-break, or financial equivalence across candidates",,13,13,0,0,0,
INV-H5-000076,1,duplicate_invoice_id|volume_discount_incorrectly_applied|unit_price_mismatch,3138255,3061300,0.65,medium,1,1,3138255,INV-H5-000076#0|INV-H5-000076#1,"invoice number reused: this row represents occurrence INV-H5-000076#1; earlier occurrence(s) INV-H5-000076#0 (0 finding(s)) are audited separately in findings.csv ; findings depend on hospital-wide state, a recorded policy, a reviewed or tie-broken identity, or a candidate set priced by financial equivalence",,14,14,0,0,0,
INV-H5-000077,1,service_date_after_invoice_date,1575041,1575041,0.85,high,1,1,1575041,INV-H5-000077#0,"every finding follows from the invoice's own fields, independent of service identity",,14,14,0,0,0,
INV-H5-000078,0,,2806193,2806193,0.65,medium,1,1,2806193,INV-H5-000078#0,"not flagged; every amount is proven, but some identity rests on review, a tie-break, or financial equivalence across candidates",,13,13,0,0,0,
INV-H5-000079,0,,5567277,5567277,0.65,medium,1,1,5567277,INV-H5-000079#0,"not flagged; every amount is proven, but some identity rests on review, a tie-break, or financial equivalence across candidates",,15,15,0,0,0,
INV-H5-000080,0,,2025048,2025048,0.65,medium,1,1,2025048,INV-H5-000080#0,"not flagged; every amount is proven, but some identity rests on review, a tie-break, or financial equivalence across candidates",,10,10,0,0,0,
INV-H5-000081,0,,1084993,1084993,0.65,medium,1,1,1084993,INV-H5-000081#0,"not flagged; every amount is proven, but some identity rests on review, a tie-break, or financial equivalence across candidates",,7,7,0,0,0,
INV-H5-000082,0,,1637440,1637440,0.65,medium,1,1,1637440,INV-H5-000082#0,"not flagged; every amount is proven, but some identity rests on review, a tie-break, or financial equivalence across candidates",,15,15,0,0,0,
INV-H5-000083,0,,1869011,1869011,0.85,high,1,1,1869011,INV-H5-000083#0,not flagged; every line identified from text and priced exactly,,11,11,0,0,0,
INV-H5-000084,0,,2763677,2763677,0.65,medium,1,1,2763677,INV-H5-000084#0,"not flagged; every amount is proven, but some identity rests on review, a tie-break, or financial equivalence across candidates",,5,5,0,0,0,
INV-H5-000085,0,,,4885357,0.40,low,0,0,,INV-H5-000085#0,"H5-L00085-01: 'SUPERVISED SPCM ANLY /PH-7244' is unresolved (missing_discriminator) between Supervised Otolaryngologic Specimen Analysis or an uncontracted service ; H5-L00085-01 as Supervised Otolaryngologic Specimen Analysis: cumulative utilisation of 'Supervised Otolaryngologic Specimen Analysis' before this line lies in [170, 185], straddling a discount threshold ; blank: a line's description fits a contracted service only by omitting a word, and the review did not rule out an uncontracted service ; blank: cumulative utilisation before a line straddles a discount tier ; not flagged, but some line's corrected amount could not be proven, so not every rule could be checked",,13,12,0,1,0,"a line's description fits a contracted service only by omitting a word, and the review did not rule out an uncontracted service | cumulative utilisation before a line straddles a discount tier"
INV-H5-000086,0,,,6564875,0.40,low,0,0,,INV-H5-000086#0,"H5-L00086-05: 'SUPERVISED SPCM ANLY /PH-7244' is unresolved (missing_discriminator) between Supervised Otolaryngologic Specimen Analysis or an uncontracted service ; H5-L00086-05 as Supervised Otolaryngologic Specimen Analysis: cumulative utilisation of 'Supervised Otolaryngologic Specimen Analysis' before this line lies in [170, 195], straddling a discount threshold ; blank: a line's description fits a contracted service only by omitting a word, and the review did not rule out an uncontracted service ; blank: cumulative utilisation before a line straddles a discount tier ; not flagged, but some line's corrected amount could not be proven, so not every rule could be checked",,19,18,0,1,0,"a line's description fits a contracted service only by omitting a word, and the review did not rule out an uncontracted service | cumulative utilisation before a line straddles a discount tier"
INV-H5-000087,0,,415087,415087,0.85,high,1,1,415087,INV-H5-000087#0,not flagged; every line identified from text and priced exactly,,5,5,0,0,0,
INV-H5-000088,0,,1559454,1559454,0.85,high,1,1,1559454,INV-H5-000088#0,not flagged; every line identified from text and priced exactly,,5,5,0,0,0,
INV-H5-000089,0,,,5946686,0.40,low,0,0,,INV-H5-000089#0,"H5-L00089-12: 'SUPERVISED SPCM ANLY /PH-7244' is unresolved (missing_discriminator) between Supervised Otolaryngologic Specimen Analysis or an uncontracted service ; H5-L00089-12 as Supervised Otolaryngologic Specimen Analysis: cumulative utilisation of 'Supervised Otolaryngologic Specimen Analysis' before this line lies in [170, 204], straddling a discount threshold ; H5-L00089-19: 'SUPERVISED SPCM ANLY /PH-7244' is unresolved (missing_discriminator) between Supervised Otolaryngologic Specimen Analysis or an uncontracted service ; H5-L00089-19 as Supervised Otolaryngologic Specimen Analysis: cumulative utilisation of 'Supervised Otolaryngologic Specimen Analysis' before this line lies in [170, 200], straddling a discount threshold ; blank: a line's description fits a contracted service only by omitting a word, and the review did not rule out an uncontracted service ; blank: cumulative utilisation before a line straddles a discount tier ; not flagged, but some line's corrected amount could not be proven, so not every rule could be checked",,20,18,0,2,0,"a line's description fits a contracted service only by omitting a word, and the review did not rule out an uncontracted service | cumulative utilisation before a line straddles a discount tier"
INV-H5-000090,0,,,1712643,0.40,low,0,0,,INV-H5-000090#0,"H5-L00090-02: cumulative utilisation of 'Supervised Otolaryngologic Specimen Analysis' before this line lies in [170, 206], straddling a discount threshold ; blank: cumulative utilisation before a line straddles a discount tier ; not flagged, but some line's corrected amount could not be proven, so not every rule could be checked",,11,10,0,1,0,cumulative utilisation before a line straddles a discount tier
INV-H5-000091,1,invoice_total_mismatch|unit_price_mismatch,2620562,2533713,0.65,medium,1,1,2620562,INV-H5-000091#0,"findings depend on hospital-wide state, a recorded policy, a reviewed or tie-broken identity, or a candidate set priced by financial equivalence",,13,13,0,0,0,
INV-H5-000092,0,,891912,891912,0.65,medium,1,1,891912,INV-H5-000092#0,"not flagged; every amount is proven, but some identity rests on review, a tie-break, or financial equivalence across candidates",,9,9,0,0,0,
INV-H5-000093,0,,5022395,5022395,0.65,medium,1,1,5022395,INV-H5-000093#0,"not flagged; every amount is proven, but some identity rests on review, a tie-break, or financial equivalence across candidates",,19,19,0,0,0,
INV-H5-000094,0,,2728254,2728254,0.85,high,1,1,2728254,INV-H5-000094#0,not flagged; every line identified from text and priced exactly,,18,18,0,0,0,
INV-H5-000095,0,,1254832,1254832,0.65,medium,1,1,1254832,INV-H5-000095#0,"not flagged; every amount is proven, but some identity rests on review, a tie-break, or financial equivalence across candidates",,9,9,0,0,0,
INV-H5-000096,0,,,1671486,0.40,low,0,0,,INV-H5-000096#0,"H5-L00096-01: cumulative utilisation of 'Supervised Otolaryngologic Specimen Analysis' before this line lies in [178, 214], straddling a discount threshold ; blank: cumulative utilisation before a line straddles a discount tier ; not flagged, but some line's corrected amount could not be proven, so not every rule could be checked",,5,4,0,1,0,cumulative utilisation before a line straddles a discount tier
INV-H5-000097,0,,1973736,1973736,0.65,medium,1,1,1973736,INV-H5-000097#0,"not flagged; every amount is proven, but some identity rests on review, a tie-break, or financial equivalence across candidates",,6,6,0,0,0,
INV-H5-000098,0,,4627024,4627024,0.65,medium,1,1,4627024,INV-H5-000098#0,"not flagged; every amount is proven, but some identity rests on review, a tie-break, or financial equivalence across candidates",,19,19,0,0,0,
INV-H5-000099,0,,2440671,2440671,0.65,medium,1,1,2440671,INV-H5-000099#0,"not flagged; every amount is proven, but some identity rests on review, a tie-break, or financial equivalence across candidates",,11,11,0,0,0,
INV-H5-000100,0,,3030550,3030550,0.65,medium,1,1,3030550,INV-H5-000100#0,"not flagged; every amount is proven, but some identity rests on review, a tie-break, or financial equivalence across candidates",,17,17,0,0,0,
INV-H5-000101,0,,2682767,2682767,0.65,medium,1,1,2682767,INV-H5-000101#0,"not flagged; every amount is proven, but some identity rests on review, a tie-break, or financial equivalence across candidates",,13,13,0,0,0,
INV-H5-000102,1,wrong_unit_basis,3415440,3415440,0.85,high,1,1,3415440,INV-H5-000102#0,"findings apply contract rules to services identified from text, priced exactly",,10,10,0,0,0,
INV-H5-000103,0,,2369452,2369452,0.85,high,1,1,2369452,INV-H5-000103#0,not flagged; every line identified from text and priced exactly,,10,10,0,0,0,
INV-H5-000105,0,,2749081,2749081,0.65,medium,1,1,2749081,INV-H5-000105#0,"not flagged; every amount is proven, but some identity rests on review, a tie-break, or financial equivalence across candidates",,15,15,0,0,0,
INV-H5-000106,0,,3869792,3869792,0.65,medium,1,1,3869792,INV-H5-000106#0,"not flagged; every amount is proven, but some identity rests on review, a tie-break, or financial equivalence across candidates",,12,12,0,0,0,
INV-H5-000107,0,,6115057,6115057,0.65,medium,1,1,6115057,INV-H5-000107#0,"not flagged; every amount is proven, but some identity rests on review, a tie-break, or financial equivalence across candidates",,19,19,0,0,0,
INV-H5-000108,0,,3979059,3979059,0.65,medium,1,1,3979059,INV-H5-000108#0,"not flagged; every amount is proven, but some identity rests on review, a tie-break, or financial equivalence across candidates",,16,16,0,0,0,
INV-H5-000109,1,premium_incorrectly_applied|bundle_not_applied,5365694,5397917,0.65,medium,1,1,5365694,INV-H5-000109#0,"findings depend on hospital-wide state, a recorded policy, a reviewed or tie-broken identity, or a candidate set priced by financial equivalence",,20,20,0,0,0,
INV-H5-000110,0,,2692178,2692178,0.65,medium,1,1,2692178,INV-H5-000110#0,"not flagged; every amount is proven, but some identity rests on review, a tie-break, or financial equivalence across candidates",,9,9,0,0,0,
INV-H5-000111,0,,1925725,1925725,0.85,high,1,1,1925725,INV-H5-000111#0,not flagged; every line identified from text and priced exactly,,19,19,0,0,0,
INV-H5-000112,0,,1604708,1604708,0.85,high,1,1,1604708,INV-H5-000112#0,not flagged; every line identified from text and priced exactly,,7,7,0,0,0,
INV-H5-000113,0,,1374270,1374270,0.65,medium,1,1,1374270,INV-H5-000113#0,"not flagged; every amount is proven, but some identity rests on review, a tie-break, or financial equivalence across candidates",,6,6,0,0,0,
INV-H5-000114,0,,1425235,1425235,0.85,high,1,1,1425235,INV-H5-000114#0,not flagged; every line identified from text and priced exactly,,6,6,0,0,0,
INV-H5-000115,0,,1825298,1825298,0.65,medium,1,1,1825298,INV-H5-000115#0,"not flagged; every amount is proven, but some identity rests on review, a tie-break, or financial equivalence across candidates",,15,15,0,0,0,
INV-H5-000116,0,,,5060906,0.40,low,0,0,,INV-H5-000116#0,"H5-L00116-08: 'RTN  PHYSIOTHERAPY SESS' is unresolved (missing_discriminator) between Routine Psychiatric Physiotherapy Session or an uncontracted service ; blank: a line's description fits a contracted service only by omitting a word, and the review did not rule out an uncontracted service ; not flagged, but some line's corrected amount could not be proven, so not every rule could be checked",,19,18,0,1,0,"a line's description fits a contracted service only by omitting a word, and the review did not rule out an uncontracted service"
INV-H5-000117,1,malformed_service_date|unknown_service|volume_discount_incorrectly_applied,,3951859,0.40,low,0,0,,INV-H5-000117#0,"H5-L00117-11: service not contracted, so no contract price exists ; blank: a line names a service this agreement does not contract (no contract price) ; a finding rests on reading free text, or the corrected total cannot be proven",4017288,17,16,0,0,1,a line names a service this agreement does not contract (no contract price)
INV-H5-000118,0,,2388510,2388510,0.65,medium,1,1,2388510,INV-H5-000118#0,"not flagged; every amount is proven, but some identity rests on review, a tie-break, or financial equivalence across candidates",,14,14,0,0,0,
INV-H5-000119,0,,1348026,1348026,0.65,medium,1,1,1348026,INV-H5-000119#0,"not flagged; every amount is proven, but some identity rests on review, a tie-break, or financial equivalence across candidates",,8,8,0,0,0,
INV-H5-000120,0,,4887416,4887416,0.65,medium,1,1,4887416,INV-H5-000120#0,"not flagged; every amount is proven, but some identity rests on review, a tie-break, or financial equivalence across candidates",,19,19,0,0,0,
INV-H5-000121,0,,1266541,1266541,0.85,high,1,1,1266541,INV-H5-000121#0,not flagged; every line identified from text and priced exactly,,6,6,0,0,0,
INV-H5-000122,0,,959841,959841,0.65,medium,1,1,959841,INV-H5-000122#0,"not flagged; every amount is proven, but some identity rests on review, a tie-break, or financial equivalence across candidates",,9,9,0,0,0,
INV-H5-000123,0,,4309429,4309429,0.65,medium,1,1,4309429,INV-H5-000123#0,"not flagged; every amount is proven, but some identity rests on review, a tie-break, or financial equivalence across candidates",,20,20,0,0,0,
INV-H5-000124,0,,5538192,5538192,0.85,high,1,1,5538192,INV-H5-000124#0,not flagged; every line identified from text and priced exactly,,19,19,0,0,0,
INV-H5-000125,0,,2107475,2107475,0.65,medium,1,1,2107475,INV-H5-000125#0,"not flagged; every amount is proven, but some identity rests on review, a tie-break, or financial equivalence across candidates",,9,9,0,0,0,
INV-H5-000126,0,,2992540,2992540,0.65,medium,1,1,2992540,INV-H5-000126#0,"not flagged; every amount is proven, but some identity rests on review, a tie-break, or financial equivalence across candidates",,7,7,0,0,0,
INV-H5-000127,0,,5601683,5601683,0.85,high,1,1,5601683,INV-H5-000127#0,not flagged; every line identified from text and priced exactly,,19,19,0,0,0,
INV-H5-000128,0,,1094027,1094027,0.65,medium,1,1,1094027,INV-H5-000128#0,"not flagged; every amount is proven, but some identity rests on review, a tie-break, or financial equivalence across candidates",,6,6,0,0,0,
INV-H5-000129,0,,2897009,2897009,0.65,medium,1,1,2897009,INV-H5-000129#0,"not flagged; every amount is proven, but some identity rests on review, a tie-break, or financial equivalence across candidates",,13,13,0,0,0,
INV-H5-000130,0,,3938158,3938158,0.65,medium,1,1,3938158,INV-H5-000130#0,"not flagged; every amount is proven, but some identity rests on review, a tie-break, or financial equivalence across candidates",,16,16,0,0,0,
INV-H5-000131,0,,2360933,2360933,0.65,medium,1,1,2360933,INV-H5-000131#0,"not flagged; every amount is proven, but some identity rests on review, a tie-break, or financial equivalence across candidates",,18,18,0,0,0,
INV-H5-000132,1,premium_incorrectly_applied,2395988,2477518,0.65,medium,1,1,2395988,INV-H5-000132#0,"findings depend on hospital-wide state, a recorded policy, a reviewed or tie-broken identity, or a candidate set priced by financial equivalence",,12,12,0,0,0,
INV-H5-000133,0,,3166443,3166443,0.65,medium,1,1,3166443,INV-H5-000133#0,"not flagged; every amount is proven, but some identity rests on review, a tie-break, or financial equivalence across candidates",,19,19,0,0,0,
INV-H5-000134,0,,965478,965478,0.85,high,1,1,965478,INV-H5-000134#0,not flagged; every line identified from text and priced exactly,,5,5,0,0,0,
INV-H5-000135,0,,2186524,2186524,0.85,high,1,1,2186524,INV-H5-000135#0,not flagged; every line identified from text and priced exactly,,6,6,0,0,0,
INV-H5-000136,0,,1745497,1745497,0.65,medium,1,1,1745497,INV-H5-000136#0,"not flagged; every amount is proven, but some identity rests on review, a tie-break, or financial equivalence across candidates",,9,9,0,0,0,
INV-H5-000137,0,,4432064,4432064,0.65,medium,1,1,4432064,INV-H5-000137#0,"not flagged; every amount is proven, but some identity rests on review, a tie-break, or financial equivalence across candidates",,19,19,0,0,0,
INV-H5-000138,0,,1443715,1443715,0.65,medium,1,1,1443715,INV-H5-000138#0,"not flagged; every amount is proven, but some identity rests on review, a tie-break, or financial equivalence across candidates",,6,6,0,0,0,
INV-H5-000139,0,,2495956,2495956,0.65,medium,1,1,2495956,INV-H5-000139#0,"not flagged; every amount is proven, but some identity rests on review, a tie-break, or financial equivalence across candidates",,13,13,0,0,0,
INV-H5-000140,0,,3331663,3331663,0.65,medium,1,1,3331663,INV-H5-000140#0,"not flagged; every amount is proven, but some identity rests on review, a tie-break, or financial equivalence across candidates",,20,20,0,0,0,
INV-H5-000141,0,,2430635,2430635,0.65,medium,1,1,2430635,INV-H5-000141#0,"not flagged; every amount is proven, but some identity rests on review, a tie-break, or financial equivalence across candidates",,9,9,0,0,0,
INV-H5-000142,0,,,1393263,0.40,low,0,0,,INV-H5-000142#0,"H5-L00142-08: 'SUPERVISED SPCM ANLY /PH-7244' is unresolved (missing_discriminator) between Supervised Otolaryngologic Specimen Analysis or an uncontracted service ; blank: a line's description fits a contracted service only by omitting a word, and the review did not rule out an uncontracted service ; not flagged, but some line's corrected amount could not be proven, so not every rule could be checked",,9,8,0,1,0,"a line's description fits a contracted service only by omitting a word, and the review did not rule out an uncontracted service"
INV-H5-000143,0,,,5853254,0.40,low,0,0,,INV-H5-000143#0,"H5-L00143-01: 'UROL HM VST /PH-1437' is unresolved (missing_discriminator) between Emergency Urologic Home Visit or an uncontracted service ; blank: a line's description fits a contracted service only by omitting a word, and the review did not rule out an uncontracted service ; not flagged, but some line's corrected amount could not be proven, so not every rule could be checked",,16,15,0,1,0,"a line's description fits a contracted service only by omitting a word, and the review did not rule out an uncontracted service"
INV-H5-000144,0,,1840587,1840587,0.85,high,1,1,1840587,INV-H5-000144#0,not flagged; every line identified from text and priced exactly,,9,9,0,0,0,
INV-H5-000145,0,,2342674,2342674,0.85,high,1,1,2342674,INV-H5-000145#0,not flagged; every line identified from text and priced exactly,,12,12,0,0,0,
INV-H5-000146,0,,2603965,2603965,0.65,medium,1,1,2603965,INV-H5-000146#0,"not flagged; every amount is proven, but some identity rests on review, a tie-break, or financial equivalence across candidates",,12,12,0,0,0,
INV-H5-000147,1,contract_number_mismatch|line_total_arithmetic|unit_price_mismatch,,1032581,0.40,low,0,0,,INV-H5-000147#0,"H5-L00147-05: 'SUPERVISED SPCM ANLY /PH-7244' is unresolved (missing_discriminator) between Supervised Otolaryngologic Specimen Analysis or an uncontracted service ; blank: a line's description fits a contracted service only by omitting a word, and the review did not rule out an uncontracted service ; a finding rests on reading free text, or the corrected total cannot be proven",,6,5,0,1,0,"a line's description fits a contracted service only by omitting a word, and the review did not rule out an uncontracted service"
INV-H5-000148,0,,3708048,3708048,0.65,medium,1,1,3708048,INV-H5-000148#0,"not flagged; every amount is proven, but some identity rests on review, a tie-break, or financial equivalence across candidates",,11,11,0,0,0,
INV-H5-000149,0,,1192595,1192595,0.65,medium,1,1,1192595,INV-H5-000149#0,"not flagged; every amount is proven, but some identity rests on review, a tie-break, or financial equivalence across candidates",,9,9,0,0,0,
INV-H5-000150,0,,,5213628,0.40,low,0,0,,INV-H5-000150#0,"H5-L00150-15: 'SUPERVISED SPCM ANLY /PH-7244' is unresolved (missing_discriminator) between Supervised Otolaryngologic Specimen Analysis or an uncontracted service ; blank: a line's description fits a contracted service only by omitting a word, and the review did not rule out an uncontracted service ; not flagged, but some line's corrected amount could not be proven, so not every rule could be checked",,18,17,0,1,0,"a line's description fits a contracted service only by omitting a word, and the review did not rule out an uncontracted service"
INV-H5-000151,0,,1819366,1819366,0.65,medium,1,1,1819366,INV-H5-000151#0,"not flagged; every amount is proven, but some identity rests on review, a tie-break, or financial equivalence across candidates",,11,11,0,0,0,
INV-H5-000152,0,,979169,979169,0.65,medium,1,1,979169,INV-H5-000152#0,"not flagged; every amount is proven, but some identity rests on review, a tie-break, or financial equivalence across candidates",,10,10,0,0,0,
INV-H5-000153,0,,1299283,1299283,0.85,high,1,1,1299283,INV-H5-000153#0,not flagged; every line identified from text and priced exactly,,7,7,0,0,0,
INV-H5-000154,0,,1217400,1217400,0.85,high,1,1,1217400,INV-H5-000154#0,not flagged; every line identified from text and priced exactly,,7,7,0,0,0,
INV-H5-000155,0,,2042963,2042963,0.85,high,1,1,2042963,INV-H5-000155#0,not flagged; every line identified from text and priced exactly,,9,9,0,0,0,
INV-H5-000156,0,,5230865,5230865,0.65,medium,1,1,5230865,INV-H5-000156#0,"not flagged; every amount is proven, but some identity rests on review, a tie-break, or financial equivalence across candidates",,20,20,0,0,0,
INV-H5-000157,0,,989403,989403,0.65,medium,1,1,989403,INV-H5-000157#0,"not flagged; every amount is proven, but some identity rests on review, a tie-break, or financial equivalence across candidates",,7,7,0,0,0,
INV-H5-000158,0,,5073740,5073740,0.85,high,1,1,5073740,INV-H5-000158#0,not flagged; every line identified from text and priced exactly,,19,19,0,0,0,
INV-H5-000159,0,,5851546,5851546,0.65,medium,1,1,5851546,INV-H5-000159#0,"not flagged; every amount is proven, but some identity rests on review, a tie-break, or financial equivalence across candidates",,17,17,0,0,0,
INV-H5-000160,1,invoice_total_mismatch|volume_discount_incorrectly_applied,2546019,2410731,0.65,medium,1,1,2546019,INV-H5-000160#0,"findings depend on hospital-wide state, a recorded policy, a reviewed or tie-broken identity, or a candidate set priced by financial equivalence",,10,10,0,0,0,
INV-H5-000161,0,,2781086,2781086,0.85,high,1,1,2781086,INV-H5-000161#0,not flagged; every line identified from text and priced exactly,,16,16,0,0,0,
INV-H5-000162,0,,3502745,3502745,0.85,high,1,1,3502745,INV-H5-000162#0,not flagged; every line identified from text and priced exactly,,20,20,0,0,0,
INV-H5-000163,1,volume_discount_omitted,2631581,2638415,0.65,medium,1,1,2631581,INV-H5-000163#0,"findings depend on hospital-wide state, a recorded policy, a reviewed or tie-broken identity, or a candidate set priced by financial equivalence",,11,11,0,0,0,
INV-H5-000164,1,daily_cap_exceeded,,5782441,0.40,low,1,0,4988191,INV-H5-000164#0,"H5-L00164-02: the cap proves the quantity wrong but not what it should be; only the capped amount is a ceiling (policy) ; blank: a daily cap is breached: the billed quantity is wrong but the right one is unknowable ; a finding rests on reading free text, or the corrected total cannot be proven",,18,17,0,1,0,a daily cap is breached: the billed quantity is wrong but the right one is unknowable
INV-H5-000165,0,,5201663,5201663,0.65,medium,1,1,5201663,INV-H5-000165#0,"not flagged; every amount is proven, but some identity rests on review, a tie-break, or financial equivalence across candidates",,19,19,0,0,0,
INV-H5-000166,0,,2295203,2295203,0.65,medium,1,1,2295203,INV-H5-000166#0,"not flagged; every amount is proven, but some identity rests on review, a tie-break, or financial equivalence across candidates",,13,13,0,0,0,
INV-H5-000167,0,,1958396,1958396,0.65,medium,1,1,1958396,INV-H5-000167#0,"not flagged; every amount is proven, but some identity rests on review, a tie-break, or financial equivalence across candidates",,8,8,0,0,0,
INV-H5-000168,0,,492371,492371,0.65,medium,1,1,492371,INV-H5-000168#0,"not flagged; every amount is proven, but some identity rests on review, a tie-break, or financial equivalence across candidates",,5,5,0,0,0,
INV-H5-000169,0,,1528372,1528372,0.65,medium,1,1,1528372,INV-H5-000169#0,"not flagged; every amount is proven, but some identity rests on review, a tie-break, or financial equivalence across candidates",,12,12,0,0,0,
INV-H5-000170,1,duplicate_invoice_id|bundle_not_applied|cross_invoice_duplicate,2267733,2575249,0.65,medium,1,1,2267733,INV-H5-000170#0|INV-H5-000170#1,"invoice number reused: this row represents occurrence INV-H5-000170#1; earlier occurrence(s) INV-H5-000170#0 (0 finding(s)) are audited separately in findings.csv ; findings depend on hospital-wide state, a recorded policy, a reviewed or tie-broken identity, or a candidate set priced by financial equivalence",,13,13,0,0,0,
INV-H5-000171,1,invoice_total_mismatch|unit_price_mismatch|unknown_service,,2939365,0.40,low,0,0,,INV-H5-000171#0,"H5-L00171-05: service not contracted, so no contract price exists ; blank: a line names a service this agreement does not contract (no contract price) ; a finding rests on reading free text, or the corrected total cannot be proven",2830349,6,5,0,0,1,a line names a service this agreement does not contract (no contract price)
INV-H5-000172,0,,2060957,2060957,0.65,medium,1,1,2060957,INV-H5-000172#0,"not flagged; every amount is proven, but some identity rests on review, a tie-break, or financial equivalence across candidates",,15,15,0,0,0,
INV-H5-000173,0,,4368712,4368712,0.65,medium,1,1,4368712,INV-H5-000173#0,"not flagged; every amount is proven, but some identity rests on review, a tie-break, or financial equivalence across candidates",,16,16,0,0,0,
INV-H5-000174,0,,4402790,4402790,0.65,medium,1,1,4402790,INV-H5-000174#0,"not flagged; every amount is proven, but some identity rests on review, a tie-break, or financial equivalence across candidates",,17,17,0,0,0,
INV-H5-000175,0,,6441555,6441555,0.65,medium,1,1,6441555,INV-H5-000175#0,"not flagged; every amount is proven, but some identity rests on review, a tie-break, or financial equivalence across candidates",,19,19,0,0,0,
INV-H5-000176,0,,754959,754959,0.85,high,1,1,754959,INV-H5-000176#0,not flagged; every line identified from text and priced exactly,,5,5,0,0,0,
INV-H5-000177,0,,2431314,2431314,0.65,medium,1,1,2431314,INV-H5-000177#0,"not flagged; every amount is proven, but some identity rests on review, a tie-break, or financial equivalence across candidates",,16,16,0,0,0,
INV-H5-000178,0,,1341779,1341779,0.65,medium,1,1,1341779,INV-H5-000178#0,"not flagged; every amount is proven, but some identity rests on review, a tie-break, or financial equivalence across candidates",,7,7,0,0,0,
INV-H5-000179,0,,2959931,2959931,0.65,medium,1,1,2959931,INV-H5-000179#0,"not flagged; every amount is proven, but some identity rests on review, a tie-break, or financial equivalence across candidates",,16,16,0,0,0,
INV-H5-000180,0,,5114274,5114274,0.65,medium,1,1,5114274,INV-H5-000180#0,"not flagged; every amount is proven, but some identity rests on review, a tie-break, or financial equivalence across candidates",,18,18,0,0,0,
INV-H5-000181,0,,1943470,1943470,0.85,high,1,1,1943470,INV-H5-000181#0,not flagged; every line identified from text and priced exactly,,12,12,0,0,0,
INV-H5-000182,0,,2723846,2723846,0.85,high,1,1,2723846,INV-H5-000182#0,not flagged; every line identified from text and priced exactly,,10,10,0,0,0,
INV-H5-000183,0,,611744,611744,0.85,high,1,1,611744,INV-H5-000183#0,not flagged; every line identified from text and priced exactly,,7,7,0,0,0,
INV-H5-000184,0,,5973165,5973165,0.65,medium,1,1,5973165,INV-H5-000184#0,"not flagged; every amount is proven, but some identity rests on review, a tie-break, or financial equivalence across candidates",,18,18,0,0,0,
INV-H5-000185,0,,2144815,2144815,0.65,medium,1,1,2144815,INV-H5-000185#0,"not flagged; every amount is proven, but some identity rests on review, a tie-break, or financial equivalence across candidates",,12,12,0,0,0,
INV-H5-000186,0,,4871808,4871808,0.65,medium,1,1,4871808,INV-H5-000186#0,"not flagged; every amount is proven, but some identity rests on review, a tie-break, or financial equivalence across candidates",,18,18,0,0,0,
INV-H5-000187,0,,1696206,1696206,0.65,medium,1,1,1696206,INV-H5-000187#0,"not flagged; every amount is proven, but some identity rests on review, a tie-break, or financial equivalence across candidates",,8,8,0,0,0,
INV-H5-000188,0,,2467403,2467403,0.85,high,1,1,2467403,INV-H5-000188#0,not flagged; every line identified from text and priced exactly,,16,16,0,0,0,
INV-H5-000189,0,,5210763,5210763,0.85,high,1,1,5210763,INV-H5-000189#0,not flagged; every line identified from text and priced exactly,,20,20,0,0,0,
INV-H5-000190,1,invoice_total_mismatch|malformed_service_date|daily_cap_exceeded,,3594469,0.40,low,1,0,3606599,INV-H5-000190#0,"H5-L00190-06: the cap proves the quantity wrong but not what it should be; only the capped amount is a ceiling (policy) ; blank: a daily cap is breached: the billed quantity is wrong but the right one is unknowable ; a finding rests on reading free text, or the corrected total cannot be proven",,10,9,0,1,0,a daily cap is breached: the billed quantity is wrong but the right one is unknowable
INV-H5-000191,0,,2828264,2828264,0.85,high,1,1,2828264,INV-H5-000191#0,not flagged; every line identified from text and priced exactly,,10,10,0,0,0,
INV-H5-000192,0,,2729723,2729723,0.65,medium,1,1,2729723,INV-H5-000192#0,"not flagged; every amount is proven, but some identity rests on review, a tie-break, or financial equivalence across candidates",,11,11,0,0,0,
INV-H5-000193,0,,1192291,1192291,0.85,high,1,1,1192291,INV-H5-000193#0,not flagged; every line identified from text and priced exactly,,5,5,0,0,0,
INV-H5-000194,0,,1741926,1741926,0.65,medium,1,1,1741926,INV-H5-000194#0,"not flagged; every amount is proven, but some identity rests on review, a tie-break, or financial equivalence across candidates",,10,10,0,0,0,
INV-H5-000195,0,,,3622857,0.40,low,0,0,,INV-H5-000195#0,"H5-L00195-12: 'UROL HM VST /PH-1437' is unresolved (missing_discriminator) between Emergency Urologic Home Visit or an uncontracted service ; blank: a line's description fits a contracted service only by omitting a word, and the review did not rule out an uncontracted service ; not flagged, but some line's corrected amount could not be proven, so not every rule could be checked",,20,19,0,1,0,"a line's description fits a contracted service only by omitting a word, and the review did not rule out an uncontracted service"
INV-H5-000196,0,,4867719,4867719,0.65,medium,1,1,4867719,INV-H5-000196#0,"not flagged; every amount is proven, but some identity rests on review, a tie-break, or financial equivalence across candidates",,17,17,0,0,0,
INV-H5-000197,1,volume_discount_incorrectly_applied,3398989,3362731,0.65,medium,1,1,3398989,INV-H5-000197#0,"findings depend on hospital-wide state, a recorded policy, a reviewed or tie-broken identity, or a candidate set priced by financial equivalence",,16,16,0,0,0,
INV-H5-000198,0,,3668272,3668272,0.65,medium,1,1,3668272,INV-H5-000198#0,"not flagged; every amount is proven, but some identity rests on review, a tie-break, or financial equivalence across candidates",,16,16,0,0,0,
INV-H5-000199,0,,1913793,1913793,0.85,high,1,1,1913793,INV-H5-000199#0,not flagged; every line identified from text and priced exactly,,10,10,0,0,0,
INV-H5-000200,0,,3818816,3818816,0.65,medium,1,1,3818816,INV-H5-000200#0,"not flagged; every amount is proven, but some identity rests on review, a tie-break, or financial equivalence across candidates",,12,12,0,0,0,
INV-H5-000201,0,,1948379,1948379,0.65,medium,1,1,1948379,INV-H5-000201#0,"not flagged; every amount is proven, but some identity rests on review, a tie-break, or financial equivalence across candidates",,18,18,0,0,0,
INV-H5-000202,0,,1559673,1559673,0.65,medium,1,1,1559673,INV-H5-000202#0,"not flagged; every amount is proven, but some identity rests on review, a tie-break, or financial equivalence across candidates",,10,10,0,0,0,
INV-H5-000203,0,,3676902,3676902,0.65,medium,1,1,3676902,INV-H5-000203#0,"not flagged; every amount is proven, but some identity rests on review, a tie-break, or financial equivalence across candidates",,16,16,0,0,0,
INV-H5-000204,0,,2237067,2237067,0.65,medium,1,1,2237067,INV-H5-000204#0,"not flagged; every amount is proven, but some identity rests on review, a tie-break, or financial equivalence across candidates",,15,15,0,0,0,
INV-H5-000205,0,,4549107,4549107,0.65,medium,1,1,4549107,INV-H5-000205#0,"not flagged; every amount is proven, but some identity rests on review, a tie-break, or financial equivalence across candidates",,18,18,0,0,0,
INV-H5-000206,0,,2432220,2432220,0.65,medium,1,1,2432220,INV-H5-000206#0,"not flagged; every amount is proven, but some identity rests on review, a tie-break, or financial equivalence across candidates",,16,16,0,0,0,
INV-H5-000207,0,,1690030,1690030,0.85,high,1,1,1690030,INV-H5-000207#0,not flagged; every line identified from text and priced exactly,,14,14,0,0,0,
INV-H5-000208,0,,1467080,1467080,0.85,high,1,1,1467080,INV-H5-000208#0,not flagged; every line identified from text and priced exactly,,5,5,0,0,0,
INV-H5-000209,1,contract_number_mismatch|unknown_service,,2696117,0.40,low,0,0,,INV-H5-000209#0,"H5-L00209-07: service not contracted, so no contract price exists ; blank: a line names a service this agreement does not contract (no contract price) ; a finding rests on reading free text, or the corrected total cannot be proven",2696117,7,6,0,0,1,a line names a service this agreement does not contract (no contract price)
INV-H5-000210,0,,2003693,2003693,0.65,medium,1,1,2003693,INV-H5-000210#0,"not flagged; every amount is proven, but some identity rests on review, a tie-break, or financial equivalence across candidates",,6,6,0,0,0,
INV-H5-000211,0,,476248,476248,0.85,high,1,1,476248,INV-H5-000211#0,not flagged; every line identified from text and priced exactly,,6,6,0,0,0,
INV-H5-000212,0,,1700233,1700233,0.65,medium,1,1,1700233,INV-H5-000212#0,"not flagged; every amount is proven, but some identity rests on review, a tie-break, or financial equivalence across candidates",,7,7,0,0,0,
INV-H5-000213,0,,2219209,2219209,0.65,medium,1,1,2219209,INV-H5-000213#0,"not flagged; every amount is proven, but some identity rests on review, a tie-break, or financial equivalence across candidates",,13,13,0,0,0,
INV-H5-000214,0,,3483665,3483665,0.65,medium,1,1,3483665,INV-H5-000214#0,"not flagged; every amount is proven, but some identity rests on review, a tie-break, or financial equivalence across candidates",,12,12,0,0,0,
INV-H5-000215,1,contract_number_mismatch|wrong_unit_basis|line_total_arithmetic,,3612056,0.40,low,0,0,,INV-H5-000215#0,"H5-L00215-13: 'SUPERVISED SPCM ANLY /PH-7244' is unresolved (missing_discriminator) between Supervised Otolaryngologic Specimen Analysis or an uncontracted service ; blank: a line's description fits a contracted service only by omitting a word, and the review did not rule out an uncontracted service ; a finding rests on reading free text, or the corrected total cannot be proven",,14,13,0,1,0,"a line's description fits a contracted service only by omitting a word, and the review did not rule out an uncontracted service"
INV-H5-000216,0,,4189160,4189160,0.85,high,1,1,4189160,INV-H5-000216#0,not flagged; every line identified from text and priced exactly,,19,19,0,0,0,
INV-H5-000217,0,,2739145,2739145,0.65,medium,1,1,2739145,INV-H5-000217#0,"not flagged; every amount is proven, but some identity rests on review, a tie-break, or financial equivalence across candidates",,16,16,0,0,0,
INV-H5-000218,0,,2324118,2324118,0.65,medium,1,1,2324118,INV-H5-000218#0,"not flagged; every amount is proven, but some identity rests on review, a tie-break, or financial equivalence across candidates",,18,18,0,0,0,
INV-H5-000219,0,,2291335,2291335,0.65,medium,1,1,2291335,INV-H5-000219#0,"not flagged; every amount is proven, but some identity rests on review, a tie-break, or financial equivalence across candidates",,12,12,0,0,0,
INV-H5-000220,1,premium_omitted|cross_invoice_duplicate|exclusion_window_violation,1387586,1458910,0.65,medium,1,1,1387586,INV-H5-000220#0,"findings depend on hospital-wide state, a recorded policy, a reviewed or tie-broken identity, or a candidate set priced by financial equivalence",,11,11,0,0,0,
INV-H5-000221,0,,1252228,1252228,0.85,high,1,1,1252228,INV-H5-000221#0,not flagged; every line identified from text and priced exactly,,6,6,0,0,0,
INV-H5-000222,0,,2145806,2145806,0.65,medium,1,1,2145806,INV-H5-000222#0,"not flagged; every amount is proven, but some identity rests on review, a tie-break, or financial equivalence across candidates",,12,12,0,0,0,
INV-H5-000223,0,,3641448,3641448,0.65,medium,1,1,3641448,INV-H5-000223#0,"not flagged; every amount is proven, but some identity rests on review, a tie-break, or financial equivalence across candidates",,14,14,0,0,0,
INV-H5-000224,1,malformed_service_date,4711155,4711155,0.85,high,1,1,4711155,INV-H5-000224#0,"every finding follows from the invoice's own fields, independent of service identity",,19,19,0,0,0,
INV-H5-000225,0,,2353133,2353133,0.65,medium,1,1,2353133,INV-H5-000225#0,"not flagged; every amount is proven, but some identity rests on review, a tie-break, or financial equivalence across candidates",,9,9,0,0,0,
INV-H5-000226,0,,4310326,4310326,0.85,high,1,1,4310326,INV-H5-000226#0,not flagged; every line identified from text and priced exactly,,15,15,0,0,0,
INV-H5-000227,0,,2996772,2996772,0.65,medium,1,1,2996772,INV-H5-000227#0,"not flagged; every amount is proven, but some identity rests on review, a tie-break, or financial equivalence across candidates",,16,16,0,0,0,
INV-H5-000228,0,,,1674950,0.40,low,0,0,,INV-H5-000228#0,"H5-L00228-06: 'UROL HM VST /PH-1437' is unresolved (missing_discriminator) between Emergency Urologic Home Visit or an uncontracted service ; blank: a line's description fits a contracted service only by omitting a word, and the review did not rule out an uncontracted service ; not flagged, but some line's corrected amount could not be proven, so not every rule could be checked",,7,6,0,1,0,"a line's description fits a contracted service only by omitting a word, and the review did not rule out an uncontracted service"
INV-H5-000229,0,,2525002,2525002,0.65,medium,1,1,2525002,INV-H5-000229#0,"not flagged; every amount is proven, but some identity rests on review, a tie-break, or financial equivalence across candidates",,14,14,0,0,0,
INV-H5-000230,0,,2166107,2166107,0.65,medium,1,1,2166107,INV-H5-000230#0,"not flagged; every amount is proven, but some identity rests on review, a tie-break, or financial equivalence across candidates",,12,12,0,0,0,
INV-H5-000231,0,,2501336,2501336,0.65,medium,1,1,2501336,INV-H5-000231#0,"not flagged; every amount is proven, but some identity rests on review, a tie-break, or financial equivalence across candidates",,7,7,0,0,0,
INV-H5-000233,0,,2668108,2668108,0.65,medium,1,1,2668108,INV-H5-000233#0,"not flagged; every amount is proven, but some identity rests on review, a tie-break, or financial equivalence across candidates",,13,13,0,0,0,
INV-H5-000234,0,,2702803,2702803,0.65,medium,1,1,2702803,INV-H5-000234#0,"not flagged; every amount is proven, but some identity rests on review, a tie-break, or financial equivalence across candidates",,12,12,0,0,0,
INV-H5-000235,0,,2739452,2739452,0.65,medium,1,1,2739452,INV-H5-000235#0,"not flagged; every amount is proven, but some identity rests on review, a tie-break, or financial equivalence across candidates",,16,16,0,0,0,
INV-H5-000236,1,unit_price_mismatch,6667569,6611716,0.65,medium,1,1,6667569,INV-H5-000236#0,"findings depend on hospital-wide state, a recorded policy, a reviewed or tie-broken identity, or a candidate set priced by financial equivalence",,19,19,0,0,0,
INV-H5-000237,0,,4095315,4095315,0.65,medium,1,1,4095315,INV-H5-000237#0,"not flagged; every amount is proven, but some identity rests on review, a tie-break, or financial equivalence across candidates",,18,18,0,0,0,
INV-H5-000238,0,,3804326,3804326,0.65,medium,1,1,3804326,INV-H5-000238#0,"not flagged; every amount is proven, but some identity rests on review, a tie-break, or financial equivalence across candidates",,15,15,0,0,0,
INV-H5-000239,0,,,1978606,0.40,low,0,0,,INV-H5-000239#0,"H5-L00239-05: 'SUPERVISED SPCM ANLY /PH-7244' is unresolved (missing_discriminator) between Supervised Otolaryngologic Specimen Analysis or an uncontracted service ; blank: a line's description fits a contracted service only by omitting a word, and the review did not rule out an uncontracted service ; not flagged, but some line's corrected amount could not be proven, so not every rule could be checked",,10,9,0,1,0,"a line's description fits a contracted service only by omitting a word, and the review did not rule out an uncontracted service"
INV-H5-000240,0,,2668238,2668238,0.65,medium,1,1,2668238,INV-H5-000240#0,"not flagged; every amount is proven, but some identity rests on review, a tie-break, or financial equivalence across candidates",,16,16,0,0,0,
INV-H5-000241,0,,791180,791180,0.85,high,1,1,791180,INV-H5-000241#0,not flagged; every line identified from text and priced exactly,,8,8,0,0,0,
INV-H5-000242,0,,,2273469,0.40,low,0,0,,INV-H5-000242#0,"H5-L00242-01: 'SUPERVISED SPCM ANLY /PH-7244' is unresolved (missing_discriminator) between Supervised Otolaryngologic Specimen Analysis or an uncontracted service ; H5-L00242-15: 'UROL HM VST /PH-1437' is unresolved (missing_discriminator) between Emergency Urologic Home Visit or an uncontracted service ; blank: a line's description fits a contracted service only by omitting a word, and the review did not rule out an uncontracted service ; not flagged, but some line's corrected amount could not be proven, so not every rule could be checked",,20,18,0,2,0,"a line's description fits a contracted service only by omitting a word, and the review did not rule out an uncontracted service"
INV-H5-000243,0,,1460165,1460165,0.85,high,1,1,1460165,INV-H5-000243#0,not flagged; every line identified from text and priced exactly,,6,6,0,0,0,
INV-H5-000244,0,,2297415,2297415,0.65,medium,1,1,2297415,INV-H5-000244#0,"not flagged; every amount is proven, but some identity rests on review, a tie-break, or financial equivalence across candidates",,5,5,0,0,0,
INV-H5-000245,0,,1891041,1891041,0.65,medium,1,1,1891041,INV-H5-000245#0,"not flagged; every amount is proven, but some identity rests on review, a tie-break, or financial equivalence across candidates",,11,11,0,0,0,
INV-H5-000246,0,,3442900,3442900,0.65,medium,1,1,3442900,INV-H5-000246#0,"not flagged; every amount is proven, but some identity rests on review, a tie-break, or financial equivalence across candidates",,15,15,0,0,0,
INV-H5-000247,0,,,3428439,0.40,low,0,0,,INV-H5-000247#0,"H5-L00247-01: 'SUPERVISED SPCM ANLY /PH-7244' is unresolved (missing_discriminator) between Supervised Otolaryngologic Specimen Analysis or an uncontracted service ; blank: a line's description fits a contracted service only by omitting a word, and the review did not rule out an uncontracted service ; not flagged, but some line's corrected amount could not be proven, so not every rule could be checked",,16,15,0,1,0,"a line's description fits a contracted service only by omitting a word, and the review did not rule out an uncontracted service"
INV-H5-000248,0,,5428929,5428929,0.65,medium,1,1,5428929,INV-H5-000248#0,"not flagged; every amount is proven, but some identity rests on review, a tie-break, or financial equivalence across candidates",,20,20,0,0,0,
INV-H5-000249,0,,5021850,5021850,0.65,medium,1,1,5021850,INV-H5-000249#0,"not flagged; every amount is proven, but some identity rests on review, a tie-break, or financial equivalence across candidates",,16,16,0,0,0,
INV-H5-000250,0,,1189113,1189113,0.65,medium,1,1,1189113,INV-H5-000250#0,"not flagged; every amount is proven, but some identity rests on review, a tie-break, or financial equivalence across candidates",,6,6,0,0,0,
INV-H5-000251,0,,2064773,2064773,0.65,medium,1,1,2064773,INV-H5-000251#0,"not flagged; every amount is proven, but some identity rests on review, a tie-break, or financial equivalence across candidates",,10,10,0,0,0,
INV-H5-000252,0,,3096373,3096373,0.65,medium,1,1,3096373,INV-H5-000252#0,"not flagged; every amount is proven, but some identity rests on review, a tie-break, or financial equivalence across candidates",,18,18,0,0,0,
INV-H5-000253,0,,1356969,1356969,0.85,high,1,1,1356969,INV-H5-000253#0,not flagged; every line identified from text and priced exactly,,5,5,0,0,0,
INV-H5-000254,0,,5769185,5769185,0.65,medium,1,1,5769185,INV-H5-000254#0,"not flagged; every amount is proven, but some identity rests on review, a tie-break, or financial equivalence across candidates",,19,19,0,0,0,
INV-H5-000255,0,,3813029,3813029,0.65,medium,1,1,3813029,INV-H5-000255#0,"not flagged; every amount is proven, but some identity rests on review, a tie-break, or financial equivalence across candidates",,18,18,0,0,0,
INV-H5-000256,0,,2929364,2929364,0.65,medium,1,1,2929364,INV-H5-000256#0,"not flagged; every amount is proven, but some identity rests on review, a tie-break, or financial equivalence across candidates",,9,9,0,0,0,
INV-H5-000257,0,,,1942973,0.40,low,0,0,,INV-H5-000257#0,"H5-L00257-11: 'UROL HM VST /PH-1437' is unresolved (missing_discriminator) between Emergency Urologic Home Visit or an uncontracted service ; blank: a line's description fits a contracted service only by omitting a word, and the review did not rule out an uncontracted service ; not flagged, but some line's corrected amount could not be proven, so not every rule could be checked",,12,11,0,1,0,"a line's description fits a contracted service only by omitting a word, and the review did not rule out an uncontracted service"
INV-H5-000258,0,,,2362807,0.40,low,0,0,,INV-H5-000258#0,"H5-L00258-02: 'UROL HM VST /PH-1437' is unresolved (missing_discriminator) between Emergency Urologic Home Visit or an uncontracted service ; blank: a line's description fits a contracted service only by omitting a word, and the review did not rule out an uncontracted service ; not flagged, but some line's corrected amount could not be proven, so not every rule could be checked",,9,8,0,1,0,"a line's description fits a contracted service only by omitting a word, and the review did not rule out an uncontracted service"
INV-H5-000259,0,,1748709,1748709,0.65,medium,1,1,1748709,INV-H5-000259#0,"not flagged; every amount is proven, but some identity rests on review, a tie-break, or financial equivalence across candidates",,12,12,0,0,0,
INV-H5-000260,1,contract_number_mismatch|duplicate_invoice_id,3972024,3972024,0.85,high,1,1,3972024,INV-H5-000260#0|INV-H5-000260#1,"invoice number reused: this row represents occurrence INV-H5-000260#1; earlier occurrence(s) INV-H5-000260#0 (0 finding(s)) are audited separately in findings.csv ; every finding follows from the invoice's own fields, independent of service identity",,18,18,0,0,0,
INV-H5-000261,0,,,3350268,0.40,low,0,0,,INV-H5-000261#0,"H5-L00261-02: 'SUPERVISED SPCM ANLY /PH-7244' is unresolved (missing_discriminator) between Supervised Otolaryngologic Specimen Analysis or an uncontracted service ; blank: a line's description fits a contracted service only by omitting a word, and the review did not rule out an uncontracted service ; not flagged, but some line's corrected amount could not be proven, so not every rule could be checked",,16,15,0,1,0,"a line's description fits a contracted service only by omitting a word, and the review did not rule out an uncontracted service"
INV-H5-000262,0,,1744920,1744920,0.85,high,1,1,1744920,INV-H5-000262#0,not flagged; every line identified from text and priced exactly,,5,5,0,0,0,
INV-H5-000264,0,,3724362,3724362,0.85,high,1,1,3724362,INV-H5-000264#0,not flagged; every line identified from text and priced exactly,,15,15,0,0,0,
INV-H5-000265,0,,5411328,5411328,0.65,medium,1,1,5411328,INV-H5-000265#0,"not flagged; every amount is proven, but some identity rests on review, a tie-break, or financial equivalence across candidates",,19,19,0,0,0,
INV-H5-000266,0,,1350486,1350486,0.65,medium,1,1,1350486,INV-H5-000266#0,"not flagged; every amount is proven, but some identity rests on review, a tie-break, or financial equivalence across candidates",,11,11,0,0,0,
INV-H5-000267,0,,1369334,1369334,0.65,medium,1,1,1369334,INV-H5-000267#0,"not flagged; every amount is proven, but some identity rests on review, a tie-break, or financial equivalence across candidates",,7,7,0,0,0,
INV-H5-000268,0,,2965443,2965443,0.65,medium,1,1,2965443,INV-H5-000268#0,"not flagged; every amount is proven, but some identity rests on review, a tie-break, or financial equivalence across candidates",,12,12,0,0,0,
INV-H5-000269,0,,1695975,1695975,0.65,medium,1,1,1695975,INV-H5-000269#0,"not flagged; every amount is proven, but some identity rests on review, a tie-break, or financial equivalence across candidates",,11,11,0,0,0,
INV-H5-000270,0,,3541967,3541967,0.65,medium,1,1,3541967,INV-H5-000270#0,"not flagged; every amount is proven, but some identity rests on review, a tie-break, or financial equivalence across candidates",,11,11,0,0,0,
INV-H5-000271,0,,3460030,3460030,0.65,medium,1,1,3460030,INV-H5-000271#0,"not flagged; every amount is proven, but some identity rests on review, a tie-break, or financial equivalence across candidates",,9,9,0,0,0,
INV-H5-000272,0,,3664101,3664101,0.85,high,1,1,3664101,INV-H5-000272#0,not flagged; every line identified from text and priced exactly,,20,20,0,0,0,
INV-H5-000273,0,,1406332,1406332,0.85,high,1,1,1406332,INV-H5-000273#0,not flagged; every line identified from text and priced exactly,,5,5,0,0,0,
INV-H5-000274,0,,2399839,2399839,0.65,medium,1,1,2399839,INV-H5-000274#0,"not flagged; every amount is proven, but some identity rests on review, a tie-break, or financial equivalence across candidates",,16,16,0,0,0,
INV-H5-000275,0,,,1848095,0.40,low,0,0,,INV-H5-000275#0,"H5-L00275-10: 'SUPERVISED SPCM ANLY /PH-7244' is unresolved (missing_discriminator) between Supervised Otolaryngologic Specimen Analysis or an uncontracted service ; blank: a line's description fits a contracted service only by omitting a word, and the review did not rule out an uncontracted service ; not flagged, but some line's corrected amount could not be proven, so not every rule could be checked",,11,10,0,1,0,"a line's description fits a contracted service only by omitting a word, and the review did not rule out an uncontracted service"
INV-H5-000276,0,,,3189413,0.40,low,0,0,,INV-H5-000276#0,"H5-L00276-08: 'SUPERVISED SPCM ANLY /PH-7244' is unresolved (missing_discriminator) between Supervised Otolaryngologic Specimen Analysis or an uncontracted service ; blank: a line's description fits a contracted service only by omitting a word, and the review did not rule out an uncontracted service ; not flagged, but some line's corrected amount could not be proven, so not every rule could be checked",,10,9,0,1,0,"a line's description fits a contracted service only by omitting a word, and the review did not rule out an uncontracted service"
INV-H5-000277,0,,1806405,1806405,0.65,medium,1,1,1806405,INV-H5-000277#0,"not flagged; every amount is proven, but some identity rests on review, a tie-break, or financial equivalence across candidates",,9,9,0,0,0,
INV-H5-000278,0,,2230836,2230836,0.85,high,1,1,2230836,INV-H5-000278#0,not flagged; every line identified from text and priced exactly,,7,7,0,0,0,
INV-H5-000279,0,,2927000,2927000,0.65,medium,1,1,2927000,INV-H5-000279#0,"not flagged; every amount is proven, but some identity rests on review, a tie-break, or financial equivalence across candidates",,15,15,0,0,0,
INV-H5-000280,0,,1908057,1908057,0.85,high,1,1,1908057,INV-H5-000280#0,not flagged; every line identified from text and priced exactly,,13,13,0,0,0,
INV-H5-000281,0,,2211040,2211040,0.85,high,1,1,2211040,INV-H5-000281#0,not flagged; every line identified from text and priced exactly,,13,13,0,0,0,
INV-H5-000282,0,,1528923,1528923,0.65,medium,1,1,1528923,INV-H5-000282#0,"not flagged; every amount is proven, but some identity rests on review, a tie-break, or financial equivalence across candidates",,6,6,0,0,0,
INV-H5-000283,0,,2961850,2961850,0.65,medium,1,1,2961850,INV-H5-000283#0,"not flagged; every amount is proven, but some identity rests on review, a tie-break, or financial equivalence across candidates",,14,14,0,0,0,
INV-H5-000284,0,,3061986,3061986,0.85,high,1,1,3061986,INV-H5-000284#0,not flagged; every line identified from text and priced exactly,,9,9,0,0,0,
INV-H5-000285,1,line_total_arithmetic,2975929,2974929,0.85,high,1,1,2975929,INV-H5-000285#0,"every finding follows from the invoice's own fields, independent of service identity",,17,17,0,0,0,
INV-H5-000286,0,,4767432,4767432,0.65,medium,1,1,4767432,INV-H5-000286#0,"not flagged; every amount is proven, but some identity rests on review, a tie-break, or financial equivalence across candidates",,14,14,0,0,0,
INV-H5-000287,0,,3476965,3476965,0.65,medium,1,1,3476965,INV-H5-000287#0,"not flagged; every amount is proven, but some identity rests on review, a tie-break, or financial equivalence across candidates",,17,17,0,0,0,
INV-H5-000288,0,,1491262,1491262,0.85,high,1,1,1491262,INV-H5-000288#0,not flagged; every line identified from text and priced exactly,,10,10,0,0,0,
INV-H5-000289,1,invoice_total_mismatch,2941899,3041899,0.85,high,1,1,2941899,INV-H5-000289#0,"every finding follows from the invoice's own fields, independent of service identity",,10,10,0,0,0,
INV-H5-000290,0,,2034423,2034423,0.85,high,1,1,2034423,INV-H5-000290#0,not flagged; every line identified from text and priced exactly,,8,8,0,0,0,
INV-H5-000291,0,,2059007,2059007,0.85,high,1,1,2059007,INV-H5-000291#0,not flagged; every line identified from text and priced exactly,,17,17,0,0,0,
INV-H5-000292,0,,764510,764510,0.85,high,1,1,764510,INV-H5-000292#0,not flagged; every line identified from text and priced exactly,,9,9,0,0,0,
INV-H5-000293,0,,4026843,4026843,0.85,high,1,1,4026843,INV-H5-000293#0,not flagged; every line identified from text and priced exactly,,14,14,0,0,0,
INV-H5-000294,1,wrong_unit_basis|unit_price_mismatch,,928839,0.40,low,0,0,,INV-H5-000294#0,"H5-L00294-05: 'DISP INPT REN PHARM' is unresolved (unrecognised_token) between Advanced Dermatologic Pharmaceutical Dispensing, Elective Metabolic Pharmaceutical Dispensing, Specialist Gastrointestinal Pharmaceutical Dispensing or an uncontracted service ; blank: a line's description fits a contracted service only by omitting a word, and the review did not rule out an uncontracted service ; a finding rests on reading free text, or the corrected total cannot be proven",,6,5,0,1,0,"a line's description fits a contracted service only by omitting a word, and the review did not rule out an uncontracted service"
INV-H5-000295,0,,3107443,3107443,0.65,medium,1,1,3107443,INV-H5-000295#0,"not flagged; every amount is proven, but some identity rests on review, a tie-break, or financial equivalence across candidates",,17,17,0,0,0,
INV-H5-000296,0,,4052077,4052077,0.65,medium,1,1,4052077,INV-H5-000296#0,"not flagged; every amount is proven, but some identity rests on review, a tie-break, or financial equivalence across candidates",,19,19,0,0,0,
INV-H5-000297,1,exclusion_window_violation,4405777,4565827,0.65,medium,1,1,4405777,INV-H5-000297#0,"findings depend on hospital-wide state, a recorded policy, a reviewed or tie-broken identity, or a candidate set priced by financial equivalence",,17,17,0,0,0,
INV-H5-000298,1,contract_number_mismatch|unit_price_mismatch,968734,956734,0.65,medium,1,1,968734,INV-H5-000298#0,"findings depend on hospital-wide state, a recorded policy, a reviewed or tie-broken identity, or a candidate set priced by financial equivalence",,7,7,0,0,0,
INV-H5-000299,0,,,3298925,0.40,low,0,0,,INV-H5-000299#0,"H5-L00299-08: 'SUPERVISED SPCM ANLY /PH-7244' is unresolved (missing_discriminator) between Supervised Otolaryngologic Specimen Analysis or an uncontracted service ; blank: a line's description fits a contracted service only by omitting a word, and the review did not rule out an uncontracted service ; not flagged, but some line's corrected amount could not be proven, so not every rule could be checked",,13,12,0,1,0,"a line's description fits a contracted service only by omitting a word, and the review did not rule out an uncontracted service"
INV-H5-000300,0,,2088249,2088249,0.65,medium,1,1,2088249,INV-H5-000300#0,"not flagged; every amount is proven, but some identity rests on review, a tie-break, or financial equivalence across candidates",,15,15,0,0,0,
INV-H5-000301,0,,,3475129,0.40,low,0,0,,INV-H5-000301#0,"H5-L00301-03: 'SUPERVISED SPCM ANLY /PH-7244' is unresolved (missing_discriminator) between Supervised Otolaryngologic Specimen Analysis or an uncontracted service ; blank: a line's description fits a contracted service only by omitting a word, and the review did not rule out an uncontracted service ; not flagged, but some line's corrected amount could not be proven, so not every rule could be checked",,19,18,0,1,0,"a line's description fits a contracted service only by omitting a word, and the review did not rule out an uncontracted service"
INV-H5-000302,0,,704292,704292,0.65,medium,1,1,704292,INV-H5-000302#0,"not flagged; every amount is proven, but some identity rests on review, a tie-break, or financial equivalence across candidates",,6,6,0,0,0,
INV-H5-000303,0,,2917273,2917273,0.65,medium,1,1,2917273,INV-H5-000303#0,"not flagged; every amount is proven, but some identity rests on review, a tie-break, or financial equivalence across candidates",,17,17,0,0,0,
INV-H5-000304,0,,3621408,3621408,0.85,high,1,1,3621408,INV-H5-000304#0,not flagged; every line identified from text and priced exactly,,14,14,0,0,0,
INV-H5-000305,0,,1581412,1581412,0.65,medium,1,1,1581412,INV-H5-000305#0,"not flagged; every amount is proven, but some identity rests on review, a tie-break, or financial equivalence across candidates",,12,12,0,0,0,
INV-H5-000306,0,,1577419,1577419,0.85,high,1,1,1577419,INV-H5-000306#0,not flagged; every line identified from text and priced exactly,,16,16,0,0,0,
INV-H5-000307,0,,5262100,5262100,0.65,medium,1,1,5262100,INV-H5-000307#0,"not flagged; every amount is proven, but some identity rests on review, a tie-break, or financial equivalence across candidates",,17,17,0,0,0,
INV-H5-000308,0,,907155,907155,0.65,medium,1,1,907155,INV-H5-000308#0,"not flagged; every amount is proven, but some identity rests on review, a tie-break, or financial equivalence across candidates",,8,8,0,0,0,
INV-H5-000309,0,,,1074118,0.40,low,0,0,,INV-H5-000309#0,"H5-L00309-03: 'SUPERVISED SPCM ANLY /PH-7244' is unresolved (missing_discriminator) between Supervised Otolaryngologic Specimen Analysis or an uncontracted service ; blank: a line's description fits a contracted service only by omitting a word, and the review did not rule out an uncontracted service ; not flagged, but some line's corrected amount could not be proven, so not every rule could be checked",,6,5,0,1,0,"a line's description fits a contracted service only by omitting a word, and the review did not rule out an uncontracted service"
INV-H5-000310,0,,700952,700952,0.85,high,1,1,700952,INV-H5-000310#0,not flagged; every line identified from text and priced exactly,,10,10,0,0,0,
INV-H5-000311,1,duplicate_invoice_id|service_date_out_of_window|cross_invoice_duplicate,,3119824,0.40,low,0,0,,INV-H5-000311#0|INV-H5-000311#1,"H5-L00363-10: 'SUPERVISED SPCM ANLY /PH-7244' is unresolved (missing_discriminator) between Supervised Otolaryngologic Specimen Analysis or an uncontracted service ; invoice number reused: this row represents occurrence INV-H5-000311#1; earlier occurrence(s) INV-H5-000311#0 (0 finding(s)) are audited separately in findings.csv ; blank: a line's description fits a contracted service only by omitting a word, and the review did not rule out an uncontracted service ; a finding rests on reading free text, or the corrected total cannot be proven",,16,15,0,1,0,"a line's description fits a contracted service only by omitting a word, and the review did not rule out an uncontracted service"
INV-H5-000312,1,unknown_service|bundle_not_applied,,4120545,0.40,low,0,0,,INV-H5-000312#0,"H5-L00312-16: service not contracted, so no contract price exists ; blank: a line names a service this agreement does not contract (no contract price) ; a finding rests on reading free text, or the corrected total cannot be proven",4094776,20,19,0,0,1,a line names a service this agreement does not contract (no contract price)
INV-H5-000313,0,,3839281,3839281,0.65,medium,1,1,3839281,INV-H5-000313#0,"not flagged; every amount is proven, but some identity rests on review, a tie-break, or financial equivalence across candidates",,16,16,0,0,0,
INV-H5-000314,0,,2037793,2037793,0.65,medium,1,1,2037793,INV-H5-000314#0,"not flagged; every amount is proven, but some identity rests on review, a tie-break, or financial equivalence across candidates",,8,8,0,0,0,
INV-H5-000315,0,,1174395,1174395,0.85,high,1,1,1174395,INV-H5-000315#0,not flagged; every line identified from text and priced exactly,,7,7,0,0,0,
INV-H5-000316,0,,6024728,6024728,0.65,medium,1,1,6024728,INV-H5-000316#0,"not flagged; every amount is proven, but some identity rests on review, a tie-break, or financial equivalence across candidates",,17,17,0,0,0,
INV-H5-000317,0,,1332114,1332114,0.85,high,1,1,1332114,INV-H5-000317#0,not flagged; every line identified from text and priced exactly,,6,6,0,0,0,
INV-H5-000318,0,,4906000,4906000,0.65,medium,1,1,4906000,INV-H5-000318#0,"not flagged; every amount is proven, but some identity rests on review, a tie-break, or financial equivalence across candidates",,17,17,0,0,0,
INV-H5-000319,0,,4256100,4256100,0.65,medium,1,1,4256100,INV-H5-000319#0,"not flagged; every amount is proven, but some identity rests on review, a tie-break, or financial equivalence across candidates",,17,17,0,0,0,
INV-H5-000320,0,,3560326,3560326,0.65,medium,1,1,3560326,INV-H5-000320#0,"not flagged; every amount is proven, but some identity rests on review, a tie-break, or financial equivalence across candidates",,13,13,0,0,0,
INV-H5-000321,0,,,3868727,0.40,low,0,0,,INV-H5-000321#0,"H5-L00321-06: 'SUPERVISED SPCM ANLY /PH-7244' is unresolved (missing_discriminator) between Supervised Otolaryngologic Specimen Analysis or an uncontracted service ; blank: a line's description fits a contracted service only by omitting a word, and the review did not rule out an uncontracted service ; not flagged, but some line's corrected amount could not be proven, so not every rule could be checked",,13,12,0,1,0,"a line's description fits a contracted service only by omitting a word, and the review did not rule out an uncontracted service"
INV-H5-000322,0,,5509273,5509273,0.65,medium,1,1,5509273,INV-H5-000322#0,"not flagged; every amount is proven, but some identity rests on review, a tie-break, or financial equivalence across candidates",,20,20,0,0,0,
INV-H5-000323,0,,3550307,3550307,0.65,medium,1,1,3550307,INV-H5-000323#0,"not flagged; every amount is proven, but some identity rests on review, a tie-break, or financial equivalence across candidates",,17,17,0,0,0,
INV-H5-000324,0,,,3902891,0.40,low,0,0,,INV-H5-000324#0,"H5-L00324-17: 'RTN  PHYSIOTHERAPY SESS' is unresolved (missing_discriminator) between Routine Psychiatric Physiotherapy Session or an uncontracted service ; blank: a line's description fits a contracted service only by omitting a word, and the review did not rule out an uncontracted service ; not flagged, but some line's corrected amount could not be proven, so not every rule could be checked",,18,17,0,1,0,"a line's description fits a contracted service only by omitting a word, and the review did not rule out an uncontracted service"
INV-H5-000325,0,,3864194,3864194,0.85,high,1,1,3864194,INV-H5-000325#0,not flagged; every line identified from text and priced exactly,,12,12,0,0,0,
INV-H5-000326,0,,1433261,1433261,0.85,high,1,1,1433261,INV-H5-000326#0,not flagged; every line identified from text and priced exactly,,8,8,0,0,0,
INV-H5-000327,0,,2083022,2083022,0.65,medium,1,1,2083022,INV-H5-000327#0,"not flagged; every amount is proven, but some identity rests on review, a tie-break, or financial equivalence across candidates",,14,14,0,0,0,
INV-H5-000328,0,,1990887,1990887,0.65,medium,1,1,1990887,INV-H5-000328#0,"not flagged; every amount is proven, but some identity rests on review, a tie-break, or financial equivalence across candidates",,10,10,0,0,0,
INV-H5-000329,0,,,794948,0.40,low,0,0,,INV-H5-000329#0,"H5-L00329-01: 'RTN  PHYSIOTHERAPY SESS' is unresolved (missing_discriminator) between Routine Psychiatric Physiotherapy Session or an uncontracted service ; blank: a line's description fits a contracted service only by omitting a word, and the review did not rule out an uncontracted service ; not flagged, but some line's corrected amount could not be proven, so not every rule could be checked",,9,8,0,1,0,"a line's description fits a contracted service only by omitting a word, and the review did not rule out an uncontracted service"
INV-H5-000330,0,,2322164,2322164,0.65,medium,1,1,2322164,INV-H5-000330#0,"not flagged; every amount is proven, but some identity rests on review, a tie-break, or financial equivalence across candidates",,12,12,0,0,0,
INV-H5-000331,0,,3538508,3538508,0.65,medium,1,1,3538508,INV-H5-000331#0,"not flagged; every amount is proven, but some identity rests on review, a tie-break, or financial equivalence across candidates",,7,7,0,0,0,
INV-H5-000332,0,,,2932419,0.40,low,0,0,,INV-H5-000332#0,"H5-L00332-06: 'SUPERVISED SPCM ANLY /PH-7244' is unresolved (missing_discriminator) between Supervised Otolaryngologic Specimen Analysis or an uncontracted service ; blank: a line's description fits a contracted service only by omitting a word, and the review did not rule out an uncontracted service ; not flagged, but some line's corrected amount could not be proven, so not every rule could be checked",,7,6,0,1,0,"a line's description fits a contracted service only by omitting a word, and the review did not rule out an uncontracted service"
INV-H5-000333,0,,1878972,1878972,0.85,high,1,1,1878972,INV-H5-000333#0,not flagged; every line identified from text and priced exactly,,7,7,0,0,0,
INV-H5-000334,0,,875016,875016,0.65,medium,1,1,875016,INV-H5-000334#0,"not flagged; every amount is proven, but some identity rests on review, a tie-break, or financial equivalence across candidates",,10,10,0,0,0,
INV-H5-000335,0,,3652120,3652120,0.65,medium,1,1,3652120,INV-H5-000335#0,"not flagged; every amount is proven, but some identity rests on review, a tie-break, or financial equivalence across candidates",,20,20,0,0,0,
INV-H5-000336,0,,4947817,4947817,0.65,medium,1,1,4947817,INV-H5-000336#0,"not flagged; every amount is proven, but some identity rests on review, a tie-break, or financial equivalence across candidates",,19,19,0,0,0,
INV-H5-000337,0,,2988373,2988373,0.65,medium,1,1,2988373,INV-H5-000337#0,"not flagged; every amount is proven, but some identity rests on review, a tie-break, or financial equivalence across candidates",,11,11,0,0,0,
INV-H5-000338,0,,4327391,4327391,0.65,medium,1,1,4327391,INV-H5-000338#0,"not flagged; every amount is proven, but some identity rests on review, a tie-break, or financial equivalence across candidates",,20,20,0,0,0,
INV-H5-000339,0,,4928549,4928549,0.65,medium,1,1,4928549,INV-H5-000339#0,"not flagged; every amount is proven, but some identity rests on review, a tie-break, or financial equivalence across candidates",,11,11,0,0,0,
INV-H5-000340,0,,934866,934866,0.65,medium,1,1,934866,INV-H5-000340#0,"not flagged; every amount is proven, but some identity rests on review, a tie-break, or financial equivalence across candidates",,7,7,0,0,0,
INV-H5-000341,0,,3555714,3555714,0.85,high,1,1,3555714,INV-H5-000341#0,not flagged; every line identified from text and priced exactly,,16,16,0,0,0,
INV-H5-000342,0,,2884665,2884665,0.65,medium,1,1,2884665,INV-H5-000342#0,"not flagged; every amount is proven, but some identity rests on review, a tie-break, or financial equivalence across candidates",,9,9,0,0,0,
INV-H5-000343,1,service_date_after_invoice_date|exclusion_window_violation,4020840,4063434,0.65,medium,1,1,4020840,INV-H5-000343#0,"findings depend on hospital-wide state, a recorded policy, a reviewed or tie-broken identity, or a candidate set priced by financial equivalence",,21,21,0,0,0,
INV-H5-000344,0,,539985,539985,0.85,high,1,1,539985,INV-H5-000344#0,not flagged; every line identified from text and priced exactly,,5,5,0,0,0,
INV-H5-000345,0,,4151303,4151303,0.65,medium,1,1,4151303,INV-H5-000345#0,"not flagged; every amount is proven, but some identity rests on review, a tie-break, or financial equivalence across candidates",,11,11,0,0,0,
INV-H5-000346,0,,2052053,2052053,0.65,medium,1,1,2052053,INV-H5-000346#0,"not flagged; every amount is proven, but some identity rests on review, a tie-break, or financial equivalence across candidates",,12,12,0,0,0,
INV-H5-000347,0,,,4171139,0.40,low,0,0,,INV-H5-000347#0,"H5-L00347-17: 'SUPERVISED SPCM ANLY /PH-7244' is unresolved (missing_discriminator) between Supervised Otolaryngologic Specimen Analysis or an uncontracted service ; blank: a line's description fits a contracted service only by omitting a word, and the review did not rule out an uncontracted service ; not flagged, but some line's corrected amount could not be proven, so not every rule could be checked",,20,19,0,1,0,"a line's description fits a contracted service only by omitting a word, and the review did not rule out an uncontracted service"
INV-H5-000348,0,,5280703,5280703,0.65,medium,1,1,5280703,INV-H5-000348#0,"not flagged; every amount is proven, but some identity rests on review, a tie-break, or financial equivalence across candidates",,17,17,0,0,0,
INV-H5-000349,0,,4511786,4511786,0.65,medium,1,1,4511786,INV-H5-000349#0,"not flagged; every amount is proven, but some identity rests on review, a tie-break, or financial equivalence across candidates",,16,16,0,0,0,
INV-H5-000350,0,,1917209,1917209,0.85,high,1,1,1917209,INV-H5-000350#0,not flagged; every line identified from text and priced exactly,,14,14,0,0,0,
INV-H5-000351,0,,1975300,1975300,0.85,high,1,1,1975300,INV-H5-000351#0,not flagged; every line identified from text and priced exactly,,8,8,0,0,0,
INV-H5-000352,0,,,1195677,0.40,low,0,0,,INV-H5-000352#0,"H5-L00352-05: 'SUPERVISED SPCM ANLY /PH-7244' is unresolved (missing_discriminator) between Supervised Otolaryngologic Specimen Analysis or an uncontracted service ; blank: a line's description fits a contracted service only by omitting a word, and the review did not rule out an uncontracted service ; not flagged, but some line's corrected amount could not be proven, so not every rule could be checked",,8,7,0,1,0,"a line's description fits a contracted service only by omitting a word, and the review did not rule out an uncontracted service"
INV-H5-000353,0,,772183,772183,0.65,medium,1,1,772183,INV-H5-000353#0,"not flagged; every amount is proven, but some identity rests on review, a tie-break, or financial equivalence across candidates",,9,9,0,0,0,
INV-H5-000354,0,,4271681,4271681,0.85,high,1,1,4271681,INV-H5-000354#0,not flagged; every line identified from text and priced exactly,,11,11,0,0,0,
INV-H5-000355,0,,1595954,1595954,0.65,medium,1,1,1595954,INV-H5-000355#0,"not flagged; every amount is proven, but some identity rests on review, a tie-break, or financial equivalence across candidates",,9,9,0,0,0,
INV-H5-000356,0,,,4729496,0.40,low,0,0,,INV-H5-000356#0,"H5-L00356-17: 'UROL HM VST /PH-1437' is unresolved (missing_discriminator) between Emergency Urologic Home Visit or an uncontracted service ; blank: a line's description fits a contracted service only by omitting a word, and the review did not rule out an uncontracted service ; not flagged, but some line's corrected amount could not be proven, so not every rule could be checked",,20,19,0,1,0,"a line's description fits a contracted service only by omitting a word, and the review did not rule out an uncontracted service"
INV-H5-000357,0,,3083636,3083636,0.65,medium,1,1,3083636,INV-H5-000357#0,"not flagged; every amount is proven, but some identity rests on review, a tie-break, or financial equivalence across candidates",,18,18,0,0,0,
INV-H5-000358,1,service_date_out_of_window|unknown_service|unit_price_mismatch,,4844844,0.40,low,0,0,,INV-H5-000358#0,"H5-L00358-04: 'SUPERVISED SPCM ANLY /PH-7244' is unresolved (missing_discriminator) between Supervised Otolaryngologic Specimen Analysis or an uncontracted service ; H5-L00358-11: service not contracted, so no contract price exists ; blank: a line names a service this agreement does not contract (no contract price) ; blank: a line's description fits a contracted service only by omitting a word, and the review did not rule out an uncontracted service ; a finding rests on reading free text, or the corrected total cannot be proven",,16,14,0,1,1,"a line names a service this agreement does not contract (no contract price) | a line's description fits a contracted service only by omitting a word, and the review did not rule out an uncontracted service"
INV-H5-000359,0,,2329645,2329645,0.85,high,1,1,2329645,INV-H5-000359#0,not flagged; every line identified from text and priced exactly,,12,12,0,0,0,
INV-H5-000360,0,,2446298,2446298,0.85,high,1,1,2446298,INV-H5-000360#0,not flagged; every line identified from text and priced exactly,,11,11,0,0,0,
INV-H5-000361,0,,2865698,2865698,0.65,medium,1,1,2865698,INV-H5-000361#0,"not flagged; every amount is proven, but some identity rests on review, a tie-break, or financial equivalence across candidates",,12,12,0,0,0,
INV-H5-000362,0,,5358295,5358295,0.65,medium,1,1,5358295,INV-H5-000362#0,"not flagged; every amount is proven, but some identity rests on review, a tie-break, or financial equivalence across candidates",,19,19,0,0,0,
INV-H5-000364,0,,5003739,5003739,0.65,medium,1,1,5003739,INV-H5-000364#0,"not flagged; every amount is proven, but some identity rests on review, a tie-break, or financial equivalence across candidates",,19,19,0,0,0,
INV-H5-000365,0,,3035743,3035743,0.85,high,1,1,3035743,INV-H5-000365#0,not flagged; every line identified from text and priced exactly,,16,16,0,0,0,
INV-H5-000366,0,,,3151156,0.40,low,0,0,,INV-H5-000366#0,"H5-L00366-14: 'SUPERVISED SPCM ANLY /PH-7244' is unresolved (missing_discriminator) between Supervised Otolaryngologic Specimen Analysis or an uncontracted service ; blank: a line's description fits a contracted service only by omitting a word, and the review did not rule out an uncontracted service ; not flagged, but some line's corrected amount could not be proven, so not every rule could be checked",,14,13,0,1,0,"a line's description fits a contracted service only by omitting a word, and the review did not rule out an uncontracted service"
INV-H5-000367,0,,2892582,2892582,0.65,medium,1,1,2892582,INV-H5-000367#0,"not flagged; every amount is proven, but some identity rests on review, a tie-break, or financial equivalence across candidates",,8,8,0,0,0,
INV-H5-000368,0,,1677795,1677795,0.85,high,1,1,1677795,INV-H5-000368#0,not flagged; every line identified from text and priced exactly,,8,8,0,0,0,
INV-H5-000369,0,,,2498398,0.40,low,0,0,,INV-H5-000369#0,"H5-L00369-04: 'UROL HM VST /PH-1437' is unresolved (missing_discriminator) between Emergency Urologic Home Visit or an uncontracted service ; blank: a line's description fits a contracted service only by omitting a word, and the review did not rule out an uncontracted service ; not flagged, but some line's corrected amount could not be proven, so not every rule could be checked",,16,15,0,1,0,"a line's description fits a contracted service only by omitting a word, and the review did not rule out an uncontracted service"
INV-H5-000370,0,,1113454,1113454,0.65,medium,1,1,1113454,INV-H5-000370#0,"not flagged; every amount is proven, but some identity rests on review, a tie-break, or financial equivalence across candidates",,5,5,0,0,0,
INV-H5-000371,0,,3784173,3784173,0.65,medium,1,1,3784173,INV-H5-000371#0,"not flagged; every amount is proven, but some identity rests on review, a tie-break, or financial equivalence across candidates",,20,20,0,0,0,
INV-H5-000372,0,,1813808,1813808,0.65,medium,1,1,1813808,INV-H5-000372#0,"not flagged; every amount is proven, but some identity rests on review, a tie-break, or financial equivalence across candidates",,7,7,0,0,0,
INV-H5-000373,0,,3442762,3442762,0.65,medium,1,1,3442762,INV-H5-000373#0,"not flagged; every amount is proven, but some identity rests on review, a tie-break, or financial equivalence across candidates",,15,15,0,0,0,
INV-H5-000374,1,service_date_out_of_window|volume_discount_omitted,1736363,1758016,0.65,medium,1,1,1736363,INV-H5-000374#0,"findings depend on hospital-wide state, a recorded policy, a reviewed or tie-broken identity, or a candidate set priced by financial equivalence",,13,13,0,0,0,
INV-H5-000375,1,duplicate_invoice_id|unit_price_mismatch|wrong_unit_basis,2692253,2696113,0.65,medium,1,1,2692253,INV-H5-000375#0|INV-H5-000375#1,"invoice number reused: this row represents occurrence INV-H5-000375#1; earlier occurrence(s) INV-H5-000375#0 (0 finding(s)) are audited separately in findings.csv ; findings depend on hospital-wide state, a recorded policy, a reviewed or tie-broken identity, or a candidate set priced by financial equivalence",,11,11,0,0,0,
INV-H5-000376,0,,638188,638188,0.85,high,1,1,638188,INV-H5-000376#0,not flagged; every line identified from text and priced exactly,,6,6,0,0,0,
INV-H5-000377,0,,2943896,2943896,0.85,high,1,1,2943896,INV-H5-000377#0,not flagged; every line identified from text and priced exactly,,10,10,0,0,0,
INV-H5-000378,0,,1324122,1324122,0.65,medium,1,1,1324122,INV-H5-000378#0,"not flagged; every amount is proven, but some identity rests on review, a tie-break, or financial equivalence across candidates",,6,6,0,0,0,
INV-H5-000379,0,,4033858,4033858,0.85,high,1,1,4033858,INV-H5-000379#0,not flagged; every line identified from text and priced exactly,,18,18,0,0,0,
INV-H5-000380,0,,3549681,3549681,0.85,high,1,1,3549681,INV-H5-000380#0,not flagged; every line identified from text and priced exactly,,12,12,0,0,0,
INV-H5-000381,0,,1900441,1900441,0.65,medium,1,1,1900441,INV-H5-000381#0,"not flagged; every amount is proven, but some identity rests on review, a tie-break, or financial equivalence across candidates",,14,14,0,0,0,
INV-H5-000382,0,,2598821,2598821,0.65,medium,1,1,2598821,INV-H5-000382#0,"not flagged; every amount is proven, but some identity rests on review, a tie-break, or financial equivalence across candidates",,9,9,0,0,0,
INV-H5-000383,0,,2147363,2147363,0.65,medium,1,1,2147363,INV-H5-000383#0,"not flagged; every amount is proven, but some identity rests on review, a tie-break, or financial equivalence across candidates",,10,10,0,0,0,
INV-H5-000384,0,,2137955,2137955,0.65,medium,1,1,2137955,INV-H5-000384#0,"not flagged; every amount is proven, but some identity rests on review, a tie-break, or financial equivalence across candidates",,18,18,0,0,0,
INV-H5-000385,0,,3092311,3092311,0.65,medium,1,1,3092311,INV-H5-000385#0,"not flagged; every amount is proven, but some identity rests on review, a tie-break, or financial equivalence across candidates",,10,10,0,0,0,
INV-H5-000386,0,,1348868,1348868,0.65,medium,1,1,1348868,INV-H5-000386#0,"not flagged; every amount is proven, but some identity rests on review, a tie-break, or financial equivalence across candidates",,10,10,0,0,0,
INV-H5-000387,0,,598952,598952,0.85,high,1,1,598952,INV-H5-000387#0,not flagged; every line identified from text and priced exactly,,5,5,0,0,0,
INV-H5-000388,1,service_date_after_invoice_date|unit_price_mismatch|malformed_service_date,,3876375,0.40,low,0,0,,INV-H5-000388#0,"H5-L00388-04: 'SUPERVISED SPCM ANLY /PH-7244' is unresolved (missing_discriminator) between Supervised Otolaryngologic Specimen Analysis or an uncontracted service ; blank: a line's description fits a contracted service only by omitting a word, and the review did not rule out an uncontracted service ; a finding rests on reading free text, or the corrected total cannot be proven",,19,18,0,1,0,"a line's description fits a contracted service only by omitting a word, and the review did not rule out an uncontracted service"
INV-H5-000389,0,,1503259,1503259,0.65,medium,1,1,1503259,INV-H5-000389#0,"not flagged; every amount is proven, but some identity rests on review, a tie-break, or financial equivalence across candidates",,7,7,0,0,0,
INV-H5-000390,0,,,1587465,0.40,low,0,0,,INV-H5-000390#0,"H5-L00390-02: 'SUPERVISED SPCM ANLY /PH-7244' is unresolved (missing_discriminator) between Supervised Otolaryngologic Specimen Analysis or an uncontracted service ; blank: a line's description fits a contracted service only by omitting a word, and the review did not rule out an uncontracted service ; not flagged, but some line's corrected amount could not be proven, so not every rule could be checked",,11,10,0,1,0,"a line's description fits a contracted service only by omitting a word, and the review did not rule out an uncontracted service"
INV-H5-000391,0,,1656621,1656621,0.65,medium,1,1,1656621,INV-H5-000391#0,"not flagged; every amount is proven, but some identity rests on review, a tie-break, or financial equivalence across candidates",,14,14,0,0,0,
INV-H5-000392,0,,1415709,1415709,0.85,high,1,1,1415709,INV-H5-000392#0,not flagged; every line identified from text and priced exactly,,8,8,0,0,0,
INV-H5-000393,0,,2915305,2915305,0.85,high,1,1,2915305,INV-H5-000393#0,not flagged; every line identified from text and priced exactly,,11,11,0,0,0,
INV-H5-000394,0,,3998209,3998209,0.65,medium,1,1,3998209,INV-H5-000394#0,"not flagged; every amount is proven, but some identity rests on review, a tie-break, or financial equivalence across candidates",,20,20,0,0,0,
INV-H5-000395,0,,3365482,3365482,0.65,medium,1,1,3365482,INV-H5-000395#0,"not flagged; every amount is proven, but some identity rests on review, a tie-break, or financial equivalence across candidates",,8,8,0,0,0,
INV-H5-000396,0,,2695206,2695206,0.65,medium,1,1,2695206,INV-H5-000396#0,"not flagged; every amount is proven, but some identity rests on review, a tie-break, or financial equivalence across candidates",,9,9,0,0,0,
INV-H5-000397,0,,3038410,3038410,0.65,medium,1,1,3038410,INV-H5-000397#0,"not flagged; every amount is proven, but some identity rests on review, a tie-break, or financial equivalence across candidates",,17,17,0,0,0,
INV-H5-000398,0,,3650033,3650033,0.65,medium,1,1,3650033,INV-H5-000398#0,"not flagged; every amount is proven, but some identity rests on review, a tie-break, or financial equivalence across candidates",,17,17,0,0,0,
INV-H5-000399,0,,1423387,1423387,0.85,high,1,1,1423387,INV-H5-000399#0,not flagged; every line identified from text and priced exactly,,9,9,0,0,0,
INV-H5-000400,0,,2192481,2192481,0.65,medium,1,1,2192481,INV-H5-000400#0,"not flagged; every amount is proven, but some identity rests on review, a tie-break, or financial equivalence across candidates",,6,6,0,0,0,
INV-H5-000401,0,,2009580,2009580,0.85,high,1,1,2009580,INV-H5-000401#0,not flagged; every line identified from text and priced exactly,,13,13,0,0,0,
INV-H5-000402,0,,3606411,3606411,0.65,medium,1,1,3606411,INV-H5-000402#0,"not flagged; every amount is proven, but some identity rests on review, a tie-break, or financial equivalence across candidates",,19,19,0,0,0,
INV-H5-000403,0,,,549491,0.40,low,0,0,,INV-H5-000403#0,"H5-L00403-05: 'RTN  PHYSIOTHERAPY SESS' is unresolved (missing_discriminator) between Routine Psychiatric Physiotherapy Session or an uncontracted service ; blank: a line's description fits a contracted service only by omitting a word, and the review did not rule out an uncontracted service ; not flagged, but some line's corrected amount could not be proven, so not every rule could be checked",,8,7,0,1,0,"a line's description fits a contracted service only by omitting a word, and the review did not rule out an uncontracted service"
INV-H5-000404,1,premium_incorrectly_applied|service_date_after_invoice_date,3063222,3083025,0.65,medium,1,1,3063222,INV-H5-000404#0,"findings depend on hospital-wide state, a recorded policy, a reviewed or tie-broken identity, or a candidate set priced by financial equivalence",,13,13,0,0,0,
INV-H5-000405,0,,1858506,1858506,0.85,high,1,1,1858506,INV-H5-000405#0,not flagged; every line identified from text and priced exactly,,10,10,0,0,0,
INV-H5-000406,0,,1754690,1754690,0.65,medium,1,1,1754690,INV-H5-000406#0,"not flagged; every amount is proven, but some identity rests on review, a tie-break, or financial equivalence across candidates",,7,7,0,0,0,
INV-H5-000407,0,,3327671,3327671,0.85,high,1,1,3327671,INV-H5-000407#0,not flagged; every line identified from text and priced exactly,,11,11,0,0,0,
INV-H5-000408,0,,,1706598,0.40,low,0,0,,INV-H5-000408#0,"H5-L00408-09: 'UROL HM VST /PH-1437' is unresolved (missing_discriminator) between Emergency Urologic Home Visit or an uncontracted service ; blank: a line's description fits a contracted service only by omitting a word, and the review did not rule out an uncontracted service ; not flagged, but some line's corrected amount could not be proven, so not every rule could be checked",,11,10,0,1,0,"a line's description fits a contracted service only by omitting a word, and the review did not rule out an uncontracted service"
INV-H5-000409,0,,3260932,3260932,0.65,medium,1,1,3260932,INV-H5-000409#0,"not flagged; every amount is proven, but some identity rests on review, a tie-break, or financial equivalence across candidates",,12,12,0,0,0,
INV-H5-000410,0,,1187959,1187959,0.65,medium,1,1,1187959,INV-H5-000410#0,"not flagged; every amount is proven, but some identity rests on review, a tie-break, or financial equivalence across candidates",,5,5,0,0,0,
INV-H5-000411,0,,3861937,3861937,0.65,medium,1,1,3861937,INV-H5-000411#0,"not flagged; every amount is proven, but some identity rests on review, a tie-break, or financial equivalence across candidates",,13,13,0,0,0,
INV-H5-000412,0,,2936836,2936836,0.65,medium,1,1,2936836,INV-H5-000412#0,"not flagged; every amount is proven, but some identity rests on review, a tie-break, or financial equivalence across candidates",,10,10,0,0,0,
INV-H5-000413,0,,2342129,2342129,0.65,medium,1,1,2342129,INV-H5-000413#0,"not flagged; every amount is proven, but some identity rests on review, a tie-break, or financial equivalence across candidates",,7,7,0,0,0,
INV-H5-000414,0,,973280,973280,0.85,high,1,1,973280,INV-H5-000414#0,not flagged; every line identified from text and priced exactly,,6,6,0,0,0,
INV-H5-000415,0,,2020731,2020731,0.65,medium,1,1,2020731,INV-H5-000415#0,"not flagged; every amount is proven, but some identity rests on review, a tie-break, or financial equivalence across candidates",,8,8,0,0,0,
INV-H5-000416,0,,1741622,1741622,0.85,high,1,1,1741622,INV-H5-000416#0,not flagged; every line identified from text and priced exactly,,6,6,0,0,0,
INV-H5-000417,0,,3478865,3478865,0.65,medium,1,1,3478865,INV-H5-000417#0,"not flagged; every amount is proven, but some identity rests on review, a tie-break, or financial equivalence across candidates",,15,15,0,0,0,
INV-H5-000418,0,,3156769,3156769,0.65,medium,1,1,3156769,INV-H5-000418#0,"not flagged; every amount is proven, but some identity rests on review, a tie-break, or financial equivalence across candidates",,11,11,0,0,0,
INV-H5-000419,0,,5451849,5451849,0.65,medium,1,1,5451849,INV-H5-000419#0,"not flagged; every amount is proven, but some identity rests on review, a tie-break, or financial equivalence across candidates",,19,19,0,0,0,
INV-H5-000420,0,,3452118,3452118,0.85,high,1,1,3452118,INV-H5-000420#0,not flagged; every line identified from text and priced exactly,,19,19,0,0,0,
INV-H5-000421,0,,2923542,2923542,0.85,high,1,1,2923542,INV-H5-000421#0,not flagged; every line identified from text and priced exactly,,14,14,0,0,0,
INV-H5-000422,0,,1818018,1818018,0.65,medium,1,1,1818018,INV-H5-000422#0,"not flagged; every amount is proven, but some identity rests on review, a tie-break, or financial equivalence across candidates",,10,10,0,0,0,
INV-H5-000423,0,,2376651,2376651,0.65,medium,1,1,2376651,INV-H5-000423#0,"not flagged; every amount is proven, but some identity rests on review, a tie-break, or financial equivalence across candidates",,9,9,0,0,0,
INV-H5-000424,0,,3923083,3923083,0.65,medium,1,1,3923083,INV-H5-000424#0,"not flagged; every amount is proven, but some identity rests on review, a tie-break, or financial equivalence across candidates",,14,14,0,0,0,
INV-H5-000425,0,,2590621,2590621,0.65,medium,1,1,2590621,INV-H5-000425#0,"not flagged; every amount is proven, but some identity rests on review, a tie-break, or financial equivalence across candidates",,6,6,0,0,0,
INV-H5-000426,0,,1148017,1148017,0.65,medium,1,1,1148017,INV-H5-000426#0,"not flagged; every amount is proven, but some identity rests on review, a tie-break, or financial equivalence across candidates",,9,9,0,0,0,
INV-H5-000427,0,,4185106,4185106,0.65,medium,1,1,4185106,INV-H5-000427#0,"not flagged; every amount is proven, but some identity rests on review, a tie-break, or financial equivalence across candidates",,11,11,0,0,0,
INV-H5-000428,0,,3575074,3575074,0.65,medium,1,1,3575074,INV-H5-000428#0,"not flagged; every amount is proven, but some identity rests on review, a tie-break, or financial equivalence across candidates",,13,13,0,0,0,
INV-H5-000429,1,bundle_not_applied|malformed_service_date,2984741,3144051,0.65,medium,1,1,2984741,INV-H5-000429#0,"findings depend on hospital-wide state, a recorded policy, a reviewed or tie-broken identity, or a candidate set priced by financial equivalence",,20,20,0,0,0,
INV-H5-000430,0,,2468285,2468285,0.65,medium,1,1,2468285,INV-H5-000430#0,"not flagged; every amount is proven, but some identity rests on review, a tie-break, or financial equivalence across candidates",,19,19,0,0,0,
INV-H5-000431,0,,,1847740,0.40,low,0,0,,INV-H5-000431#0,"H5-L00431-03: 'SUPERVISED SPCM ANLY /PH-7244' is unresolved (missing_discriminator) between Supervised Otolaryngologic Specimen Analysis or an uncontracted service ; blank: a line's description fits a contracted service only by omitting a word, and the review did not rule out an uncontracted service ; not flagged, but some line's corrected amount could not be proven, so not every rule could be checked",,7,6,0,1,0,"a line's description fits a contracted service only by omitting a word, and the review did not rule out an uncontracted service"
INV-H5-000432,0,,1423759,1423759,0.65,medium,1,1,1423759,INV-H5-000432#0,"not flagged; every amount is proven, but some identity rests on review, a tie-break, or financial equivalence across candidates",,13,13,0,0,0,
INV-H5-000433,0,,1378438,1378438,0.65,medium,1,1,1378438,INV-H5-000433#0,"not flagged; every amount is proven, but some identity rests on review, a tie-break, or financial equivalence across candidates",,5,5,0,0,0,
INV-H5-000434,0,,1224708,1224708,0.85,high,1,1,1224708,INV-H5-000434#0,not flagged; every line identified from text and priced exactly,,5,5,0,0,0,
INV-H5-000435,0,,3182849,3182849,0.65,medium,1,1,3182849,INV-H5-000435#0,"not flagged; every amount is proven, but some identity rests on review, a tie-break, or financial equivalence across candidates",,7,7,0,0,0,
INV-H5-000436,0,,3124293,3124293,0.65,medium,1,1,3124293,INV-H5-000436#0,"not flagged; every amount is proven, but some identity rests on review, a tie-break, or financial equivalence across candidates",,15,15,0,0,0,
INV-H5-000437,0,,2193462,2193462,0.65,medium,1,1,2193462,INV-H5-000437#0,"not flagged; every amount is proven, but some identity rests on review, a tie-break, or financial equivalence across candidates",,11,11,0,0,0,
INV-H5-000438,0,,6536745,6536745,0.85,high,1,1,6536745,INV-H5-000438#0,not flagged; every line identified from text and priced exactly,,20,20,0,0,0,
INV-H5-000439,0,,4289088,4289088,0.65,medium,1,1,4289088,INV-H5-000439#0,"not flagged; every amount is proven, but some identity rests on review, a tie-break, or financial equivalence across candidates",,13,13,0,0,0,
INV-H5-000440,0,,3082893,3082893,0.85,high,1,1,3082893,INV-H5-000440#0,not flagged; every line identified from text and priced exactly,,14,14,0,0,0,
INV-H5-000441,0,,5312398,5312398,0.65,medium,1,1,5312398,INV-H5-000441#0,"not flagged; every amount is proven, but some identity rests on review, a tie-break, or financial equivalence across candidates",,17,17,0,0,0,
INV-H5-000442,0,,1468090,1468090,0.85,high,1,1,1468090,INV-H5-000442#0,not flagged; every line identified from text and priced exactly,,5,5,0,0,0,
INV-H5-000443,0,,3416774,3416774,0.65,medium,1,1,3416774,INV-H5-000443#0,"not flagged; every amount is proven, but some identity rests on review, a tie-break, or financial equivalence across candidates",,15,15,0,0,0,
INV-H5-000444,0,,3449162,3449162,0.85,high,1,1,3449162,INV-H5-000444#0,not flagged; every line identified from text and priced exactly,,12,12,0,0,0,
INV-H5-000445,0,,3186395,3186395,0.85,high,1,1,3186395,INV-H5-000445#0,not flagged; every line identified from text and priced exactly,,10,10,0,0,0,
INV-H5-000446,0,,3707535,3707535,0.65,medium,1,1,3707535,INV-H5-000446#0,"not flagged; every amount is proven, but some identity rests on review, a tie-break, or financial equivalence across candidates",,15,15,0,0,0,
INV-H5-000447,0,,2680063,2680063,0.85,high,1,1,2680063,INV-H5-000447#0,not flagged; every line identified from text and priced exactly,,13,13,0,0,0,
INV-H5-000448,1,unit_price_mismatch,,4382042,0.40,low,0,0,,INV-H5-000448#0,"H5-L00448-13: 'SUPERVISED SPCM ANLY /PH-7244' is unresolved (missing_discriminator) between Supervised Otolaryngologic Specimen Analysis or an uncontracted service ; blank: a line's description fits a contracted service only by omitting a word, and the review did not rule out an uncontracted service ; a finding rests on reading free text, or the corrected total cannot be proven",,20,19,0,1,0,"a line's description fits a contracted service only by omitting a word, and the review did not rule out an uncontracted service"
INV-H5-000449,0,,945432,945432,0.65,medium,1,1,945432,INV-H5-000449#0,"not flagged; every amount is proven, but some identity rests on review, a tie-break, or financial equivalence across candidates",,8,8,0,0,0,
INV-H5-000450,0,,3034681,3034681,0.85,high,1,1,3034681,INV-H5-000450#0,not flagged; every line identified from text and priced exactly,,13,13,0,0,0,
INV-H5-000451,0,,,4866518,0.40,low,0,0,,INV-H5-000451#0,"H5-L00451-05: 'RTN  PHYSIOTHERAPY SESS' is unresolved (missing_discriminator) between Routine Psychiatric Physiotherapy Session or an uncontracted service ; blank: a line's description fits a contracted service only by omitting a word, and the review did not rule out an uncontracted service ; not flagged, but some line's corrected amount could not be proven, so not every rule could be checked",,16,15,0,1,0,"a line's description fits a contracted service only by omitting a word, and the review did not rule out an uncontracted service"
INV-H5-000452,0,,761027,761027,0.65,medium,1,1,761027,INV-H5-000452#0,"not flagged; every amount is proven, but some identity rests on review, a tie-break, or financial equivalence across candidates",,7,7,0,0,0,
INV-H5-000453,0,,3086762,3086762,0.65,medium,1,1,3086762,INV-H5-000453#0,"not flagged; every amount is proven, but some identity rests on review, a tie-break, or financial equivalence across candidates",,15,15,0,0,0,
INV-H5-000454,0,,2336688,2336688,0.65,medium,1,1,2336688,INV-H5-000454#0,"not flagged; every amount is proven, but some identity rests on review, a tie-break, or financial equivalence across candidates",,18,18,0,0,0,
INV-H5-000455,0,,2636163,2636163,0.85,high,1,1,2636163,INV-H5-000455#0,not flagged; every line identified from text and priced exactly,,7,7,0,0,0,
INV-H5-000456,0,,1996640,1996640,0.85,high,1,1,1996640,INV-H5-000456#0,not flagged; every line identified from text and priced exactly,,8,8,0,0,0,
INV-H5-000457,0,,,4014363,0.40,low,0,0,,INV-H5-000457#0,"H5-L00457-09: 'UROL HM VST /PH-1437' is unresolved (missing_discriminator) between Emergency Urologic Home Visit or an uncontracted service ; blank: a line's description fits a contracted service only by omitting a word, and the review did not rule out an uncontracted service ; not flagged, but some line's corrected amount could not be proven, so not every rule could be checked",,13,12,0,1,0,"a line's description fits a contracted service only by omitting a word, and the review did not rule out an uncontracted service"
INV-H5-000458,0,,2050198,2050198,0.85,high,1,1,2050198,INV-H5-000458#0,not flagged; every line identified from text and priced exactly,,6,6,0,0,0,
INV-H5-000459,0,,929383,929383,0.85,high,1,1,929383,INV-H5-000459#0,not flagged; every line identified from text and priced exactly,,10,10,0,0,0,
INV-H5-000460,0,,2922530,2922530,0.85,high,1,1,2922530,INV-H5-000460#0,not flagged; every line identified from text and priced exactly,,7,7,0,0,0,
INV-H5-000461,0,,1241642,1241642,0.65,medium,1,1,1241642,INV-H5-000461#0,"not flagged; every amount is proven, but some identity rests on review, a tie-break, or financial equivalence across candidates",,12,12,0,0,0,
INV-H5-000462,0,,4367829,4367829,0.65,medium,1,1,4367829,INV-H5-000462#0,"not flagged; every amount is proven, but some identity rests on review, a tie-break, or financial equivalence across candidates",,19,19,0,0,0,
INV-H5-000463,0,,2680893,2680893,0.65,medium,1,1,2680893,INV-H5-000463#0,"not flagged; every amount is proven, but some identity rests on review, a tie-break, or financial equivalence across candidates",,9,9,0,0,0,
INV-H5-000464,1,premium_incorrectly_applied|unit_price_mismatch,2165415,2358301,0.65,medium,1,1,2165415,INV-H5-000464#0,"findings depend on hospital-wide state, a recorded policy, a reviewed or tie-broken identity, or a candidate set priced by financial equivalence",,12,12,0,0,0,
INV-H5-000465,0,,1735876,1735876,0.65,medium,1,1,1735876,INV-H5-000465#0,"not flagged; every amount is proven, but some identity rests on review, a tie-break, or financial equivalence across candidates",,12,12,0,0,0,
INV-H5-000466,0,,4073350,4073350,0.65,medium,1,1,4073350,INV-H5-000466#0,"not flagged; every amount is proven, but some identity rests on review, a tie-break, or financial equivalence across candidates",,18,18,0,0,0,
INV-H5-000467,0,,1822769,1822769,0.85,high,1,1,1822769,INV-H5-000467#0,not flagged; every line identified from text and priced exactly,,9,9,0,0,0,
INV-H5-000468,0,,2334050,2334050,0.85,high,1,1,2334050,INV-H5-000468#0,not flagged; every line identified from text and priced exactly,,15,15,0,0,0,
INV-H5-000469,0,,3440745,3440745,0.65,medium,1,1,3440745,INV-H5-000469#0,"not flagged; every amount is proven, but some identity rests on review, a tie-break, or financial equivalence across candidates",,17,17,0,0,0,
INV-H5-000470,0,,2367351,2367351,0.65,medium,1,1,2367351,INV-H5-000470#0,"not flagged; every amount is proven, but some identity rests on review, a tie-break, or financial equivalence across candidates",,9,9,0,0,0,
INV-H5-000471,0,,2992013,2992013,0.65,medium,1,1,2992013,INV-H5-000471#0,"not flagged; every amount is proven, but some identity rests on review, a tie-break, or financial equivalence across candidates",,16,16,0,0,0,
INV-H5-000472,0,,,3238780,0.40,low,0,0,,INV-H5-000472#0,"H5-L00472-10: 'RTN  PHYSIOTHERAPY SESS' is unresolved (missing_discriminator) between Routine Psychiatric Physiotherapy Session or an uncontracted service ; blank: a line's description fits a contracted service only by omitting a word, and the review did not rule out an uncontracted service ; not flagged, but some line's corrected amount could not be proven, so not every rule could be checked",,18,17,0,1,0,"a line's description fits a contracted service only by omitting a word, and the review did not rule out an uncontracted service"
INV-H5-000473,0,,,1685668,0.40,low,0,0,,INV-H5-000473#0,"H5-L00473-01: 'SUPERVISED SPCM ANLY /PH-7244' is unresolved (missing_discriminator) between Supervised Otolaryngologic Specimen Analysis or an uncontracted service ; blank: a line's description fits a contracted service only by omitting a word, and the review did not rule out an uncontracted service ; not flagged, but some line's corrected amount could not be proven, so not every rule could be checked",,7,6,0,1,0,"a line's description fits a contracted service only by omitting a word, and the review did not rule out an uncontracted service"
INV-H5-000474,0,,2909191,2909191,0.65,medium,1,1,2909191,INV-H5-000474#0,"not flagged; every amount is proven, but some identity rests on review, a tie-break, or financial equivalence across candidates",,9,9,0,0,0,
INV-H5-000475,0,,1074464,1074464,0.85,high,1,1,1074464,INV-H5-000475#0,not flagged; every line identified from text and priced exactly,,5,5,0,0,0,
INV-H5-000476,0,,1109760,1109760,0.85,high,1,1,1109760,INV-H5-000476#0,not flagged; every line identified from text and priced exactly,,6,6,0,0,0,
INV-H5-000477,0,,2007448,2007448,0.65,medium,1,1,2007448,INV-H5-000477#0,"not flagged; every amount is proven, but some identity rests on review, a tie-break, or financial equivalence across candidates",,6,6,0,0,0,
INV-H5-000478,0,,3256708,3256708,0.65,medium,1,1,3256708,INV-H5-000478#0,"not flagged; every amount is proven, but some identity rests on review, a tie-break, or financial equivalence across candidates",,15,15,0,0,0,
INV-H5-000479,0,,4005762,4005762,0.65,medium,1,1,4005762,INV-H5-000479#0,"not flagged; every amount is proven, but some identity rests on review, a tie-break, or financial equivalence across candidates",,19,19,0,0,0,
INV-H5-000480,0,,3566947,3566947,0.65,medium,1,1,3566947,INV-H5-000480#0,"not flagged; every amount is proven, but some identity rests on review, a tie-break, or financial equivalence across candidates",,20,20,0,0,0,
INV-H5-000481,0,,,3633873,0.40,low,0,0,,INV-H5-000481#0,"H5-L00481-09: 'UROL HM VST /PH-1437' is unresolved (missing_discriminator) between Emergency Urologic Home Visit or an uncontracted service ; blank: a line's description fits a contracted service only by omitting a word, and the review did not rule out an uncontracted service ; not flagged, but some line's corrected amount could not be proven, so not every rule could be checked",,18,17,0,1,0,"a line's description fits a contracted service only by omitting a word, and the review did not rule out an uncontracted service"
INV-H5-000482,0,,945245,945245,0.65,medium,1,1,945245,INV-H5-000482#0,"not flagged; every amount is proven, but some identity rests on review, a tie-break, or financial equivalence across candidates",,6,6,0,0,0,
INV-H5-000483,0,,,4173702,0.40,low,0,0,,INV-H5-000483#0,"H5-L00483-18: 'RTN  PHYSIOTHERAPY SESS' is unresolved (missing_discriminator) between Routine Psychiatric Physiotherapy Session or an uncontracted service ; blank: a line's description fits a contracted service only by omitting a word, and the review did not rule out an uncontracted service ; not flagged, but some line's corrected amount could not be proven, so not every rule could be checked",,20,19,0,1,0,"a line's description fits a contracted service only by omitting a word, and the review did not rule out an uncontracted service"
INV-H5-000484,1,volume_discount_omitted|unit_price_mismatch,1145971,1305451,0.65,medium,1,1,1145971,INV-H5-000484#0,"findings depend on hospital-wide state, a recorded policy, a reviewed or tie-broken identity, or a candidate set priced by financial equivalence",,5,5,0,0,0,
INV-H5-000485,0,,4221828,4221828,0.65,medium,1,1,4221828,INV-H5-000485#0,"not flagged; every amount is proven, but some identity rests on review, a tie-break, or financial equivalence across candidates",,14,14,0,0,0,
INV-H5-000486,0,,6022833,6022833,0.65,medium,1,1,6022833,INV-H5-000486#0,"not flagged; every amount is proven, but some identity rests on review, a tie-break, or financial equivalence across candidates",,18,18,0,0,0,
INV-H5-000487,0,,3433738,3433738,0.65,medium,1,1,3433738,INV-H5-000487#0,"not flagged; every amount is proven, but some identity rests on review, a tie-break, or financial equivalence across candidates",,19,19,0,0,0,
INV-H5-000488,0,,,1455221,0.40,low,0,0,,INV-H5-000488#0,"H5-L00488-08: 'RTN  PHYSIOTHERAPY SESS' is unresolved (missing_discriminator) between Routine Psychiatric Physiotherapy Session or an uncontracted service ; blank: a line's description fits a contracted service only by omitting a word, and the review did not rule out an uncontracted service ; not flagged, but some line's corrected amount could not be proven, so not every rule could be checked",,13,12,0,1,0,"a line's description fits a contracted service only by omitting a word, and the review did not rule out an uncontracted service"
INV-H5-000489,1,premium_incorrectly_applied|malformed_service_date|wrong_unit_basis,674670,688830,0.65,medium,1,1,674670,INV-H5-000489#0,"findings depend on hospital-wide state, a recorded policy, a reviewed or tie-broken identity, or a candidate set priced by financial equivalence",,6,6,0,0,0,
INV-H5-000490,0,,4446598,4446598,0.65,medium,1,1,4446598,INV-H5-000490#0,"not flagged; every amount is proven, but some identity rests on review, a tie-break, or financial equivalence across candidates",,16,16,0,0,0,
INV-H5-000491,0,,911621,911621,0.65,medium,1,1,911621,INV-H5-000491#0,"not flagged; every amount is proven, but some identity rests on review, a tie-break, or financial equivalence across candidates",,7,7,0,0,0,
INV-H5-000492,1,unit_price_mismatch|service_date_after_invoice_date,,4256473,0.40,low,0,0,,INV-H5-000492#0,"H5-L00492-20: 'SUPERVISED SPCM ANLY /PH-7244' is unresolved (missing_discriminator) between Supervised Otolaryngologic Specimen Analysis or an uncontracted service ; blank: a line's description fits a contracted service only by omitting a word, and the review did not rule out an uncontracted service ; a finding rests on reading free text, or the corrected total cannot be proven",,20,19,0,1,0,"a line's description fits a contracted service only by omitting a word, and the review did not rule out an uncontracted service"
INV-H5-000493,0,,,5104874,0.40,low,0,0,,INV-H5-000493#0,"H5-L00493-01: 'RTN  PHYSIOTHERAPY SESS' is unresolved (missing_discriminator) between Routine Psychiatric Physiotherapy Session or an uncontracted service ; blank: a line's description fits a contracted service only by omitting a word, and the review did not rule out an uncontracted service ; not flagged, but some line's corrected amount could not be proven, so not every rule could be checked",,20,19,0,1,0,"a line's description fits a contracted service only by omitting a word, and the review did not rule out an uncontracted service"
INV-H5-000494,0,,3074023,3074023,0.65,medium,1,1,3074023,INV-H5-000494#0,"not flagged; every amount is proven, but some identity rests on review, a tie-break, or financial equivalence across candidates",,14,14,0,0,0,
INV-H5-000495,0,,3117493,3117493,0.65,medium,1,1,3117493,INV-H5-000495#0,"not flagged; every amount is proven, but some identity rests on review, a tie-break, or financial equivalence across candidates",,16,16,0,0,0,
INV-H5-000496,0,,2879922,2879922,0.65,medium,1,1,2879922,INV-H5-000496#0,"not flagged; every amount is proven, but some identity rests on review, a tie-break, or financial equivalence across candidates",,13,13,0,0,0,
INV-H5-000497,0,,2455916,2455916,0.65,medium,1,1,2455916,INV-H5-000497#0,"not flagged; every amount is proven, but some identity rests on review, a tie-break, or financial equivalence across candidates",,9,9,0,0,0,
INV-H5-000498,0,,3700163,3700163,0.65,medium,1,1,3700163,INV-H5-000498#0,"not flagged; every amount is proven, but some identity rests on review, a tie-break, or financial equivalence across candidates",,14,14,0,0,0,
INV-H5-000499,0,,598841,598841,0.65,medium,1,1,598841,INV-H5-000499#0,"not flagged; every amount is proven, but some identity rests on review, a tie-break, or financial equivalence across candidates",,5,5,0,0,0,
INV-H5-000500,0,,2632901,2632901,0.65,medium,1,1,2632901,INV-H5-000500#0,"not flagged; every amount is proven, but some identity rests on review, a tie-break, or financial equivalence across candidates",,16,16,0,0,0,
INV-H5-000501,0,,1513602,1513602,0.85,high,1,1,1513602,INV-H5-000501#0,not flagged; every line identified from text and priced exactly,,6,6,0,0,0,
INV-H5-000502,0,,2572580,2572580,0.65,medium,1,1,2572580,INV-H5-000502#0,"not flagged; every amount is proven, but some identity rests on review, a tie-break, or financial equivalence across candidates",,15,15,0,0,0,
INV-H5-000503,0,,1457770,1457770,0.85,high,1,1,1457770,INV-H5-000503#0,not flagged; every line identified from text and priced exactly,,10,10,0,0,0,
INV-H5-000504,0,,2419719,2419719,0.65,medium,1,1,2419719,INV-H5-000504#0,"not flagged; every amount is proven, but some identity rests on review, a tie-break, or financial equivalence across candidates",,13,13,0,0,0,
INV-H5-000505,0,,1570501,1570501,0.65,medium,1,1,1570501,INV-H5-000505#0,"not flagged; every amount is proven, but some identity rests on review, a tie-break, or financial equivalence across candidates",,6,6,0,0,0,
INV-H5-000506,0,,3050833,3050833,0.85,high,1,1,3050833,INV-H5-000506#0,not flagged; every line identified from text and priced exactly,,18,18,0,0,0,
INV-H5-000507,0,,1851981,1851981,0.85,high,1,1,1851981,INV-H5-000507#0,not flagged; every line identified from text and priced exactly,,11,11,0,0,0,
INV-H5-000508,0,,1470692,1470692,0.85,high,1,1,1470692,INV-H5-000508#0,not flagged; every line identified from text and priced exactly,,9,9,0,0,0,
INV-H5-000509,0,,2703277,2703277,0.85,high,1,1,2703277,INV-H5-000509#0,not flagged; every line identified from text and priced exactly,,10,10,0,0,0,
INV-H5-000510,0,,3551089,3551089,0.65,medium,1,1,3551089,INV-H5-000510#0,"not flagged; every amount is proven, but some identity rests on review, a tie-break, or financial equivalence across candidates",,19,19,0,0,0,
INV-H5-000511,0,,1628661,1628661,0.85,high,1,1,1628661,INV-H5-000511#0,not flagged; every line identified from text and priced exactly,,5,5,0,0,0,
INV-H5-000512,0,,2568341,2568341,0.65,medium,1,1,2568341,INV-H5-000512#0,"not flagged; every amount is proven, but some identity rests on review, a tie-break, or financial equivalence across candidates",,12,12,0,0,0,
INV-H5-000513,0,,3041283,3041283,0.85,high,1,1,3041283,INV-H5-000513#0,not flagged; every line identified from text and priced exactly,,13,13,0,0,0,
INV-H5-000514,0,,3544922,3544922,0.85,high,1,1,3544922,INV-H5-000514#0,not flagged; every line identified from text and priced exactly,,15,15,0,0,0,
INV-H5-000515,0,,1577341,1577341,0.85,high,1,1,1577341,INV-H5-000515#0,not flagged; every line identified from text and priced exactly,,10,10,0,0,0,
INV-H5-000516,0,,4353279,4353279,0.65,medium,1,1,4353279,INV-H5-000516#0,"not flagged; every amount is proven, but some identity rests on review, a tie-break, or financial equivalence across candidates",,18,18,0,0,0,
INV-H5-000517,0,,2245747,2245747,0.85,high,1,1,2245747,INV-H5-000517#0,not flagged; every line identified from text and priced exactly,,8,8,0,0,0,
INV-H5-000518,0,,1367901,1367901,0.85,high,1,1,1367901,INV-H5-000518#0,not flagged; every line identified from text and priced exactly,,5,5,0,0,0,
INV-H5-000519,0,,2278061,2278061,0.65,medium,1,1,2278061,INV-H5-000519#0,"not flagged; every amount is proven, but some identity rests on review, a tie-break, or financial equivalence across candidates",,9,9,0,0,0,
INV-H5-000520,1,unit_price_mismatch|exclusion_window_violation,731409,914819,0.65,medium,1,1,731409,INV-H5-000520#0,"findings depend on hospital-wide state, a recorded policy, a reviewed or tie-broken identity, or a candidate set priced by financial equivalence",,9,9,0,0,0,
INV-H5-000521,0,,4705100,4705100,0.65,medium,1,1,4705100,INV-H5-000521#0,"not flagged; every amount is proven, but some identity rests on review, a tie-break, or financial equivalence across candidates",,19,19,0,0,0,
INV-H5-000522,0,,2187399,2187399,0.65,medium,1,1,2187399,INV-H5-000522#0,"not flagged; every amount is proven, but some identity rests on review, a tie-break, or financial equivalence across candidates",,12,12,0,0,0,
INV-H5-000523,0,,2610276,2610276,0.85,high,1,1,2610276,INV-H5-000523#0,not flagged; every line identified from text and priced exactly,,13,13,0,0,0,
INV-H5-000524,0,,2482144,2482144,0.65,medium,1,1,2482144,INV-H5-000524#0,"not flagged; every amount is proven, but some identity rests on review, a tie-break, or financial equivalence across candidates",,18,18,0,0,0,
INV-H5-000525,0,,2862739,2862739,0.65,medium,1,1,2862739,INV-H5-000525#0,"not flagged; every amount is proven, but some identity rests on review, a tie-break, or financial equivalence across candidates",,18,18,0,0,0,
INV-H5-000526,0,,2350463,2350463,0.85,high,1,1,2350463,INV-H5-000526#0,not flagged; every line identified from text and priced exactly,,12,12,0,0,0,
INV-H5-000527,0,,899793,899793,0.85,high,1,1,899793,INV-H5-000527#0,not flagged; every line identified from text and priced exactly,,6,6,0,0,0,
INV-H5-000528,0,,2608040,2608040,0.65,medium,1,1,2608040,INV-H5-000528#0,"not flagged; every amount is proven, but some identity rests on review, a tie-break, or financial equivalence across candidates",,9,9,0,0,0,
INV-H5-000529,0,,2529372,2529372,0.65,medium,1,1,2529372,INV-H5-000529#0,"not flagged; every amount is proven, but some identity rests on review, a tie-break, or financial equivalence across candidates",,12,12,0,0,0,
INV-H5-000530,0,,2127626,2127626,0.65,medium,1,1,2127626,INV-H5-000530#0,"not flagged; every amount is proven, but some identity rests on review, a tie-break, or financial equivalence across candidates",,9,9,0,0,0,
INV-H5-000531,0,,4205716,4205716,0.65,medium,1,1,4205716,INV-H5-000531#0,"not flagged; every amount is proven, but some identity rests on review, a tie-break, or financial equivalence across candidates",,19,19,0,0,0,
INV-H5-000532,0,,,1643101,0.40,low,0,0,,INV-H5-000532#0,"H5-L00532-05: 'SUPERVISED SPCM ANLY /PH-7244' is unresolved (missing_discriminator) between Supervised Otolaryngologic Specimen Analysis or an uncontracted service ; blank: a line's description fits a contracted service only by omitting a word, and the review did not rule out an uncontracted service ; not flagged, but some line's corrected amount could not be proven, so not every rule could be checked",,13,12,0,1,0,"a line's description fits a contracted service only by omitting a word, and the review did not rule out an uncontracted service"
INV-H5-000533,0,,1538575,1538575,0.65,medium,1,1,1538575,INV-H5-000533#0,"not flagged; every amount is proven, but some identity rests on review, a tie-break, or financial equivalence across candidates",,6,6,0,0,0,
INV-H5-000534,0,,,5819338,0.40,low,0,0,,INV-H5-000534#0,"H5-L00534-12: 'UROL HM VST /PH-1437' is unresolved (missing_discriminator) between Emergency Urologic Home Visit or an uncontracted service ; blank: a line's description fits a contracted service only by omitting a word, and the review did not rule out an uncontracted service ; not flagged, but some line's corrected amount could not be proven, so not every rule could be checked",,20,19,0,1,0,"a line's description fits a contracted service only by omitting a word, and the review did not rule out an uncontracted service"
INV-H5-000535,0,,3226799,3226799,0.65,medium,1,1,3226799,INV-H5-000535#0,"not flagged; every amount is proven, but some identity rests on review, a tie-break, or financial equivalence across candidates",,14,14,0,0,0,
INV-H5-000536,0,,2500535,2500535,0.65,medium,1,1,2500535,INV-H5-000536#0,"not flagged; every amount is proven, but some identity rests on review, a tie-break, or financial equivalence across candidates",,17,17,0,0,0,
INV-H5-000537,0,,1674454,1674454,0.65,medium,1,1,1674454,INV-H5-000537#0,"not flagged; every amount is proven, but some identity rests on review, a tie-break, or financial equivalence across candidates",,6,6,0,0,0,
INV-H5-000538,0,,4592044,4592044,0.85,high,1,1,4592044,INV-H5-000538#0,not flagged; every line identified from text and priced exactly,,17,17,0,0,0,
INV-H5-000539,1,wrong_unit_basis|premium_omitted|cross_invoice_duplicate,,5191731,0.40,low,0,0,,INV-H5-000539#0,"H5-L00539-07: 'UROL HM VST /PH-1437' is unresolved (missing_discriminator) between Emergency Urologic Home Visit or an uncontracted service ; blank: a line's description fits a contracted service only by omitting a word, and the review did not rule out an uncontracted service ; a finding rests on reading free text, or the corrected total cannot be proven",,21,20,0,1,0,"a line's description fits a contracted service only by omitting a word, and the review did not rule out an uncontracted service"
INV-H5-000540,0,,889650,889650,0.85,high,1,1,889650,INV-H5-000540#0,not flagged; every line identified from text and priced exactly,,7,7,0,0,0,
INV-H5-000541,0,,,1988320,0.40,low,0,0,,INV-H5-000541#0,"H5-L00541-07: 'SUPERVISED SPCM ANLY /PH-7244' is unresolved (missing_discriminator) between Supervised Otolaryngologic Specimen Analysis or an uncontracted service ; blank: a line's description fits a contracted service only by omitting a word, and the review did not rule out an uncontracted service ; not flagged, but some line's corrected amount could not be proven, so not every rule could be checked",,12,11,0,1,0,"a line's description fits a contracted service only by omitting a word, and the review did not rule out an uncontracted service"
INV-H5-000542,0,,1712943,1712943,0.65,medium,1,1,1712943,INV-H5-000542#0,"not flagged; every amount is proven, but some identity rests on review, a tie-break, or financial equivalence across candidates",,12,12,0,0,0,
INV-H5-000543,1,wrong_unit_basis,1342323,1342323,0.65,medium,1,1,1342323,INV-H5-000543#0,"findings depend on hospital-wide state, a recorded policy, a reviewed or tie-broken identity, or a candidate set priced by financial equivalence",,5,5,0,0,0,
INV-H5-000544,0,,2022208,2022208,0.65,medium,1,1,2022208,INV-H5-000544#0,"not flagged; every amount is proven, but some identity rests on review, a tie-break, or financial equivalence across candidates",,7,7,0,0,0,
INV-H5-000545,0,,3459336,3459336,0.65,medium,1,1,3459336,INV-H5-000545#0,"not flagged; every amount is proven, but some identity rests on review, a tie-break, or financial equivalence across candidates",,13,13,0,0,0,
INV-H5-000546,0,,1605164,1605164,0.85,high,1,1,1605164,INV-H5-000546#0,not flagged; every line identified from text and priced exactly,,9,9,0,0,0,
INV-H5-000547,0,,,3531198,0.40,low,0,0,,INV-H5-000547#0,"H5-L00547-09: 'UROL HM VST /PH-1437' is unresolved (missing_discriminator) between Emergency Urologic Home Visit or an uncontracted service ; blank: a line's description fits a contracted service only by omitting a word, and the review did not rule out an uncontracted service ; not flagged, but some line's corrected amount could not be proven, so not every rule could be checked",,20,19,0,1,0,"a line's description fits a contracted service only by omitting a word, and the review did not rule out an uncontracted service"
INV-H5-000548,0,,3456905,3456905,0.65,medium,1,1,3456905,INV-H5-000548#0,"not flagged; every amount is proven, but some identity rests on review, a tie-break, or financial equivalence across candidates",,20,20,0,0,0,
INV-H5-000549,0,,1257831,1257831,0.85,high,1,1,1257831,INV-H5-000549#0,not flagged; every line identified from text and priced exactly,,11,11,0,0,0,
INV-H5-000550,0,,5031102,5031102,0.65,medium,1,1,5031102,INV-H5-000550#0,"not flagged; every amount is proven, but some identity rests on review, a tie-break, or financial equivalence across candidates",,17,17,0,0,0,
INV-H5-000551,1,unit_price_mismatch,3518577,3708098,0.65,medium,1,1,3518577,INV-H5-000551#0,"findings depend on hospital-wide state, a recorded policy, a reviewed or tie-broken identity, or a candidate set priced by financial equivalence",,14,14,0,0,0,
INV-H5-000552,0,,1333754,1333754,0.85,high,1,1,1333754,INV-H5-000552#0,not flagged; every line identified from text and priced exactly,,10,10,0,0,0,
INV-H5-000553,0,,1913374,1913374,0.85,high,1,1,1913374,INV-H5-000553#0,not flagged; every line identified from text and priced exactly,,6,6,0,0,0,
INV-H5-000554,0,,3434282,3434282,0.85,high,1,1,3434282,INV-H5-000554#0,not flagged; every line identified from text and priced exactly,,20,20,0,0,0,
INV-H5-000555,0,,1876770,1876770,0.65,medium,1,1,1876770,INV-H5-000555#0,"not flagged; every amount is proven, but some identity rests on review, a tie-break, or financial equivalence across candidates",,10,10,0,0,0,
INV-H5-000556,0,,3188535,3188535,0.85,high,1,1,3188535,INV-H5-000556#0,not flagged; every line identified from text and priced exactly,,9,9,0,0,0,
INV-H5-000557,0,,2940365,2940365,0.65,medium,1,1,2940365,INV-H5-000557#0,"not flagged; every amount is proven, but some identity rests on review, a tie-break, or financial equivalence across candidates",,11,11,0,0,0,
INV-H5-000558,0,,869563,869563,0.85,high,1,1,869563,INV-H5-000558#0,not flagged; every line identified from text and priced exactly,,11,11,0,0,0,
INV-H5-000559,0,,3932186,3932186,0.65,medium,1,1,3932186,INV-H5-000559#0,"not flagged; every amount is proven, but some identity rests on review, a tie-break, or financial equivalence across candidates",,19,19,0,0,0,
INV-H5-000560,0,,723751,723751,0.65,medium,1,1,723751,INV-H5-000560#0,"not flagged; every amount is proven, but some identity rests on review, a tie-break, or financial equivalence across candidates",,7,7,0,0,0,
INV-H5-000561,0,,3029462,3029462,0.65,medium,1,1,3029462,INV-H5-000561#0,"not flagged; every amount is proven, but some identity rests on review, a tie-break, or financial equivalence across candidates",,17,17,0,0,0,
INV-H5-000562,0,,4192131,4192131,0.65,medium,1,1,4192131,INV-H5-000562#0,"not flagged; every amount is proven, but some identity rests on review, a tie-break, or financial equivalence across candidates",,20,20,0,0,0,
INV-H5-000563,0,,2658546,2658546,0.65,medium,1,1,2658546,INV-H5-000563#0,"not flagged; every amount is proven, but some identity rests on review, a tie-break, or financial equivalence across candidates",,19,19,0,0,0,
INV-H5-000564,0,,1103541,1103541,0.85,high,1,1,1103541,INV-H5-000564#0,not flagged; every line identified from text and priced exactly,,5,5,0,0,0,
INV-H5-000565,0,,2172269,2172269,0.65,medium,1,1,2172269,INV-H5-000565#0,"not flagged; every amount is proven, but some identity rests on review, a tie-break, or financial equivalence across candidates",,5,5,0,0,0,
INV-H5-000566,0,,942798,942798,0.85,high,1,1,942798,INV-H5-000566#0,not flagged; every line identified from text and priced exactly,,6,6,0,0,0,
INV-H5-000567,0,,2152638,2152638,0.65,medium,1,1,2152638,INV-H5-000567#0,"not flagged; every amount is proven, but some identity rests on review, a tie-break, or financial equivalence across candidates",,9,9,0,0,0,
INV-H5-000568,0,,2250229,2250229,0.85,high,1,1,2250229,INV-H5-000568#0,not flagged; every line identified from text and priced exactly,,7,7,0,0,0,
INV-H5-000569,0,,7023280,7023280,0.65,medium,1,1,7023280,INV-H5-000569#0,"not flagged; every amount is proven, but some identity rests on review, a tie-break, or financial equivalence across candidates",,19,19,0,0,0,
INV-H5-000570,0,,3899232,3899232,0.65,medium,1,1,3899232,INV-H5-000570#0,"not flagged; every amount is proven, but some identity rests on review, a tie-break, or financial equivalence across candidates",,20,20,0,0,0,
INV-H5-000571,0,,906632,906632,0.65,medium,1,1,906632,INV-H5-000571#0,"not flagged; every amount is proven, but some identity rests on review, a tie-break, or financial equivalence across candidates",,9,9,0,0,0,
INV-H5-000572,0,,4563454,4563454,0.85,high,1,1,4563454,INV-H5-000572#0,not flagged; every line identified from text and priced exactly,,13,13,0,0,0,
INV-H5-000573,0,,1534116,1534116,0.85,high,1,1,1534116,INV-H5-000573#0,not flagged; every line identified from text and priced exactly,,9,9,0,0,0,
INV-H5-000574,1,wrong_unit_basis|bundle_not_applied|service_date_out_of_window,,5517874,0.40,low,0,0,,INV-H5-000574#0,"H5-L00574-17: 'SUPERVISED SPCM ANLY /PH-7244' is unresolved (missing_discriminator) between Supervised Otolaryngologic Specimen Analysis or an uncontracted service ; blank: a line's description fits a contracted service only by omitting a word, and the review did not rule out an uncontracted service ; a finding rests on reading free text, or the corrected total cannot be proven",,17,16,0,1,0,"a line's description fits a contracted service only by omitting a word, and the review did not rule out an uncontracted service"
INV-H5-000575,1,invoice_total_mismatch,1067381,1167381,0.85,high,1,1,1067381,INV-H5-000575#0,"every finding follows from the invoice's own fields, independent of service identity",,8,8,0,0,0,
INV-H5-000576,0,,1995013,1995013,0.65,medium,1,1,1995013,INV-H5-000576#0,"not flagged; every amount is proven, but some identity rests on review, a tie-break, or financial equivalence across candidates",,6,6,0,0,0,
INV-H5-000577,0,,3045963,3045963,0.65,medium,1,1,3045963,INV-H5-000577#0,"not flagged; every amount is proven, but some identity rests on review, a tie-break, or financial equivalence across candidates",,12,12,0,0,0,
INV-H5-000578,0,,3099289,3099289,0.65,medium,1,1,3099289,INV-H5-000578#0,"not flagged; every amount is proven, but some identity rests on review, a tie-break, or financial equivalence across candidates",,16,16,0,0,0,
INV-H5-000579,0,,999372,999372,0.65,medium,1,1,999372,INV-H5-000579#0,"not flagged; every amount is proven, but some identity rests on review, a tie-break, or financial equivalence across candidates",,5,5,0,0,0,
INV-H5-000580,0,,5763303,5763303,0.85,high,1,1,5763303,INV-H5-000580#0,not flagged; every line identified from text and priced exactly,,19,19,0,0,0,
INV-H5-000581,0,,4983046,4983046,0.65,medium,1,1,4983046,INV-H5-000581#0,"not flagged; every amount is proven, but some identity rests on review, a tie-break, or financial equivalence across candidates",,17,17,0,0,0,
INV-H5-000582,0,,2427167,2427167,0.85,high,1,1,2427167,INV-H5-000582#0,not flagged; every line identified from text and priced exactly,,11,11,0,0,0,
INV-H5-000583,0,,997973,997973,0.85,high,1,1,997973,INV-H5-000583#0,not flagged; every line identified from text and priced exactly,,6,6,0,0,0,
INV-H5-000584,0,,3776180,3776180,0.65,medium,1,1,3776180,INV-H5-000584#0,"not flagged; every amount is proven, but some identity rests on review, a tie-break, or financial equivalence across candidates",,18,18,0,0,0,
INV-H5-000585,0,,2182615,2182615,0.65,medium,1,1,2182615,INV-H5-000585#0,"not flagged; every amount is proven, but some identity rests on review, a tie-break, or financial equivalence across candidates",,11,11,0,0,0,
INV-H5-000586,0,,2736015,2736015,0.85,high,1,1,2736015,INV-H5-000586#0,not flagged; every line identified from text and priced exactly,,9,9,0,0,0,
INV-H5-000587,0,,,3647489,0.40,low,0,0,,INV-H5-000587#0,"H5-L00587-16: 'SUPERVISED SPCM ANLY /PH-7244' is unresolved (missing_discriminator) between Supervised Otolaryngologic Specimen Analysis or an uncontracted service ; blank: a line's description fits a contracted service only by omitting a word, and the review did not rule out an uncontracted service ; not flagged, but some line's corrected amount could not be proven, so not every rule could be checked",,16,15,0,1,0,"a line's description fits a contracted service only by omitting a word, and the review did not rule out an uncontracted service"
INV-H5-000588,0,,858942,858942,0.65,medium,1,1,858942,INV-H5-000588#0,"not flagged; every amount is proven, but some identity rests on review, a tie-break, or financial equivalence across candidates",,7,7,0,0,0,
INV-H5-000589,0,,1150933,1150933,0.85,high,1,1,1150933,INV-H5-000589#0,not flagged; every line identified from text and priced exactly,,5,5,0,0,0,
INV-H5-000590,0,,2502225,2502225,0.65,medium,1,1,2502225,INV-H5-000590#0,"not flagged; every amount is proven, but some identity rests on review, a tie-break, or financial equivalence across candidates",,17,17,0,0,0,
INV-H5-000591,0,,1780442,1780442,0.65,medium,1,1,1780442,INV-H5-000591#0,"not flagged; every amount is proven, but some identity rests on review, a tie-break, or financial equivalence across candidates",,11,11,0,0,0,
INV-H5-000592,0,,3714402,3714402,0.85,high,1,1,3714402,INV-H5-000592#0,not flagged; every line identified from text and priced exactly,,8,8,0,0,0,
INV-H5-000593,0,,1971033,1971033,0.85,high,1,1,1971033,INV-H5-000593#0,not flagged; every line identified from text and priced exactly,,6,6,0,0,0,
INV-H5-000594,0,,420930,420930,0.65,medium,1,1,420930,INV-H5-000594#0,"not flagged; every amount is proven, but some identity rests on review, a tie-break, or financial equivalence across candidates",,5,5,0,0,0,
INV-H5-000595,0,,921110,921110,0.65,medium,1,1,921110,INV-H5-000595#0,"not flagged; every amount is proven, but some identity rests on review, a tie-break, or financial equivalence across candidates",,10,10,0,0,0,
INV-H5-000596,0,,1411552,1411552,0.65,medium,1,1,1411552,INV-H5-000596#0,"not flagged; every amount is proven, but some identity rests on review, a tie-break, or financial equivalence across candidates",,5,5,0,0,0,
INV-H5-000597,0,,5375354,5375354,0.65,medium,1,1,5375354,INV-H5-000597#0,"not flagged; every amount is proven, but some identity rests on review, a tie-break, or financial equivalence across candidates",,17,17,0,0,0,
INV-H5-000598,0,,2297893,2297893,0.65,medium,1,1,2297893,INV-H5-000598#0,"not flagged; every amount is proven, but some identity rests on review, a tie-break, or financial equivalence across candidates",,11,11,0,0,0,
INV-H5-000599,0,,4710156,4710156,0.65,medium,1,1,4710156,INV-H5-000599#0,"not flagged; every amount is proven, but some identity rests on review, a tie-break, or financial equivalence across candidates",,19,19,0,0,0,
INV-H5-000600,0,,2256241,2256241,0.85,high,1,1,2256241,INV-H5-000600#0,not flagged; every line identified from text and priced exactly,,7,7,0,0,0,
INV-H5-000601,0,,979801,979801,0.85,high,1,1,979801,INV-H5-000601#0,not flagged; every line identified from text and priced exactly,,8,8,0,0,0,
INV-H5-000602,0,,6125563,6125563,0.65,medium,1,1,6125563,INV-H5-000602#0,"not flagged; every amount is proven, but some identity rests on review, a tie-break, or financial equivalence across candidates",,11,11,0,0,0,
INV-H5-000603,1,unit_price_mismatch|wrong_unit_basis,3512983,3495789,0.65,medium,1,1,3512983,INV-H5-000603#0,"findings depend on hospital-wide state, a recorded policy, a reviewed or tie-broken identity, or a candidate set priced by financial equivalence",,17,17,0,0,0,
INV-H5-000604,0,,1168222,1168222,0.65,medium,1,1,1168222,INV-H5-000604#0,"not flagged; every amount is proven, but some identity rests on review, a tie-break, or financial equivalence across candidates",,10,10,0,0,0,
INV-H5-000605,0,,2705558,2705558,0.85,high,1,1,2705558,INV-H5-000605#0,not flagged; every line identified from text and priced exactly,,11,11,0,0,0,
INV-H5-000606,0,,1717772,1717772,0.65,medium,1,1,1717772,INV-H5-000606#0,"not flagged; every amount is proven, but some identity rests on review, a tie-break, or financial equivalence across candidates",,11,11,0,0,0,
INV-H5-000607,0,,4751967,4751967,0.65,medium,1,1,4751967,INV-H5-000607#0,"not flagged; every amount is proven, but some identity rests on review, a tie-break, or financial equivalence across candidates",,20,20,0,0,0,
INV-H5-000608,0,,3039543,3039543,0.65,medium,1,1,3039543,INV-H5-000608#0,"not flagged; every amount is proven, but some identity rests on review, a tie-break, or financial equivalence across candidates",,12,12,0,0,0,
INV-H5-000609,0,,2362109,2362109,0.65,medium,1,1,2362109,INV-H5-000609#0,"not flagged; every amount is proven, but some identity rests on review, a tie-break, or financial equivalence across candidates",,13,13,0,0,0,
INV-H5-000610,0,,2557661,2557661,0.85,high,1,1,2557661,INV-H5-000610#0,not flagged; every line identified from text and priced exactly,,14,14,0,0,0,
INV-H5-000611,0,,2024008,2024008,0.65,medium,1,1,2024008,INV-H5-000611#0,"not flagged; every amount is proven, but some identity rests on review, a tie-break, or financial equivalence across candidates",,8,8,0,0,0,
INV-H5-000612,0,,1089539,1089539,0.85,high,1,1,1089539,INV-H5-000612#0,not flagged; every line identified from text and priced exactly,,5,5,0,0,0,
INV-H5-000613,0,,3850896,3850896,0.85,high,1,1,3850896,INV-H5-000613#0,not flagged; every line identified from text and priced exactly,,10,10,0,0,0,
INV-H5-000614,0,,1017381,1017381,0.85,high,1,1,1017381,INV-H5-000614#0,not flagged; every line identified from text and priced exactly,,7,7,0,0,0,
INV-H5-000615,1,unit_price_mismatch,1674751,1726957,0.65,medium,1,1,1674751,INV-H5-000615#0,"findings depend on hospital-wide state, a recorded policy, a reviewed or tie-broken identity, or a candidate set priced by financial equivalence",,5,5,0,0,0,
INV-H5-000616,0,,3286614,3286614,0.65,medium,1,1,3286614,INV-H5-000616#0,"not flagged; every amount is proven, but some identity rests on review, a tie-break, or financial equivalence across candidates",,14,14,0,0,0,
INV-H5-000617,0,,2792147,2792147,0.85,high,1,1,2792147,INV-H5-000617#0,not flagged; every line identified from text and priced exactly,,9,9,0,0,0,
INV-H5-000618,0,,1202960,1202960,0.85,high,1,1,1202960,INV-H5-000618#0,not flagged; every line identified from text and priced exactly,,7,7,0,0,0,
INV-H5-000619,0,,3213857,3213857,0.65,medium,1,1,3213857,INV-H5-000619#0,"not flagged; every amount is proven, but some identity rests on review, a tie-break, or financial equivalence across candidates",,13,13,0,0,0,
INV-H5-000620,0,,6847291,6847291,0.65,medium,1,1,6847291,INV-H5-000620#0,"not flagged; every amount is proven, but some identity rests on review, a tie-break, or financial equivalence across candidates",,19,19,0,0,0,
INV-H5-000621,0,,5603334,5603334,0.65,medium,1,1,5603334,INV-H5-000621#0,"not flagged; every amount is proven, but some identity rests on review, a tie-break, or financial equivalence across candidates",,16,16,0,0,0,
INV-H5-000622,0,,3481987,3481987,0.65,medium,1,1,3481987,INV-H5-000622#0,"not flagged; every amount is proven, but some identity rests on review, a tie-break, or financial equivalence across candidates",,20,20,0,0,0,
INV-H5-000623,0,,3728292,3728292,0.65,medium,1,1,3728292,INV-H5-000623#0,"not flagged; every amount is proven, but some identity rests on review, a tie-break, or financial equivalence across candidates",,19,19,0,0,0,
INV-H5-000624,0,,,5528868,0.40,low,0,0,,INV-H5-000624#0,"H5-L00624-13: 'UROL HM VST /PH-1437' is unresolved (missing_discriminator) between Emergency Urologic Home Visit or an uncontracted service ; blank: a line's description fits a contracted service only by omitting a word, and the review did not rule out an uncontracted service ; not flagged, but some line's corrected amount could not be proven, so not every rule could be checked",,15,14,0,1,0,"a line's description fits a contracted service only by omitting a word, and the review did not rule out an uncontracted service"
INV-H5-000625,0,,2278445,2278445,0.65,medium,1,1,2278445,INV-H5-000625#0,"not flagged; every amount is proven, but some identity rests on review, a tie-break, or financial equivalence across candidates",,16,16,0,0,0,
INV-H5-000626,0,,2889111,2889111,0.65,medium,1,1,2889111,INV-H5-000626#0,"not flagged; every amount is proven, but some identity rests on review, a tie-break, or financial equivalence across candidates",,13,13,0,0,0,
INV-H5-000627,0,,3647968,3647968,0.65,medium,1,1,3647968,INV-H5-000627#0,"not flagged; every amount is proven, but some identity rests on review, a tie-break, or financial equivalence across candidates",,16,16,0,0,0,
INV-H5-000628,0,,3077117,3077117,0.85,high,1,1,3077117,INV-H5-000628#0,not flagged; every line identified from text and priced exactly,,11,11,0,0,0,
INV-H5-000629,1,service_date_out_of_window|line_total_arithmetic,3571311,3596311,0.85,high,1,1,3571311,INV-H5-000629#0,"every finding follows from the invoice's own fields, independent of service identity",,15,15,0,0,0,
INV-H5-000630,0,,3025497,3025497,0.65,medium,1,1,3025497,INV-H5-000630#0,"not flagged; every amount is proven, but some identity rests on review, a tie-break, or financial equivalence across candidates",,10,10,0,0,0,
INV-H5-000631,0,,1544323,1544323,0.65,medium,1,1,1544323,INV-H5-000631#0,"not flagged; every amount is proven, but some identity rests on review, a tie-break, or financial equivalence across candidates",,7,7,0,0,0,
INV-H5-000632,0,,3170772,3170772,0.85,high,1,1,3170772,INV-H5-000632#0,not flagged; every line identified from text and priced exactly,,13,13,0,0,0,
INV-H5-000633,0,,1375413,1375413,0.85,high,1,1,1375413,INV-H5-000633#0,not flagged; every line identified from text and priced exactly,,11,11,0,0,0,
INV-H5-000634,0,,1129583,1129583,0.85,high,1,1,1129583,INV-H5-000634#0,not flagged; every line identified from text and priced exactly,,5,5,0,0,0,
INV-H5-000635,0,,4600721,4600721,0.65,medium,1,1,4600721,INV-H5-000635#0,"not flagged; every amount is proven, but some identity rests on review, a tie-break, or financial equivalence across candidates",,20,20,0,0,0,
INV-H5-000636,0,,1615307,1615307,0.65,medium,1,1,1615307,INV-H5-000636#0,"not flagged; every amount is proven, but some identity rests on review, a tie-break, or financial equivalence across candidates",,6,6,0,0,0,
INV-H5-000637,0,,1319879,1319879,0.85,high,1,1,1319879,INV-H5-000637#0,not flagged; every line identified from text and priced exactly,,6,6,0,0,0,
INV-H5-000638,0,,780437,780437,0.65,medium,1,1,780437,INV-H5-000638#0,"not flagged; every amount is proven, but some identity rests on review, a tie-break, or financial equivalence across candidates",,6,6,0,0,0,
INV-H5-000639,0,,5602433,5602433,0.65,medium,1,1,5602433,INV-H5-000639#0,"not flagged; every amount is proven, but some identity rests on review, a tie-break, or financial equivalence across candidates",,15,15,0,0,0,
INV-H5-000640,0,,4143273,4143273,0.65,medium,1,1,4143273,INV-H5-000640#0,"not flagged; every amount is proven, but some identity rests on review, a tie-break, or financial equivalence across candidates",,16,16,0,0,0,
INV-H5-000641,0,,2452741,2452741,0.65,medium,1,1,2452741,INV-H5-000641#0,"not flagged; every amount is proven, but some identity rests on review, a tie-break, or financial equivalence across candidates",,15,15,0,0,0,
INV-H5-000642,0,,,2686021,0.40,low,0,0,,INV-H5-000642#0,"H5-L00642-02: 'SUPERVISED SPCM ANLY /PH-7244' is unresolved (missing_discriminator) between Supervised Otolaryngologic Specimen Analysis or an uncontracted service ; blank: a line's description fits a contracted service only by omitting a word, and the review did not rule out an uncontracted service ; not flagged, but some line's corrected amount could not be proven, so not every rule could be checked",,17,16,0,1,0,"a line's description fits a contracted service only by omitting a word, and the review did not rule out an uncontracted service"
INV-H5-000643,0,,935341,935341,0.85,high,1,1,935341,INV-H5-000643#0,not flagged; every line identified from text and priced exactly,,8,8,0,0,0,
INV-H5-000644,0,,4207504,4207504,0.65,medium,1,1,4207504,INV-H5-000644#0,"not flagged; every amount is proven, but some identity rests on review, a tie-break, or financial equivalence across candidates",,20,20,0,0,0,
INV-H5-000645,0,,2439423,2439423,0.65,medium,1,1,2439423,INV-H5-000645#0,"not flagged; every amount is proven, but some identity rests on review, a tie-break, or financial equivalence across candidates",,11,11,0,0,0,
INV-H5-000646,0,,797825,797825,0.65,medium,1,1,797825,INV-H5-000646#0,"not flagged; every amount is proven, but some identity rests on review, a tie-break, or financial equivalence across candidates",,9,9,0,0,0,
INV-H5-000647,0,,2569143,2569143,0.85,high,1,1,2569143,INV-H5-000647#0,not flagged; every line identified from text and priced exactly,,8,8,0,0,0,
INV-H5-000648,0,,3996211,3996211,0.85,high,1,1,3996211,INV-H5-000648#0,not flagged; every line identified from text and priced exactly,,14,14,0,0,0,
INV-H5-000649,0,,2156633,2156633,0.85,high,1,1,2156633,INV-H5-000649#0,not flagged; every line identified from text and priced exactly,,8,8,0,0,0,
INV-H5-000651,0,,1122221,1122221,0.65,medium,1,1,1122221,INV-H5-000651#0,"not flagged; every amount is proven, but some identity rests on review, a tie-break, or financial equivalence across candidates",,7,7,0,0,0,
INV-H5-000652,0,,4256235,4256235,0.85,high,1,1,4256235,INV-H5-000652#0,not flagged; every line identified from text and priced exactly,,17,17,0,0,0,
INV-H5-000653,0,,2987599,2987599,0.65,medium,1,1,2987599,INV-H5-000653#0,"not flagged; every amount is proven, but some identity rests on review, a tie-break, or financial equivalence across candidates",,13,13,0,0,0,
INV-H5-000654,0,,3017547,3017547,0.65,medium,1,1,3017547,INV-H5-000654#0,"not flagged; every amount is proven, but some identity rests on review, a tie-break, or financial equivalence across candidates",,8,8,0,0,0,
INV-H5-000655,0,,441786,441786,0.65,medium,1,1,441786,INV-H5-000655#0,"not flagged; every amount is proven, but some identity rests on review, a tie-break, or financial equivalence across candidates",,6,6,0,0,0,
INV-H5-000656,0,,4704119,4704119,0.65,medium,1,1,4704119,INV-H5-000656#0,"not flagged; every amount is proven, but some identity rests on review, a tie-break, or financial equivalence across candidates",,18,18,0,0,0,
INV-H5-000657,0,,3026074,3026074,0.85,high,1,1,3026074,INV-H5-000657#0,not flagged; every line identified from text and priced exactly,,17,17,0,0,0,
INV-H5-000658,0,,3424234,3424234,0.85,high,1,1,3424234,INV-H5-000658#0,not flagged; every line identified from text and priced exactly,,16,16,0,0,0,
INV-H5-000659,0,,4167319,4167319,0.85,high,1,1,4167319,INV-H5-000659#0,not flagged; every line identified from text and priced exactly,,19,19,0,0,0,
INV-H5-000660,0,,4607479,4607479,0.65,medium,1,1,4607479,INV-H5-000660#0,"not flagged; every amount is proven, but some identity rests on review, a tie-break, or financial equivalence across candidates",,20,20,0,0,0,
INV-H5-000661,0,,4567534,4567534,0.65,medium,1,1,4567534,INV-H5-000661#0,"not flagged; every amount is proven, but some identity rests on review, a tie-break, or financial equivalence across candidates",,18,18,0,0,0,
INV-H5-000662,0,,2911686,2911686,0.65,medium,1,1,2911686,INV-H5-000662#0,"not flagged; every amount is proven, but some identity rests on review, a tie-break, or financial equivalence across candidates",,12,12,0,0,0,
INV-H5-000663,0,,3452561,3452561,0.65,medium,1,1,3452561,INV-H5-000663#0,"not flagged; every amount is proven, but some identity rests on review, a tie-break, or financial equivalence across candidates",,13,13,0,0,0,
INV-H5-000664,0,,3475339,3475339,0.85,high,1,1,3475339,INV-H5-000664#0,not flagged; every line identified from text and priced exactly,,11,11,0,0,0,
INV-H5-000665,0,,2386112,2386112,0.65,medium,1,1,2386112,INV-H5-000665#0,"not flagged; every amount is proven, but some identity rests on review, a tie-break, or financial equivalence across candidates",,14,14,0,0,0,
INV-H5-000666,0,,1068351,1068351,0.65,medium,1,1,1068351,INV-H5-000666#0,"not flagged; every amount is proven, but some identity rests on review, a tie-break, or financial equivalence across candidates",,6,6,0,0,0,
INV-H5-000667,0,,2287939,2287939,0.65,medium,1,1,2287939,INV-H5-000667#0,"not flagged; every amount is proven, but some identity rests on review, a tie-break, or financial equivalence across candidates",,16,16,0,0,0,
INV-H5-000668,0,,1192278,1192278,0.65,medium,1,1,1192278,INV-H5-000668#0,"not flagged; every amount is proven, but some identity rests on review, a tie-break, or financial equivalence across candidates",,5,5,0,0,0,
INV-H5-000669,0,,2121061,2121061,0.65,medium,1,1,2121061,INV-H5-000669#0,"not flagged; every amount is proven, but some identity rests on review, a tie-break, or financial equivalence across candidates",,19,19,0,0,0,
INV-H5-000670,0,,1463878,1463878,0.85,high,1,1,1463878,INV-H5-000670#0,not flagged; every line identified from text and priced exactly,,7,7,0,0,0,
INV-H5-000671,0,,2959062,2959062,0.65,medium,1,1,2959062,INV-H5-000671#0,"not flagged; every amount is proven, but some identity rests on review, a tie-break, or financial equivalence across candidates",,17,17,0,0,0,
INV-H5-000672,0,,1374286,1374286,0.65,medium,1,1,1374286,INV-H5-000672#0,"not flagged; every amount is proven, but some identity rests on review, a tie-break, or financial equivalence across candidates",,7,7,0,0,0,
INV-H5-000673,0,,4505316,4505316,0.65,medium,1,1,4505316,INV-H5-000673#0,"not flagged; every amount is proven, but some identity rests on review, a tie-break, or financial equivalence across candidates",,18,18,0,0,0,
INV-H5-000674,0,,4042207,4042207,0.65,medium,1,1,4042207,INV-H5-000674#0,"not flagged; every amount is proven, but some identity rests on review, a tie-break, or financial equivalence across candidates",,15,15,0,0,0,
INV-H5-000675,0,,,3275579,0.40,low,0,0,,INV-H5-000675#0,"H5-L00675-02: 'RTN  PHYSIOTHERAPY SESS' is unresolved (missing_discriminator) between Routine Psychiatric Physiotherapy Session or an uncontracted service ; blank: a line's description fits a contracted service only by omitting a word, and the review did not rule out an uncontracted service ; not flagged, but some line's corrected amount could not be proven, so not every rule could be checked",,7,6,0,1,0,"a line's description fits a contracted service only by omitting a word, and the review did not rule out an uncontracted service"
INV-H5-000676,0,,,5671487,0.40,low,0,0,,INV-H5-000676#0,"H5-L00676-10: 'SUPERVISED SPCM ANLY /PH-7244' is unresolved (missing_discriminator) between Supervised Otolaryngologic Specimen Analysis or an uncontracted service ; blank: a line's description fits a contracted service only by omitting a word, and the review did not rule out an uncontracted service ; not flagged, but some line's corrected amount could not be proven, so not every rule could be checked",,16,15,0,1,0,"a line's description fits a contracted service only by omitting a word, and the review did not rule out an uncontracted service"
INV-H5-000677,0,,4755445,4755445,0.65,medium,1,1,4755445,INV-H5-000677#0,"not flagged; every amount is proven, but some identity rests on review, a tie-break, or financial equivalence across candidates",,19,19,0,0,0,
INV-H5-000678,0,,3458106,3458106,0.65,medium,1,1,3458106,INV-H5-000678#0,"not flagged; every amount is proven, but some identity rests on review, a tie-break, or financial equivalence across candidates",,10,10,0,0,0,
INV-H5-000679,0,,871701,871701,0.85,high,1,1,871701,INV-H5-000679#0,not flagged; every line identified from text and priced exactly,,5,5,0,0,0,
INV-H5-000680,1,premium_incorrectly_applied|service_date_after_invoice_date,5941719,6010657,0.65,medium,1,1,5941719,INV-H5-000680#0,"findings depend on hospital-wide state, a recorded policy, a reviewed or tie-broken identity, or a candidate set priced by financial equivalence",,20,20,0,0,0,
INV-H5-000681,0,,2544026,2544026,0.85,high,1,1,2544026,INV-H5-000681#0,not flagged; every line identified from text and priced exactly,,11,11,0,0,0,
INV-H5-000682,0,,4382733,4382733,0.65,medium,1,1,4382733,INV-H5-000682#0,"not flagged; every amount is proven, but some identity rests on review, a tie-break, or financial equivalence across candidates",,17,17,0,0,0,
INV-H5-000683,0,,4967450,4967450,0.85,high,1,1,4967450,INV-H5-000683#0,not flagged; every line identified from text and priced exactly,,18,18,0,0,0,
INV-H5-000684,0,,4175495,4175495,0.65,medium,1,1,4175495,INV-H5-000684#0,"not flagged; every amount is proven, but some identity rests on review, a tie-break, or financial equivalence across candidates",,16,16,0,0,0,
INV-H5-000685,0,,2793436,2793436,0.65,medium,1,1,2793436,INV-H5-000685#0,"not flagged; every amount is proven, but some identity rests on review, a tie-break, or financial equivalence across candidates",,14,14,0,0,0,
INV-H5-000686,0,,2287616,2287616,0.65,medium,1,1,2287616,INV-H5-000686#0,"not flagged; every amount is proven, but some identity rests on review, a tie-break, or financial equivalence across candidates",,10,10,0,0,0,
INV-H5-000687,0,,,3121667,0.40,low,0,0,,INV-H5-000687#0,"H5-L00687-01: 'SUPERVISED SPCM ANLY /PH-7244' is unresolved (missing_discriminator) between Supervised Otolaryngologic Specimen Analysis or an uncontracted service ; blank: a line's description fits a contracted service only by omitting a word, and the review did not rule out an uncontracted service ; not flagged, but some line's corrected amount could not be proven, so not every rule could be checked",,19,18,0,1,0,"a line's description fits a contracted service only by omitting a word, and the review did not rule out an uncontracted service"
INV-H5-000688,0,,2362572,2362572,0.65,medium,1,1,2362572,INV-H5-000688#0,"not flagged; every amount is proven, but some identity rests on review, a tie-break, or financial equivalence across candidates",,18,18,0,0,0,
INV-H5-000689,0,,3521008,3521008,0.65,medium,1,1,3521008,INV-H5-000689#0,"not flagged; every amount is proven, but some identity rests on review, a tie-break, or financial equivalence across candidates",,13,13,0,0,0,
INV-H5-000690,0,,4146073,4146073,0.65,medium,1,1,4146073,INV-H5-000690#0,"not flagged; every amount is proven, but some identity rests on review, a tie-break, or financial equivalence across candidates",,13,13,0,0,0,
INV-H5-000691,0,,2280369,2280369,0.65,medium,1,1,2280369,INV-H5-000691#0,"not flagged; every amount is proven, but some identity rests on review, a tie-break, or financial equivalence across candidates",,9,9,0,0,0,
INV-H5-000692,0,,739924,739924,0.65,medium,1,1,739924,INV-H5-000692#0,"not flagged; every amount is proven, but some identity rests on review, a tie-break, or financial equivalence across candidates",,5,5,0,0,0,
INV-H5-000693,0,,3031724,3031724,0.85,high,1,1,3031724,INV-H5-000693#0,not flagged; every line identified from text and priced exactly,,14,14,0,0,0,
INV-H5-000694,0,,,5118910,0.40,low,0,0,,INV-H5-000694#0,"H5-L00694-09: 'RTN  PHYSIOTHERAPY SESS' is unresolved (missing_discriminator) between Routine Psychiatric Physiotherapy Session or an uncontracted service ; blank: a line's description fits a contracted service only by omitting a word, and the review did not rule out an uncontracted service ; not flagged, but some line's corrected amount could not be proven, so not every rule could be checked",,18,17,0,1,0,"a line's description fits a contracted service only by omitting a word, and the review did not rule out an uncontracted service"
INV-H5-000695,0,,951175,951175,0.85,high,1,1,951175,INV-H5-000695#0,not flagged; every line identified from text and priced exactly,,8,8,0,0,0,
INV-H5-000696,0,,443289,443289,0.65,medium,1,1,443289,INV-H5-000696#0,"not flagged; every amount is proven, but some identity rests on review, a tie-break, or financial equivalence across candidates",,5,5,0,0,0,
INV-H5-000697,0,,3326538,3326538,0.65,medium,1,1,3326538,INV-H5-000697#0,"not flagged; every amount is proven, but some identity rests on review, a tie-break, or financial equivalence across candidates",,17,17,0,0,0,
INV-H5-000698,0,,2764318,2764318,0.65,medium,1,1,2764318,INV-H5-000698#0,"not flagged; every amount is proven, but some identity rests on review, a tie-break, or financial equivalence across candidates",,19,19,0,0,0,
INV-H5-000699,0,,1965404,1965404,0.85,high,1,1,1965404,INV-H5-000699#0,not flagged; every line identified from text and priced exactly,,8,8,0,0,0,
INV-H5-000700,0,,3707563,3707563,0.65,medium,1,1,3707563,INV-H5-000700#0,"not flagged; every amount is proven, but some identity rests on review, a tie-break, or financial equivalence across candidates",,19,19,0,0,0,
INV-H5-000701,0,,3626931,3626931,0.85,high,1,1,3626931,INV-H5-000701#0,not flagged; every line identified from text and priced exactly,,19,19,0,0,0,
INV-H5-000702,0,,1859589,1859589,0.65,medium,1,1,1859589,INV-H5-000702#0,"not flagged; every amount is proven, but some identity rests on review, a tie-break, or financial equivalence across candidates",,8,8,0,0,0,
INV-H5-000703,0,,3173652,3173652,0.65,medium,1,1,3173652,INV-H5-000703#0,"not flagged; every amount is proven, but some identity rests on review, a tie-break, or financial equivalence across candidates",,14,14,0,0,0,
INV-H5-000704,0,,1526203,1526203,0.85,high,1,1,1526203,INV-H5-000704#0,not flagged; every line identified from text and priced exactly,,7,7,0,0,0,
INV-H5-000705,0,,1978038,1978038,0.85,high,1,1,1978038,INV-H5-000705#0,not flagged; every line identified from text and priced exactly,,8,8,0,0,0,
INV-H5-000706,0,,1836000,1836000,0.85,high,1,1,1836000,INV-H5-000706#0,not flagged; every line identified from text and priced exactly,,12,12,0,0,0,
INV-H5-000707,0,,1354487,1354487,0.85,high,1,1,1354487,INV-H5-000707#0,not flagged; every line identified from text and priced exactly,,9,9,0,0,0,
INV-H5-000708,0,,,2051938,0.40,low,0,0,,INV-H5-000708#0,"H5-L00708-11: 'SUPERVISED SPCM ANLY /PH-7244' is unresolved (missing_discriminator) between Supervised Otolaryngologic Specimen Analysis or an uncontracted service ; blank: a line's description fits a contracted service only by omitting a word, and the review did not rule out an uncontracted service ; not flagged, but some line's corrected amount could not be proven, so not every rule could be checked",,11,10,0,1,0,"a line's description fits a contracted service only by omitting a word, and the review did not rule out an uncontracted service"
INV-H5-000709,0,,4153935,4153935,0.85,high,1,1,4153935,INV-H5-000709#0,not flagged; every line identified from text and priced exactly,,20,20,0,0,0,
INV-H5-000710,0,,1388508,1388508,0.65,medium,1,1,1388508,INV-H5-000710#0,"not flagged; every amount is proven, but some identity rests on review, a tie-break, or financial equivalence across candidates",,12,12,0,0,0,
INV-H5-000711,0,,4984521,4984521,0.65,medium,1,1,4984521,INV-H5-000711#0,"not flagged; every amount is proven, but some identity rests on review, a tie-break, or financial equivalence across candidates",,17,17,0,0,0,
INV-H5-000712,0,,2986152,2986152,0.65,medium,1,1,2986152,INV-H5-000712#0,"not flagged; every amount is proven, but some identity rests on review, a tie-break, or financial equivalence across candidates",,12,12,0,0,0,
INV-H5-000713,0,,913625,913625,0.65,medium,1,1,913625,INV-H5-000713#0,"not flagged; every amount is proven, but some identity rests on review, a tie-break, or financial equivalence across candidates",,9,9,0,0,0,
INV-H5-000714,0,,809557,809557,0.85,high,1,1,809557,INV-H5-000714#0,not flagged; every line identified from text and priced exactly,,9,9,0,0,0,
INV-H5-000715,0,,7252548,7252548,0.65,medium,1,1,7252548,INV-H5-000715#0,"not flagged; every amount is proven, but some identity rests on review, a tie-break, or financial equivalence across candidates",,20,20,0,0,0,
INV-H5-000716,0,,1943044,1943044,0.65,medium,1,1,1943044,INV-H5-000716#0,"not flagged; every amount is proven, but some identity rests on review, a tie-break, or financial equivalence across candidates",,13,13,0,0,0,
INV-H5-000717,0,,,6000607,0.40,low,0,0,,INV-H5-000717#0,"H5-L00717-07: 'SUPERVISED SPCM ANLY /PH-7244' is unresolved (missing_discriminator) between Supervised Otolaryngologic Specimen Analysis or an uncontracted service ; blank: a line's description fits a contracted service only by omitting a word, and the review did not rule out an uncontracted service ; not flagged, but some line's corrected amount could not be proven, so not every rule could be checked",,20,19,0,1,0,"a line's description fits a contracted service only by omitting a word, and the review did not rule out an uncontracted service"
INV-H5-000718,0,,2555240,2555240,0.65,medium,1,1,2555240,INV-H5-000718#0,"not flagged; every amount is proven, but some identity rests on review, a tie-break, or financial equivalence across candidates",,10,10,0,0,0,
INV-H5-000719,0,,3060918,3060918,0.65,medium,1,1,3060918,INV-H5-000719#0,"not flagged; every amount is proven, but some identity rests on review, a tie-break, or financial equivalence across candidates",,14,14,0,0,0,
INV-H5-000720,0,,6213572,6213572,0.65,medium,1,1,6213572,INV-H5-000720#0,"not flagged; every amount is proven, but some identity rests on review, a tie-break, or financial equivalence across candidates",,18,18,0,0,0,
INV-H5-000721,0,,4148962,4148962,0.85,high,1,1,4148962,INV-H5-000721#0,not flagged; every line identified from text and priced exactly,,12,12,0,0,0,
INV-H5-000722,0,,1827885,1827885,0.85,high,1,1,1827885,INV-H5-000722#0,not flagged; every line identified from text and priced exactly,,19,19,0,0,0,
INV-H5-000723,0,,1416098,1416098,0.65,medium,1,1,1416098,INV-H5-000723#0,"not flagged; every amount is proven, but some identity rests on review, a tie-break, or financial equivalence across candidates",,7,7,0,0,0,
INV-H5-000724,0,,,2813464,0.40,low,0,0,,INV-H5-000724#0,"H5-L00724-07: 'UROL HM VST /PH-1437' is unresolved (missing_discriminator) between Emergency Urologic Home Visit or an uncontracted service ; blank: a line's description fits a contracted service only by omitting a word, and the review did not rule out an uncontracted service ; not flagged, but some line's corrected amount could not be proven, so not every rule could be checked",,18,17,0,1,0,"a line's description fits a contracted service only by omitting a word, and the review did not rule out an uncontracted service"
INV-H5-000725,0,,4234755,4234755,0.65,medium,1,1,4234755,INV-H5-000725#0,"not flagged; every amount is proven, but some identity rests on review, a tie-break, or financial equivalence across candidates",,20,20,0,0,0,
INV-H5-000726,1,daily_cap_exceeded,,4333302,0.40,low,1,0,4314277,INV-H5-000726#0,"H5-L00726-16: the cap proves the quantity wrong but not what it should be; only the capped amount is a ceiling (policy) ; blank: a daily cap is breached: the billed quantity is wrong but the right one is unknowable ; a finding rests on reading free text, or the corrected total cannot be proven",,17,16,0,1,0,a daily cap is breached: the billed quantity is wrong but the right one is unknowable
INV-H5-000727,0,,2326874,2326874,0.85,high,1,1,2326874,INV-H5-000727#0,not flagged; every line identified from text and priced exactly,,6,6,0,0,0,
INV-H5-000728,0,,2103207,2103207,0.65,medium,1,1,2103207,INV-H5-000728#0,"not flagged; every amount is proven, but some identity rests on review, a tie-break, or financial equivalence across candidates",,5,5,0,0,0,
INV-H5-000729,0,,1539227,1539227,0.65,medium,1,1,1539227,INV-H5-000729#0,"not flagged; every amount is proven, but some identity rests on review, a tie-break, or financial equivalence across candidates",,5,5,0,0,0,
INV-H5-000730,0,,3975905,3975905,0.65,medium,1,1,3975905,INV-H5-000730#0,"not flagged; every amount is proven, but some identity rests on review, a tie-break, or financial equivalence across candidates",,15,15,0,0,0,
INV-H5-000731,0,,4644014,4644014,0.65,medium,1,1,4644014,INV-H5-000731#0,"not flagged; every amount is proven, but some identity rests on review, a tie-break, or financial equivalence across candidates",,16,16,0,0,0,
INV-H5-000732,0,,3509492,3509492,0.85,high,1,1,3509492,INV-H5-000732#0,not flagged; every line identified from text and priced exactly,,15,15,0,0,0,
INV-H5-000733,0,,2697217,2697217,0.65,medium,1,1,2697217,INV-H5-000733#0,"not flagged; every amount is proven, but some identity rests on review, a tie-break, or financial equivalence across candidates",,19,19,0,0,0,
INV-H5-000734,0,,831599,831599,0.65,medium,1,1,831599,INV-H5-000734#0,"not flagged; every amount is proven, but some identity rests on review, a tie-break, or financial equivalence across candidates",,5,5,0,0,0,
INV-H5-000735,0,,3490346,3490346,0.65,medium,1,1,3490346,INV-H5-000735#0,"not flagged; every amount is proven, but some identity rests on review, a tie-break, or financial equivalence across candidates",,19,19,0,0,0,
INV-H5-000736,0,,2427234,2427234,0.65,medium,1,1,2427234,INV-H5-000736#0,"not flagged; every amount is proven, but some identity rests on review, a tie-break, or financial equivalence across candidates",,8,8,0,0,0,
INV-H5-000737,0,,3758182,3758182,0.65,medium,1,1,3758182,INV-H5-000737#0,"not flagged; every amount is proven, but some identity rests on review, a tie-break, or financial equivalence across candidates",,14,14,0,0,0,
INV-H5-000738,0,,4643585,4643585,0.65,medium,1,1,4643585,INV-H5-000738#0,"not flagged; every amount is proven, but some identity rests on review, a tie-break, or financial equivalence across candidates",,20,20,0,0,0,
INV-H5-000739,0,,2200716,2200716,0.65,medium,1,1,2200716,INV-H5-000739#0,"not flagged; every amount is proven, but some identity rests on review, a tie-break, or financial equivalence across candidates",,15,15,0,0,0,
INV-H5-000740,0,,4658729,4658729,0.65,medium,1,1,4658729,INV-H5-000740#0,"not flagged; every amount is proven, but some identity rests on review, a tie-break, or financial equivalence across candidates",,18,18,0,0,0,
INV-H5-000741,0,,4436600,4436600,0.65,medium,1,1,4436600,INV-H5-000741#0,"not flagged; every amount is proven, but some identity rests on review, a tie-break, or financial equivalence across candidates",,18,18,0,0,0,
INV-H5-000742,0,,3877200,3877200,0.65,medium,1,1,3877200,INV-H5-000742#0,"not flagged; every amount is proven, but some identity rests on review, a tie-break, or financial equivalence across candidates",,20,20,0,0,0,
INV-H5-000743,0,,4139044,4139044,0.65,medium,1,1,4139044,INV-H5-000743#0,"not flagged; every amount is proven, but some identity rests on review, a tie-break, or financial equivalence across candidates",,16,16,0,0,0,
INV-H5-000744,0,,1888052,1888052,0.65,medium,1,1,1888052,INV-H5-000744#0,"not flagged; every amount is proven, but some identity rests on review, a tie-break, or financial equivalence across candidates",,15,15,0,0,0,
INV-H5-000745,0,,915730,915730,0.85,high,1,1,915730,INV-H5-000745#0,not flagged; every line identified from text and priced exactly,,5,5,0,0,0,
INV-H5-000746,1,unit_price_mismatch,1454566,1518806,0.65,medium,1,1,1454566,INV-H5-000746#0,"findings depend on hospital-wide state, a recorded policy, a reviewed or tie-broken identity, or a candidate set priced by financial equivalence",,8,8,0,0,0,
INV-H5-000747,0,,3892637,3892637,0.85,high,1,1,3892637,INV-H5-000747#0,not flagged; every line identified from text and priced exactly,,18,18,0,0,0,
INV-H5-000748,0,,1784699,1784699,0.65,medium,1,1,1784699,INV-H5-000748#0,"not flagged; every amount is proven, but some identity rests on review, a tie-break, or financial equivalence across candidates",,8,8,0,0,0,
INV-H5-000749,1,daily_cap_exceeded|unknown_service,,1840074,0.40,low,0,0,,INV-H5-000749#0,"H5-L00749-05: the cap proves the quantity wrong but not what it should be; only the capped amount is a ceiling (policy) ; H5-L00749-09: service not contracted, so no contract price exists ; blank: a line names a service this agreement does not contract (no contract price) ; blank: a daily cap is breached: the billed quantity is wrong but the right one is unknowable ; a finding rests on reading free text, or the corrected total cannot be proven",,9,7,0,1,1,a line names a service this agreement does not contract (no contract price) | a daily cap is breached: the billed quantity is wrong but the right one is unknowable
INV-H5-000750,0,,916379,916379,0.65,medium,1,1,916379,INV-H5-000750#0,"not flagged; every amount is proven, but some identity rests on review, a tie-break, or financial equivalence across candidates",,6,6,0,0,0,
INV-H5-000751,1,daily_cap_exceeded|malformed_service_date,,2434281,0.40,low,1,0,2425981,INV-H5-000751#0,"H5-L00751-02: the cap proves the quantity wrong but not what it should be; only the capped amount is a ceiling (policy) ; blank: a daily cap is breached: the billed quantity is wrong but the right one is unknowable ; a finding rests on reading free text, or the corrected total cannot be proven",,16,15,0,1,0,a daily cap is breached: the billed quantity is wrong but the right one is unknowable
INV-H5-000752,1,premium_omitted|exclusion_window_violation,3457194,3515920,0.65,medium,1,1,3457194,INV-H5-000752#0,"findings depend on hospital-wide state, a recorded policy, a reviewed or tie-broken identity, or a candidate set priced by financial equivalence",,20,20,0,0,0,
INV-H5-000753,0,,5223986,5223986,0.65,medium,1,1,5223986,INV-H5-000753#0,"not flagged; every amount is proven, but some identity rests on review, a tie-break, or financial equivalence across candidates",,20,20,0,0,0,
INV-H5-000754,0,,686754,686754,0.65,medium,1,1,686754,INV-H5-000754#0,"not flagged; every amount is proven, but some identity rests on review, a tie-break, or financial equivalence across candidates",,7,7,0,0,0,
INV-H5-000755,0,,4521391,4521391,0.65,medium,1,1,4521391,INV-H5-000755#0,"not flagged; every amount is proven, but some identity rests on review, a tie-break, or financial equivalence across candidates",,12,12,0,0,0,
INV-H5-000756,0,,,3690315,0.40,low,0,0,,INV-H5-000756#0,"H5-L00756-17: 'SUPERVISED SPCM ANLY /PH-7244' is unresolved (missing_discriminator) between Supervised Otolaryngologic Specimen Analysis or an uncontracted service ; blank: a line's description fits a contracted service only by omitting a word, and the review did not rule out an uncontracted service ; not flagged, but some line's corrected amount could not be proven, so not every rule could be checked",,20,19,0,1,0,"a line's description fits a contracted service only by omitting a word, and the review did not rule out an uncontracted service"
INV-H5-000757,0,,3684465,3684465,0.65,medium,1,1,3684465,INV-H5-000757#0,"not flagged; every amount is proven, but some identity rests on review, a tie-break, or financial equivalence across candidates",,20,20,0,0,0,
INV-H5-000758,0,,3052106,3052106,0.65,medium,1,1,3052106,INV-H5-000758#0,"not flagged; every amount is proven, but some identity rests on review, a tie-break, or financial equivalence across candidates",,14,14,0,0,0,
INV-H5-000759,1,premium_incorrectly_applied|unit_price_mismatch|cross_invoice_duplicate,4066798,4212186,0.65,medium,1,1,4066798,INV-H5-000759#0,"findings depend on hospital-wide state, a recorded policy, a reviewed or tie-broken identity, or a candidate set priced by financial equivalence",,18,18,0,0,0,
INV-H5-000760,0,,1618163,1618163,0.65,medium,1,1,1618163,INV-H5-000760#0,"not flagged; every amount is proven, but some identity rests on review, a tie-break, or financial equivalence across candidates",,10,10,0,0,0,
INV-H5-000761,0,,3145400,3145400,0.85,high,1,1,3145400,INV-H5-000761#0,not flagged; every line identified from text and priced exactly,,14,14,0,0,0,
INV-H5-000762,0,,,3265070,0.40,low,0,0,,INV-H5-000762#0,"H5-L00762-12: 'RTN  PHYSIOTHERAPY SESS' is unresolved (missing_discriminator) between Routine Psychiatric Physiotherapy Session or an uncontracted service ; blank: a line's description fits a contracted service only by omitting a word, and the review did not rule out an uncontracted service ; not flagged, but some line's corrected amount could not be proven, so not every rule could be checked",,17,16,0,1,0,"a line's description fits a contracted service only by omitting a word, and the review did not rule out an uncontracted service"
INV-H5-000763,0,,4350122,4350122,0.65,medium,1,1,4350122,INV-H5-000763#0,"not flagged; every amount is proven, but some identity rests on review, a tie-break, or financial equivalence across candidates",,15,15,0,0,0,
INV-H5-000764,0,,3203151,3203151,0.65,medium,1,1,3203151,INV-H5-000764#0,"not flagged; every amount is proven, but some identity rests on review, a tie-break, or financial equivalence across candidates",,10,10,0,0,0,
INV-H5-000765,0,,1233208,1233208,0.85,high,1,1,1233208,INV-H5-000765#0,not flagged; every line identified from text and priced exactly,,7,7,0,0,0,
INV-H5-000766,0,,,3236206,0.40,low,0,0,,INV-H5-000766#0,"H5-L00766-13: 'SUPERVISED SPCM ANLY /PH-7244' is unresolved (missing_discriminator) between Supervised Otolaryngologic Specimen Analysis or an uncontracted service ; blank: a line's description fits a contracted service only by omitting a word, and the review did not rule out an uncontracted service ; not flagged, but some line's corrected amount could not be proven, so not every rule could be checked",,17,16,0,1,0,"a line's description fits a contracted service only by omitting a word, and the review did not rule out an uncontracted service"
INV-H5-000767,0,,2849557,2849557,0.65,medium,1,1,2849557,INV-H5-000767#0,"not flagged; every amount is proven, but some identity rests on review, a tie-break, or financial equivalence across candidates",,12,12,0,0,0,
INV-H5-000768,0,,4798940,4798940,0.65,medium,1,1,4798940,INV-H5-000768#0,"not flagged; every amount is proven, but some identity rests on review, a tie-break, or financial equivalence across candidates",,18,18,0,0,0,
INV-H5-000769,0,,2675819,2675819,0.65,medium,1,1,2675819,INV-H5-000769#0,"not flagged; every amount is proven, but some identity rests on review, a tie-break, or financial equivalence across candidates",,20,20,0,0,0,
INV-H5-000770,0,,1340803,1340803,0.65,medium,1,1,1340803,INV-H5-000770#0,"not flagged; every amount is proven, but some identity rests on review, a tie-break, or financial equivalence across candidates",,5,5,0,0,0,
INV-H5-000771,0,,4783261,4783261,0.65,medium,1,1,4783261,INV-H5-000771#0,"not flagged; every amount is proven, but some identity rests on review, a tie-break, or financial equivalence across candidates",,20,20,0,0,0,
INV-H5-000772,0,,2791902,2791902,0.65,medium,1,1,2791902,INV-H5-000772#0,"not flagged; every amount is proven, but some identity rests on review, a tie-break, or financial equivalence across candidates",,16,16,0,0,0,
INV-H5-000773,0,,1366953,1366953,0.65,medium,1,1,1366953,INV-H5-000773#0,"not flagged; every amount is proven, but some identity rests on review, a tie-break, or financial equivalence across candidates",,11,11,0,0,0,
INV-H5-000774,0,,416832,416832,0.85,high,1,1,416832,INV-H5-000774#0,not flagged; every line identified from text and priced exactly,,5,5,0,0,0,
INV-H5-000775,0,,1705032,1705032,0.65,medium,1,1,1705032,INV-H5-000775#0,"not flagged; every amount is proven, but some identity rests on review, a tie-break, or financial equivalence across candidates",,16,16,0,0,0,
INV-H5-000776,0,,1809975,1809975,0.85,high,1,1,1809975,INV-H5-000776#0,not flagged; every line identified from text and priced exactly,,7,7,0,0,0,
INV-H5-000777,0,,3286660,3286660,0.65,medium,1,1,3286660,INV-H5-000777#0,"not flagged; every amount is proven, but some identity rests on review, a tie-break, or financial equivalence across candidates",,15,15,0,0,0,
INV-H5-000778,0,,3267335,3267335,0.65,medium,1,1,3267335,INV-H5-000778#0,"not flagged; every amount is proven, but some identity rests on review, a tie-break, or financial equivalence across candidates",,20,20,0,0,0,
INV-H5-000779,0,,2261941,2261941,0.65,medium,1,1,2261941,INV-H5-000779#0,"not flagged; every amount is proven, but some identity rests on review, a tie-break, or financial equivalence across candidates",,11,11,0,0,0,
INV-H5-000780,0,,4160331,4160331,0.65,medium,1,1,4160331,INV-H5-000780#0,"not flagged; every amount is proven, but some identity rests on review, a tie-break, or financial equivalence across candidates",,17,17,0,0,0,
INV-H5-000781,0,,1036414,1036414,0.65,medium,1,1,1036414,INV-H5-000781#0,"not flagged; every amount is proven, but some identity rests on review, a tie-break, or financial equivalence across candidates",,7,7,0,0,0,
INV-H5-000782,0,,4194409,4194409,0.65,medium,1,1,4194409,INV-H5-000782#0,"not flagged; every amount is proven, but some identity rests on review, a tie-break, or financial equivalence across candidates",,15,15,0,0,0,
INV-H5-000783,0,,2487159,2487159,0.65,medium,1,1,2487159,INV-H5-000783#0,"not flagged; every amount is proven, but some identity rests on review, a tie-break, or financial equivalence across candidates",,6,6,0,0,0,
INV-H5-000784,0,,471266,471266,0.65,medium,1,1,471266,INV-H5-000784#0,"not flagged; every amount is proven, but some identity rests on review, a tie-break, or financial equivalence across candidates",,5,5,0,0,0,
INV-H5-000785,0,,2995078,2995078,0.85,high,1,1,2995078,INV-H5-000785#0,not flagged; every line identified from text and priced exactly,,17,17,0,0,0,
INV-H5-000786,0,,3887015,3887015,0.65,medium,1,1,3887015,INV-H5-000786#0,"not flagged; every amount is proven, but some identity rests on review, a tie-break, or financial equivalence across candidates",,12,12,0,0,0,
INV-H5-000787,1,unknown_service,,4057705,0.40,low,0,0,,INV-H5-000787#0,"H5-L00787-05: service not contracted, so no contract price exists ; H5-L00787-17: 'SUPERVISED SPCM ANLY /PH-7244' is unresolved (missing_discriminator) between Supervised Otolaryngologic Specimen Analysis or an uncontracted service ; blank: a line names a service this agreement does not contract (no contract price) ; blank: a line's description fits a contracted service only by omitting a word, and the review did not rule out an uncontracted service ; a finding rests on reading free text, or the corrected total cannot be proven",,19,17,0,1,1,"a line names a service this agreement does not contract (no contract price) | a line's description fits a contracted service only by omitting a word, and the review did not rule out an uncontracted service"
INV-H5-000788,0,,4814493,4814493,0.65,medium,1,1,4814493,INV-H5-000788#0,"not flagged; every amount is proven, but some identity rests on review, a tie-break, or financial equivalence across candidates",,15,15,0,0,0,
INV-H5-000789,0,,2688188,2688188,0.65,medium,1,1,2688188,INV-H5-000789#0,"not flagged; every amount is proven, but some identity rests on review, a tie-break, or financial equivalence across candidates",,17,17,0,0,0,
INV-H5-000790,0,,2222551,2222551,0.85,high,1,1,2222551,INV-H5-000790#0,not flagged; every line identified from text and priced exactly,,14,14,0,0,0,
INV-H5-000791,0,,2409561,2409561,0.65,medium,1,1,2409561,INV-H5-000791#0,"not flagged; every amount is proven, but some identity rests on review, a tie-break, or financial equivalence across candidates",,11,11,0,0,0,
INV-H5-000792,0,,4177525,4177525,0.65,medium,1,1,4177525,INV-H5-000792#0,"not flagged; every amount is proven, but some identity rests on review, a tie-break, or financial equivalence across candidates",,15,15,0,0,0,
INV-H5-000793,0,,4412134,4412134,0.65,medium,1,1,4412134,INV-H5-000793#0,"not flagged; every amount is proven, but some identity rests on review, a tie-break, or financial equivalence across candidates",,15,15,0,0,0,
INV-H5-000794,0,,2176531,2176531,0.65,medium,1,1,2176531,INV-H5-000794#0,"not flagged; every amount is proven, but some identity rests on review, a tie-break, or financial equivalence across candidates",,13,13,0,0,0,
INV-H5-000795,0,,4861790,4861790,0.65,medium,1,1,4861790,INV-H5-000795#0,"not flagged; every amount is proven, but some identity rests on review, a tie-break, or financial equivalence across candidates",,20,20,0,0,0,
INV-H5-000796,0,,1614519,1614519,0.65,medium,1,1,1614519,INV-H5-000796#0,"not flagged; every amount is proven, but some identity rests on review, a tie-break, or financial equivalence across candidates",,8,8,0,0,0,
INV-H5-000797,0,,1157947,1157947,0.65,medium,1,1,1157947,INV-H5-000797#0,"not flagged; every amount is proven, but some identity rests on review, a tie-break, or financial equivalence across candidates",,5,5,0,0,0,
INV-H5-000798,0,,,5387029,0.40,low,0,0,,INV-H5-000798#0,"H5-L00798-12: 'SUPERVISED SPCM ANLY /PH-7244' is unresolved (missing_discriminator) between Supervised Otolaryngologic Specimen Analysis or an uncontracted service ; blank: a line's description fits a contracted service only by omitting a word, and the review did not rule out an uncontracted service ; not flagged, but some line's corrected amount could not be proven, so not every rule could be checked",,20,19,0,1,0,"a line's description fits a contracted service only by omitting a word, and the review did not rule out an uncontracted service"
INV-H5-000799,1,contract_number_mismatch|service_date_out_of_window|wrong_unit_basis,2145842,2145842,0.65,medium,1,1,2145842,INV-H5-000799#0,"findings depend on hospital-wide state, a recorded policy, a reviewed or tie-broken identity, or a candidate set priced by financial equivalence",,8,8,0,0,0,
INV-H5-000800,0,,2358586,2358586,0.65,medium,1,1,2358586,INV-H5-000800#0,"not flagged; every amount is proven, but some identity rests on review, a tie-break, or financial equivalence across candidates",,15,15,0,0,0,
INV-H5-000801,0,,3032292,3032292,0.85,high,1,1,3032292,INV-H5-000801#0,not flagged; every line identified from text and priced exactly,,10,10,0,0,0,
INV-H5-000802,0,,3372021,3372021,0.65,medium,1,1,3372021,INV-H5-000802#0,"not flagged; every amount is proven, but some identity rests on review, a tie-break, or financial equivalence across candidates",,15,15,0,0,0,
INV-H5-000803,0,,4670245,4670245,0.65,medium,1,1,4670245,INV-H5-000803#0,"not flagged; every amount is proven, but some identity rests on review, a tie-break, or financial equivalence across candidates",,19,19,0,0,0,
INV-H5-000804,0,,3333692,3333692,0.65,medium,1,1,3333692,INV-H5-000804#0,"not flagged; every amount is proven, but some identity rests on review, a tie-break, or financial equivalence across candidates",,15,15,0,0,0,
INV-H5-000805,0,,1853407,1853407,0.65,medium,1,1,1853407,INV-H5-000805#0,"not flagged; every amount is proven, but some identity rests on review, a tie-break, or financial equivalence across candidates",,14,14,0,0,0,
INV-H5-000806,0,,2996292,2996292,0.85,high,1,1,2996292,INV-H5-000806#0,not flagged; every line identified from text and priced exactly,,15,15,0,0,0,
INV-H5-000807,0,,2777236,2777236,0.65,medium,1,1,2777236,INV-H5-000807#0,"not flagged; every amount is proven, but some identity rests on review, a tie-break, or financial equivalence across candidates",,10,10,0,0,0,
INV-H5-000808,0,,2982195,2982195,0.65,medium,1,1,2982195,INV-H5-000808#0,"not flagged; every amount is proven, but some identity rests on review, a tie-break, or financial equivalence across candidates",,9,9,0,0,0,
INV-H5-000809,0,,3709085,3709085,0.65,medium,1,1,3709085,INV-H5-000809#0,"not flagged; every amount is proven, but some identity rests on review, a tie-break, or financial equivalence across candidates",,17,17,0,0,0,
INV-H5-000810,0,,4619371,4619371,0.85,high,1,1,4619371,INV-H5-000810#0,not flagged; every line identified from text and priced exactly,,14,14,0,0,0,
INV-H5-000811,0,,862226,862226,0.85,high,1,1,862226,INV-H5-000811#0,not flagged; every line identified from text and priced exactly,,5,5,0,0,0,
INV-H5-000812,0,,5661710,5661710,0.85,high,1,1,5661710,INV-H5-000812#0,not flagged; every line identified from text and priced exactly,,18,18,0,0,0,
INV-H5-000813,0,,920502,920502,0.85,high,1,1,920502,INV-H5-000813#0,not flagged; every line identified from text and priced exactly,,7,7,0,0,0,
INV-H5-000814,0,,4875115,4875115,0.65,medium,1,1,4875115,INV-H5-000814#0,"not flagged; every amount is proven, but some identity rests on review, a tie-break, or financial equivalence across candidates",,20,20,0,0,0,
INV-H5-000815,0,,,3112760,0.40,low,0,0,,INV-H5-000815#0,"H5-L00815-06: 'SUPERVISED SPCM ANLY /PH-7244' is unresolved (missing_discriminator) between Supervised Otolaryngologic Specimen Analysis or an uncontracted service ; blank: a line's description fits a contracted service only by omitting a word, and the review did not rule out an uncontracted service ; not flagged, but some line's corrected amount could not be proven, so not every rule could be checked",,17,16,0,1,0,"a line's description fits a contracted service only by omitting a word, and the review did not rule out an uncontracted service"
INV-H5-000816,0,,3037479,3037479,0.85,high,1,1,3037479,INV-H5-000816#0,not flagged; every line identified from text and priced exactly,,11,11,0,0,0,
INV-H5-000817,0,,1317130,1317130,0.65,medium,1,1,1317130,INV-H5-000817#0,"not flagged; every amount is proven, but some identity rests on review, a tie-break, or financial equivalence across candidates",,9,9,0,0,0,
INV-H5-000818,0,,3041310,3041310,0.65,medium,1,1,3041310,INV-H5-000818#0,"not flagged; every amount is proven, but some identity rests on review, a tie-break, or financial equivalence across candidates",,12,12,0,0,0,
INV-H5-000819,0,,2942213,2942213,0.65,medium,1,1,2942213,INV-H5-000819#0,"not flagged; every amount is proven, but some identity rests on review, a tie-break, or financial equivalence across candidates",,13,13,0,0,0,
INV-H5-000820,0,,5225499,5225499,0.65,medium,1,1,5225499,INV-H5-000820#0,"not flagged; every amount is proven, but some identity rests on review, a tie-break, or financial equivalence across candidates",,20,20,0,0,0,
INV-H5-000821,0,,4293734,4293734,0.65,medium,1,1,4293734,INV-H5-000821#0,"not flagged; every amount is proven, but some identity rests on review, a tie-break, or financial equivalence across candidates",,20,20,0,0,0,
INV-H5-000822,0,,3149569,3149569,0.65,medium,1,1,3149569,INV-H5-000822#0,"not flagged; every amount is proven, but some identity rests on review, a tie-break, or financial equivalence across candidates",,16,16,0,0,0,
INV-H5-000823,0,,4178286,4178286,0.65,medium,1,1,4178286,INV-H5-000823#0,"not flagged; every amount is proven, but some identity rests on review, a tie-break, or financial equivalence across candidates",,17,17,0,0,0,
INV-H5-000824,0,,1147453,1147453,0.65,medium,1,1,1147453,INV-H5-000824#0,"not flagged; every amount is proven, but some identity rests on review, a tie-break, or financial equivalence across candidates",,8,8,0,0,0,
INV-H5-000825,0,,3713730,3713730,0.65,medium,1,1,3713730,INV-H5-000825#0,"not flagged; every amount is proven, but some identity rests on review, a tie-break, or financial equivalence across candidates",,11,11,0,0,0,
INV-H5-000826,0,,4191918,4191918,0.65,medium,1,1,4191918,INV-H5-000826#0,"not flagged; every amount is proven, but some identity rests on review, a tie-break, or financial equivalence across candidates",,20,20,0,0,0,
INV-H5-000827,0,,3234976,3234976,0.85,high,1,1,3234976,INV-H5-000827#0,not flagged; every line identified from text and priced exactly,,16,16,0,0,0,
INV-H5-000828,0,,1586272,1586272,0.65,medium,1,1,1586272,INV-H5-000828#0,"not flagged; every amount is proven, but some identity rests on review, a tie-break, or financial equivalence across candidates",,9,9,0,0,0,
INV-H5-000830,0,,4093137,4093137,0.65,medium,1,1,4093137,INV-H5-000830#0,"not flagged; every amount is proven, but some identity rests on review, a tie-break, or financial equivalence across candidates",,16,16,0,0,0,
INV-H5-000831,0,,6376818,6376818,0.65,medium,1,1,6376818,INV-H5-000831#0,"not flagged; every amount is proven, but some identity rests on review, a tie-break, or financial equivalence across candidates",,18,18,0,0,0,
INV-H5-000832,0,,3973709,3973709,0.65,medium,1,1,3973709,INV-H5-000832#0,"not flagged; every amount is proven, but some identity rests on review, a tie-break, or financial equivalence across candidates",,10,10,0,0,0,
INV-H5-000833,0,,,6386571,0.40,low,0,0,,INV-H5-000833#0,"H5-L00833-01: 'UROL HM VST /PH-1437' is unresolved (missing_discriminator) between Emergency Urologic Home Visit or an uncontracted service ; H5-L00833-06: 'SUPERVISED SPCM ANLY /PH-7244' is unresolved (missing_discriminator) between Supervised Otolaryngologic Specimen Analysis or an uncontracted service ; blank: a line's description fits a contracted service only by omitting a word, and the review did not rule out an uncontracted service ; not flagged, but some line's corrected amount could not be proven, so not every rule could be checked",,20,18,0,2,0,"a line's description fits a contracted service only by omitting a word, and the review did not rule out an uncontracted service"
INV-H5-000834,0,,3231790,3231790,0.65,medium,1,1,3231790,INV-H5-000834#0,"not flagged; every amount is proven, but some identity rests on review, a tie-break, or financial equivalence across candidates",,8,8,0,0,0,
INV-H5-000835,0,,4006959,4006959,0.65,medium,1,1,4006959,INV-H5-000835#0,"not flagged; every amount is proven, but some identity rests on review, a tie-break, or financial equivalence across candidates",,18,18,0,0,0,
INV-H5-000836,0,,1111946,1111946,0.85,high,1,1,1111946,INV-H5-000836#0,not flagged; every line identified from text and priced exactly,,5,5,0,0,0,
INV-H5-000837,0,,2314751,2314751,0.85,high,1,1,2314751,INV-H5-000837#0,not flagged; every line identified from text and priced exactly,,9,9,0,0,0,
INV-H5-000838,0,,2103005,2103005,0.85,high,1,1,2103005,INV-H5-000838#0,not flagged; every line identified from text and priced exactly,,17,17,0,0,0,
INV-H5-000839,0,,5260553,5260553,0.65,medium,1,1,5260553,INV-H5-000839#0,"not flagged; every amount is proven, but some identity rests on review, a tie-break, or financial equivalence across candidates",,20,20,0,0,0,
INV-H5-000840,0,,1959097,1959097,0.65,medium,1,1,1959097,INV-H5-000840#0,"not flagged; every amount is proven, but some identity rests on review, a tie-break, or financial equivalence across candidates",,16,16,0,0,0,
INV-H5-000841,0,,5653085,5653085,0.65,medium,1,1,5653085,INV-H5-000841#0,"not flagged; every amount is proven, but some identity rests on review, a tie-break, or financial equivalence across candidates",,12,12,0,0,0,
INV-H5-000842,0,,,1031218,0.40,low,0,0,,INV-H5-000842#0,"H5-L00842-01: 'UROL HM VST /PH-1437' is unresolved (missing_discriminator) between Emergency Urologic Home Visit or an uncontracted service ; blank: a line's description fits a contracted service only by omitting a word, and the review did not rule out an uncontracted service ; not flagged, but some line's corrected amount could not be proven, so not every rule could be checked",,5,4,0,1,0,"a line's description fits a contracted service only by omitting a word, and the review did not rule out an uncontracted service"
INV-H5-000843,1,unit_price_mismatch,3058433,2994881,0.65,medium,1,1,3058433,INV-H5-000843#0,"findings depend on hospital-wide state, a recorded policy, a reviewed or tie-broken identity, or a candidate set priced by financial equivalence",,12,12,0,0,0,
INV-H5-000844,0,,1957490,1957490,0.85,high,1,1,1957490,INV-H5-000844#0,not flagged; every line identified from text and priced exactly,,10,10,0,0,0,
INV-H5-000845,0,,3740476,3740476,0.65,medium,1,1,3740476,INV-H5-000845#0,"not flagged; every amount is proven, but some identity rests on review, a tie-break, or financial equivalence across candidates",,16,16,0,0,0,
INV-H5-000846,0,,3319061,3319061,0.65,medium,1,1,3319061,INV-H5-000846#0,"not flagged; every amount is proven, but some identity rests on review, a tie-break, or financial equivalence across candidates",,14,14,0,0,0,
INV-H5-000847,0,,2939617,2939617,0.65,medium,1,1,2939617,INV-H5-000847#0,"not flagged; every amount is proven, but some identity rests on review, a tie-break, or financial equivalence across candidates",,16,16,0,0,0,
INV-H5-000848,0,,1596145,1596145,0.65,medium,1,1,1596145,INV-H5-000848#0,"not flagged; every amount is proven, but some identity rests on review, a tie-break, or financial equivalence across candidates",,11,11,0,0,0,
INV-H5-000849,0,,4974630,4974630,0.65,medium,1,1,4974630,INV-H5-000849#0,"not flagged; every amount is proven, but some identity rests on review, a tie-break, or financial equivalence across candidates",,13,13,0,0,0,
INV-H5-000850,1,daily_cap_exceeded,,4902057,0.40,low,1,0,4898641,INV-H5-000850#0,"H5-L00850-06: the cap proves the quantity wrong but not what it should be; only the capped amount is a ceiling (policy) ; blank: a daily cap is breached: the billed quantity is wrong but the right one is unknowable ; a finding rests on reading free text, or the corrected total cannot be proven",,18,17,0,1,0,a daily cap is breached: the billed quantity is wrong but the right one is unknowable
INV-H5-000851,0,,2532921,2532921,0.65,medium,1,1,2532921,INV-H5-000851#0,"not flagged; every amount is proven, but some identity rests on review, a tie-break, or financial equivalence across candidates",,11,11,0,0,0,
INV-H5-000852,0,,6191609,6191609,0.85,high,1,1,6191609,INV-H5-000852#0,not flagged; every line identified from text and priced exactly,,17,17,0,0,0,
INV-H5-000853,0,,2601163,2601163,0.85,high,1,1,2601163,INV-H5-000853#0,not flagged; every line identified from text and priced exactly,,13,13,0,0,0,
INV-H5-000854,0,,2796569,2796569,0.65,medium,1,1,2796569,INV-H5-000854#0,"not flagged; every amount is proven, but some identity rests on review, a tie-break, or financial equivalence across candidates",,13,13,0,0,0,
INV-H5-000855,0,,3237849,3237849,0.85,high,1,1,3237849,INV-H5-000855#0,not flagged; every line identified from text and priced exactly,,16,16,0,0,0,
INV-H5-000856,0,,2267767,2267767,0.85,high,1,1,2267767,INV-H5-000856#0,not flagged; every line identified from text and priced exactly,,11,11,0,0,0,
INV-H5-000857,0,,5738100,5738100,0.65,medium,1,1,5738100,INV-H5-000857#0,"not flagged; every amount is proven, but some identity rests on review, a tie-break, or financial equivalence across candidates",,19,19,0,0,0,
INV-H5-000858,0,,1688007,1688007,0.65,medium,1,1,1688007,INV-H5-000858#0,"not flagged; every amount is proven, but some identity rests on review, a tie-break, or financial equivalence across candidates",,9,9,0,0,0,
INV-H5-000859,0,,5704610,5704610,0.65,medium,1,1,5704610,INV-H5-000859#0,"not flagged; every amount is proven, but some identity rests on review, a tie-break, or financial equivalence across candidates",,19,19,0,0,0,
INV-H5-000860,0,,2106262,2106262,0.85,high,1,1,2106262,INV-H5-000860#0,not flagged; every line identified from text and priced exactly,,5,5,0,0,0,
INV-H5-000861,0,,2993863,2993863,0.65,medium,1,1,2993863,INV-H5-000861#0,"not flagged; every amount is proven, but some identity rests on review, a tie-break, or financial equivalence across candidates",,20,20,0,0,0,
INV-H5-000862,0,,2519370,2519370,0.85,high,1,1,2519370,INV-H5-000862#0,not flagged; every line identified from text and priced exactly,,9,9,0,0,0,
INV-H5-000863,0,,962485,962485,0.65,medium,1,1,962485,INV-H5-000863#0,"not flagged; every amount is proven, but some identity rests on review, a tie-break, or financial equivalence across candidates",,6,6,0,0,0,
INV-H5-000864,0,,4621621,4621621,0.85,high,1,1,4621621,INV-H5-000864#0,not flagged; every line identified from text and priced exactly,,20,20,0,0,0,
INV-H5-000865,0,,,2002670,0.40,low,0,0,,INV-H5-000865#0,"H5-L00865-03: 'SUPERVISED SPCM ANLY /PH-7244' is unresolved (missing_discriminator) between Supervised Otolaryngologic Specimen Analysis or an uncontracted service ; blank: a line's description fits a contracted service only by omitting a word, and the review did not rule out an uncontracted service ; not flagged, but some line's corrected amount could not be proven, so not every rule could be checked",,10,9,0,1,0,"a line's description fits a contracted service only by omitting a word, and the review did not rule out an uncontracted service"
INV-H5-000866,0,,2379332,2379332,0.65,medium,1,1,2379332,INV-H5-000866#0,"not flagged; every amount is proven, but some identity rests on review, a tie-break, or financial equivalence across candidates",,9,9,0,0,0,
INV-H5-000867,0,,3661673,3661673,0.65,medium,1,1,3661673,INV-H5-000867#0,"not flagged; every amount is proven, but some identity rests on review, a tie-break, or financial equivalence across candidates",,16,16,0,0,0,
INV-H5-000868,0,,2546865,2546865,0.65,medium,1,1,2546865,INV-H5-000868#0,"not flagged; every amount is proven, but some identity rests on review, a tie-break, or financial equivalence across candidates",,13,13,0,0,0,
INV-H5-000869,0,,1913028,1913028,0.85,high,1,1,1913028,INV-H5-000869#0,not flagged; every line identified from text and priced exactly,,7,7,0,0,0,
INV-H5-000870,0,,1492257,1492257,0.85,high,1,1,1492257,INV-H5-000870#0,not flagged; every line identified from text and priced exactly,,5,5,0,0,0,
INV-H5-000871,0,,2198231,2198231,0.65,medium,1,1,2198231,INV-H5-000871#0,"not flagged; every amount is proven, but some identity rests on review, a tie-break, or financial equivalence across candidates",,12,12,0,0,0,
INV-H5-000872,0,,1664133,1664133,0.65,medium,1,1,1664133,INV-H5-000872#0,"not flagged; every amount is proven, but some identity rests on review, a tie-break, or financial equivalence across candidates",,9,9,0,0,0,
INV-H5-000873,0,,4097350,4097350,0.85,high,1,1,4097350,INV-H5-000873#0,not flagged; every line identified from text and priced exactly,,14,14,0,0,0,
INV-H5-000874,0,,2026860,2026860,0.65,medium,1,1,2026860,INV-H5-000874#0,"not flagged; every amount is proven, but some identity rests on review, a tie-break, or financial equivalence across candidates",,10,10,0,0,0,
INV-H5-000875,0,,3568347,3568347,0.65,medium,1,1,3568347,INV-H5-000875#0,"not flagged; every amount is proven, but some identity rests on review, a tie-break, or financial equivalence across candidates",,13,13,0,0,0,
INV-H5-000876,0,,1606449,1606449,0.65,medium,1,1,1606449,INV-H5-000876#0,"not flagged; every amount is proven, but some identity rests on review, a tie-break, or financial equivalence across candidates",,12,12,0,0,0,
INV-H5-000877,0,,1574894,1574894,0.65,medium,1,1,1574894,INV-H5-000877#0,"not flagged; every amount is proven, but some identity rests on review, a tie-break, or financial equivalence across candidates",,7,7,0,0,0,
INV-H5-000878,0,,3285870,3285870,0.65,medium,1,1,3285870,INV-H5-000878#0,"not flagged; every amount is proven, but some identity rests on review, a tie-break, or financial equivalence across candidates",,14,14,0,0,0,
INV-H5-000879,0,,1268035,1268035,0.65,medium,1,1,1268035,INV-H5-000879#0,"not flagged; every amount is proven, but some identity rests on review, a tie-break, or financial equivalence across candidates",,7,7,0,0,0,
INV-H5-000880,0,,625570,625570,0.85,high,1,1,625570,INV-H5-000880#0,not flagged; every line identified from text and priced exactly,,5,5,0,0,0,
INV-H5-000881,0,,1217530,1217530,0.85,high,1,1,1217530,INV-H5-000881#0,not flagged; every line identified from text and priced exactly,,5,5,0,0,0,
INV-H5-000882,0,,3130100,3130100,0.65,medium,1,1,3130100,INV-H5-000882#0,"not flagged; every amount is proven, but some identity rests on review, a tie-break, or financial equivalence across candidates",,12,12,0,0,0,
INV-H5-000883,0,,4556048,4556048,0.65,medium,1,1,4556048,INV-H5-000883#0,"not flagged; every amount is proven, but some identity rests on review, a tie-break, or financial equivalence across candidates",,18,18,0,0,0,
INV-H5-000884,0,,1034433,1034433,0.85,high,1,1,1034433,INV-H5-000884#0,not flagged; every line identified from text and priced exactly,,5,5,0,0,0,
INV-H5-000885,0,,3052669,3052669,0.65,medium,1,1,3052669,INV-H5-000885#0,"not flagged; every amount is proven, but some identity rests on review, a tie-break, or financial equivalence across candidates",,17,17,0,0,0,
INV-H5-000886,0,,2194566,2194566,0.85,high,1,1,2194566,INV-H5-000886#0,not flagged; every line identified from text and priced exactly,,7,7,0,0,0,
INV-H5-000887,0,,981226,981226,0.65,medium,1,1,981226,INV-H5-000887#0,"not flagged; every amount is proven, but some identity rests on review, a tie-break, or financial equivalence across candidates",,5,5,0,0,0,
INV-H5-000888,0,,2813104,2813104,0.65,medium,1,1,2813104,INV-H5-000888#0,"not flagged; every amount is proven, but some identity rests on review, a tie-break, or financial equivalence across candidates",,9,9,0,0,0,
INV-H5-000889,0,,1640226,1640226,0.85,high,1,1,1640226,INV-H5-000889#0,not flagged; every line identified from text and priced exactly,,7,7,0,0,0,
INV-H5-000890,0,,2905929,2905929,0.65,medium,1,1,2905929,INV-H5-000890#0,"not flagged; every amount is proven, but some identity rests on review, a tie-break, or financial equivalence across candidates",,15,15,0,0,0,
INV-H5-000891,0,,5669568,5669568,0.65,medium,1,1,5669568,INV-H5-000891#0,"not flagged; every amount is proven, but some identity rests on review, a tie-break, or financial equivalence across candidates",,19,19,0,0,0,
INV-H5-000892,0,,,3673701,0.40,low,0,0,,INV-H5-000892#0,"H5-L00892-13: 'SUPERVISED SPCM ANLY /PH-7244' is unresolved (missing_discriminator) between Supervised Otolaryngologic Specimen Analysis or an uncontracted service ; blank: a line's description fits a contracted service only by omitting a word, and the review did not rule out an uncontracted service ; not flagged, but some line's corrected amount could not be proven, so not every rule could be checked",,19,18,0,1,0,"a line's description fits a contracted service only by omitting a word, and the review did not rule out an uncontracted service"
INV-H5-000893,0,,2050277,2050277,0.65,medium,1,1,2050277,INV-H5-000893#0,"not flagged; every amount is proven, but some identity rests on review, a tie-break, or financial equivalence across candidates",,10,10,0,0,0,
INV-H5-000894,0,,2477796,2477796,0.65,medium,1,1,2477796,INV-H5-000894#0,"not flagged; every amount is proven, but some identity rests on review, a tie-break, or financial equivalence across candidates",,9,9,0,0,0,
INV-H5-000895,0,,1575522,1575522,0.85,high,1,1,1575522,INV-H5-000895#0,not flagged; every line identified from text and priced exactly,,5,5,0,0,0,
INV-H5-000896,0,,2720760,2720760,0.85,high,1,1,2720760,INV-H5-000896#0,not flagged; every line identified from text and priced exactly,,12,12,0,0,0,
INV-H5-000897,1,bundle_not_applied|unit_price_mismatch|wrong_unit_basis,3774720,4233827,0.65,medium,1,1,3774720,INV-H5-000897#0,"findings depend on hospital-wide state, a recorded policy, a reviewed or tie-broken identity, or a candidate set priced by financial equivalence",,19,19,0,0,0,
INV-H5-000898,0,,2612536,2612536,0.65,medium,1,1,2612536,INV-H5-000898#0,"not flagged; every amount is proven, but some identity rests on review, a tie-break, or financial equivalence across candidates",,13,13,0,0,0,
INV-H5-000899,0,,1456808,1456808,0.65,medium,1,1,1456808,INV-H5-000899#0,"not flagged; every amount is proven, but some identity rests on review, a tie-break, or financial equivalence across candidates",,9,9,0,0,0,
INV-H5-000900,0,,1152205,1152205,0.85,high,1,1,1152205,INV-H5-000900#0,not flagged; every line identified from text and priced exactly,,12,12,0,0,0,
INV-H5-000901,0,,3601565,3601565,0.85,high,1,1,3601565,INV-H5-000901#0,not flagged; every line identified from text and priced exactly,,17,17,0,0,0,
INV-H5-000902,0,,1581158,1581158,0.65,medium,1,1,1581158,INV-H5-000902#0,"not flagged; every amount is proven, but some identity rests on review, a tie-break, or financial equivalence across candidates",,6,6,0,0,0,
INV-H5-000903,0,,5071274,5071274,0.65,medium,1,1,5071274,INV-H5-000903#0,"not flagged; every amount is proven, but some identity rests on review, a tie-break, or financial equivalence across candidates",,19,19,0,0,0,
INV-H5-000904,0,,,3407777,0.40,low,0,0,,INV-H5-000904#0,"H5-L00904-04: 'SUPERVISED SPCM ANLY /PH-7244' is unresolved (missing_discriminator) between Supervised Otolaryngologic Specimen Analysis or an uncontracted service ; blank: a line's description fits a contracted service only by omitting a word, and the review did not rule out an uncontracted service ; not flagged, but some line's corrected amount could not be proven, so not every rule could be checked",,13,12,0,1,0,"a line's description fits a contracted service only by omitting a word, and the review did not rule out an uncontracted service"
INV-H5-000905,0,,3741442,3741442,0.85,high,1,1,3741442,INV-H5-000905#0,not flagged; every line identified from text and priced exactly,,20,20,0,0,0,
INV-H5-000906,0,,2881655,2881655,0.85,high,1,1,2881655,INV-H5-000906#0,not flagged; every line identified from text and priced exactly,,12,12,0,0,0,
INV-H5-000907,1,line_total_arithmetic,1511081,1536081,0.85,high,1,1,1511081,INV-H5-000907#0,"every finding follows from the invoice's own fields, independent of service identity",,5,5,0,0,0,
INV-H5-000909,0,,5441512,5441512,0.65,medium,1,1,5441512,INV-H5-000909#0,"not flagged; every amount is proven, but some identity rests on review, a tie-break, or financial equivalence across candidates",,15,15,0,0,0,
INV-H5-000910,0,,4163409,4163409,0.65,medium,1,1,4163409,INV-H5-000910#0,"not flagged; every amount is proven, but some identity rests on review, a tie-break, or financial equivalence across candidates",,16,16,0,0,0,
INV-H5-000911,0,,2967408,2967408,0.85,high,1,1,2967408,INV-H5-000911#0,not flagged; every line identified from text and priced exactly,,13,13,0,0,0,
INV-H5-000912,0,,2405012,2405012,0.85,high,1,1,2405012,INV-H5-000912#0,not flagged; every line identified from text and priced exactly,,10,10,0,0,0,
INV-H5-000913,0,,1289242,1289242,0.65,medium,1,1,1289242,INV-H5-000913#0,"not flagged; every amount is proven, but some identity rests on review, a tie-break, or financial equivalence across candidates",,7,7,0,0,0,
INV-H5-000914,0,,1995034,1995034,0.65,medium,1,1,1995034,INV-H5-000914#0,"not flagged; every amount is proven, but some identity rests on review, a tie-break, or financial equivalence across candidates",,6,6,0,0,0,
INV-H5-000915,0,,3381685,3381685,0.85,high,1,1,3381685,INV-H5-000915#0,not flagged; every line identified from text and priced exactly,,16,16,0,0,0,
INV-H5-000916,0,,,5418244,0.40,low,0,0,,INV-H5-000916#0,"H5-L00916-14: 'SUPERVISED SPCM ANLY /PH-7244' is unresolved (missing_discriminator) between Supervised Otolaryngologic Specimen Analysis or an uncontracted service ; blank: a line's description fits a contracted service only by omitting a word, and the review did not rule out an uncontracted service ; not flagged, but some line's corrected amount could not be proven, so not every rule could be checked",,19,18,0,1,0,"a line's description fits a contracted service only by omitting a word, and the review did not rule out an uncontracted service"
INV-H5-000917,0,,8897803,8897803,0.65,medium,1,1,8897803,INV-H5-000917#0,"not flagged; every amount is proven, but some identity rests on review, a tie-break, or financial equivalence across candidates",,17,17,0,0,0,
INV-H5-000918,0,,4114271,4114271,0.65,medium,1,1,4114271,INV-H5-000918#0,"not flagged; every amount is proven, but some identity rests on review, a tie-break, or financial equivalence across candidates",,20,20,0,0,0,
INV-H5-000919,0,,666083,666083,0.85,high,1,1,666083,INV-H5-000919#0,not flagged; every line identified from text and priced exactly,,7,7,0,0,0,
INV-H5-000920,0,,4068735,4068735,0.65,medium,1,1,4068735,INV-H5-000920#0,"not flagged; every amount is proven, but some identity rests on review, a tie-break, or financial equivalence across candidates",,16,16,0,0,0,
INV-H5-000921,0,,3000249,3000249,0.85,high,1,1,3000249,INV-H5-000921#0,not flagged; every line identified from text and priced exactly,,14,14,0,0,0,
INV-H5-000922,0,,786195,786195,0.65,medium,1,1,786195,INV-H5-000922#0,"not flagged; every amount is proven, but some identity rests on review, a tie-break, or financial equivalence across candidates",,5,5,0,0,0,
INV-H5-000923,0,,2279905,2279905,0.65,medium,1,1,2279905,INV-H5-000923#0,"not flagged; every amount is proven, but some identity rests on review, a tie-break, or financial equivalence across candidates",,13,13,0,0,0,
INV-H5-000924,0,,1196647,1196647,0.85,high,1,1,1196647,INV-H5-000924#0,not flagged; every line identified from text and priced exactly,,12,12,0,0,0,
INV-H5-000925,0,,2973439,2973439,0.65,medium,1,1,2973439,INV-H5-000925#0,"not flagged; every amount is proven, but some identity rests on review, a tie-break, or financial equivalence across candidates",,11,11,0,0,0,
INV-H5-000926,0,,1952954,1952954,0.85,high,1,1,1952954,INV-H5-000926#0,not flagged; every line identified from text and priced exactly,,13,13,0,0,0,
INV-H5-000927,0,,4866592,4866592,0.65,medium,1,1,4866592,INV-H5-000927#0,"not flagged; every amount is proven, but some identity rests on review, a tie-break, or financial equivalence across candidates",,18,18,0,0,0,
INV-H5-000928,0,,1748166,1748166,0.65,medium,1,1,1748166,INV-H5-000928#0,"not flagged; every amount is proven, but some identity rests on review, a tie-break, or financial equivalence across candidates",,9,9,0,0,0,
INV-H5-000929,0,,1644078,1644078,0.65,medium,1,1,1644078,INV-H5-000929#0,"not flagged; every amount is proven, but some identity rests on review, a tie-break, or financial equivalence across candidates",,14,14,0,0,0,
INV-H5-000930,0,,2222681,2222681,0.65,medium,1,1,2222681,INV-H5-000930#0,"not flagged; every amount is proven, but some identity rests on review, a tie-break, or financial equivalence across candidates",,12,12,0,0,0,
INV-H5-000931,0,,2722883,2722883,0.65,medium,1,1,2722883,INV-H5-000931#0,"not flagged; every amount is proven, but some identity rests on review, a tie-break, or financial equivalence across candidates",,7,7,0,0,0,
INV-H5-000932,0,,1355311,1355311,0.65,medium,1,1,1355311,INV-H5-000932#0,"not flagged; every amount is proven, but some identity rests on review, a tie-break, or financial equivalence across candidates",,12,12,0,0,0,
INV-H5-000933,0,,3206745,3206745,0.65,medium,1,1,3206745,INV-H5-000933#0,"not flagged; every amount is proven, but some identity rests on review, a tie-break, or financial equivalence across candidates",,18,18,0,0,0,
INV-H5-000934,0,,2326305,2326305,0.65,medium,1,1,2326305,INV-H5-000934#0,"not flagged; every amount is proven, but some identity rests on review, a tie-break, or financial equivalence across candidates",,13,13,0,0,0,
INV-H5-000935,0,,4576964,4576964,0.85,high,1,1,4576964,INV-H5-000935#0,not flagged; every line identified from text and priced exactly,,16,16,0,0,0,
INV-H5-000936,0,,1313868,1313868,0.65,medium,1,1,1313868,INV-H5-000936#0,"not flagged; every amount is proven, but some identity rests on review, a tie-break, or financial equivalence across candidates",,8,8,0,0,0,
INV-H5-000937,0,,6515306,6515306,0.85,high,1,1,6515306,INV-H5-000937#0,not flagged; every line identified from text and priced exactly,,19,19,0,0,0,
INV-H5-000938,0,,2774726,2774726,0.85,high,1,1,2774726,INV-H5-000938#0,not flagged; every line identified from text and priced exactly,,13,13,0,0,0,
INV-H5-000939,0,,3525865,3525865,0.85,high,1,1,3525865,INV-H5-000939#0,not flagged; every line identified from text and priced exactly,,17,17,0,0,0,
INV-H5-000940,0,,,4135982,0.40,low,0,0,,INV-H5-000940#0,"H5-L00940-14: 'SUPERVISED SPCM ANLY /PH-7244' is unresolved (missing_discriminator) between Supervised Otolaryngologic Specimen Analysis or an uncontracted service ; blank: a line's description fits a contracted service only by omitting a word, and the review did not rule out an uncontracted service ; not flagged, but some line's corrected amount could not be proven, so not every rule could be checked",,18,17,0,1,0,"a line's description fits a contracted service only by omitting a word, and the review did not rule out an uncontracted service"
INV-H5-000941,0,,2653154,2653154,0.85,high,1,1,2653154,INV-H5-000941#0,not flagged; every line identified from text and priced exactly,,12,12,0,0,0,
INV-H5-000942,0,,,5374484,0.40,low,0,0,,INV-H5-000942#0,"H5-L00942-07: 'UROL HM VST /PH-1437' is unresolved (missing_discriminator) between Emergency Urologic Home Visit or an uncontracted service ; blank: a line's description fits a contracted service only by omitting a word, and the review did not rule out an uncontracted service ; not flagged, but some line's corrected amount could not be proven, so not every rule could be checked",,16,15,0,1,0,"a line's description fits a contracted service only by omitting a word, and the review did not rule out an uncontracted service"
INV-H5-000943,0,,3304292,3304292,0.65,medium,1,1,3304292,INV-H5-000943#0,"not flagged; every amount is proven, but some identity rests on review, a tie-break, or financial equivalence across candidates",,16,16,0,0,0,
INV-H5-000944,0,,3745500,3745500,0.65,medium,1,1,3745500,INV-H5-000944#0,"not flagged; every amount is proven, but some identity rests on review, a tie-break, or financial equivalence across candidates",,18,18,0,0,0,
INV-H5-000945,0,,3769040,3769040,0.65,medium,1,1,3769040,INV-H5-000945#0,"not flagged; every amount is proven, but some identity rests on review, a tie-break, or financial equivalence across candidates",,16,16,0,0,0,
INV-H5-000946,0,,3367191,3367191,0.85,high,1,1,3367191,INV-H5-000946#0,not flagged; every line identified from text and priced exactly,,14,14,0,0,0,
INV-H5-000947,0,,4197747,4197747,0.65,medium,1,1,4197747,INV-H5-000947#0,"not flagged; every amount is proven, but some identity rests on review, a tie-break, or financial equivalence across candidates",,20,20,0,0,0,
INV-H5-000948,0,,850714,850714,0.65,medium,1,1,850714,INV-H5-000948#0,"not flagged; every amount is proven, but some identity rests on review, a tie-break, or financial equivalence across candidates",,5,5,0,0,0,
INV-H5-000949,0,,1776906,1776906,0.85,high,1,1,1776906,INV-H5-000949#0,not flagged; every line identified from text and priced exactly,,13,13,0,0,0,
INV-H5-000950,0,,4185066,4185066,0.65,medium,1,1,4185066,INV-H5-000950#0,"not flagged; every amount is proven, but some identity rests on review, a tie-break, or financial equivalence across candidates",,16,16,0,0,0,
INV-H5-000951,0,,1733711,1733711,0.65,medium,1,1,1733711,INV-H5-000951#0,"not flagged; every amount is proven, but some identity rests on review, a tie-break, or financial equivalence across candidates",,12,12,0,0,0,
INV-H5-000952,0,,2478862,2478862,0.65,medium,1,1,2478862,INV-H5-000952#0,"not flagged; every amount is proven, but some identity rests on review, a tie-break, or financial equivalence across candidates",,14,14,0,0,0,
INV-H5-000953,0,,3381670,3381670,0.65,medium,1,1,3381670,INV-H5-000953#0,"not flagged; every amount is proven, but some identity rests on review, a tie-break, or financial equivalence across candidates",,14,14,0,0,0,
INV-H5-000954,0,,,2998126,0.40,low,0,0,,INV-H5-000954#0,"H5-L00954-05: 'SUPERVISED SPCM ANLY /PH-7244' is unresolved (missing_discriminator) between Supervised Otolaryngologic Specimen Analysis or an uncontracted service ; blank: a line's description fits a contracted service only by omitting a word, and the review did not rule out an uncontracted service ; not flagged, but some line's corrected amount could not be proven, so not every rule could be checked",,16,15,0,1,0,"a line's description fits a contracted service only by omitting a word, and the review did not rule out an uncontracted service"
INV-H5-000955,0,,2933020,2933020,0.65,medium,1,1,2933020,INV-H5-000955#0,"not flagged; every amount is proven, but some identity rests on review, a tie-break, or financial equivalence across candidates",,17,17,0,0,0,
INV-H5-000956,0,,1224306,1224306,0.65,medium,1,1,1224306,INV-H5-000956#0,"not flagged; every amount is proven, but some identity rests on review, a tie-break, or financial equivalence across candidates",,5,5,0,0,0,
INV-H5-000957,0,,2222390,2222390,0.65,medium,1,1,2222390,INV-H5-000957#0,"not flagged; every amount is proven, but some identity rests on review, a tie-break, or financial equivalence across candidates",,11,11,0,0,0,
INV-H5-000958,0,,3426845,3426845,0.65,medium,1,1,3426845,INV-H5-000958#0,"not flagged; every amount is proven, but some identity rests on review, a tie-break, or financial equivalence across candidates",,19,19,0,0,0,
INV-H5-000959,0,,1820777,1820777,0.65,medium,1,1,1820777,INV-H5-000959#0,"not flagged; every amount is proven, but some identity rests on review, a tie-break, or financial equivalence across candidates",,14,14,0,0,0,
INV-H5-000960,0,,5232678,5232678,0.65,medium,1,1,5232678,INV-H5-000960#0,"not flagged; every amount is proven, but some identity rests on review, a tie-break, or financial equivalence across candidates",,17,17,0,0,0,
INV-H5-000961,0,,1818870,1818870,0.85,high,1,1,1818870,INV-H5-000961#0,not flagged; every line identified from text and priced exactly,,6,6,0,0,0,
INV-H5-000962,0,,2428061,2428061,0.85,high,1,1,2428061,INV-H5-000962#0,not flagged; every line identified from text and priced exactly,,6,6,0,0,0,
INV-H5-000963,0,,2320851,2320851,0.65,medium,1,1,2320851,INV-H5-000963#0,"not flagged; every amount is proven, but some identity rests on review, a tie-break, or financial equivalence across candidates",,10,10,0,0,0,
INV-H5-000964,1,unit_price_mismatch,,2256912,0.40,low,0,0,,INV-H5-000964#0,"H5-L00964-03: 'UROL HM VST /PH-1437' is unresolved (missing_discriminator) between Emergency Urologic Home Visit or an uncontracted service ; blank: a line's description fits a contracted service only by omitting a word, and the review did not rule out an uncontracted service ; a finding rests on reading free text, or the corrected total cannot be proven",,9,8,0,1,0,"a line's description fits a contracted service only by omitting a word, and the review did not rule out an uncontracted service"
INV-H5-000965,0,,5158385,5158385,0.65,medium,1,1,5158385,INV-H5-000965#0,"not flagged; every amount is proven, but some identity rests on review, a tie-break, or financial equivalence across candidates",,18,18,0,0,0,
INV-H5-000966,0,,2912832,2912832,0.65,medium,1,1,2912832,INV-H5-000966#0,"not flagged; every amount is proven, but some identity rests on review, a tie-break, or financial equivalence across candidates",,11,11,0,0,0,
INV-H5-000967,0,,4968113,4968113,0.65,medium,1,1,4968113,INV-H5-000967#0,"not flagged; every amount is proven, but some identity rests on review, a tie-break, or financial equivalence across candidates",,14,14,0,0,0,
INV-H5-000968,0,,,2498012,0.40,low,0,0,,INV-H5-000968#0,"H5-L00968-09: 'UROL HM VST /PH-1437' is unresolved (missing_discriminator) between Emergency Urologic Home Visit or an uncontracted service ; blank: a line's description fits a contracted service only by omitting a word, and the review did not rule out an uncontracted service ; not flagged, but some line's corrected amount could not be proven, so not every rule could be checked",,11,10,0,1,0,"a line's description fits a contracted service only by omitting a word, and the review did not rule out an uncontracted service"
INV-H5-000969,1,contract_number_mismatch|unit_price_mismatch|unknown_service,,1082586,0.40,low,0,0,,INV-H5-000969#0,"H5-L00969-05: service not contracted, so no contract price exists ; blank: a line names a service this agreement does not contract (no contract price) ; a finding rests on reading free text, or the corrected total cannot be proven",961727,6,5,0,0,1,a line names a service this agreement does not contract (no contract price)
INV-H5-000970,0,,1259941,1259941,0.65,medium,1,1,1259941,INV-H5-000970#0,"not flagged; every amount is proven, but some identity rests on review, a tie-break, or financial equivalence across candidates",,10,10,0,0,0,
INV-H5-000971,0,,2484210,2484210,0.65,medium,1,1,2484210,INV-H5-000971#0,"not flagged; every amount is proven, but some identity rests on review, a tie-break, or financial equivalence across candidates",,17,17,0,0,0,
INV-H5-000972,0,,2514995,2514995,0.65,medium,1,1,2514995,INV-H5-000972#0,"not flagged; every amount is proven, but some identity rests on review, a tie-break, or financial equivalence across candidates",,13,13,0,0,0,
INV-H5-000973,0,,2608248,2608248,0.85,high,1,1,2608248,INV-H5-000973#0,not flagged; every line identified from text and priced exactly,,10,10,0,0,0,
INV-H5-000974,0,,694010,694010,0.85,high,1,1,694010,INV-H5-000974#0,not flagged; every line identified from text and priced exactly,,5,5,0,0,0,
INV-H5-000975,0,,,3391520,0.40,low,0,0,,INV-H5-000975#0,"H5-L00975-15: 'UROL HM VST /PH-1437' is unresolved (missing_discriminator) between Emergency Urologic Home Visit or an uncontracted service ; blank: a line's description fits a contracted service only by omitting a word, and the review did not rule out an uncontracted service ; not flagged, but some line's corrected amount could not be proven, so not every rule could be checked",,17,16,0,1,0,"a line's description fits a contracted service only by omitting a word, and the review did not rule out an uncontracted service"
INV-H5-000976,0,,2126336,2126336,0.65,medium,1,1,2126336,INV-H5-000976#0,"not flagged; every amount is proven, but some identity rests on review, a tie-break, or financial equivalence across candidates",,8,8,0,0,0,
INV-H5-000977,0,,586933,586933,0.85,high,1,1,586933,INV-H5-000977#0,not flagged; every line identified from text and priced exactly,,5,5,0,0,0,
INV-H5-000978,0,,3182051,3182051,0.65,medium,1,1,3182051,INV-H5-000978#0,"not flagged; every amount is proven, but some identity rests on review, a tie-break, or financial equivalence across candidates",,17,17,0,0,0,
INV-H5-000979,1,service_date_out_of_window,7668100,7668100,0.85,high,1,1,7668100,INV-H5-000979#0,"every finding follows from the invoice's own fields, independent of service identity",,20,20,0,0,0,
INV-H5-000980,0,,2661095,2661095,0.85,high,1,1,2661095,INV-H5-000980#0,not flagged; every line identified from text and priced exactly,,18,18,0,0,0,
INV-H5-000981,0,,1909714,1909714,0.65,medium,1,1,1909714,INV-H5-000981#0,"not flagged; every amount is proven, but some identity rests on review, a tie-break, or financial equivalence across candidates",,6,6,0,0,0,
INV-H5-000982,0,,5824479,5824479,0.65,medium,1,1,5824479,INV-H5-000982#0,"not flagged; every amount is proven, but some identity rests on review, a tie-break, or financial equivalence across candidates",,20,20,0,0,0,
INV-H5-000983,0,,3233250,3233250,0.65,medium,1,1,3233250,INV-H5-000983#0,"not flagged; every amount is proven, but some identity rests on review, a tie-break, or financial equivalence across candidates",,11,11,0,0,0,
INV-H5-000984,0,,1751224,1751224,0.65,medium,1,1,1751224,INV-H5-000984#0,"not flagged; every amount is proven, but some identity rests on review, a tie-break, or financial equivalence across candidates",,14,14,0,0,0,
INV-H5-000985,0,,2148190,2148190,0.65,medium,1,1,2148190,INV-H5-000985#0,"not flagged; every amount is proven, but some identity rests on review, a tie-break, or financial equivalence across candidates",,16,16,0,0,0,
INV-H5-000986,0,,2455807,2455807,0.65,medium,1,1,2455807,INV-H5-000986#0,"not flagged; every amount is proven, but some identity rests on review, a tie-break, or financial equivalence across candidates",,8,8,0,0,0,
INV-H5-000987,0,,,1939527,0.40,low,0,0,,INV-H5-000987#0,"H5-L00987-09: 'SUPERVISED SPCM ANLY /PH-7244' is unresolved (missing_discriminator) between Supervised Otolaryngologic Specimen Analysis or an uncontracted service ; blank: a line's description fits a contracted service only by omitting a word, and the review did not rule out an uncontracted service ; not flagged, but some line's corrected amount could not be proven, so not every rule could be checked",,12,11,0,1,0,"a line's description fits a contracted service only by omitting a word, and the review did not rule out an uncontracted service"
INV-H5-000988,0,,2059772,2059772,0.85,high,1,1,2059772,INV-H5-000988#0,not flagged; every line identified from text and priced exactly,,7,7,0,0,0,
INV-H5-000989,0,,2776706,2776706,0.65,medium,1,1,2776706,INV-H5-000989#0,"not flagged; every amount is proven, but some identity rests on review, a tie-break, or financial equivalence across candidates",,12,12,0,0,0,
INV-H5-000990,0,,1843625,1843625,0.85,high,1,1,1843625,INV-H5-000990#0,not flagged; every line identified from text and priced exactly,,7,7,0,0,0,
INV-H5-000991,0,,5002155,5002155,0.85,high,1,1,5002155,INV-H5-000991#0,not flagged; every line identified from text and priced exactly,,13,13,0,0,0,
INV-H5-000992,0,,2800797,2800797,0.65,medium,1,1,2800797,INV-H5-000992#0,"not flagged; every amount is proven, but some identity rests on review, a tie-break, or financial equivalence across candidates",,11,11,0,0,0,
INV-H5-000993,0,,1363419,1363419,0.65,medium,1,1,1363419,INV-H5-000993#0,"not flagged; every amount is proven, but some identity rests on review, a tie-break, or financial equivalence across candidates",,9,9,0,0,0,
INV-H5-000994,1,premium_omitted,1553055,1528515,0.65,medium,1,1,1553055,INV-H5-000994#0,"findings depend on hospital-wide state, a recorded policy, a reviewed or tie-broken identity, or a candidate set priced by financial equivalence",,9,9,0,0,0,
INV-H5-000995,0,,4439461,4439461,0.85,high,1,1,4439461,INV-H5-000995#0,not flagged; every line identified from text and priced exactly,,19,19,0,0,0,
INV-H5-000996,0,,1604635,1604635,0.65,medium,1,1,1604635,INV-H5-000996#0,"not flagged; every amount is proven, but some identity rests on review, a tie-break, or financial equivalence across candidates",,11,11,0,0,0,
INV-H5-000997,1,cross_invoice_duplicate,3822708,4176333,0.65,medium,1,1,3822708,INV-H5-000997#0,"findings depend on hospital-wide state, a recorded policy, a reviewed or tie-broken identity, or a candidate set priced by financial equivalence",,19,19,0,0,0,
INV-H5-000998,0,,3435037,3435037,0.65,medium,1,1,3435037,INV-H5-000998#0,"not flagged; every amount is proven, but some identity rests on review, a tie-break, or financial equivalence across candidates",,20,20,0,0,0,
INV-H5-000999,0,,429292,429292,0.85,high,1,1,429292,INV-H5-000999#0,not flagged; every line identified from text and priced exactly,,6,6,0,0,0,
INV-H5-001000,0,,3543284,3543284,0.65,medium,1,1,3543284,INV-H5-001000#0,"not flagged; every amount is proven, but some identity rests on review, a tie-break, or financial equivalence across candidates",,15,15,0,0,0,
INV-H5-001001,0,,741312,741312,0.65,medium,1,1,741312,INV-H5-001001#0,"not flagged; every amount is proven, but some identity rests on review, a tie-break, or financial equivalence across candidates",,5,5,0,0,0,
INV-H5-001002,0,,4031897,4031897,0.65,medium,1,1,4031897,INV-H5-001002#0,"not flagged; every amount is proven, but some identity rests on review, a tie-break, or financial equivalence across candidates",,18,18,0,0,0,
INV-H5-001003,0,,2226123,2226123,0.85,high,1,1,2226123,INV-H5-001003#0,not flagged; every line identified from text and priced exactly,,11,11,0,0,0,
INV-H5-001004,0,,636645,636645,0.65,medium,1,1,636645,INV-H5-001004#0,"not flagged; every amount is proven, but some identity rests on review, a tie-break, or financial equivalence across candidates",,5,5,0,0,0,
INV-H5-001005,0,,2318348,2318348,0.65,medium,1,1,2318348,INV-H5-001005#0,"not flagged; every amount is proven, but some identity rests on review, a tie-break, or financial equivalence across candidates",,9,9,0,0,0,
INV-H5-001006,0,,510527,510527,0.65,medium,1,1,510527,INV-H5-001006#0,"not flagged; every amount is proven, but some identity rests on review, a tie-break, or financial equivalence across candidates",,5,5,0,0,0,
INV-H5-001007,0,,7584289,7584289,0.65,medium,1,1,7584289,INV-H5-001007#0,"not flagged; every amount is proven, but some identity rests on review, a tie-break, or financial equivalence across candidates",,20,20,0,0,0,
INV-H5-001008,0,,2202566,2202566,0.85,high,1,1,2202566,INV-H5-001008#0,not flagged; every line identified from text and priced exactly,,17,17,0,0,0,
INV-H5-001009,0,,2735156,2735156,0.65,medium,1,1,2735156,INV-H5-001009#0,"not flagged; every amount is proven, but some identity rests on review, a tie-break, or financial equivalence across candidates",,12,12,0,0,0,
INV-H5-001010,0,,3436810,3436810,0.85,high,1,1,3436810,INV-H5-001010#0,not flagged; every line identified from text and priced exactly,,16,16,0,0,0,
INV-H5-001011,0,,3849659,3849659,0.65,medium,1,1,3849659,INV-H5-001011#0,"not flagged; every amount is proven, but some identity rests on review, a tie-break, or financial equivalence across candidates",,16,16,0,0,0,
INV-H5-001012,0,,1171431,1171431,0.85,high,1,1,1171431,INV-H5-001012#0,not flagged; every line identified from text and priced exactly,,5,5,0,0,0,
INV-H5-001013,0,,3381343,3381343,0.65,medium,1,1,3381343,INV-H5-001013#0,"not flagged; every amount is proven, but some identity rests on review, a tie-break, or financial equivalence across candidates",,20,20,0,0,0,
INV-H5-001014,1,service_date_after_invoice_date,1777417,1777417,0.85,high,1,1,1777417,INV-H5-001014#0,"every finding follows from the invoice's own fields, independent of service identity",,7,7,0,0,0,
INV-H5-001015,0,,2648986,2648986,0.65,medium,1,1,2648986,INV-H5-001015#0,"not flagged; every amount is proven, but some identity rests on review, a tie-break, or financial equivalence across candidates",,12,12,0,0,0,
INV-H5-001016,0,,3158184,3158184,0.65,medium,1,1,3158184,INV-H5-001016#0,"not flagged; every amount is proven, but some identity rests on review, a tie-break, or financial equivalence across candidates",,6,6,0,0,0,
INV-H5-001017,0,,2990475,2990475,0.85,high,1,1,2990475,INV-H5-001017#0,not flagged; every line identified from text and priced exactly,,14,14,0,0,0,
INV-H5-001018,0,,2806989,2806989,0.85,high,1,1,2806989,INV-H5-001018#0,not flagged; every line identified from text and priced exactly,,10,10,0,0,0,
INV-H5-001019,0,,1774460,1774460,0.65,medium,1,1,1774460,INV-H5-001019#0,"not flagged; every amount is proven, but some identity rests on review, a tie-break, or financial equivalence across candidates",,8,8,0,0,0,
INV-H5-001020,0,,1359899,1359899,0.65,medium,1,1,1359899,INV-H5-001020#0,"not flagged; every amount is proven, but some identity rests on review, a tie-break, or financial equivalence across candidates",,10,10,0,0,0,
INV-H5-001021,0,,1418056,1418056,0.65,medium,1,1,1418056,INV-H5-001021#0,"not flagged; every amount is proven, but some identity rests on review, a tie-break, or financial equivalence across candidates",,7,7,0,0,0,
INV-H5-001022,0,,4492340,4492340,0.65,medium,1,1,4492340,INV-H5-001022#0,"not flagged; every amount is proven, but some identity rests on review, a tie-break, or financial equivalence across candidates",,20,20,0,0,0,
INV-H5-001023,0,,4145799,4145799,0.65,medium,1,1,4145799,INV-H5-001023#0,"not flagged; every amount is proven, but some identity rests on review, a tie-break, or financial equivalence across candidates",,12,12,0,0,0,
INV-H5-001024,1,daily_cap_exceeded,,2990817,0.40,low,1,0,2275991,INV-H5-001024#0,"H5-L01024-05: the cap proves the quantity wrong but not what it should be; only the capped amount is a ceiling (policy) ; blank: a daily cap is breached: the billed quantity is wrong but the right one is unknowable ; a finding rests on reading free text, or the corrected total cannot be proven",,7,6,0,1,0,a daily cap is breached: the billed quantity is wrong but the right one is unknowable
INV-H5-001025,0,,2191360,2191360,0.85,high,1,1,2191360,INV-H5-001025#0,not flagged; every line identified from text and priced exactly,,17,17,0,0,0,
INV-H5-001026,0,,1854508,1854508,0.85,high,1,1,1854508,INV-H5-001026#0,not flagged; every line identified from text and priced exactly,,5,5,0,0,0,
INV-H5-001027,0,,3103378,3103378,0.65,medium,1,1,3103378,INV-H5-001027#0,"not flagged; every amount is proven, but some identity rests on review, a tie-break, or financial equivalence across candidates",,16,16,0,0,0,
INV-H5-001028,0,,2167015,2167015,0.65,medium,1,1,2167015,INV-H5-001028#0,"not flagged; every amount is proven, but some identity rests on review, a tie-break, or financial equivalence across candidates",,8,8,0,0,0,
INV-H5-001029,0,,1326184,1326184,0.85,high,1,1,1326184,INV-H5-001029#0,not flagged; every line identified from text and priced exactly,,9,9,0,0,0,
INV-H5-001030,0,,2445907,2445907,0.85,high,1,1,2445907,INV-H5-001030#0,not flagged; every line identified from text and priced exactly,,17,17,0,0,0,
INV-H5-001031,0,,1546572,1546572,0.85,high,1,1,1546572,INV-H5-001031#0,not flagged; every line identified from text and priced exactly,,9,9,0,0,0,
INV-H5-001032,0,,2785115,2785115,0.65,medium,1,1,2785115,INV-H5-001032#0,"not flagged; every amount is proven, but some identity rests on review, a tie-break, or financial equivalence across candidates",,18,18,0,0,0,
INV-H5-001033,0,,1825159,1825159,0.85,high,1,1,1825159,INV-H5-001033#0,not flagged; every line identified from text and priced exactly,,7,7,0,0,0,
INV-H5-001034,0,,3166295,3166295,0.65,medium,1,1,3166295,INV-H5-001034#0,"not flagged; every amount is proven, but some identity rests on review, a tie-break, or financial equivalence across candidates",,14,14,0,0,0,
INV-H5-001035,0,,,3506503,0.40,low,0,0,,INV-H5-001035#0,"H5-L01035-12: 'UROL HM VST /PH-1437' is unresolved (missing_discriminator) between Emergency Urologic Home Visit or an uncontracted service ; blank: a line's description fits a contracted service only by omitting a word, and the review did not rule out an uncontracted service ; not flagged, but some line's corrected amount could not be proven, so not every rule could be checked",,14,13,0,1,0,"a line's description fits a contracted service only by omitting a word, and the review did not rule out an uncontracted service"
INV-H5-001036,0,,1255670,1255670,0.65,medium,1,1,1255670,INV-H5-001036#0,"not flagged; every amount is proven, but some identity rests on review, a tie-break, or financial equivalence across candidates",,13,13,0,0,0,
INV-H5-001037,0,,740235,740235,0.65,medium,1,1,740235,INV-H5-001037#0,"not flagged; every amount is proven, but some identity rests on review, a tie-break, or financial equivalence across candidates",,5,5,0,0,0,
INV-H5-001038,0,,5420922,5420922,0.65,medium,1,1,5420922,INV-H5-001038#0,"not flagged; every amount is proven, but some identity rests on review, a tie-break, or financial equivalence across candidates",,19,19,0,0,0,
INV-H5-001039,0,,3109630,3109630,0.85,high,1,1,3109630,INV-H5-001039#0,not flagged; every line identified from text and priced exactly,,12,12,0,0,0,
INV-H5-001040,0,,830679,830679,0.65,medium,1,1,830679,INV-H5-001040#0,"not flagged; every amount is proven, but some identity rests on review, a tie-break, or financial equivalence across candidates",,9,9,0,0,0,
INV-H5-001041,0,,1744044,1744044,0.85,high,1,1,1744044,INV-H5-001041#0,not flagged; every line identified from text and priced exactly,,6,6,0,0,0,
INV-H5-001042,0,,3501437,3501437,0.65,medium,1,1,3501437,INV-H5-001042#0,"not flagged; every amount is proven, but some identity rests on review, a tie-break, or financial equivalence across candidates",,16,16,0,0,0,
INV-H5-001043,0,,4740753,4740753,0.65,medium,1,1,4740753,INV-H5-001043#0,"not flagged; every amount is proven, but some identity rests on review, a tie-break, or financial equivalence across candidates",,18,18,0,0,0,
INV-H5-001044,0,,611603,611603,0.65,medium,1,1,611603,INV-H5-001044#0,"not flagged; every amount is proven, but some identity rests on review, a tie-break, or financial equivalence across candidates",,9,9,0,0,0,
INV-H5-001045,1,volume_discount_omitted,1350139,1481689,0.65,medium,1,1,1350139,INV-H5-001045#0,"findings depend on hospital-wide state, a recorded policy, a reviewed or tie-broken identity, or a candidate set priced by financial equivalence",,10,10,0,0,0,
INV-H5-001046,0,,1379695,1379695,0.85,high,1,1,1379695,INV-H5-001046#0,not flagged; every line identified from text and priced exactly,,9,9,0,0,0,
INV-H5-001047,0,,2529492,2529492,0.85,high,1,1,2529492,INV-H5-001047#0,not flagged; every line identified from text and priced exactly,,13,13,0,0,0,
INV-H5-001048,0,,2854497,2854497,0.65,medium,1,1,2854497,INV-H5-001048#0,"not flagged; every amount is proven, but some identity rests on review, a tie-break, or financial equivalence across candidates",,8,8,0,0,0,
INV-H5-001049,0,,2597006,2597006,0.65,medium,1,1,2597006,INV-H5-001049#0,"not flagged; every amount is proven, but some identity rests on review, a tie-break, or financial equivalence across candidates",,14,14,0,0,0,
INV-H5-001050,0,,1970667,1970667,0.65,medium,1,1,1970667,INV-H5-001050#0,"not flagged; every amount is proven, but some identity rests on review, a tie-break, or financial equivalence across candidates",,11,11,0,0,0,
INV-H5-001051,0,,3072819,3072819,0.65,medium,1,1,3072819,INV-H5-001051#0,"not flagged; every amount is proven, but some identity rests on review, a tie-break, or financial equivalence across candidates",,9,9,0,0,0,
INV-H5-001052,0,,3448607,3448607,0.65,medium,1,1,3448607,INV-H5-001052#0,"not flagged; every amount is proven, but some identity rests on review, a tie-break, or financial equivalence across candidates",,20,20,0,0,0,
INV-H5-001053,0,,1740470,1740470,0.65,medium,1,1,1740470,INV-H5-001053#0,"not flagged; every amount is proven, but some identity rests on review, a tie-break, or financial equivalence across candidates",,9,9,0,0,0,
INV-H5-001054,0,,2094051,2094051,0.65,medium,1,1,2094051,INV-H5-001054#0,"not flagged; every amount is proven, but some identity rests on review, a tie-break, or financial equivalence across candidates",,9,9,0,0,0,
INV-H5-001055,0,,2457815,2457815,0.85,high,1,1,2457815,INV-H5-001055#0,not flagged; every line identified from text and priced exactly,,10,10,0,0,0,
INV-H5-001056,0,,1798050,1798050,0.65,medium,1,1,1798050,INV-H5-001056#0,"not flagged; every amount is proven, but some identity rests on review, a tie-break, or financial equivalence across candidates",,15,15,0,0,0,
INV-H5-001057,0,,,4669721,0.40,low,0,0,,INV-H5-001057#0,"H5-L01057-03: 'SUPERVISED SPCM ANLY /PH-7244' is unresolved (missing_discriminator) between Supervised Otolaryngologic Specimen Analysis or an uncontracted service ; blank: a line's description fits a contracted service only by omitting a word, and the review did not rule out an uncontracted service ; not flagged, but some line's corrected amount could not be proven, so not every rule could be checked",,15,14,0,1,0,"a line's description fits a contracted service only by omitting a word, and the review did not rule out an uncontracted service"
